# Blender 4.4.1
# www.blender.org
mtllib stage_1.mtl
o 立方体
v 83.439957 -2.000000 -10.000000
v 83.439957 0.000000 -10.000000
v 83.439957 -2.000000 10.000000
v 83.439957 0.000000 10.000000
v 56.560043 -2.000000 -10.000000
v 56.560043 0.000000 -10.000000
v 56.560043 -2.000000 10.000000
v 56.560043 0.000000 10.000000
vn 1.0000 -0.0000 -0.0000
vn -0.0000 -0.0000 1.0000
vn -1.0000 -0.0000 -0.0000
vn -0.0000 -0.0000 -1.0000
vn -0.0000 -1.0000 -0.0000
vn -0.0000 1.0000 -0.0000
vt 0.375000 0.000000
vt 0.625000 0.000000
vt 0.625000 0.250000
vt 0.375000 0.250000
vt 0.625000 0.500000
vt 0.375000 0.500000
vt 0.625000 0.750000
vt 0.375000 0.750000
vt 0.625000 1.000000
vt 0.375000 1.000000
vt 0.125000 0.500000
vt 0.125000 0.750000
vt 0.875000 0.500000
vt 0.875000 0.750000
s 0
f 1/1/1 2/2/1 4/3/1 3/4/1
f 3/4/2 4/3/2 8/5/2 7/6/2
f 7/6/3 8/5/3 6/7/3 5/8/3
f 5/8/4 6/7/4 2/9/4 1/10/4
f 3/11/5 7/6/5 5/8/5 1/12/5
f 8/5/6 4/13/6 2/14/6 6/7/6
o 立方体.001
v 56.500000 -2.000000 -10.000000
v 56.500000 2.000000 -10.000000
v 56.500000 -2.000000 10.000000
v 56.500000 2.000000 10.000000
v 43.500000 -2.000000 -10.000000
v 43.500000 2.000000 -10.000000
v 43.500000 -2.000000 10.000000
v 43.500000 2.000000 10.000000
vn 1.0000 -0.0000 -0.0000
vn -0.0000 -0.0000 1.0000
vn -1.0000 -0.0000 -0.0000
vn -0.0000 -0.0000 -1.0000
vn -0.0000 -1.0000 -0.0000
vn -0.0000 1.0000 -0.0000
vt 0.375000 0.000000
vt 0.625000 0.000000
vt 0.625000 0.250000
vt 0.375000 0.250000
vt 0.625000 0.500000
vt 0.375000 0.500000
vt 0.625000 0.750000
vt 0.375000 0.750000
vt 0.625000 1.000000
vt 0.375000 1.000000
vt 0.125000 0.500000
vt 0.125000 0.750000
vt 0.875000 0.500000
vt 0.875000 0.750000
s 0
f 9/15/7 10/16/7 12/17/7 11/18/7
f 11/18/8 12/17/8 16/19/8 15/20/8
f 15/20/9 16/19/9 14/21/9 13/22/9
f 13/22/10 14/21/10 10/23/10 9/24/10
f 11/25/11 15/20/11 13/22/11 9/26/11
f 16/19/12 12/27/12 10/28/12 14/21/12
o 立方体.003
v 3.233184 -1.902586 -10.000000
v 3.233184 16.577415 -10.000000
v 3.233184 -1.902586 10.000000
v 3.233184 16.577415 10.000000
v -9.766816 -1.902586 -10.000000
v -9.766816 16.577415 -10.000000
v -9.766816 -1.902586 10.000000
v -9.766816 16.577415 10.000000
vn 1.0000 -0.0000 -0.0000
vn -0.0000 -0.0000 1.0000
vn -1.0000 -0.0000 -0.0000
vn -0.0000 -0.0000 -1.0000
vn -0.0000 -1.0000 -0.0000
vn -0.0000 1.0000 -0.0000
vt 0.375000 0.000000
vt 0.625000 0.000000
vt 0.625000 0.250000
vt 0.375000 0.250000
vt 0.625000 0.500000
vt 0.375000 0.500000
vt 0.625000 0.750000
vt 0.375000 0.750000
vt 0.625000 1.000000
vt 0.375000 1.000000
vt 0.125000 0.500000
vt 0.125000 0.750000
vt 0.875000 0.500000
vt 0.875000 0.750000
s 0
f 17/29/13 18/30/13 20/31/13 19/32/13
f 19/32/14 20/31/14 24/33/14 23/34/14
f 23/34/15 24/33/15 22/35/15 21/36/15
f 21/36/16 22/35/16 18/37/16 17/38/16
f 19/39/17 23/34/17 21/36/17 17/40/17
f 24/33/18 20/41/18 18/42/18 22/35/18
o 立方体.005
v 43.469238 -2.000000 -10.000000
v 43.469238 0.000000 -10.000000
v 43.469238 -2.000000 10.000000
v 43.469238 0.000000 10.000000
v 3.149370 -2.000000 -10.000000
v 3.149370 0.000000 -10.000000
v 3.149370 -2.000000 10.000000
v 3.149370 0.000000 10.000000
vn 1.0000 -0.0000 -0.0000
vn -0.0000 -0.0000 1.0000
vn -1.0000 -0.0000 -0.0000
vn -0.0000 -0.0000 -1.0000
vn -0.0000 -1.0000 -0.0000
vn -0.0000 1.0000 -0.0000
vt 0.375000 0.000000
vt 0.625000 0.000000
vt 0.625000 0.250000
vt 0.375000 0.250000
vt 0.625000 0.500000
vt 0.375000 0.500000
vt 0.625000 0.750000
vt 0.375000 0.750000
vt 0.625000 1.000000
vt 0.375000 1.000000
vt 0.125000 0.500000
vt 0.125000 0.750000
vt 0.875000 0.500000
vt 0.875000 0.750000
s 0
f 25/43/19 26/44/19 28/45/19 27/46/19
f 27/46/20 28/45/20 32/47/20 31/48/20
f 31/48/21 32/47/21 30/49/21 29/50/21
f 29/50/22 30/49/22 26/51/22 25/52/22
f 27/53/23 31/48/23 29/50/23 25/54/23
f 32/47/24 28/55/24 26/56/24 30/49/24
o 立方体.007
v 24.500000 11.000000 -10.000000
v 24.500000 13.000000 -10.000000
v 24.500000 11.000000 10.000000
v 24.500000 13.000000 10.000000
v 11.500000 11.000000 -10.000000
v 11.500000 13.000000 -10.000000
v 11.500000 11.000000 10.000000
v 11.500000 13.000000 10.000000
vn 1.0000 -0.0000 -0.0000
vn -0.0000 -0.0000 1.0000
vn -1.0000 -0.0000 -0.0000
vn -0.0000 -0.0000 -1.0000
vn -0.0000 -1.0000 -0.0000
vn -0.0000 1.0000 -0.0000
vt 0.375000 0.000000
vt 0.625000 0.000000
vt 0.625000 0.250000
vt 0.375000 0.250000
vt 0.625000 0.500000
vt 0.375000 0.500000
vt 0.625000 0.750000
vt 0.375000 0.750000
vt 0.625000 1.000000
vt 0.375000 1.000000
vt 0.125000 0.500000
vt 0.125000 0.750000
vt 0.875000 0.500000
vt 0.875000 0.750000
s 0
f 33/57/25 34/58/25 36/59/25 35/60/25
f 35/60/26 36/59/26 40/61/26 39/62/26
f 39/62/27 40/61/27 38/63/27 37/64/27
f 37/64/28 38/63/28 34/65/28 33/66/28
f 35/67/29 39/62/29 37/64/29 33/68/29
f 40/61/30 36/69/30 34/70/30 38/63/30
o 立方体.002
v 16.651302 20.954243 -10.000001
v 16.651302 22.954243 -10.000001
v 16.651302 20.954243 9.999999
v 16.651302 22.954243 9.999999
v 0.921301 20.954243 -10.000001
v 0.921301 22.954243 -10.000001
v 0.921301 20.954243 9.999999
v 0.921301 22.954243 9.999999
vn 1.0000 -0.0000 -0.0000
vn -0.0000 -0.0000 1.0000
vn -1.0000 -0.0000 -0.0000
vn -0.0000 -0.0000 -1.0000
vn -0.0000 -1.0000 -0.0000
vn -0.0000 1.0000 -0.0000
vt 0.375000 0.000000
vt 0.625000 0.000000
vt 0.625000 0.250000
vt 0.375000 0.250000
vt 0.625000 0.500000
vt 0.375000 0.500000
vt 0.625000 0.750000
vt 0.375000 0.750000
vt 0.625000 1.000000
vt 0.375000 1.000000
vt 0.125000 0.500000
vt 0.125000 0.750000
vt 0.875000 0.500000
vt 0.875000 0.750000
s 0
f 41/71/31 42/72/31 44/73/31 43/74/31
f 43/74/32 44/73/32 48/75/32 47/76/32
f 47/76/33 48/75/33 46/77/33 45/78/33
f 45/78/34 46/77/34 42/79/34 41/80/34
f 43/81/35 47/76/35 45/78/35 41/82/35
f 48/75/36 44/83/36 42/84/36 46/77/36
o 立方体.004
v 25.744902 11.095676 -10.000001
v 25.744902 39.095676 -10.000001
v 25.744902 11.095676 9.999999
v 25.744902 39.095676 9.999999
v 24.444902 11.095676 -10.000001
v 24.444902 39.095676 -10.000001
v 24.444902 11.095676 9.999999
v 24.444902 39.095676 9.999999
vn 1.0000 -0.0000 -0.0000
vn -0.0000 -0.0000 1.0000
vn -1.0000 -0.0000 -0.0000
vn -0.0000 -0.0000 -1.0000
vn -0.0000 -1.0000 -0.0000
vn -0.0000 1.0000 -0.0000
vt 0.375000 0.000000
vt 0.625000 0.000000
vt 0.625000 0.250000
vt 0.375000 0.250000
vt 0.625000 0.500000
vt 0.375000 0.500000
vt 0.625000 0.750000
vt 0.375000 0.750000
vt 0.625000 1.000000
vt 0.375000 1.000000
vt 0.125000 0.500000
vt 0.125000 0.750000
vt 0.875000 0.500000
vt 0.875000 0.750000
s 0
f 49/85/37 50/86/37 52/87/37 51/88/37
f 51/88/38 52/87/38 56/89/38 55/90/38
f 55/90/39 56/89/39 54/91/39 53/92/39
f 53/92/40 54/91/40 50/93/40 49/94/40
f 51/95/41 55/90/41 53/92/41 49/96/41
f 56/89/42 52/97/42 50/98/42 54/91/42
o 立方体.006
v 3.229101 15.803780 -10.000001
v 3.229101 21.224579 -10.000001
v 3.229101 15.803780 9.999999
v 3.229101 21.224579 9.999999
v 1.969101 15.803780 -10.000001
v 1.969101 21.224579 -10.000001
v 1.969101 15.803780 9.999999
v 1.969101 21.224579 9.999999
vn 1.0000 -0.0000 -0.0000
vn -0.0000 -0.0000 1.0000
vn -1.0000 -0.0000 -0.0000
vn -0.0000 -0.0000 -1.0000
vn -0.0000 -1.0000 -0.0000
vn -0.0000 1.0000 -0.0000
vt 0.375000 0.000000
vt 0.625000 0.000000
vt 0.625000 0.250000
vt 0.375000 0.250000
vt 0.625000 0.500000
vt 0.375000 0.500000
vt 0.625000 0.750000
vt 0.375000 0.750000
vt 0.625000 1.000000
vt 0.375000 1.000000
vt 0.125000 0.500000
vt 0.125000 0.750000
vt 0.875000 0.500000
vt 0.875000 0.750000
s 0
f 57/99/43 58/100/43 60/101/43 59/102/43
f 59/102/44 60/101/44 64/103/44 63/104/44
f 63/104/45 64/103/45 62/105/45 61/106/45
f 61/106/46 62/105/46 58/107/46 57/108/46
f 59/109/47 63/104/47 61/106/47 57/110/47
f 64/103/48 60/111/48 58/112/48 62/105/48
o 立方体.008
v -9.760841 -1.867185 -10.000001
v -9.760841 13.132815 -10.000001
v -9.760841 -1.867185 9.999999
v -9.760841 13.132815 9.999999
v -48.760841 -1.867185 -10.000001
v -48.760841 13.132815 -10.000001
v -48.760841 -1.867185 9.999999
v -48.760841 13.132815 9.999999
vn 1.0000 -0.0000 -0.0000
vn -0.0000 -0.0000 1.0000
vn -1.0000 -0.0000 -0.0000
vn -0.0000 -0.0000 -1.0000
vn -0.0000 -1.0000 -0.0000
vn -0.0000 1.0000 -0.0000
vt 0.375000 0.000000
vt 0.625000 0.000000
vt 0.625000 0.250000
vt 0.375000 0.250000
vt 0.625000 0.500000
vt 0.375000 0.500000
vt 0.625000 0.750000
vt 0.375000 0.750000
vt 0.625000 1.000000
vt 0.375000 1.000000
vt 0.125000 0.500000
vt 0.125000 0.750000
vt 0.875000 0.500000
vt 0.875000 0.750000
s 0
f 65/113/49 66/114/49 68/115/49 67/116/49
f 67/116/50 68/115/50 72/117/50 71/118/50
f 71/118/51 72/117/51 70/119/51 69/120/51
f 69/120/52 70/119/52 66/121/52 65/122/52
f 67/123/53 71/118/53 69/120/53 65/124/53
f 72/117/54 68/125/54 66/126/54 70/119/54
o 立方体.009
v -48.766815 -1.902586 -10.000000
v -48.766815 16.577415 -10.000000
v -48.766815 -1.902586 10.000000
v -48.766815 16.577415 10.000000
v -61.766815 -1.902586 -10.000000
v -61.766815 16.577415 -10.000000
v -61.766815 -1.902586 10.000000
v -61.766815 16.577415 10.000000
vn 1.0000 -0.0000 -0.0000
vn -0.0000 -0.0000 1.0000
vn -1.0000 -0.0000 -0.0000
vn -0.0000 -0.0000 -1.0000
vn -0.0000 -1.0000 -0.0000
vn -0.0000 1.0000 -0.0000
vt 0.375000 0.000000
vt 0.625000 0.000000
vt 0.625000 0.250000
vt 0.375000 0.250000
vt 0.625000 0.500000
vt 0.375000 0.500000
vt 0.625000 0.750000
vt 0.375000 0.750000
vt 0.625000 1.000000
vt 0.375000 1.000000
vt 0.125000 0.500000
vt 0.125000 0.750000
vt 0.875000 0.500000
vt 0.875000 0.750000
s 0
f 73/127/55 74/128/55 76/129/55 75/130/55
f 75/130/56 76/129/56 80/131/56 79/132/56
f 79/132/57 80/131/57 78/133/57 77/134/57
f 77/134/58 78/133/58 74/135/58 73/136/58
f 75/137/59 79/132/59 77/134/59 73/138/59
f 80/131/60 76/139/60 74/140/60 78/133/60
o 立方体.010
v -71.606850 15.151453 -10.000001
v -71.606850 33.151451 -10.000001
v -71.606850 15.151453 9.999999
v -71.606850 33.151451 9.999999
v -100.435646 15.151453 -10.000001
v -100.435646 33.151451 -10.000001
v -100.435646 15.151453 9.999999
v -100.435646 33.151451 9.999999
vn 1.0000 -0.0000 -0.0000
vn -0.0000 -0.0000 1.0000
vn -1.0000 -0.0000 -0.0000
vn -0.0000 -0.0000 -1.0000
vn -0.0000 -1.0000 -0.0000
vn -0.0000 1.0000 -0.0000
vt 0.375000 0.000000
vt 0.625000 0.000000
vt 0.625000 0.250000
vt 0.375000 0.250000
vt 0.625000 0.500000
vt 0.375000 0.500000
vt 0.625000 0.750000
vt 0.375000 0.750000
vt 0.625000 1.000000
vt 0.375000 1.000000
vt 0.125000 0.500000
vt 0.125000 0.750000
vt 0.875000 0.500000
vt 0.875000 0.750000
s 0
f 81/141/61 82/142/61 84/143/61 83/144/61
f 83/144/62 84/143/62 88/145/62 87/146/62
f 87/146/63 88/145/63 86/147/63 85/148/63
f 85/148/64 86/147/64 82/149/64 81/150/64
f 83/151/65 87/146/65 85/148/65 81/152/65
f 88/145/66 84/153/66 82/154/66 86/147/66
o 立方体.011
v -65.220840 9.195681 -10.000001
v -65.220840 11.195681 -10.000001
v -65.220840 9.195681 9.999999
v -65.220840 11.195681 9.999999
v -93.300842 9.195681 -10.000001
v -93.300842 11.195681 -10.000001
v -93.300842 9.195681 9.999999
v -93.300842 11.195681 9.999999
vn 1.0000 -0.0000 -0.0000
vn -0.0000 -0.0000 1.0000
vn -1.0000 -0.0000 -0.0000
vn -0.0000 -0.0000 -1.0000
vn -0.0000 -1.0000 -0.0000
vn -0.0000 1.0000 -0.0000
vt 0.375000 0.000000
vt 0.625000 0.000000
vt 0.625000 0.250000
vt 0.375000 0.250000
vt 0.625000 0.500000
vt 0.375000 0.500000
vt 0.625000 0.750000
vt 0.375000 0.750000
vt 0.625000 1.000000
vt 0.375000 1.000000
vt 0.125000 0.500000
vt 0.125000 0.750000
vt 0.875000 0.500000
vt 0.875000 0.750000
s 0
f 89/155/67 90/156/67 92/157/67 91/158/67
f 91/158/68 92/157/68 96/159/68 95/160/68
f 95/160/69 96/159/69 94/161/69 93/162/69
f 93/162/70 94/161/70 90/163/70 89/164/70
f 91/165/71 95/160/71 93/162/71 89/166/71
f 96/159/72 92/167/72 90/168/72 94/161/72
o 立方体.012
v -61.666428 -1.879299 -10.000001
v -61.666428 9.280702 -10.000001
v -61.666428 -1.879299 9.999999
v -61.666428 9.280702 9.999999
v -79.684433 -1.879299 -10.000001
v -79.684433 9.280702 -10.000001
v -79.684433 -1.879299 9.999999
v -79.684433 9.280702 9.999999
vn 1.0000 -0.0000 -0.0000
vn -0.0000 -0.0000 1.0000
vn -1.0000 -0.0000 -0.0000
vn -0.0000 -0.0000 -1.0000
vn -0.0000 -1.0000 -0.0000
vn -0.0000 1.0000 -0.0000
vt 0.375000 0.000000
vt 0.625000 0.000000
vt 0.625000 0.250000
vt 0.375000 0.250000
vt 0.625000 0.500000
vt 0.375000 0.500000
vt 0.625000 0.750000
vt 0.375000 0.750000
vt 0.625000 1.000000
vt 0.375000 1.000000
vt 0.125000 0.500000
vt 0.125000 0.750000
vt 0.875000 0.500000
vt 0.875000 0.750000
s 0
f 97/169/73 98/170/73 100/171/73 99/172/73
f 99/172/74 100/171/74 104/173/74 103/174/74
f 103/174/75 104/173/75 102/175/75 101/176/75
f 101/176/76 102/175/76 98/177/76 97/178/76
f 99/179/77 103/174/77 101/176/77 97/180/77
f 104/173/78 100/181/78 98/182/78 102/175/78
o 立方体.014
v -79.754044 -1.883181 -10.000001
v -79.754044 4.716820 -10.000001
v -79.754044 -1.883181 9.999999
v -79.754044 4.716820 9.999999
v -107.834045 -1.883181 -10.000001
v -107.834045 4.716820 -10.000001
v -107.834045 -1.883181 9.999999
v -107.834045 4.716820 9.999999
vn 1.0000 -0.0000 -0.0000
vn -0.0000 -0.0000 1.0000
vn -1.0000 -0.0000 -0.0000
vn -0.0000 -0.0000 -1.0000
vn -0.0000 -1.0000 -0.0000
vn -0.0000 1.0000 -0.0000
vt 0.375000 0.000000
vt 0.625000 0.000000
vt 0.625000 0.250000
vt 0.375000 0.250000
vt 0.625000 0.500000
vt 0.375000 0.500000
vt 0.625000 0.750000
vt 0.375000 0.750000
vt 0.625000 1.000000
vt 0.375000 1.000000
vt 0.125000 0.500000
vt 0.125000 0.750000
vt 0.875000 0.500000
vt 0.875000 0.750000
s 0
f 105/183/79 106/184/79 108/185/79 107/186/79
f 107/186/80 108/185/80 112/187/80 111/188/80
f 111/188/81 112/187/81 110/189/81 109/190/81
f 109/190/82 110/189/82 106/191/82 105/192/82
f 107/193/83 111/188/83 109/190/83 105/194/83
f 112/187/84 108/195/84 106/196/84 110/189/84
o 立方体.013
v -97.634422 10.128438 -10.000001
v -97.634422 15.128438 -10.000001
v -97.634422 10.128438 9.999999
v -97.634422 15.128438 9.999999
v -100.442421 10.128438 -10.000001
v -100.442421 15.128438 -10.000001
v -100.442421 10.128438 9.999999
v -100.442421 15.128438 9.999999
vn 1.0000 -0.0000 -0.0000
vn -0.0000 -0.0000 1.0000
vn -1.0000 -0.0000 -0.0000
vn -0.0000 -0.0000 -1.0000
vn -0.0000 -1.0000 -0.0000
vn -0.0000 1.0000 -0.0000
vt 0.375000 0.000000
vt 0.625000 0.000000
vt 0.625000 0.250000
vt 0.375000 0.250000
vt 0.625000 0.500000
vt 0.375000 0.500000
vt 0.625000 0.750000
vt 0.375000 0.750000
vt 0.625000 1.000000
vt 0.375000 1.000000
vt 0.125000 0.500000
vt 0.125000 0.750000
vt 0.875000 0.500000
vt 0.875000 0.750000
s 0
f 113/197/85 114/198/85 116/199/85 115/200/85
f 115/200/86 116/199/86 120/201/86 119/202/86
f 119/202/87 120/201/87 118/203/87 117/204/87
f 117/204/88 118/203/88 114/205/88 113/206/88
f 115/207/89 119/202/89 117/204/89 113/208/89
f 120/201/90 116/209/90 114/210/90 118/203/90
o 立方体.015
v -107.606850 -1.848547 -10.000001
v -107.606850 16.151453 -10.000001
v -107.606850 -1.848547 9.999999
v -107.606850 16.151453 9.999999
v -136.435654 -1.848547 -10.000001
v -136.435654 16.151453 -10.000001
v -136.435654 -1.848547 9.999999
v -136.435654 16.151453 9.999999
vn 1.0000 -0.0000 -0.0000
vn -0.0000 -0.0000 1.0000
vn -1.0000 -0.0000 -0.0000
vn -0.0000 -0.0000 -1.0000
vn -0.0000 -1.0000 -0.0000
vn -0.0000 1.0000 -0.0000
vt 0.375000 0.000000
vt 0.625000 0.000000
vt 0.625000 0.250000
vt 0.375000 0.250000
vt 0.625000 0.500000
vt 0.375000 0.500000
vt 0.625000 0.750000
vt 0.375000 0.750000
vt 0.625000 1.000000
vt 0.375000 1.000000
vt 0.125000 0.500000
vt 0.125000 0.750000
vt 0.875000 0.500000
vt 0.875000 0.750000
s 0
f 121/211/91 122/212/91 124/213/91 123/214/91
f 123/214/92 124/213/92 128/215/92 127/216/92
f 127/216/93 128/215/93 126/217/93 125/218/93
f 125/218/94 126/217/94 122/219/94 121/220/94
f 123/221/95 127/216/95 125/218/95 121/222/95
f 128/215/96 124/223/96 122/224/96 126/217/96
o 立方体.016
v -100.423187 10.167925 -10.000001
v -100.423187 12.167925 -10.000001
v -100.423187 10.167925 9.999999
v -100.423187 12.167925 9.999999
v -104.623184 10.167925 -10.000001
v -104.623184 12.167925 -10.000001
v -104.623184 10.167925 9.999999
v -104.623184 12.167925 9.999999
vn 1.0000 -0.0000 -0.0000
vn -0.0000 -0.0000 1.0000
vn -1.0000 -0.0000 -0.0000
vn -0.0000 -0.0000 -1.0000
vn -0.0000 -1.0000 -0.0000
vn -0.0000 1.0000 -0.0000
vt 0.375000 0.000000
vt 0.625000 0.000000
vt 0.625000 0.250000
vt 0.375000 0.250000
vt 0.625000 0.500000
vt 0.375000 0.500000
vt 0.625000 0.750000
vt 0.375000 0.750000
vt 0.625000 1.000000
vt 0.375000 1.000000
vt 0.125000 0.500000
vt 0.125000 0.750000
vt 0.875000 0.500000
vt 0.875000 0.750000
s 0
f 129/225/97 130/226/97 132/227/97 131/228/97
f 131/228/98 132/227/98 136/229/98 135/230/98
f 135/230/99 136/229/99 134/231/99 133/232/99
f 133/232/100 134/231/100 130/233/100 129/234/100
f 131/235/101 135/230/101 133/232/101 129/236/101
f 136/229/102 132/237/102 130/238/102 134/231/102
o 立方体.017
v 10.763302 3.232915 -10.000001
v 10.763302 5.232915 -10.000001
v 10.763302 3.232915 9.999999
v 10.763302 5.232915 9.999999
v 3.203301 3.232915 -10.000001
v 3.203301 5.232915 -10.000001
v 3.203301 3.232915 9.999999
v 3.203301 5.232915 9.999999
vn 1.0000 -0.0000 -0.0000
vn -0.0000 -0.0000 1.0000
vn -1.0000 -0.0000 -0.0000
vn -0.0000 -0.0000 -1.0000
vn -0.0000 -1.0000 -0.0000
vn -0.0000 1.0000 -0.0000
vt 0.375000 0.000000
vt 0.625000 0.000000
vt 0.625000 0.250000
vt 0.375000 0.250000
vt 0.625000 0.500000
vt 0.375000 0.500000
vt 0.625000 0.750000
vt 0.375000 0.750000
vt 0.625000 1.000000
vt 0.375000 1.000000
vt 0.125000 0.500000
vt 0.125000 0.750000
vt 0.875000 0.500000
vt 0.875000 0.750000
s 0
f 137/239/103 138/240/103 140/241/103 139/242/103
f 139/242/104 140/241/104 144/243/104 143/244/104
f 143/244/105 144/243/105 142/245/105 141/246/105
f 141/246/106 142/245/106 138/247/106 137/248/106
f 139/249/107 143/244/107 141/246/107 137/250/107
f 144/243/108 140/251/108 138/252/108 142/245/108
o 立方体.018
v 77.650002 -1.800000 -10.000000
v 77.650002 -1.199997 -10.000000
v 77.650002 -1.800000 10.000000
v 77.650002 -1.199997 10.000000
v 76.349998 -1.800000 -10.000000
v 76.349998 -1.199997 -10.000000
v 76.349998 -1.800000 10.000000
v 76.349998 -1.199997 10.000000
vn 1.0000 -0.0000 -0.0000
vn -0.0000 -0.0000 1.0000
vn -1.0000 -0.0000 -0.0000
vn -0.0000 -0.0000 -1.0000
vn -0.0000 -1.0000 -0.0000
vn -0.0000 1.0000 -0.0000
vt 0.375000 0.000000
vt 0.625000 0.000000
vt 0.625000 0.250000
vt 0.375000 0.250000
vt 0.625000 0.500000
vt 0.375000 0.500000
vt 0.625000 0.750000
vt 0.375000 0.750000
vt 0.625000 1.000000
vt 0.375000 1.000000
vt 0.125000 0.500000
vt 0.125000 0.750000
vt 0.875000 0.500000
vt 0.875000 0.750000
s 0
f 145/253/109 146/254/109 148/255/109 147/256/109
f 147/256/110 148/255/110 152/257/110 151/258/110
f 151/258/111 152/257/111 150/259/111 149/260/111
f 149/260/112 150/259/112 146/261/112 145/262/112
f 147/263/113 151/258/113 149/260/113 145/264/113
f 152/257/114 148/265/114 146/266/114 150/259/114
o 立方体.019
v -136.172012 15.200000 -10.000000
v -136.172012 15.800003 -10.000000
v -136.172012 15.200000 10.000000
v -136.172012 15.800003 10.000000
v -137.472000 15.200000 -10.000000
v -137.472000 15.800003 -10.000000
v -137.472000 15.200000 10.000000
v -137.472000 15.800003 10.000000
vn 1.0000 -0.0000 -0.0000
vn -0.0000 -0.0000 1.0000
vn -1.0000 -0.0000 -0.0000
vn -0.0000 -0.0000 -1.0000
vn -0.0000 -1.0000 -0.0000
vn -0.0000 1.0000 -0.0000
vt 0.375000 0.000000
vt 0.625000 0.000000
vt 0.625000 0.250000
vt 0.375000 0.250000
vt 0.625000 0.500000
vt 0.375000 0.500000
vt 0.625000 0.750000
vt 0.375000 0.750000
vt 0.625000 1.000000
vt 0.375000 1.000000
vt 0.125000 0.500000
vt 0.125000 0.750000
vt 0.875000 0.500000
vt 0.875000 0.750000
s 0
f 153/267/115 154/268/115 156/269/115 155/270/115
f 155/270/116 156/269/116 160/271/116 159/272/116
f 159/272/117 160/271/117 158/273/117 157/274/117
f 157/274/118 158/273/118 154/275/118 153/276/118
f 155/277/119 159/272/119 157/274/119 153/278/119
f 160/271/120 156/279/120 154/280/120 158/273/120
o 立方体.020
v -5.733697 23.962181 -10.000001
v -5.733697 42.266182 -10.000001
v -5.733697 23.962181 9.999999
v -5.733697 42.266182 9.999999
v -6.993697 23.962181 -10.000001
v -6.993697 42.266182 -10.000001
v -6.993697 23.962181 9.999999
v -6.993697 42.266182 9.999999
vn 1.0000 -0.0000 -0.0000
vn -0.0000 -0.0000 1.0000
vn -1.0000 -0.0000 -0.0000
vn -0.0000 -0.0000 -1.0000
vn -0.0000 -1.0000 -0.0000
vn -0.0000 1.0000 -0.0000
vt 0.375000 0.000000
vt 0.625000 0.000000
vt 0.625000 0.250000
vt 0.375000 0.250000
vt 0.625000 0.500000
vt 0.375000 0.500000
vt 0.625000 0.750000
vt 0.375000 0.750000
vt 0.625000 1.000000
vt 0.375000 1.000000
vt 0.125000 0.500000
vt 0.125000 0.750000
vt 0.875000 0.500000
vt 0.875000 0.750000
s 0
f 161/281/121 162/282/121 164/283/121 163/284/121
f 163/284/122 164/283/122 168/285/122 167/286/122
f 167/286/123 168/285/123 166/287/123 165/288/123
f 165/288/124 166/287/124 162/289/124 161/290/124
f 163/291/125 167/286/125 165/288/125 161/292/125
f 168/285/126 164/293/126 162/294/126 166/287/126
o EnemySpawn
v 10.978986 0.494072 -1.229265
v 10.978986 0.935676 -1.229265
v 11.420590 0.494072 -1.229265
v 11.420590 0.935676 -1.229265
v 10.978986 0.494072 -0.787660
v 10.978986 0.935676 -0.787660
v 11.420590 0.494072 -0.787660
v 11.420590 0.935676 -0.787660
v 12.461647 1.137840 -0.000262
v 9.930069 1.218312 -0.047942
v 12.463499 1.152288 -0.190717
v 9.931920 1.232760 -0.238396
v 12.462114 1.194994 -0.373809
v 9.930536 1.275465 -0.421489
v 12.457547 1.264315 -0.542504
v 9.925969 1.344787 -0.590183
v 12.449975 1.357589 -0.690316
v 9.918396 1.438062 -0.737995
v 12.439687 1.471231 -0.811567
v 9.908108 1.551703 -0.859247
v 12.427076 1.600874 -0.901596
v 9.895499 1.681346 -0.949276
v 12.412631 1.741536 -0.956945
v 9.881053 1.822008 -1.004625
v 12.396904 1.887811 -0.975485
v 9.865327 1.968283 -1.023166
v 12.380502 2.034077 -0.956506
v 9.848924 2.114548 -1.004184
v 12.364054 2.174714 -0.900735
v 9.832476 2.255186 -0.948413
v 12.348191 2.304318 -0.810314
v 9.816613 2.384790 -0.857994
v 12.333527 2.417907 -0.688722
v 9.801947 2.498378 -0.736402
v 12.320618 2.511116 -0.540629
v 9.789040 2.591588 -0.588310
v 12.309964 2.580364 -0.371726
v 9.778386 2.660836 -0.419407
v 12.301977 2.622990 -0.188506
v 9.770400 2.703462 -0.236187
v 12.296962 2.637354 0.001992
v 9.765383 2.717826 -0.045687
v 12.295109 2.622906 0.192447
v 9.763531 2.703378 0.144767
v 12.296494 2.580201 0.375540
v 9.764915 2.660673 0.327860
v 12.301060 2.510879 0.544234
v 9.769481 2.591351 0.496553
v 12.308633 2.417605 0.692046
v 9.777054 2.498077 0.644367
v 12.318923 2.303963 0.813297
v 9.787344 2.384434 0.765618
v 12.331532 2.174319 0.903328
v 9.799955 2.254792 0.855647
v 12.345978 2.033658 0.958676
v 9.814399 2.114131 0.910996
v 12.361702 1.887383 0.977217
v 9.830125 1.967856 0.929537
v 12.378105 1.741117 0.958236
v 9.846527 1.821589 0.910557
v 12.394554 1.600479 0.902465
v 9.862976 1.680952 0.854784
v 12.410418 1.470876 0.812045
v 9.878838 1.551349 0.764365
v 12.425084 1.357287 0.690453
v 9.893505 1.437759 0.642773
v 12.437991 1.264077 0.542359
v 9.906413 1.344549 0.494680
v 12.448643 1.194830 0.373458
v 9.917065 1.275301 0.325778
v 12.456631 1.152203 0.190236
v 9.925053 1.232676 0.142558
v 11.189520 1.832646 -1.089258
v 11.189520 1.608519 -1.089258
v 11.394211 1.832646 -1.089274
v 11.394211 1.608519 -1.089274
v 11.189702 1.832646 1.167963
v 11.189702 1.608519 1.167963
v 11.394393 1.832646 1.167946
v 11.394394 1.608519 1.167946
v 11.259839 1.791497 -1.090661
v 11.393903 1.611887 -1.090672
v 11.256030 1.788641 -0.886070
v 11.390094 1.609031 -0.886080
v 10.417878 1.163038 -1.115110
v 10.551942 0.983429 -1.115121
v 10.414068 1.160183 -0.910519
v 10.548132 0.980573 -0.910530
v 10.333990 0.950666 0.943581
v 10.417968 1.158466 0.943575
v 10.338433 0.948878 1.148174
v 10.422410 1.156677 1.148167
v 11.308096 0.557003 0.918985
v 11.392073 0.764804 0.918979
v 11.312539 0.555215 1.123576
v 11.396516 0.763014 1.123569
v 10.333824 0.950666 -1.112546
v 10.417801 1.158466 -1.112553
v 10.338266 0.948878 -0.907955
v 10.422244 1.156677 -0.907962
v 11.307929 0.557003 -1.137143
v 11.391907 0.764804 -1.137150
v 11.312372 0.555215 -0.932551
v 11.396350 0.763014 -0.932558
v 11.260006 1.791497 0.965468
v 11.394070 1.611887 0.965457
v 11.256196 1.788641 1.170059
v 11.390261 1.609031 1.170048
v 10.418044 1.163038 0.941018
v 10.552108 0.983429 0.941008
v 10.414235 1.160183 1.145610
v 10.548299 0.980573 1.145599
v 10.978986 0.494072 0.797157
v 10.978986 0.935676 0.797157
v 11.420589 0.494072 0.797157
v 11.420590 0.935676 0.797157
v 10.978986 0.494072 1.238761
v 10.978986 0.935676 1.238761
v 11.420589 0.494072 1.238761
v 11.420590 0.935676 1.238761
vn -0.0000 -0.0000 -1.0000
vn 1.0000 -0.0000 -0.0000
vn -0.0000 -0.0000 1.0000
vn -1.0000 -0.0000 -0.0000
vn -0.0000 -1.0000 -0.0000
vn -0.0000 1.0000 -0.0000
vn -0.4857 -0.8741 -0.0090
vn 0.4950 -0.8590 -0.1309
vn 0.4889 -0.8723 0.0083
vn -0.4862 -0.8637 -0.1328
vn 0.5075 -0.8185 -0.2693
vn -0.4919 -0.8320 -0.2566
vn 0.5254 -0.7485 -0.4047
vn -0.5023 -0.7768 -0.3798
vn 0.5471 -0.6456 -0.5328
vn -0.5170 -0.6941 -0.5010
vn 0.5698 -0.5076 -0.6462
vn -0.5340 -0.5833 -0.6121
vn 0.5894 -0.3361 -0.7346
vn -0.5515 -0.4373 -0.7104
vn 0.6013 -0.1393 -0.7868
vn -0.5655 -0.2610 -0.7824
vn 0.6029 0.0673 -0.7950
vn -0.5730 -0.0618 -0.8172
vn 0.5936 0.2658 -0.7596
vn -0.5712 0.1452 -0.8078
vn 0.5763 0.4411 -0.6880
vn -0.5606 0.3411 -0.7545
vn 0.5553 0.5850 -0.5912
vn -0.5443 0.5115 -0.6650
vn 0.5339 0.6965 -0.4794
vn -0.5254 0.6467 -0.5530
vn 0.5152 0.7777 -0.3603
vn -0.5089 0.7502 -0.4222
vn 0.5004 0.8324 -0.2380
vn -0.4961 0.8196 -0.2866
vn 0.4905 0.8639 -0.1147
vn -0.4894 0.8594 -0.1481
vn 0.4856 0.8741 0.0090
vn -0.4889 0.8723 -0.0086
vn 0.4862 0.8637 0.1328
vn -0.4950 0.8590 0.1309
vn 0.4919 0.8320 0.2566
vn -0.5075 0.8185 0.2693
vn 0.5023 0.7769 0.3797
vn -0.5253 0.7485 0.4048
vn 0.5169 0.6949 0.5000
vn -0.5471 0.6456 0.5328
vn 0.5340 0.5825 0.6128
vn -0.5698 0.5076 0.6463
vn 0.5514 0.4373 0.7105
vn -0.5893 0.3361 0.7347
vn 0.5656 0.2610 0.7823
vn -0.6015 0.1393 0.7867
vn 0.5730 0.0618 0.8172
vn -0.6028 -0.0673 0.7950
vn 0.5712 -0.1451 0.8079
vn -0.5936 -0.2658 0.7596
vn 0.5606 -0.3411 0.7546
vn -0.5763 -0.4411 0.6880
vn 0.5440 -0.5116 0.6651
vn -0.5552 -0.5851 0.5911
vn 0.5255 -0.6483 0.5509
vn -0.5339 -0.6964 0.4795
vn 0.5088 -0.7502 0.4222
vn -0.5151 -0.7777 0.3603
vn 0.4965 -0.8194 0.2866
vn -0.5004 -0.8324 0.2380
vn 0.4894 -0.8594 0.1481
vn -0.4905 -0.8639 0.1147
vn -0.0001 -0.0000 -1.0000
vn 1.0000 -0.0000 -0.0001
vn 0.0001 -0.0000 1.0000
vn -1.0000 -0.0000 0.0001
vn 0.8012 0.5980 0.0233
vn -0.0186 -0.0140 0.9997
vn -0.8012 -0.5980 -0.0233
vn 0.0186 0.0140 -0.9997
vn -0.5982 0.8014 -0.0000
vn -0.5982 0.8014 0.0001
vn 0.5982 -0.8014 -0.0000
vn 0.5982 -0.8014 -0.0001
vn -0.9269 0.3746 0.0234
vn 0.0217 -0.0087 0.9997
vn 0.9269 -0.3746 -0.0234
vn -0.0217 0.0087 -0.9997
vn -0.3747 -0.9272 -0.0000
vn 0.3747 0.9272 -0.0000
vt 0.625000 0.000000
vt 0.375000 0.250000
vt 0.375000 0.000000
vt 0.625000 0.250000
vt 0.375000 0.500000
vt 0.625000 0.500000
vt 0.375000 0.750000
vt 0.625000 0.750000
vt 0.375000 1.000000
vt 0.125000 0.750000
vt 0.125000 0.500000
vt 0.875000 0.500000
vt 0.999758 0.000242
vt 0.920438 0.008017
vt 0.920438 0.000242
vt 0.999758 0.008017
vt 0.920438 0.015791
vt 0.999758 0.015791
vt 0.920438 0.023566
vt 0.999758 0.023566
vt 0.920438 0.031341
vt 0.999758 0.031341
vt 0.920438 0.039116
vt 0.999758 0.039116
vt 0.920438 0.046890
vt 0.999758 0.046890
vt 0.920438 0.054665
vt 0.999758 0.054665
vt 0.920438 0.062440
vt 0.999758 0.062440
vt 0.920438 0.070215
vt 0.999758 0.070215
vt 0.920438 0.077989
vt 0.999758 0.077989
vt 0.920438 0.085764
vt 0.999758 0.085764
vt 0.920438 0.093539
vt 0.999758 0.093539
vt 0.920438 0.101313
vt 0.999758 0.101313
vt 0.920438 0.109088
vt 0.999758 0.109088
vt 0.920438 0.116863
vt 0.999758 0.116863
vt 0.920438 0.124638
vt 0.999758 0.124638
vt 0.920438 0.132412
vt 0.999758 0.132412
vt 0.920438 0.140187
vt 0.999758 0.140187
vt 0.920438 0.147962
vt 0.999758 0.147962
vt 0.920438 0.155737
vt 0.999758 0.155737
vt 0.920438 0.163511
vt 0.999758 0.163511
vt 0.920438 0.171286
vt 0.999758 0.171286
vt 0.920438 0.179061
vt 0.999758 0.179061
vt 0.920438 0.186835
vt 0.999758 0.186835
vt 0.920438 0.194610
vt 0.999758 0.194610
vt 0.920438 0.202385
vt 0.999758 0.202385
vt 0.920438 0.210160
vt 0.999758 0.210160
vt 0.920438 0.217934
vt 0.999758 0.217934
vt 0.920438 0.225709
vt 0.999758 0.225709
vt 0.920438 0.233484
vt 0.070369 0.832180
vt 0.064871 0.887998
vt 0.009054 0.882500
vt 0.999758 0.233484
vt 0.920438 0.241259
vt 0.999758 0.241259
vt 0.920438 0.249033
vt 0.154110 0.876036
vt 0.100438 0.892317
vt 0.084156 0.838645
vt 0.004734 0.876036
vt 0.001759 0.868853
vt 0.000242 0.861228
vt 0.000242 0.853453
vt 0.001759 0.845828
vt 0.004734 0.838645
vt 0.009054 0.832180
vt 0.014551 0.826683
vt 0.021016 0.822363
vt 0.028198 0.819388
vt 0.035824 0.817871
vt 0.043598 0.817871
vt 0.051224 0.819388
vt 0.058407 0.822363
vt 0.064871 0.826683
vt 0.074688 0.838645
vt 0.079180 0.861228
vt 0.077663 0.845828
vt 0.079180 0.853453
vt 0.077663 0.868853
vt 0.074688 0.876036
vt 0.070369 0.882500
vt 0.058407 0.892317
vt 0.035824 0.896809
vt 0.051224 0.895293
vt 0.043599 0.896809
vt 0.028198 0.895293
vt 0.021016 0.892317
vt 0.014551 0.887998
vt 0.999758 0.249033
vt 0.088476 0.832180
vt 0.093973 0.826683
vt 0.100438 0.822363
vt 0.107620 0.819388
vt 0.115246 0.817871
vt 0.123021 0.817871
vt 0.130646 0.819388
vt 0.137829 0.822363
vt 0.144293 0.826683
vt 0.149791 0.832180
vt 0.154110 0.838645
vt 0.157085 0.845828
vt 0.158602 0.853453
vt 0.158602 0.861228
vt 0.157085 0.868853
vt 0.149791 0.882500
vt 0.144293 0.887998
vt 0.137829 0.892317
vt 0.130646 0.895293
vt 0.123021 0.896809
vt 0.115246 0.896809
vt 0.107620 0.895293
vt 0.093973 0.887998
vt 0.088476 0.882500
vt 0.084156 0.876036
vt 0.081181 0.868853
vt 0.079664 0.861228
vt 0.079664 0.853453
vt 0.081181 0.845828
vt 0.102325 0.102325
vt 0.204407 0.000242
vt 0.102325 0.000242
vt 0.102325 0.204407
vt 0.204407 0.102325
vt 0.204407 0.306490
vt 0.204407 0.204407
vt 0.102325 0.408573
vt 0.102325 0.306490
vt 0.000242 0.204407
vt 0.306490 0.204407
vt 0.409057 0.102325
vt 0.511139 0.000242
vt 0.409057 0.000242
vt 0.409057 0.204407
vt 0.511139 0.102325
vt 0.409057 0.306490
vt 0.511139 0.204407
vt 0.511139 0.408573
vt 0.511139 0.306490
vt 0.306974 0.306490
vt 0.306974 0.204407
vt 0.613222 0.204407
vt 0.715789 0.102325
vt 0.817871 0.000242
vt 0.715789 0.000242
vt 0.817871 0.204407
vt 0.817871 0.102325
vt 0.715789 0.204407
vt 0.817871 0.306490
vt 0.715789 0.408573
vt 0.715789 0.306490
vt 0.613706 0.306490
vt 0.613706 0.204407
vt 0.919954 0.306490
vt 0.919954 0.204407
vt 0.102325 0.409057
vt 0.204407 0.511139
vt 0.204407 0.409057
vt 0.102325 0.613222
vt 0.102325 0.511139
vt 0.102325 0.715305
vt 0.204407 0.613222
vt 0.102325 0.817387
vt 0.204407 0.715305
vt 0.000242 0.715305
vt 0.000242 0.613222
vt 0.306490 0.613222
vt 0.715789 0.511139
vt 0.817871 0.409057
vt 0.715789 0.409057
vt 0.715789 0.613222
vt 0.817871 0.511139
vt 0.817871 0.715305
vt 0.817871 0.613222
vt 0.715789 0.715305
vt 0.817871 0.817387
vt 0.613706 0.715305
vt 0.613706 0.613222
vt 0.919954 0.715305
vt 0.919954 0.613222
vt 0.625000 1.000000
vt 0.875000 0.750000
vt 0.204407 0.408573
vt 0.000242 0.306490
vt 0.306490 0.306490
vt 0.409057 0.408573
vt 0.613222 0.306490
vt 0.817871 0.408573
vt 0.204407 0.817387
vt 0.306490 0.715305
vt 0.715789 0.817387
s 1
usemtl マテリアル.008
f 170/295/127 171/296/127 169/297/127
f 172/298/128 175/299/128 171/296/128
f 176/300/129 173/301/129 175/299/129
f 174/302/130 169/303/130 173/301/130
f 175/299/131 169/304/131 171/305/131
f 172/306/132 174/302/132 176/300/132
f 178/307/133 179/308/134 177/309/135
f 180/310/136 181/311/137 179/308/134
f 182/312/138 183/313/139 181/311/137
f 184/314/140 185/315/141 183/313/139
f 186/316/142 187/317/143 185/315/141
f 188/318/144 189/319/145 187/317/143
f 190/320/146 191/321/147 189/319/145
f 192/322/148 193/323/149 191/321/147
f 194/324/150 195/325/151 193/323/149
f 196/326/152 197/327/153 195/325/151
f 198/328/154 199/329/155 197/327/153
f 200/330/156 201/331/157 199/329/155
f 202/332/158 203/333/159 201/331/157
f 204/334/160 205/335/161 203/333/159
f 206/336/162 207/337/163 205/335/161
f 208/338/164 209/339/165 207/337/163
f 210/340/166 211/341/167 209/339/165
f 212/342/168 213/343/169 211/341/167
f 214/344/170 215/345/171 213/343/169
f 216/346/172 217/347/173 215/345/171
f 218/348/174 219/349/175 217/347/173
f 220/350/176 221/351/177 219/349/175
f 222/352/178 223/353/179 221/351/177
f 224/354/180 225/355/181 223/353/179
f 226/356/182 227/357/183 225/355/181
f 228/358/184 229/359/185 227/357/183
f 230/360/186 231/361/187 229/359/185
f 232/362/188 233/363/189 231/361/187
f 234/364/190 235/365/191 233/363/189
f 236/366/192 237/367/193 235/365/191
f 214/368/170 198/369/154 182/370/138
f 238/371/194 239/372/195 237/367/193
f 240/373/196 177/374/135 239/372/195
f 207/375/163 223/376/179 239/377/195
f 178/307/133 180/310/136 179/308/134
f 180/310/136 182/312/138 181/311/137
f 182/312/138 184/314/140 183/313/139
f 184/314/140 186/316/142 185/315/141
f 186/316/142 188/318/144 187/317/143
f 188/318/144 190/320/146 189/319/145
f 190/320/146 192/322/148 191/321/147
f 192/322/148 194/324/150 193/323/149
f 194/324/150 196/326/152 195/325/151
f 196/326/152 198/328/154 197/327/153
f 198/328/154 200/330/156 199/329/155
f 200/330/156 202/332/158 201/331/157
f 202/332/158 204/334/160 203/333/159
f 204/334/160 206/336/162 205/335/161
f 206/336/162 208/338/164 207/337/163
f 208/338/164 210/340/166 209/339/165
f 210/340/166 212/342/168 211/341/167
f 212/342/168 214/344/170 213/343/169
f 214/344/170 216/346/172 215/345/171
f 216/346/172 218/348/174 217/347/173
f 218/348/174 220/350/176 219/349/175
f 220/350/176 222/352/178 221/351/177
f 222/352/178 224/354/180 223/353/179
f 224/354/180 226/356/182 225/355/181
f 226/356/182 228/358/184 227/357/183
f 228/358/184 230/360/186 229/359/185
f 230/360/186 232/362/188 231/361/187
f 232/362/188 234/364/190 233/363/189
f 234/364/190 236/366/192 235/365/191
f 236/366/192 238/371/194 237/367/193
f 182/370/138 180/378/136 178/379/133
f 178/379/133 240/380/196 182/370/138
f 240/380/196 238/381/194 182/370/138
f 238/381/194 236/382/192 234/383/190
f 234/383/190 232/384/188 230/385/186
f 230/385/186 228/386/184 226/387/182
f 226/387/182 224/388/180 230/385/186
f 224/388/180 222/389/178 230/385/186
f 222/389/178 220/390/176 218/391/174
f 218/391/174 216/392/172 214/368/170
f 214/368/170 212/393/168 206/394/162
f 212/393/168 210/395/166 206/394/162
f 210/395/166 208/396/164 206/394/162
f 206/394/162 204/397/160 202/398/158
f 202/398/158 200/399/156 198/369/154
f 198/369/154 196/400/152 190/401/146
f 196/400/152 194/402/150 190/401/146
f 194/402/150 192/403/148 190/401/146
f 190/401/146 188/404/144 186/405/142
f 186/405/142 184/406/140 182/370/138
f 238/381/194 234/383/190 182/370/138
f 234/383/190 230/385/186 182/370/138
f 222/389/178 218/391/174 230/385/186
f 218/391/174 214/368/170 230/385/186
f 206/394/162 202/398/158 214/368/170
f 202/398/158 198/369/154 214/368/170
f 190/401/146 186/405/142 198/369/154
f 186/405/142 182/370/138 198/369/154
f 182/370/138 230/385/186 214/368/170
f 238/371/194 240/373/196 239/372/195
f 240/373/196 178/407/133 177/374/135
f 239/377/195 177/408/135 179/409/134
f 179/409/134 181/410/137 183/411/139
f 183/411/139 185/412/141 187/413/143
f 187/413/143 189/414/145 191/415/147
f 191/415/147 193/416/149 195/417/151
f 195/417/151 197/418/153 199/419/155
f 199/419/155 201/420/157 203/421/159
f 203/421/159 205/422/161 207/375/163
f 207/375/163 209/423/165 211/424/167
f 211/424/167 213/425/169 215/426/171
f 215/426/171 217/427/173 219/428/175
f 219/428/175 221/429/177 223/376/179
f 223/376/179 225/430/181 227/431/183
f 227/431/183 229/432/185 231/433/187
f 231/433/187 233/434/189 235/435/191
f 235/435/191 237/436/193 239/377/195
f 239/377/195 179/409/134 191/415/147
f 179/409/134 183/411/139 191/415/147
f 183/411/139 187/413/143 191/415/147
f 191/415/147 195/417/151 207/375/163
f 195/417/151 199/419/155 207/375/163
f 199/419/155 203/421/159 207/375/163
f 207/375/163 211/424/167 223/376/179
f 211/424/167 215/426/171 223/376/179
f 215/426/171 219/428/175 223/376/179
f 223/376/179 227/431/183 239/377/195
f 227/431/183 231/433/187 239/377/195
f 231/433/187 235/435/191 239/377/195
f 239/377/195 191/415/147 207/375/163
f 243/437/197 242/438/197 241/439/197
f 247/440/198 244/441/198 243/437/198
f 247/440/199 246/442/199 248/443/199
f 241/444/200 246/442/200 245/445/200
f 243/446/132 245/445/132 247/440/132
f 246/442/131 244/447/131 248/443/131
f 251/448/201 250/449/201 249/450/201
f 255/451/202 252/452/202 251/448/202
f 253/453/203 256/454/203 255/451/203
f 253/453/204 250/455/204 254/456/204
f 249/457/205 255/451/205 251/458/206
f 254/456/207 252/459/208 256/454/207
f 259/460/209 258/461/209 257/462/209
f 259/460/210 264/463/210 260/464/210
f 263/465/211 262/466/211 264/463/211
f 257/467/212 262/466/212 261/468/212
f 257/469/213 263/465/213 259/470/213
f 264/463/214 258/471/214 260/472/214
f 265/473/209 268/474/209 266/475/209
f 271/476/210 268/474/210 267/477/210
f 269/478/211 272/479/211 271/476/211
f 265/480/212 270/481/212 269/478/212
f 265/482/213 271/476/213 267/483/213
f 270/481/214 268/484/214 272/479/214
f 275/485/201 274/486/201 273/487/201
f 279/488/202 276/489/202 275/485/202
f 279/488/203 278/490/203 280/491/203
f 277/492/204 274/493/204 278/490/204
f 273/494/205 279/488/205 275/495/205
f 280/491/208 274/496/208 276/497/208
f 282/295/127 283/296/127 281/297/127
f 284/298/128 287/299/128 283/296/128
f 288/300/129 285/301/129 287/299/129
f 286/302/130 281/303/130 285/301/130
f 287/299/131 281/304/131 283/305/131
f 284/306/132 286/302/132 288/300/132
f 170/295/127 172/298/127 171/296/127
f 172/298/128 176/300/128 175/299/128
f 176/300/129 174/302/129 173/301/129
f 174/302/130 170/498/130 169/303/130
f 175/299/131 173/301/131 169/304/131
f 172/306/132 170/499/132 174/302/132
f 243/437/197 244/441/197 242/438/197
f 247/440/198 248/443/198 244/441/198
f 247/440/199 245/445/199 246/442/199
f 241/444/200 242/500/200 246/442/200
f 243/446/132 241/501/132 245/445/132
f 246/442/131 242/502/131 244/447/131
f 251/448/201 252/452/201 250/449/201
f 255/451/202 256/454/202 252/452/202
f 253/453/203 254/456/203 256/454/203
f 253/453/204 249/503/204 250/455/204
f 249/457/205 253/453/205 255/451/205
f 254/456/207 250/504/208 252/459/208
f 259/460/209 260/464/209 258/461/209
f 259/460/210 263/465/210 264/463/210
f 263/465/211 261/468/211 262/466/211
f 257/467/212 258/505/212 262/466/212
f 257/469/213 261/468/213 263/465/213
f 264/463/214 262/466/214 258/471/214
f 265/473/209 267/477/209 268/474/209
f 271/476/210 272/479/210 268/474/210
f 269/478/211 270/481/211 272/479/211
f 265/480/212 266/506/212 270/481/212
f 265/482/213 269/478/213 271/476/213
f 270/481/214 266/507/214 268/484/214
f 275/485/201 276/489/201 274/486/201
f 279/488/202 280/491/202 276/489/202
f 279/488/203 277/492/203 278/490/203
f 277/492/204 273/508/204 274/493/204
f 273/494/205 277/492/205 279/488/205
f 280/491/208 278/490/208 274/496/208
f 282/295/127 284/298/127 283/296/127
f 284/298/128 288/300/128 287/299/128
f 288/300/129 286/302/129 285/301/129
f 286/302/130 282/498/130 281/303/130
f 287/299/131 285/301/131 281/304/131
f 284/306/132 282/499/132 286/302/132
o EnemySpawn.001
v 16.259703 14.851090 -0.100000
v 16.259703 14.651091 -0.100000
v 14.259702 14.851090 -0.100000
v 14.259702 14.651091 -0.100000
v 16.259703 14.851090 0.100000
v 16.259703 14.651091 0.100000
v 14.259702 14.851090 0.100000
v 14.259702 14.651091 0.100000
v 14.900000 13.499990 -0.100000
v 14.900000 15.499990 -0.100000
v 15.100000 13.499990 -0.100000
v 15.100000 15.499990 -0.100000
v 14.900000 13.499990 0.100000
v 14.900000 15.499990 0.100000
v 15.100000 13.499990 0.100000
v 15.100000 15.499990 0.100000
v 15.500000 15.099991 0.500000
v 15.500000 16.099991 0.500000
v 14.500000 15.099991 0.500000
v 14.500000 16.099991 0.500000
v 15.500000 15.099991 -0.500000
v 15.500000 16.099991 -0.500000
v 14.500000 15.099991 -0.500000
v 14.500000 16.099991 -0.500000
vn -0.0000 -0.0000 -1.0000
vn -1.0000 -0.0000 -0.0000
vn -0.0000 -0.0000 1.0000
vn 1.0000 -0.0000 -0.0000
vn -0.0000 1.0000 -0.0000
vn -0.0000 -1.0000 -0.0000
vt 0.625000 0.000000
vt 0.375000 0.250000
vt 0.375000 0.000000
vt 0.625000 0.250000
vt 0.375000 0.500000
vt 0.625000 0.500000
vt 0.375000 0.750000
vt 0.625000 0.750000
vt 0.375000 1.000000
vt 0.125000 0.750000
vt 0.125000 0.500000
vt 0.875000 0.500000
vt 0.625000 1.000000
vt 0.875000 0.750000
s 1
usemtl マテリアル.007
f 290/509/215 291/510/215 289/511/215
f 292/512/216 295/513/216 291/510/216
f 296/514/217 293/515/217 295/513/217
f 294/516/218 289/517/218 293/515/218
f 295/513/219 289/518/219 291/519/219
f 292/520/220 294/516/220 296/514/220
f 298/509/215 299/510/215 297/511/215
f 300/512/218 303/513/218 299/510/218
f 304/514/217 301/515/217 303/513/217
f 302/516/216 297/517/216 301/515/216
f 303/513/220 297/518/220 299/519/220
f 300/520/219 302/516/219 304/514/219
f 306/509/217 307/510/217 305/511/217
f 308/512/216 311/513/216 307/510/216
f 312/514/215 309/515/215 311/513/215
f 310/516/218 305/517/218 309/515/218
f 311/513/220 305/518/220 307/519/220
f 308/520/219 310/516/219 312/514/219
f 290/509/215 292/512/215 291/510/215
f 292/512/216 296/514/216 295/513/216
f 296/514/217 294/516/217 293/515/217
f 294/516/218 290/521/218 289/517/218
f 295/513/219 293/515/219 289/518/219
f 292/520/220 290/522/220 294/516/220
f 298/509/215 300/512/215 299/510/215
f 300/512/218 304/514/218 303/513/218
f 304/514/217 302/516/217 301/515/217
f 302/516/216 298/521/216 297/517/216
f 303/513/220 301/515/220 297/518/220
f 300/520/219 298/522/219 302/516/219
f 306/509/217 308/512/217 307/510/217
f 308/512/216 312/514/216 311/513/216
f 312/514/215 310/516/215 309/515/215
f 310/516/218 306/521/218 305/517/218
f 311/513/220 309/515/220 305/518/220
f 308/520/219 306/522/219 310/516/219
o EnemySpawn.002
v 10.259702 24.851089 -0.100000
v 10.259702 24.651091 -0.100000
v 8.259702 24.851091 -0.100000
v 8.259702 24.651091 -0.100000
v 10.259702 24.851089 0.100000
v 10.259702 24.651091 0.100000
v 8.259702 24.851091 0.100000
v 8.259702 24.651091 0.100000
v 8.900000 23.499990 -0.100000
v 8.900000 25.499990 -0.100000
v 9.100000 23.499990 -0.100000
v 9.100000 25.499990 -0.100000
v 8.900000 23.499990 0.100000
v 8.900000 25.499990 0.100000
v 9.100000 23.499990 0.100000
v 9.100000 25.499990 0.100000
v 9.500000 25.099991 0.500000
v 9.500000 26.099991 0.500000
v 8.500000 25.099991 0.500000
v 8.500000 26.099991 0.500000
v 9.500000 25.099991 -0.500000
v 9.500000 26.099991 -0.500000
v 8.500000 25.099991 -0.500000
v 8.500000 26.099991 -0.500000
vn -0.0000 -0.0000 -1.0000
vn -1.0000 -0.0000 -0.0000
vn -0.0000 -0.0000 1.0000
vn 1.0000 -0.0000 -0.0000
vn -0.0000 1.0000 -0.0000
vn -0.0000 -1.0000 -0.0000
vt 0.625000 0.000000
vt 0.375000 0.250000
vt 0.375000 0.000000
vt 0.625000 0.250000
vt 0.375000 0.500000
vt 0.625000 0.500000
vt 0.375000 0.750000
vt 0.625000 0.750000
vt 0.375000 1.000000
vt 0.125000 0.750000
vt 0.125000 0.500000
vt 0.875000 0.500000
vt 0.625000 1.000000
vt 0.875000 0.750000
s 1
usemtl マテリアル.013
f 314/523/221 315/524/221 313/525/221
f 316/526/222 319/527/222 315/524/222
f 320/528/223 317/529/223 319/527/223
f 318/530/224 313/531/224 317/529/224
f 319/527/225 313/532/225 315/533/225
f 316/534/226 318/530/226 320/528/226
f 322/523/221 323/524/221 321/525/221
f 324/526/224 327/527/224 323/524/224
f 328/528/223 325/529/223 327/527/223
f 326/530/222 321/531/222 325/529/222
f 327/527/226 321/532/226 323/533/226
f 324/534/225 326/530/225 328/528/225
f 330/523/223 331/524/223 329/525/223
f 332/526/222 335/527/222 331/524/222
f 336/528/221 333/529/221 335/527/221
f 334/530/224 329/531/224 333/529/224
f 335/527/226 329/532/226 331/533/226
f 332/534/225 334/530/225 336/528/225
f 314/523/221 316/526/221 315/524/221
f 316/526/222 320/528/222 319/527/222
f 320/528/223 318/530/223 317/529/223
f 318/530/224 314/535/224 313/531/224
f 319/527/225 317/529/225 313/532/225
f 316/534/226 314/536/226 318/530/226
f 322/523/221 324/526/221 323/524/221
f 324/526/224 328/528/224 327/527/224
f 328/528/223 326/530/223 325/529/223
f 326/530/222 322/535/222 321/531/222
f 327/527/226 325/529/226 321/532/226
f 324/534/225 322/536/225 326/530/225
f 330/523/223 332/526/223 331/524/223
f 332/526/222 336/528/222 335/527/222
f 336/528/221 334/530/221 333/529/221
f 334/530/224 330/535/224 329/531/224
f 335/527/226 333/529/226 329/532/226
f 332/534/225 330/536/225 334/530/225
o EnemySpawn.004
v -85.021011 11.494072 -1.229265
v -85.021011 11.935677 -1.229265
v -84.579407 11.494072 -1.229265
v -84.579407 11.935676 -1.229265
v -85.021011 11.494072 -0.787660
v -85.021011 11.935677 -0.787660
v -84.579407 11.494072 -0.787660
v -84.579407 11.935676 -0.787660
v -83.538353 12.137840 -0.000262
v -86.069931 12.218312 -0.047942
v -83.536499 12.152288 -0.190717
v -86.068077 12.232760 -0.238396
v -83.537888 12.194994 -0.373809
v -86.069466 12.275465 -0.421489
v -83.542450 12.264315 -0.542504
v -86.074028 12.344788 -0.590183
v -83.550026 12.357589 -0.690316
v -86.081604 12.438062 -0.737995
v -83.560310 12.471231 -0.811567
v -86.091888 12.551703 -0.859247
v -83.572922 12.600874 -0.901596
v -86.104500 12.681346 -0.949276
v -83.587372 12.741536 -0.956945
v -86.118950 12.822008 -1.004625
v -83.603096 12.887811 -0.975485
v -86.134674 12.968283 -1.023166
v -83.619499 13.034077 -0.956506
v -86.151077 13.114548 -1.004184
v -83.635948 13.174714 -0.900735
v -86.167526 13.255186 -0.948413
v -83.651810 13.304318 -0.810314
v -86.183388 13.384790 -0.857994
v -83.666473 13.417907 -0.688722
v -86.198051 13.498378 -0.736402
v -83.679382 13.511116 -0.540629
v -86.210960 13.591588 -0.588310
v -83.690033 13.580364 -0.371726
v -86.221611 13.660836 -0.419407
v -83.698021 13.622990 -0.188506
v -86.229599 13.703463 -0.236187
v -83.703041 13.637354 0.001992
v -86.234619 13.717826 -0.045687
v -83.704887 13.622906 0.192447
v -86.236465 13.703379 0.144767
v -83.703506 13.580201 0.375540
v -86.235085 13.660673 0.327860
v -83.698936 13.510879 0.544234
v -86.230522 13.591352 0.496553
v -83.691368 13.417605 0.692046
v -86.222946 13.498077 0.644367
v -83.681076 13.303963 0.813297
v -86.212654 13.384434 0.765618
v -83.668465 13.174319 0.903328
v -86.200043 13.254792 0.855647
v -83.654022 13.033658 0.958676
v -86.185600 13.114131 0.910996
v -83.638298 12.887383 0.977217
v -86.169876 12.967856 0.929537
v -83.621895 12.741117 0.958236
v -86.153473 12.821589 0.910557
v -83.605446 12.600479 0.902465
v -86.137024 12.680952 0.854784
v -83.589584 12.470876 0.812045
v -86.121162 12.551350 0.764365
v -83.574913 12.357287 0.690453
v -86.106499 12.437759 0.642773
v -83.562012 12.264077 0.542359
v -86.093590 12.344549 0.494680
v -83.551353 12.194830 0.373458
v -86.082932 12.275301 0.325778
v -83.543365 12.152203 0.190236
v -86.074944 12.232677 0.142558
v -84.810478 12.832646 -1.089258
v -84.810478 12.608520 -1.089258
v -84.605789 12.832646 -1.089274
v -84.605789 12.608519 -1.089274
v -84.810295 12.832646 1.167963
v -84.810295 12.608520 1.167963
v -84.605606 12.832646 1.167946
v -84.605606 12.608519 1.167946
v -84.740158 12.791497 -1.090661
v -84.606094 12.611887 -1.090672
v -84.743973 12.788641 -0.886070
v -84.609909 12.609031 -0.886080
v -85.582123 12.163038 -1.115110
v -85.448059 11.983429 -1.115121
v -85.585930 12.160183 -0.910519
v -85.451866 11.980574 -0.910530
v -85.666008 11.950666 0.943581
v -85.582031 12.158466 0.943575
v -85.661568 11.948878 1.148174
v -85.577591 12.156677 1.148167
v -84.691902 11.557003 0.918985
v -84.607925 11.764804 0.918979
v -84.687462 11.555215 1.123576
v -84.603485 11.763014 1.123569
v -85.666176 11.950666 -1.112546
v -85.582199 12.158466 -1.112553
v -85.661736 11.948878 -0.907955
v -85.577759 12.156677 -0.907962
v -84.692070 11.557003 -1.137143
v -84.608093 11.764804 -1.137150
v -84.687630 11.555215 -0.932551
v -84.603653 11.763014 -0.932558
v -84.739990 12.791497 0.965468
v -84.605927 12.611887 0.965457
v -84.743805 12.788641 1.170059
v -84.609741 12.609031 1.170048
v -85.581955 12.163038 0.941018
v -85.447891 11.983429 0.941008
v -85.585762 12.160183 1.145610
v -85.451698 11.980574 1.145599
v -85.021011 11.494072 0.797157
v -85.021011 11.935677 0.797157
v -84.579407 11.494072 0.797157
v -84.579407 11.935676 0.797157
v -85.021011 11.494072 1.238761
v -85.021011 11.935677 1.238761
v -84.579407 11.494072 1.238761
v -84.579407 11.935676 1.238761
vn -0.0000 -0.0000 -1.0000
vn 1.0000 -0.0000 -0.0000
vn -0.0000 -0.0000 1.0000
vn -1.0000 -0.0000 -0.0000
vn -0.0000 -1.0000 -0.0000
vn -0.0000 1.0000 -0.0000
vn -0.4857 -0.8741 -0.0090
vn 0.4950 -0.8590 -0.1309
vn 0.4889 -0.8723 0.0083
vn -0.4862 -0.8637 -0.1328
vn 0.5075 -0.8185 -0.2693
vn -0.4919 -0.8320 -0.2566
vn 0.5254 -0.7485 -0.4047
vn -0.5023 -0.7768 -0.3798
vn 0.5471 -0.6456 -0.5328
vn -0.5170 -0.6941 -0.5010
vn 0.5698 -0.5076 -0.6462
vn -0.5340 -0.5833 -0.6121
vn 0.5894 -0.3361 -0.7346
vn -0.5515 -0.4373 -0.7104
vn 0.6013 -0.1393 -0.7868
vn -0.5655 -0.2610 -0.7824
vn 0.6029 0.0673 -0.7950
vn -0.5730 -0.0618 -0.8172
vn 0.5936 0.2658 -0.7596
vn -0.5712 0.1452 -0.8078
vn 0.5763 0.4411 -0.6880
vn -0.5606 0.3411 -0.7545
vn 0.5553 0.5850 -0.5912
vn -0.5443 0.5115 -0.6650
vn 0.5339 0.6965 -0.4794
vn -0.5254 0.6467 -0.5530
vn 0.5152 0.7777 -0.3603
vn -0.5089 0.7502 -0.4222
vn 0.5004 0.8324 -0.2380
vn -0.4961 0.8196 -0.2866
vn 0.4905 0.8639 -0.1147
vn -0.4894 0.8594 -0.1481
vn 0.4856 0.8741 0.0090
vn -0.4889 0.8723 -0.0086
vn 0.4862 0.8637 0.1328
vn -0.4950 0.8590 0.1309
vn 0.4919 0.8320 0.2566
vn -0.5075 0.8185 0.2693
vn 0.5023 0.7769 0.3797
vn -0.5253 0.7485 0.4048
vn 0.5169 0.6949 0.5000
vn -0.5471 0.6456 0.5328
vn 0.5340 0.5825 0.6128
vn -0.5698 0.5076 0.6463
vn 0.5514 0.4373 0.7105
vn -0.5893 0.3361 0.7347
vn 0.5656 0.2610 0.7823
vn -0.6015 0.1393 0.7867
vn 0.5730 0.0618 0.8172
vn -0.6028 -0.0673 0.7950
vn 0.5712 -0.1451 0.8079
vn -0.5936 -0.2658 0.7596
vn 0.5606 -0.3411 0.7546
vn -0.5763 -0.4411 0.6880
vn 0.5440 -0.5116 0.6651
vn -0.5552 -0.5851 0.5911
vn 0.5255 -0.6483 0.5509
vn -0.5339 -0.6964 0.4795
vn 0.5088 -0.7502 0.4222
vn -0.5151 -0.7777 0.3603
vn 0.4965 -0.8194 0.2866
vn -0.5004 -0.8324 0.2380
vn 0.4894 -0.8594 0.1481
vn -0.4905 -0.8639 0.1147
vn -0.0001 -0.0000 -1.0000
vn 1.0000 -0.0000 -0.0001
vn 0.0001 -0.0000 1.0000
vn -1.0000 -0.0000 0.0001
vn 0.8012 0.5980 0.0233
vn -0.0186 -0.0140 0.9997
vn -0.8012 -0.5980 -0.0233
vn 0.0186 0.0140 -0.9997
vn -0.5982 0.8014 -0.0000
vn -0.5982 0.8014 0.0001
vn 0.5982 -0.8014 -0.0000
vn 0.5982 -0.8014 -0.0001
vn -0.9269 0.3746 0.0234
vn 0.0217 -0.0087 0.9997
vn 0.9269 -0.3746 -0.0234
vn -0.0217 0.0087 -0.9997
vn -0.3747 -0.9272 -0.0000
vn 0.3747 0.9272 -0.0000
vt 0.625000 0.000000
vt 0.375000 0.250000
vt 0.375000 0.000000
vt 0.625000 0.250000
vt 0.375000 0.500000
vt 0.625000 0.500000
vt 0.375000 0.750000
vt 0.625000 0.750000
vt 0.375000 1.000000
vt 0.125000 0.750000
vt 0.125000 0.500000
vt 0.875000 0.500000
vt 0.999758 0.000242
vt 0.920438 0.008017
vt 0.920438 0.000242
vt 0.999758 0.008017
vt 0.920438 0.015791
vt 0.999758 0.015791
vt 0.920438 0.023566
vt 0.999758 0.023566
vt 0.920438 0.031341
vt 0.999758 0.031341
vt 0.920438 0.039116
vt 0.999758 0.039116
vt 0.920438 0.046890
vt 0.999758 0.046890
vt 0.920438 0.054665
vt 0.999758 0.054665
vt 0.920438 0.062440
vt 0.999758 0.062440
vt 0.920438 0.070215
vt 0.999758 0.070215
vt 0.920438 0.077989
vt 0.999758 0.077989
vt 0.920438 0.085764
vt 0.999758 0.085764
vt 0.920438 0.093539
vt 0.999758 0.093539
vt 0.920438 0.101313
vt 0.999758 0.101313
vt 0.920438 0.109088
vt 0.999758 0.109088
vt 0.920438 0.116863
vt 0.999758 0.116863
vt 0.920438 0.124638
vt 0.999758 0.124638
vt 0.920438 0.132412
vt 0.999758 0.132412
vt 0.920438 0.140187
vt 0.999758 0.140187
vt 0.920438 0.147962
vt 0.999758 0.147962
vt 0.920438 0.155737
vt 0.999758 0.155737
vt 0.920438 0.163511
vt 0.999758 0.163511
vt 0.920438 0.171286
vt 0.999758 0.171286
vt 0.920438 0.179061
vt 0.999758 0.179061
vt 0.920438 0.186835
vt 0.999758 0.186835
vt 0.920438 0.194610
vt 0.999758 0.194610
vt 0.920438 0.202385
vt 0.999758 0.202385
vt 0.920438 0.210160
vt 0.999758 0.210160
vt 0.920438 0.217934
vt 0.999758 0.217934
vt 0.920438 0.225709
vt 0.999758 0.225709
vt 0.920438 0.233484
vt 0.070369 0.832180
vt 0.064871 0.887998
vt 0.009054 0.882500
vt 0.999758 0.233484
vt 0.920438 0.241259
vt 0.999758 0.241259
vt 0.920438 0.249033
vt 0.154110 0.876036
vt 0.100438 0.892317
vt 0.084156 0.838645
vt 0.004734 0.876036
vt 0.001759 0.868853
vt 0.000242 0.861228
vt 0.000242 0.853453
vt 0.001759 0.845828
vt 0.004734 0.838645
vt 0.009054 0.832180
vt 0.014551 0.826683
vt 0.021016 0.822363
vt 0.028198 0.819388
vt 0.035824 0.817871
vt 0.043598 0.817871
vt 0.051224 0.819388
vt 0.058407 0.822363
vt 0.064871 0.826683
vt 0.074688 0.838645
vt 0.079180 0.861228
vt 0.077663 0.845828
vt 0.079180 0.853453
vt 0.077663 0.868853
vt 0.074688 0.876036
vt 0.070369 0.882500
vt 0.058407 0.892317
vt 0.035824 0.896809
vt 0.051224 0.895293
vt 0.043599 0.896809
vt 0.028198 0.895293
vt 0.021016 0.892317
vt 0.014551 0.887998
vt 0.999758 0.249033
vt 0.088476 0.832180
vt 0.093973 0.826683
vt 0.100438 0.822363
vt 0.107620 0.819388
vt 0.115246 0.817871
vt 0.123021 0.817871
vt 0.130646 0.819388
vt 0.137829 0.822363
vt 0.144293 0.826683
vt 0.149791 0.832180
vt 0.154110 0.838645
vt 0.157085 0.845828
vt 0.158602 0.853453
vt 0.158602 0.861228
vt 0.157085 0.868853
vt 0.149791 0.882500
vt 0.144293 0.887998
vt 0.137829 0.892317
vt 0.130646 0.895293
vt 0.123021 0.896809
vt 0.115246 0.896809
vt 0.107620 0.895293
vt 0.093973 0.887998
vt 0.088476 0.882500
vt 0.084156 0.876036
vt 0.081181 0.868853
vt 0.079664 0.861228
vt 0.079664 0.853453
vt 0.081181 0.845828
vt 0.102325 0.102325
vt 0.204407 0.000242
vt 0.102325 0.000242
vt 0.102325 0.204407
vt 0.204407 0.102325
vt 0.204407 0.306490
vt 0.204407 0.204407
vt 0.102325 0.408573
vt 0.102325 0.306490
vt 0.000242 0.204407
vt 0.306490 0.204407
vt 0.409057 0.102325
vt 0.511139 0.000242
vt 0.409057 0.000242
vt 0.409057 0.204407
vt 0.511139 0.102325
vt 0.409057 0.306490
vt 0.511139 0.204407
vt 0.511139 0.408573
vt 0.511139 0.306490
vt 0.306974 0.306490
vt 0.306974 0.204407
vt 0.613222 0.204407
vt 0.715789 0.102325
vt 0.817871 0.000242
vt 0.715789 0.000242
vt 0.817871 0.204407
vt 0.817871 0.102325
vt 0.715789 0.204407
vt 0.817871 0.306490
vt 0.715789 0.408573
vt 0.715789 0.306490
vt 0.613706 0.306490
vt 0.613706 0.204407
vt 0.919954 0.306490
vt 0.919954 0.204407
vt 0.102325 0.409057
vt 0.204407 0.511139
vt 0.204407 0.409057
vt 0.102325 0.613222
vt 0.102325 0.511139
vt 0.102325 0.715305
vt 0.204407 0.613222
vt 0.102325 0.817387
vt 0.204407 0.715305
vt 0.000242 0.715305
vt 0.000242 0.613222
vt 0.306490 0.613222
vt 0.715789 0.511139
vt 0.817871 0.409057
vt 0.715789 0.409057
vt 0.715789 0.613222
vt 0.817871 0.511139
vt 0.817871 0.715305
vt 0.817871 0.613222
vt 0.715789 0.715305
vt 0.817871 0.817387
vt 0.613706 0.715305
vt 0.613706 0.613222
vt 0.919954 0.715305
vt 0.919954 0.613222
vt 0.625000 1.000000
vt 0.875000 0.750000
vt 0.204407 0.408573
vt 0.000242 0.306490
vt 0.306490 0.306490
vt 0.409057 0.408573
vt 0.613222 0.306490
vt 0.817871 0.408573
vt 0.204407 0.817387
vt 0.306490 0.715305
vt 0.715789 0.817387
s 1
usemtl マテリアル.014
f 338/537/227 339/538/227 337/539/227
f 340/540/228 343/541/228 339/538/228
f 344/542/229 341/543/229 343/541/229
f 342/544/230 337/545/230 341/543/230
f 343/541/231 337/546/231 339/547/231
f 340/548/232 342/544/232 344/542/232
f 346/549/233 347/550/234 345/551/235
f 348/552/236 349/553/237 347/550/234
f 350/554/238 351/555/239 349/553/237
f 352/556/240 353/557/241 351/555/239
f 354/558/242 355/559/243 353/557/241
f 356/560/244 357/561/245 355/559/243
f 358/562/246 359/563/247 357/561/245
f 360/564/248 361/565/249 359/563/247
f 362/566/250 363/567/251 361/565/249
f 364/568/252 365/569/253 363/567/251
f 366/570/254 367/571/255 365/569/253
f 368/572/256 369/573/257 367/571/255
f 370/574/258 371/575/259 369/573/257
f 372/576/260 373/577/261 371/575/259
f 374/578/262 375/579/263 373/577/261
f 376/580/264 377/581/265 375/579/263
f 378/582/266 379/583/267 377/581/265
f 380/584/268 381/585/269 379/583/267
f 382/586/270 383/587/271 381/585/269
f 384/588/272 385/589/273 383/587/271
f 386/590/274 387/591/275 385/589/273
f 388/592/276 389/593/277 387/591/275
f 390/594/278 391/595/279 389/593/277
f 392/596/280 393/597/281 391/595/279
f 394/598/282 395/599/283 393/597/281
f 396/600/284 397/601/285 395/599/283
f 398/602/286 399/603/287 397/601/285
f 400/604/288 401/605/289 399/603/287
f 402/606/290 403/607/291 401/605/289
f 404/608/292 405/609/293 403/607/291
f 382/610/270 366/611/254 350/612/238
f 406/613/294 407/614/295 405/609/293
f 408/615/296 345/616/235 407/614/295
f 375/617/263 391/618/279 407/619/295
f 346/549/233 348/552/236 347/550/234
f 348/552/236 350/554/238 349/553/237
f 350/554/238 352/556/240 351/555/239
f 352/556/240 354/558/242 353/557/241
f 354/558/242 356/560/244 355/559/243
f 356/560/244 358/562/246 357/561/245
f 358/562/246 360/564/248 359/563/247
f 360/564/248 362/566/250 361/565/249
f 362/566/250 364/568/252 363/567/251
f 364/568/252 366/570/254 365/569/253
f 366/570/254 368/572/256 367/571/255
f 368/572/256 370/574/258 369/573/257
f 370/574/258 372/576/260 371/575/259
f 372/576/260 374/578/262 373/577/261
f 374/578/262 376/580/264 375/579/263
f 376/580/264 378/582/266 377/581/265
f 378/582/266 380/584/268 379/583/267
f 380/584/268 382/586/270 381/585/269
f 382/586/270 384/588/272 383/587/271
f 384/588/272 386/590/274 385/589/273
f 386/590/274 388/592/276 387/591/275
f 388/592/276 390/594/278 389/593/277
f 390/594/278 392/596/280 391/595/279
f 392/596/280 394/598/282 393/597/281
f 394/598/282 396/600/284 395/599/283
f 396/600/284 398/602/286 397/601/285
f 398/602/286 400/604/288 399/603/287
f 400/604/288 402/606/290 401/605/289
f 402/606/290 404/608/292 403/607/291
f 404/608/292 406/613/294 405/609/293
f 350/612/238 348/620/236 346/621/233
f 346/621/233 408/622/296 350/612/238
f 408/622/296 406/623/294 350/612/238
f 406/623/294 404/624/292 402/625/290
f 402/625/290 400/626/288 398/627/286
f 398/627/286 396/628/284 394/629/282
f 394/629/282 392/630/280 398/627/286
f 392/630/280 390/631/278 398/627/286
f 390/631/278 388/632/276 386/633/274
f 386/633/274 384/634/272 382/610/270
f 382/610/270 380/635/268 374/636/262
f 380/635/268 378/637/266 374/636/262
f 378/637/266 376/638/264 374/636/262
f 374/636/262 372/639/260 370/640/258
f 370/640/258 368/641/256 366/611/254
f 366/611/254 364/642/252 358/643/246
f 364/642/252 362/644/250 358/643/246
f 362/644/250 360/645/248 358/643/246
f 358/643/246 356/646/244 354/647/242
f 354/647/242 352/648/240 350/612/238
f 406/623/294 402/625/290 350/612/238
f 402/625/290 398/627/286 350/612/238
f 390/631/278 386/633/274 398/627/286
f 386/633/274 382/610/270 398/627/286
f 374/636/262 370/640/258 382/610/270
f 370/640/258 366/611/254 382/610/270
f 358/643/246 354/647/242 366/611/254
f 354/647/242 350/612/238 366/611/254
f 350/612/238 398/627/286 382/610/270
f 406/613/294 408/615/296 407/614/295
f 408/615/296 346/649/233 345/616/235
f 407/619/295 345/650/235 347/651/234
f 347/651/234 349/652/237 351/653/239
f 351/653/239 353/654/241 355/655/243
f 355/655/243 357/656/245 359/657/247
f 359/657/247 361/658/249 363/659/251
f 363/659/251 365/660/253 367/661/255
f 367/661/255 369/662/257 371/663/259
f 371/663/259 373/664/261 375/617/263
f 375/617/263 377/665/265 379/666/267
f 379/666/267 381/667/269 383/668/271
f 383/668/271 385/669/273 387/670/275
f 387/670/275 389/671/277 391/618/279
f 391/618/279 393/672/281 395/673/283
f 395/673/283 397/674/285 399/675/287
f 399/675/287 401/676/289 403/677/291
f 403/677/291 405/678/293 407/619/295
f 407/619/295 347/651/234 359/657/247
f 347/651/234 351/653/239 359/657/247
f 351/653/239 355/655/243 359/657/247
f 359/657/247 363/659/251 375/617/263
f 363/659/251 367/661/255 375/617/263
f 367/661/255 371/663/259 375/617/263
f 375/617/263 379/666/267 391/618/279
f 379/666/267 383/668/271 391/618/279
f 383/668/271 387/670/275 391/618/279
f 391/618/279 395/673/283 407/619/295
f 395/673/283 399/675/287 407/619/295
f 399/675/287 403/677/291 407/619/295
f 407/619/295 359/657/247 375/617/263
f 411/679/297 410/680/297 409/681/297
f 415/682/298 412/683/298 411/679/298
f 415/682/299 414/684/299 416/685/299
f 409/686/300 414/684/300 413/687/300
f 411/688/232 413/687/232 415/682/232
f 414/684/231 412/689/231 416/685/231
f 419/690/301 418/691/301 417/692/301
f 423/693/302 420/694/302 419/690/302
f 421/695/303 424/696/303 423/693/303
f 421/695/304 418/697/304 422/698/304
f 417/699/305 423/693/305 419/700/306
f 422/698/307 420/701/308 424/696/307
f 427/702/309 426/703/309 425/704/309
f 427/702/310 432/705/310 428/706/310
f 431/707/311 430/708/311 432/705/311
f 425/709/312 430/708/312 429/710/312
f 425/711/313 431/707/313 427/712/313
f 432/705/314 426/713/314 428/714/314
f 433/715/309 436/716/309 434/717/309
f 439/718/310 436/716/310 435/719/310
f 437/720/311 440/721/311 439/718/311
f 433/722/312 438/723/312 437/720/312
f 433/724/313 439/718/313 435/725/313
f 438/723/314 436/726/314 440/721/314
f 443/727/301 442/728/301 441/729/301
f 447/730/302 444/731/302 443/727/302
f 447/730/303 446/732/303 448/733/303
f 445/734/304 442/735/304 446/732/304
f 441/736/305 447/730/305 443/737/305
f 448/733/308 442/738/308 444/739/308
f 450/537/227 451/538/227 449/539/227
f 452/540/228 455/541/228 451/538/228
f 456/542/229 453/543/229 455/541/229
f 454/544/230 449/545/230 453/543/230
f 455/541/231 449/546/231 451/547/231
f 452/548/232 454/544/232 456/542/232
f 338/537/227 340/540/227 339/538/227
f 340/540/228 344/542/228 343/541/228
f 344/542/229 342/544/229 341/543/229
f 342/544/230 338/740/230 337/545/230
f 343/541/231 341/543/231 337/546/231
f 340/548/232 338/741/232 342/544/232
f 411/679/297 412/683/297 410/680/297
f 415/682/298 416/685/298 412/683/298
f 415/682/299 413/687/299 414/684/299
f 409/686/300 410/742/300 414/684/300
f 411/688/232 409/743/232 413/687/232
f 414/684/231 410/744/231 412/689/231
f 419/690/301 420/694/301 418/691/301
f 423/693/302 424/696/302 420/694/302
f 421/695/303 422/698/303 424/696/303
f 421/695/304 417/745/304 418/697/304
f 417/699/305 421/695/305 423/693/305
f 422/698/307 418/746/308 420/701/308
f 427/702/309 428/706/309 426/703/309
f 427/702/310 431/707/310 432/705/310
f 431/707/311 429/710/311 430/708/311
f 425/709/312 426/747/312 430/708/312
f 425/711/313 429/710/313 431/707/313
f 432/705/314 430/708/314 426/713/314
f 433/715/309 435/719/309 436/716/309
f 439/718/310 440/721/310 436/716/310
f 437/720/311 438/723/311 440/721/311
f 433/722/312 434/748/312 438/723/312
f 433/724/313 437/720/313 439/718/313
f 438/723/314 434/749/314 436/726/314
f 443/727/301 444/731/301 442/728/301
f 447/730/302 448/733/302 444/731/302
f 447/730/303 445/734/303 446/732/303
f 445/734/304 441/750/304 442/735/304
f 441/736/305 445/734/305 447/730/305
f 448/733/308 446/732/308 442/738/308
f 450/537/227 452/540/227 451/538/227
f 452/540/228 456/542/228 455/541/228
f 456/542/229 454/544/229 453/543/229
f 454/544/230 450/740/230 449/545/230
f 455/541/231 453/543/231 449/546/231
f 452/548/232 450/741/232 454/544/232
o EnemySpawn.005
v -81.944183 5.236358 1.229265
v -81.944183 5.677962 1.229265
v -82.385788 5.236358 1.229265
v -82.385788 5.677962 1.229265
v -81.944183 5.236358 0.787660
v -81.944183 5.677962 0.787660
v -82.385788 5.236358 0.787660
v -82.385788 5.677962 0.787660
v -83.426842 5.880126 0.000262
v -80.895264 5.960598 0.047942
v -83.428696 5.894574 0.190717
v -80.897118 5.975046 0.238396
v -83.427307 5.937280 0.373809
v -80.895729 6.017751 0.421489
v -83.422745 6.006601 0.542504
v -80.891167 6.087073 0.590183
v -83.415169 6.099875 0.690316
v -80.883591 6.180348 0.737995
v -83.404884 6.213517 0.811567
v -80.873306 6.293989 0.859247
v -83.392273 6.343160 0.901596
v -80.860695 6.423633 0.949276
v -83.377823 6.483822 0.956945
v -80.846245 6.564294 1.004625
v -83.362099 6.630097 0.975485
v -80.830521 6.710569 1.023166
v -83.345695 6.776363 0.956506
v -80.814117 6.856834 1.004184
v -83.329247 6.917000 0.900735
v -80.797668 6.997472 0.948413
v -83.313385 7.046604 0.810314
v -80.781807 7.127076 0.857994
v -83.298721 7.160193 0.688722
v -80.767143 7.240664 0.736402
v -83.285812 7.253402 0.540629
v -80.754234 7.333875 0.588310
v -83.275162 7.322650 0.371726
v -80.743584 7.403122 0.419407
v -83.267174 7.365276 0.188506
v -80.735596 7.445748 0.236187
v -83.262154 7.379640 -0.001992
v -80.730576 7.460113 0.045687
v -83.260307 7.365192 -0.192447
v -80.728729 7.445664 -0.144767
v -83.261688 7.322487 -0.375540
v -80.730110 7.402959 -0.327860
v -83.266258 7.253165 -0.544234
v -80.734673 7.333637 -0.496553
v -83.273827 7.159891 -0.692046
v -80.742249 7.240364 -0.644367
v -83.284119 7.046249 -0.813297
v -80.752541 7.126720 -0.765618
v -83.296730 6.916605 -0.903328
v -80.765152 6.997078 -0.855647
v -83.311172 6.775944 -0.958676
v -80.779594 6.856418 -0.910996
v -83.326897 6.629669 -0.977217
v -80.795319 6.710143 -0.929537
v -83.343300 6.483403 -0.958236
v -80.811722 6.563875 -0.910557
v -83.359749 6.342765 -0.902465
v -80.828171 6.423238 -0.854784
v -83.375610 6.213162 -0.812045
v -80.844032 6.293635 -0.764365
v -83.390282 6.099573 -0.690453
v -80.858696 6.180046 -0.642773
v -83.403183 6.006363 -0.542359
v -80.871605 6.086835 -0.494680
v -83.413841 5.937116 -0.373458
v -80.882263 6.017587 -0.325778
v -83.421829 5.894489 -0.190236
v -80.890251 5.974962 -0.142558
v -82.154716 6.574932 1.089258
v -82.154716 6.350805 1.089258
v -82.359406 6.574932 1.089274
v -82.359406 6.350805 1.089274
v -82.154900 6.574932 -1.167963
v -82.154900 6.350805 -1.167963
v -82.359589 6.574932 -1.167946
v -82.359589 6.350805 -1.167946
v -82.225037 6.533783 1.090661
v -82.359100 6.354173 1.090672
v -82.221222 6.530927 0.886070
v -82.355286 6.351317 0.886080
v -81.383072 5.905324 1.115110
v -81.517136 5.725715 1.115121
v -81.379265 5.902469 0.910519
v -81.513329 5.722859 0.910530
v -81.299187 5.692952 -0.943581
v -81.383163 5.900753 -0.943575
v -81.303627 5.691164 -1.148174
v -81.387604 5.898963 -1.148167
v -82.273293 5.299289 -0.918985
v -82.357269 5.507091 -0.918979
v -82.277733 5.297502 -1.123576
v -82.361710 5.505300 -1.123569
v -81.299019 5.692952 1.112546
v -81.382996 5.900753 1.112553
v -81.303459 5.691164 0.907955
v -81.387436 5.898963 0.907962
v -82.273125 5.299289 1.137143
v -82.357101 5.507091 1.137150
v -82.277565 5.297502 0.932551
v -82.361542 5.505300 0.932558
v -82.225204 6.533783 -0.965468
v -82.359268 6.354173 -0.965457
v -82.221390 6.530927 -1.170059
v -82.355453 6.351317 -1.170048
v -81.383240 5.905324 -0.941018
v -81.517303 5.725715 -0.941008
v -81.379433 5.902469 -1.145610
v -81.513496 5.722859 -1.145599
v -81.944183 5.236358 -0.797157
v -81.944183 5.677962 -0.797157
v -82.385788 5.236358 -0.797157
v -82.385788 5.677962 -0.797157
v -81.944183 5.236358 -1.238761
v -81.944183 5.677962 -1.238761
v -82.385788 5.236358 -1.238761
v -82.385788 5.677962 -1.238761
vn -0.0000 -0.0000 1.0000
vn -1.0000 -0.0000 -0.0000
vn -0.0000 -0.0000 -1.0000
vn 1.0000 -0.0000 -0.0000
vn -0.0000 -1.0000 -0.0000
vn -0.0000 1.0000 -0.0000
vn 0.4857 -0.8741 0.0090
vn -0.4950 -0.8590 0.1309
vn -0.4889 -0.8723 -0.0083
vn 0.4862 -0.8637 0.1328
vn -0.5075 -0.8185 0.2693
vn 0.4919 -0.8320 0.2566
vn -0.5254 -0.7485 0.4047
vn 0.5023 -0.7768 0.3798
vn -0.5471 -0.6456 0.5328
vn 0.5170 -0.6941 0.5010
vn -0.5698 -0.5076 0.6462
vn 0.5340 -0.5833 0.6121
vn -0.5894 -0.3361 0.7346
vn 0.5515 -0.4373 0.7104
vn -0.6013 -0.1393 0.7868
vn 0.5655 -0.2610 0.7824
vn -0.6029 0.0673 0.7950
vn 0.5730 -0.0618 0.8172
vn -0.5936 0.2658 0.7596
vn 0.5712 0.1452 0.8078
vn -0.5763 0.4411 0.6880
vn 0.5606 0.3411 0.7545
vn -0.5553 0.5850 0.5912
vn 0.5443 0.5115 0.6650
vn -0.5339 0.6965 0.4794
vn 0.5254 0.6467 0.5530
vn -0.5152 0.7777 0.3603
vn 0.5089 0.7502 0.4222
vn -0.5004 0.8324 0.2380
vn 0.4961 0.8196 0.2866
vn -0.4905 0.8639 0.1147
vn 0.4894 0.8594 0.1481
vn -0.4856 0.8741 -0.0090
vn 0.4889 0.8723 0.0086
vn -0.4862 0.8637 -0.1328
vn 0.4950 0.8590 -0.1309
vn -0.4919 0.8320 -0.2566
vn 0.5075 0.8185 -0.2693
vn -0.5023 0.7769 -0.3797
vn 0.5253 0.7485 -0.4048
vn -0.5169 0.6949 -0.5000
vn 0.5471 0.6456 -0.5328
vn -0.5340 0.5825 -0.6128
vn 0.5698 0.5076 -0.6463
vn -0.5514 0.4373 -0.7105
vn 0.5893 0.3361 -0.7347
vn -0.5656 0.2610 -0.7823
vn 0.6015 0.1393 -0.7867
vn -0.5730 0.0618 -0.8172
vn 0.6028 -0.0673 -0.7950
vn -0.5712 -0.1451 -0.8079
vn 0.5936 -0.2658 -0.7596
vn -0.5606 -0.3411 -0.7546
vn 0.5763 -0.4411 -0.6880
vn -0.5440 -0.5116 -0.6651
vn 0.5552 -0.5851 -0.5911
vn -0.5255 -0.6483 -0.5509
vn 0.5339 -0.6964 -0.4795
vn -0.5088 -0.7502 -0.4222
vn 0.5151 -0.7777 -0.3603
vn -0.4965 -0.8194 -0.2866
vn 0.5004 -0.8324 -0.2380
vn -0.4894 -0.8594 -0.1481
vn 0.4905 -0.8639 -0.1147
vn 0.0001 -0.0000 1.0000
vn -1.0000 -0.0000 0.0001
vn -0.0001 -0.0000 -1.0000
vn 1.0000 -0.0000 -0.0001
vn -0.8012 0.5980 -0.0233
vn 0.0186 -0.0140 -0.9997
vn 0.8012 -0.5980 0.0233
vn -0.0186 0.0140 0.9997
vn 0.5982 0.8014 -0.0000
vn 0.5982 0.8014 -0.0001
vn -0.5982 -0.8014 -0.0000
vn -0.5982 -0.8014 0.0001
vn 0.9269 0.3746 -0.0234
vn -0.0217 -0.0087 -0.9997
vn -0.9269 -0.3746 0.0234
vn 0.0217 0.0087 0.9997
vn 0.3747 -0.9272 -0.0000
vn -0.3747 0.9272 -0.0000
vt 0.625000 0.000000
vt 0.375000 0.250000
vt 0.375000 0.000000
vt 0.625000 0.250000
vt 0.375000 0.500000
vt 0.625000 0.500000
vt 0.375000 0.750000
vt 0.625000 0.750000
vt 0.375000 1.000000
vt 0.125000 0.750000
vt 0.125000 0.500000
vt 0.875000 0.500000
vt 0.999758 0.000242
vt 0.920438 0.008017
vt 0.920438 0.000242
vt 0.999758 0.008017
vt 0.920438 0.015791
vt 0.999758 0.015791
vt 0.920438 0.023566
vt 0.999758 0.023566
vt 0.920438 0.031341
vt 0.999758 0.031341
vt 0.920438 0.039116
vt 0.999758 0.039116
vt 0.920438 0.046890
vt 0.999758 0.046890
vt 0.920438 0.054665
vt 0.999758 0.054665
vt 0.920438 0.062440
vt 0.999758 0.062440
vt 0.920438 0.070215
vt 0.999758 0.070215
vt 0.920438 0.077989
vt 0.999758 0.077989
vt 0.920438 0.085764
vt 0.999758 0.085764
vt 0.920438 0.093539
vt 0.999758 0.093539
vt 0.920438 0.101313
vt 0.999758 0.101313
vt 0.920438 0.109088
vt 0.999758 0.109088
vt 0.920438 0.116863
vt 0.999758 0.116863
vt 0.920438 0.124638
vt 0.999758 0.124638
vt 0.920438 0.132412
vt 0.999758 0.132412
vt 0.920438 0.140187
vt 0.999758 0.140187
vt 0.920438 0.147962
vt 0.999758 0.147962
vt 0.920438 0.155737
vt 0.999758 0.155737
vt 0.920438 0.163511
vt 0.999758 0.163511
vt 0.920438 0.171286
vt 0.999758 0.171286
vt 0.920438 0.179061
vt 0.999758 0.179061
vt 0.920438 0.186835
vt 0.999758 0.186835
vt 0.920438 0.194610
vt 0.999758 0.194610
vt 0.920438 0.202385
vt 0.999758 0.202385
vt 0.920438 0.210160
vt 0.999758 0.210160
vt 0.920438 0.217934
vt 0.999758 0.217934
vt 0.920438 0.225709
vt 0.999758 0.225709
vt 0.920438 0.233484
vt 0.070369 0.832180
vt 0.064871 0.887998
vt 0.009054 0.882500
vt 0.999758 0.233484
vt 0.920438 0.241259
vt 0.999758 0.241259
vt 0.920438 0.249033
vt 0.154110 0.876036
vt 0.100438 0.892317
vt 0.084156 0.838645
vt 0.004734 0.876036
vt 0.001759 0.868853
vt 0.000242 0.861228
vt 0.000242 0.853453
vt 0.001759 0.845828
vt 0.004734 0.838645
vt 0.009054 0.832180
vt 0.014551 0.826683
vt 0.021016 0.822363
vt 0.028198 0.819388
vt 0.035824 0.817871
vt 0.043598 0.817871
vt 0.051224 0.819388
vt 0.058407 0.822363
vt 0.064871 0.826683
vt 0.074688 0.838645
vt 0.079180 0.861228
vt 0.077663 0.845828
vt 0.079180 0.853453
vt 0.077663 0.868853
vt 0.074688 0.876036
vt 0.070369 0.882500
vt 0.058407 0.892317
vt 0.035824 0.896809
vt 0.051224 0.895293
vt 0.043599 0.896809
vt 0.028198 0.895293
vt 0.021016 0.892317
vt 0.014551 0.887998
vt 0.999758 0.249033
vt 0.088476 0.832180
vt 0.093973 0.826683
vt 0.100438 0.822363
vt 0.107620 0.819388
vt 0.115246 0.817871
vt 0.123021 0.817871
vt 0.130646 0.819388
vt 0.137829 0.822363
vt 0.144293 0.826683
vt 0.149791 0.832180
vt 0.154110 0.838645
vt 0.157085 0.845828
vt 0.158602 0.853453
vt 0.158602 0.861228
vt 0.157085 0.868853
vt 0.149791 0.882500
vt 0.144293 0.887998
vt 0.137829 0.892317
vt 0.130646 0.895293
vt 0.123021 0.896809
vt 0.115246 0.896809
vt 0.107620 0.895293
vt 0.093973 0.887998
vt 0.088476 0.882500
vt 0.084156 0.876036
vt 0.081181 0.868853
vt 0.079664 0.861228
vt 0.079664 0.853453
vt 0.081181 0.845828
vt 0.102325 0.102325
vt 0.204407 0.000242
vt 0.102325 0.000242
vt 0.102325 0.204407
vt 0.204407 0.102325
vt 0.204407 0.306490
vt 0.204407 0.204407
vt 0.102325 0.408573
vt 0.102325 0.306490
vt 0.000242 0.204407
vt 0.306490 0.204407
vt 0.409057 0.102325
vt 0.511139 0.000242
vt 0.409057 0.000242
vt 0.409057 0.204407
vt 0.511139 0.102325
vt 0.409057 0.306490
vt 0.511139 0.204407
vt 0.511139 0.408573
vt 0.511139 0.306490
vt 0.306974 0.306490
vt 0.306974 0.204407
vt 0.613222 0.204407
vt 0.715789 0.102325
vt 0.817871 0.000242
vt 0.715789 0.000242
vt 0.817871 0.204407
vt 0.817871 0.102325
vt 0.715789 0.204407
vt 0.817871 0.306490
vt 0.715789 0.408573
vt 0.715789 0.306490
vt 0.613706 0.306490
vt 0.613706 0.204407
vt 0.919954 0.306490
vt 0.919954 0.204407
vt 0.102325 0.409057
vt 0.204407 0.511139
vt 0.204407 0.409057
vt 0.102325 0.613222
vt 0.102325 0.511139
vt 0.102325 0.715305
vt 0.204407 0.613222
vt 0.102325 0.817387
vt 0.204407 0.715305
vt 0.000242 0.715305
vt 0.000242 0.613222
vt 0.306490 0.613222
vt 0.715789 0.511139
vt 0.817871 0.409057
vt 0.715789 0.409057
vt 0.715789 0.613222
vt 0.817871 0.511139
vt 0.817871 0.715305
vt 0.817871 0.613222
vt 0.715789 0.715305
vt 0.817871 0.817387
vt 0.613706 0.715305
vt 0.613706 0.613222
vt 0.919954 0.715305
vt 0.919954 0.613222
vt 0.625000 1.000000
vt 0.875000 0.750000
vt 0.204407 0.408573
vt 0.000242 0.306490
vt 0.306490 0.306490
vt 0.409057 0.408573
vt 0.613222 0.306490
vt 0.817871 0.408573
vt 0.204407 0.817387
vt 0.306490 0.715305
vt 0.715789 0.817387
s 1
usemtl マテリアル.015
f 458/751/315 459/752/315 457/753/315
f 460/754/316 463/755/316 459/752/316
f 464/756/317 461/757/317 463/755/317
f 462/758/318 457/759/318 461/757/318
f 463/755/319 457/760/319 459/761/319
f 460/762/320 462/758/320 464/756/320
f 466/763/321 467/764/322 465/765/323
f 468/766/324 469/767/325 467/764/322
f 470/768/326 471/769/327 469/767/325
f 472/770/328 473/771/329 471/769/327
f 474/772/330 475/773/331 473/771/329
f 476/774/332 477/775/333 475/773/331
f 478/776/334 479/777/335 477/775/333
f 480/778/336 481/779/337 479/777/335
f 482/780/338 483/781/339 481/779/337
f 484/782/340 485/783/341 483/781/339
f 486/784/342 487/785/343 485/783/341
f 488/786/344 489/787/345 487/785/343
f 490/788/346 491/789/347 489/787/345
f 492/790/348 493/791/349 491/789/347
f 494/792/350 495/793/351 493/791/349
f 496/794/352 497/795/353 495/793/351
f 498/796/354 499/797/355 497/795/353
f 500/798/356 501/799/357 499/797/355
f 502/800/358 503/801/359 501/799/357
f 504/802/360 505/803/361 503/801/359
f 506/804/362 507/805/363 505/803/361
f 508/806/364 509/807/365 507/805/363
f 510/808/366 511/809/367 509/807/365
f 512/810/368 513/811/369 511/809/367
f 514/812/370 515/813/371 513/811/369
f 516/814/372 517/815/373 515/813/371
f 518/816/374 519/817/375 517/815/373
f 520/818/376 521/819/377 519/817/375
f 522/820/378 523/821/379 521/819/377
f 524/822/380 525/823/381 523/821/379
f 502/824/358 486/825/342 470/826/326
f 526/827/382 527/828/383 525/823/381
f 528/829/384 465/830/323 527/828/383
f 495/831/351 511/832/367 527/833/383
f 466/763/321 468/766/324 467/764/322
f 468/766/324 470/768/326 469/767/325
f 470/768/326 472/770/328 471/769/327
f 472/770/328 474/772/330 473/771/329
f 474/772/330 476/774/332 475/773/331
f 476/774/332 478/776/334 477/775/333
f 478/776/334 480/778/336 479/777/335
f 480/778/336 482/780/338 481/779/337
f 482/780/338 484/782/340 483/781/339
f 484/782/340 486/784/342 485/783/341
f 486/784/342 488/786/344 487/785/343
f 488/786/344 490/788/346 489/787/345
f 490/788/346 492/790/348 491/789/347
f 492/790/348 494/792/350 493/791/349
f 494/792/350 496/794/352 495/793/351
f 496/794/352 498/796/354 497/795/353
f 498/796/354 500/798/356 499/797/355
f 500/798/356 502/800/358 501/799/357
f 502/800/358 504/802/360 503/801/359
f 504/802/360 506/804/362 505/803/361
f 506/804/362 508/806/364 507/805/363
f 508/806/364 510/808/366 509/807/365
f 510/808/366 512/810/368 511/809/367
f 512/810/368 514/812/370 513/811/369
f 514/812/370 516/814/372 515/813/371
f 516/814/372 518/816/374 517/815/373
f 518/816/374 520/818/376 519/817/375
f 520/818/376 522/820/378 521/819/377
f 522/820/378 524/822/380 523/821/379
f 524/822/380 526/827/382 525/823/381
f 470/826/326 468/834/324 466/835/321
f 466/835/321 528/836/384 470/826/326
f 528/836/384 526/837/382 470/826/326
f 526/837/382 524/838/380 522/839/378
f 522/839/378 520/840/376 518/841/374
f 518/841/374 516/842/372 514/843/370
f 514/843/370 512/844/368 518/841/374
f 512/844/368 510/845/366 518/841/374
f 510/845/366 508/846/364 506/847/362
f 506/847/362 504/848/360 502/824/358
f 502/824/358 500/849/356 494/850/350
f 500/849/356 498/851/354 494/850/350
f 498/851/354 496/852/352 494/850/350
f 494/850/350 492/853/348 490/854/346
f 490/854/346 488/855/344 486/825/342
f 486/825/342 484/856/340 478/857/334
f 484/856/340 482/858/338 478/857/334
f 482/858/338 480/859/336 478/857/334
f 478/857/334 476/860/332 474/861/330
f 474/861/330 472/862/328 470/826/326
f 526/837/382 522/839/378 470/826/326
f 522/839/378 518/841/374 470/826/326
f 510/845/366 506/847/362 518/841/374
f 506/847/362 502/824/358 518/841/374
f 494/850/350 490/854/346 502/824/358
f 490/854/346 486/825/342 502/824/358
f 478/857/334 474/861/330 486/825/342
f 474/861/330 470/826/326 486/825/342
f 470/826/326 518/841/374 502/824/358
f 526/827/382 528/829/384 527/828/383
f 528/829/384 466/863/321 465/830/323
f 527/833/383 465/864/323 467/865/322
f 467/865/322 469/866/325 471/867/327
f 471/867/327 473/868/329 475/869/331
f 475/869/331 477/870/333 479/871/335
f 479/871/335 481/872/337 483/873/339
f 483/873/339 485/874/341 487/875/343
f 487/875/343 489/876/345 491/877/347
f 491/877/347 493/878/349 495/831/351
f 495/831/351 497/879/353 499/880/355
f 499/880/355 501/881/357 503/882/359
f 503/882/359 505/883/361 507/884/363
f 507/884/363 509/885/365 511/832/367
f 511/832/367 513/886/369 515/887/371
f 515/887/371 517/888/373 519/889/375
f 519/889/375 521/890/377 523/891/379
f 523/891/379 525/892/381 527/833/383
f 527/833/383 467/865/322 479/871/335
f 467/865/322 471/867/327 479/871/335
f 471/867/327 475/869/331 479/871/335
f 479/871/335 483/873/339 495/831/351
f 483/873/339 487/875/343 495/831/351
f 487/875/343 491/877/347 495/831/351
f 495/831/351 499/880/355 511/832/367
f 499/880/355 503/882/359 511/832/367
f 503/882/359 507/884/363 511/832/367
f 511/832/367 515/887/371 527/833/383
f 515/887/371 519/889/375 527/833/383
f 519/889/375 523/891/379 527/833/383
f 527/833/383 479/871/335 495/831/351
f 531/893/385 530/894/385 529/895/385
f 535/896/386 532/897/386 531/893/386
f 535/896/387 534/898/387 536/899/387
f 529/900/388 534/898/388 533/901/388
f 531/902/320 533/901/320 535/896/320
f 534/898/319 532/903/319 536/899/319
f 539/904/389 538/905/389 537/906/389
f 543/907/390 540/908/390 539/904/390
f 541/909/391 544/910/391 543/907/391
f 541/909/392 538/911/392 542/912/392
f 537/913/393 543/907/393 539/914/394
f 542/912/395 540/915/396 544/910/395
f 547/916/397 546/917/397 545/918/397
f 547/916/398 552/919/398 548/920/398
f 551/921/399 550/922/399 552/919/399
f 545/923/400 550/922/400 549/924/400
f 545/925/401 551/921/401 547/926/401
f 552/919/402 546/927/402 548/928/402
f 553/929/397 556/930/397 554/931/397
f 559/932/398 556/930/398 555/933/398
f 557/934/399 560/935/399 559/932/399
f 553/936/400 558/937/400 557/934/400
f 553/938/401 559/932/401 555/939/401
f 558/937/402 556/940/402 560/935/402
f 563/941/389 562/942/389 561/943/389
f 567/944/390 564/945/390 563/941/390
f 567/944/391 566/946/391 568/947/391
f 565/948/392 562/949/392 566/946/392
f 561/950/393 567/944/393 563/951/393
f 568/947/396 562/952/396 564/953/396
f 570/751/315 571/752/315 569/753/315
f 572/754/316 575/755/316 571/752/316
f 576/756/317 573/757/317 575/755/317
f 574/758/318 569/759/318 573/757/318
f 575/755/319 569/760/319 571/761/319
f 572/762/320 574/758/320 576/756/320
f 458/751/315 460/754/315 459/752/315
f 460/754/316 464/756/316 463/755/316
f 464/756/317 462/758/317 461/757/317
f 462/758/318 458/954/318 457/759/318
f 463/755/319 461/757/319 457/760/319
f 460/762/320 458/955/320 462/758/320
f 531/893/385 532/897/385 530/894/385
f 535/896/386 536/899/386 532/897/386
f 535/896/387 533/901/387 534/898/387
f 529/900/388 530/956/388 534/898/388
f 531/902/320 529/957/320 533/901/320
f 534/898/319 530/958/319 532/903/319
f 539/904/389 540/908/389 538/905/389
f 543/907/390 544/910/390 540/908/390
f 541/909/391 542/912/391 544/910/391
f 541/909/392 537/959/392 538/911/392
f 537/913/393 541/909/393 543/907/393
f 542/912/395 538/960/396 540/915/396
f 547/916/397 548/920/397 546/917/397
f 547/916/398 551/921/398 552/919/398
f 551/921/399 549/924/399 550/922/399
f 545/923/400 546/961/400 550/922/400
f 545/925/401 549/924/401 551/921/401
f 552/919/402 550/922/402 546/927/402
f 553/929/397 555/933/397 556/930/397
f 559/932/398 560/935/398 556/930/398
f 557/934/399 558/937/399 560/935/399
f 553/936/400 554/962/400 558/937/400
f 553/938/401 557/934/401 559/932/401
f 558/937/402 554/963/402 556/940/402
f 563/941/389 564/945/389 562/942/389
f 567/944/390 568/947/390 564/945/390
f 567/944/391 565/948/391 566/946/391
f 565/948/392 561/964/392 562/949/392
f 561/950/393 565/948/393 567/944/393
f 568/947/396 566/946/396 562/952/396
f 570/751/315 572/754/315 571/752/315
f 572/754/316 576/756/316 575/755/316
f 576/756/317 574/758/317 573/757/317
f 574/758/318 570/954/318 569/759/318
f 575/755/319 573/757/319 569/760/319
f 572/762/320 570/955/320 574/758/320
o EnemySpawn.006
v -123.740295 17.851089 -0.100000
v -123.740295 17.651091 -0.100000
v -125.740295 17.851091 -0.100000
v -125.740295 17.651091 -0.100000
v -123.740295 17.851089 0.100000
v -123.740295 17.651091 0.100000
v -125.740295 17.851091 0.100000
v -125.740295 17.651091 0.100000
v -125.099998 16.499990 -0.100000
v -125.099998 18.499990 -0.100000
v -124.900002 16.499990 -0.100000
v -124.900002 18.499990 -0.100000
v -125.099998 16.499990 0.100000
v -125.099998 18.499990 0.100000
v -124.900002 16.499990 0.100000
v -124.900002 18.499990 0.100000
v -124.500000 18.099991 0.500000
v -124.500000 19.099991 0.500000
v -125.500000 18.099991 0.500000
v -125.500000 19.099991 0.500000
v -124.500000 18.099991 -0.500000
v -124.500000 19.099991 -0.500000
v -125.500000 18.099991 -0.500000
v -125.500000 19.099991 -0.500000
vn -0.0000 -0.0000 -1.0000
vn -1.0000 -0.0000 -0.0000
vn -0.0000 -0.0000 1.0000
vn 1.0000 -0.0000 -0.0000
vn -0.0000 1.0000 -0.0000
vn -0.0000 -1.0000 -0.0000
vt 0.625000 0.000000
vt 0.375000 0.250000
vt 0.375000 0.000000
vt 0.625000 0.250000
vt 0.375000 0.500000
vt 0.625000 0.500000
vt 0.375000 0.750000
vt 0.625000 0.750000
vt 0.375000 1.000000
vt 0.125000 0.750000
vt 0.125000 0.500000
vt 0.875000 0.500000
vt 0.625000 1.000000
vt 0.875000 0.750000
s 1
usemtl マテリアル.016
f 578/965/403 579/966/403 577/967/403
f 580/968/404 583/969/404 579/966/404
f 584/970/405 581/971/405 583/969/405
f 582/972/406 577/973/406 581/971/406
f 583/969/407 577/974/407 579/975/407
f 580/976/408 582/972/408 584/970/408
f 586/965/403 587/966/403 585/967/403
f 588/968/406 591/969/406 587/966/406
f 592/970/405 589/971/405 591/969/405
f 590/972/404 585/973/404 589/971/404
f 591/969/408 585/974/408 587/975/408
f 588/976/407 590/972/407 592/970/407
f 594/965/405 595/966/405 593/967/405
f 596/968/404 599/969/404 595/966/404
f 600/970/403 597/971/403 599/969/403
f 598/972/406 593/973/406 597/971/406
f 599/969/408 593/974/408 595/975/408
f 596/976/407 598/972/407 600/970/407
f 578/965/403 580/968/403 579/966/403
f 580/968/404 584/970/404 583/969/404
f 584/970/405 582/972/405 581/971/405
f 582/972/406 578/977/406 577/973/406
f 583/969/407 581/971/407 577/974/407
f 580/976/408 578/978/408 582/972/408
f 586/965/403 588/968/403 587/966/403
f 588/968/406 592/970/406 591/969/406
f 592/970/405 590/972/405 589/971/405
f 590/972/404 586/977/404 585/973/404
f 591/969/408 589/971/408 585/974/408
f 588/976/407 586/978/407 590/972/407
f 594/965/405 596/968/405 595/966/405
f 596/968/404 600/970/404 599/969/404
f 600/970/403 598/972/403 597/971/403
f 598/972/406 594/977/406 593/973/406
f 599/969/408 597/971/408 593/974/408
f 596/976/407 594/978/407 598/972/407
o ICO球
v -29.500000 24.000000 0.000000
v -30.223608 24.552780 -0.525725
v -29.223612 24.552780 -0.850649
v -28.605574 24.552784 0.000000
v -29.223612 24.552780 0.850649
v -30.223608 24.552780 0.525725
v -29.776388 25.447220 -0.850649
v -28.776392 25.447220 -0.525725
v -28.776392 25.447220 0.525725
v -29.776388 25.447220 0.850649
v -30.394426 25.447216 0.000000
v -29.500000 26.000000 0.000000
v -29.337543 24.149345 -0.499995
v -29.925323 24.149345 -0.309011
v -29.762869 24.474262 -0.809012
v -30.350647 24.474264 0.000000
v -29.925323 24.149345 0.309011
v -28.974270 24.149349 0.000000
v -28.811811 24.474264 -0.499997
v -29.337543 24.149345 0.499995
v -28.811811 24.474264 0.499997
v -29.762869 24.474262 0.809012
v -30.451057 25.000000 -0.309013
v -30.451057 25.000000 0.309013
v -29.500000 25.000000 -1.000000
v -30.087786 25.000000 -0.809017
v -28.548943 25.000000 -0.309013
v -28.912214 25.000000 -0.809017
v -28.912214 25.000000 0.809017
v -28.548943 25.000000 0.309013
v -30.087786 25.000000 0.809017
v -29.500000 25.000000 1.000000
v -30.188189 25.525736 -0.499997
v -29.237131 25.525738 -0.809012
v -28.649353 25.525736 0.000000
v -29.237131 25.525738 0.809012
v -30.188189 25.525736 0.499997
v -29.662457 25.850655 -0.499995
v -30.025730 25.850651 0.000000
v -29.074677 25.850655 -0.309011
v -29.074677 25.850655 0.309011
v -29.662457 25.850655 0.499995
vn -0.1024 -0.9435 -0.3151
vn -0.7002 -0.6617 -0.2680
vn 0.2680 -0.9435 -0.1947
vn 0.2680 -0.9435 0.1947
vn -0.1024 -0.9435 0.3151
vn -0.9050 -0.3304 -0.2680
vn -0.0247 -0.3304 -0.9435
vn 0.8897 -0.3304 -0.3151
vn 0.5746 -0.3304 0.7488
vn -0.5346 -0.3304 0.7779
vn -0.8026 -0.1256 -0.5831
vn 0.3066 -0.1256 -0.9435
vn 0.9921 -0.1256 -0.0000
vn 0.3066 -0.1256 0.9435
vn -0.8026 -0.1256 0.5831
vn -0.4089 0.6617 -0.6284
vn 0.4713 0.6617 -0.5831
vn 0.7002 0.6617 0.2680
vn -0.0385 0.6617 0.7488
vn -0.7240 0.6617 0.1947
vn -0.2680 0.9435 0.1947
vn -0.4911 0.7947 0.3568
vn -0.4089 0.6617 0.6284
vn 0.1024 0.9435 0.3151
vn 0.1876 0.7947 0.5773
vn 0.4713 0.6617 0.5831
vn 0.3313 0.9435 -0.0000
vn 0.6071 0.7947 -0.0000
vn 0.7002 0.6617 -0.2680
vn 0.1024 0.9435 -0.3151
vn 0.1876 0.7947 -0.5773
vn -0.0385 0.6617 -0.7488
vn -0.2680 0.9435 -0.1947
vn -0.4911 0.7947 -0.3568
vn -0.7240 0.6617 -0.1947
vn -0.8897 0.3304 0.3151
vn -0.7947 0.1876 0.5773
vn -0.5746 0.3304 0.7488
vn 0.0247 0.3304 0.9435
vn 0.3035 0.1876 0.9342
vn 0.5346 0.3304 0.7779
vn 0.9050 0.3304 0.2680
vn 0.9822 0.1876 -0.0000
vn 0.9050 0.3304 -0.2680
vn 0.5346 0.3304 -0.7779
vn 0.3035 0.1876 -0.9342
vn 0.0247 0.3304 -0.9435
vn -0.5746 0.3304 -0.7488
vn -0.7947 0.1876 -0.5773
vn -0.8897 0.3304 -0.3151
vn -0.3066 0.1256 0.9435
vn -0.3035 -0.1876 0.9342
vn -0.0247 -0.3304 0.9435
vn 0.8026 0.1256 0.5831
vn 0.7947 -0.1876 0.5773
vn 0.8897 -0.3304 0.3151
vn 0.8026 0.1256 -0.5831
vn 0.7947 -0.1876 -0.5773
vn 0.5746 -0.3304 -0.7488
vn -0.3066 0.1256 -0.9435
vn -0.3035 -0.1876 -0.9342
vn -0.5346 -0.3304 -0.7779
vn -0.9921 0.1256 -0.0000
vn -0.9822 -0.1876 -0.0000
vn -0.9050 -0.3304 0.2680
vn -0.4713 -0.6617 0.5831
vn -0.1876 -0.7947 0.5773
vn 0.0385 -0.6617 0.7488
vn 0.4089 -0.6617 0.6284
vn 0.4911 -0.7947 0.3568
vn 0.7240 -0.6617 0.1947
vn 0.7240 -0.6617 -0.1947
vn 0.4911 -0.7947 -0.3568
vn 0.4089 -0.6617 -0.6284
vn -0.7002 -0.6617 0.2680
vn -0.6071 -0.7947 -0.0000
vn -0.3313 -0.9435 -0.0000
vn 0.0385 -0.6617 -0.7488
vn -0.1876 -0.7947 -0.5773
vn -0.4713 -0.6617 -0.5831
vt 0.181819 0.000000
vt 0.227273 0.078731
vt 0.136365 0.078731
vt 0.272728 0.157461
vt 0.318182 0.078731
vt 0.363637 0.157461
vt 0.909091 0.000000
vt 0.954545 0.078731
vt 0.863636 0.078731
vt 0.727273 0.000000
vt 0.772727 0.078731
vt 0.681818 0.078731
vt 0.545455 0.000000
vt 0.590909 0.078731
vt 0.500000 0.078731
vt 0.318182 0.236191
vt 0.090910 0.157461
vt 0.181819 0.157461
vt 0.136365 0.236191
vt 0.818182 0.157461
vt 0.909091 0.157461
vt 0.863636 0.236191
vt 0.636364 0.157461
vt 0.727273 0.157461
vt 0.681818 0.236191
vt 0.454546 0.157461
vt 0.545455 0.157461
vt 0.500000 0.236191
vt 0.227273 0.236191
vt 0.045455 0.236191
vt 0.772727 0.236191
vt 0.590909 0.236191
vt 0.409092 0.236191
vt 0.181819 0.314921
vt 0.272728 0.314921
vt 0.227273 0.393651
vt 0.000000 0.314921
vt 0.090910 0.314921
vt 0.045455 0.393651
vt 0.727273 0.314921
vt 0.818182 0.314921
vt 0.772727 0.393651
vt 0.545455 0.314921
vt 0.636364 0.314921
vt 0.590909 0.393651
vt 0.363637 0.314921
vt 0.454546 0.314921
vt 0.409092 0.393651
vt 0.500000 0.393651
vt 0.454546 0.472382
vt 0.681818 0.393651
vt 0.636364 0.472382
vt 0.863636 0.393651
vt 0.818182 0.472382
vt 0.909091 0.314921
vt 0.136365 0.393651
vt 0.090910 0.472382
vt 0.318182 0.393651
vt 0.272728 0.472382
vt 0.954545 0.236191
vt 1.000000 0.157461
vt 0.409092 0.078731
vt 0.363637 0.000000
s 0
f 601/979/409 614/980/409 613/981/409
f 602/982/410 614/983/410 616/984/410
f 601/985/411 613/986/411 618/987/411
f 601/988/412 618/989/412 620/990/412
f 601/991/413 620/992/413 617/993/413
f 602/982/414 616/984/414 623/994/414
f 603/995/415 615/996/415 625/997/415
f 604/998/416 619/999/416 627/1000/416
f 605/1001/417 621/1002/417 629/1003/417
f 606/1004/418 622/1005/418 631/1006/418
f 602/982/419 623/994/419 626/1007/419
f 603/995/420 625/997/420 628/1008/420
f 604/998/421 627/1000/421 630/1009/421
f 605/1001/422 629/1003/422 632/1010/422
f 606/1004/423 631/1006/423 624/1011/423
f 607/1012/424 633/1013/424 638/1014/424
f 608/1015/425 634/1016/425 640/1017/425
f 609/1018/426 635/1019/426 641/1020/426
f 610/1021/427 636/1022/427 642/1023/427
f 611/1024/428 637/1025/428 639/1026/428
f 639/1026/429 642/1027/429 612/1028/429
f 639/1026/430 637/1025/430 642/1027/430
f 637/1025/431 610/1021/431 642/1027/431
f 642/1023/432 641/1029/432 612/1030/432
f 642/1023/433 636/1022/433 641/1029/433
f 636/1022/434 609/1018/434 641/1029/434
f 641/1020/435 640/1031/435 612/1032/435
f 641/1020/436 635/1019/436 640/1031/436
f 635/1019/437 608/1033/437 640/1031/437
f 640/1017/438 638/1034/438 612/1035/438
f 640/1017/439 634/1016/439 638/1034/439
f 634/1016/440 607/1012/440 638/1034/440
f 638/1014/441 639/1036/441 612/1037/441
f 638/1014/442 633/1013/442 639/1036/442
f 633/1013/443 611/1024/443 639/1036/443
f 624/1011/444 637/1025/444 611/1024/444
f 624/1011/445 631/1006/445 637/1025/445
f 631/1006/446 610/1021/446 637/1025/446
f 632/1010/447 636/1022/447 610/1021/447
f 632/1010/448 629/1003/448 636/1022/448
f 629/1003/449 609/1018/449 636/1022/449
f 630/1009/450 635/1019/450 609/1018/450
f 630/1009/451 627/1000/451 635/1019/451
f 627/1000/452 608/1033/452 635/1019/452
f 628/1008/453 634/1016/453 608/1015/453
f 628/1008/454 625/997/454 634/1016/454
f 625/997/455 607/1012/455 634/1016/455
f 626/1007/456 633/1013/456 607/1012/456
f 626/1007/457 623/994/457 633/1013/457
f 623/994/458 611/1024/458 633/1013/458
f 631/1006/459 632/1010/459 610/1021/459
f 631/1006/460 622/1005/460 632/1010/460
f 622/1005/461 605/1001/461 632/1010/461
f 629/1003/462 630/1009/462 609/1018/462
f 629/1003/463 621/1002/463 630/1009/463
f 621/1002/464 604/998/464 630/1009/464
f 627/1000/465 628/1038/465 608/1033/465
f 627/1000/466 619/999/466 628/1038/466
f 619/999/467 603/1039/467 628/1038/467
f 625/997/468 626/1007/468 607/1012/468
f 625/997/469 615/996/469 626/1007/469
f 615/996/470 602/982/470 626/1007/470
f 623/994/471 624/1011/471 611/1024/471
f 623/994/472 616/984/472 624/1011/472
f 616/984/473 606/1004/473 624/1011/473
f 617/993/474 622/1005/474 606/1004/474
f 617/993/475 620/992/475 622/1005/475
f 620/992/476 605/1001/476 622/1005/476
f 620/990/477 621/1002/477 605/1001/477
f 620/990/478 618/989/478 621/1002/478
f 618/989/479 604/998/479 621/1002/479
f 618/987/480 619/999/480 604/998/480
f 618/987/481 613/986/481 619/999/481
f 613/986/482 603/1039/482 619/999/482
f 616/984/483 617/1040/483 606/1004/483
f 616/984/484 614/983/484 617/1040/484
f 614/983/485 601/1041/485 617/1040/485
f 613/981/486 615/996/486 603/995/486
f 613/981/487 614/980/487 615/996/487
f 614/980/488 602/982/488 615/996/488
o PlayerSpawn.001
v 68.555573 2.131470 0.000000
v 68.831467 1.855570 0.000000
v 68.980782 1.495090 0.000000
v 69.000000 1.300000 0.000000
v 68.980782 1.104910 0.000000
v 68.665176 0.744430 0.000000
v 68.191345 2.280785 0.038060
v 68.375328 2.223880 0.074658
v 68.544891 2.131470 0.108386
v 68.693520 2.007107 0.137950
v 68.815491 1.855570 0.162212
v 68.906128 1.682683 0.180240
v 68.961937 1.495090 0.191342
v 68.980782 1.300000 0.195090
v 68.961937 1.104910 0.191342
v 68.724899 0.917317 0.144192
v 68.652397 0.744430 0.129769
v 68.180237 2.280785 0.074658
v 68.353554 2.223880 0.146447
v 68.513283 2.131470 0.212608
v 68.653282 2.007107 0.270598
v 68.768181 1.855570 0.318190
v 68.853554 1.682683 0.353553
v 68.906128 1.495090 0.375330
v 68.923882 1.300000 0.382683
v 68.906128 1.104910 0.375330
v 68.682846 0.917317 0.282843
v 68.614540 0.744430 0.254552
v 68.162209 2.280785 0.108386
v 68.318192 2.223880 0.212608
v 68.461937 2.131470 0.308658
v 68.587936 2.007107 0.392847
v 68.691345 1.855570 0.461940
v 68.768181 1.682683 0.513280
v 68.815491 1.495090 0.544895
v 68.831467 1.300000 0.555570
v 68.815491 1.104910 0.544895
v 68.614540 0.917317 0.410624
v 68.553070 0.744430 0.369552
v 68.137947 2.280785 0.137950
v 68.270599 2.223880 0.270598
v 68.392845 2.131470 0.392847
v 68.500000 2.007107 0.500000
v 68.587936 1.855570 0.587938
v 68.653282 1.682683 0.653281
v 68.693520 1.495090 0.693520
v 68.707108 1.300000 0.707107
v 68.693520 1.104910 0.693520
v 68.522629 0.917317 0.522625
v 68.470352 0.744430 0.470350
v 68.108383 2.280785 0.162212
v 68.212608 2.223880 0.318190
v 68.308655 2.131470 0.461940
v 68.392845 2.007107 0.587938
v 68.461937 1.855570 0.691342
v 68.513283 1.682683 0.768178
v 68.544891 1.495090 0.815493
v 68.555573 1.300000 0.831470
v 68.544891 1.104910 0.815493
v 68.410622 0.917317 0.614542
v 68.369553 0.744430 0.553073
v 68.074661 2.280785 0.180240
v 68.146446 2.223880 0.353553
v 68.212608 2.131470 0.513280
v 68.270599 2.007107 0.653281
v 68.318192 1.855570 0.768178
v 68.353554 1.682683 0.853553
v 68.375328 1.495090 0.906127
v 68.382683 1.300000 0.923879
v 68.375328 1.104910 0.906127
v 68.282845 0.917317 0.682843
v 68.254555 0.744430 0.614542
v 68.038063 2.280785 0.191342
v 68.074661 2.223880 0.375330
v 68.108383 2.131470 0.544895
v 68.137947 2.007107 0.693520
v 68.162209 1.855570 0.815493
v 68.180237 1.682683 0.906127
v 68.191345 1.495090 0.961940
v 68.195091 1.300000 0.980785
v 68.191345 1.104910 0.961940
v 68.144196 0.917317 0.724902
v 68.129768 0.744430 0.652394
v 68.000000 2.280785 0.195090
v 68.000000 2.223880 0.382683
v 68.000000 2.131470 0.555570
v 68.000000 2.007107 0.707107
v 68.000000 1.855570 0.831469
v 68.000000 1.682683 0.923879
v 68.000000 1.495090 0.980785
v 68.000000 1.300000 1.000000
v 68.000000 1.104910 0.980785
v 68.000000 0.917317 0.739104
v 68.000000 0.744430 0.665176
v 67.961937 2.280785 0.191342
v 67.925339 2.223880 0.375330
v 67.891617 2.131470 0.544895
v 67.862053 2.007107 0.693520
v 67.837791 1.855570 0.815493
v 67.819763 1.682683 0.906127
v 67.808655 1.495090 0.961940
v 67.804909 1.300000 0.980785
v 67.808655 1.104910 0.961940
v 67.855804 0.917317 0.724902
v 67.870232 0.744430 0.652394
v 67.925339 2.280785 0.180240
v 67.853554 2.223880 0.353553
v 67.787392 2.131470 0.513280
v 67.729401 2.007107 0.653281
v 67.681808 1.855570 0.768178
v 67.646446 1.682683 0.853553
v 67.624672 1.495090 0.906127
v 67.617317 1.300000 0.923879
v 67.624672 1.104910 0.906127
v 67.717155 0.917317 0.682843
v 67.745445 0.744430 0.614542
v 67.891617 2.280785 0.162212
v 67.787392 2.223880 0.318190
v 67.691345 2.131470 0.461940
v 67.607155 2.007107 0.587938
v 67.538063 1.855570 0.691341
v 67.486717 1.682683 0.768178
v 67.455109 1.495090 0.815493
v 67.444427 1.300000 0.831469
v 67.455109 1.104910 0.815493
v 67.589378 0.917317 0.614542
v 67.630447 0.744430 0.553073
v 67.862053 2.280785 0.137950
v 67.729401 2.223880 0.270598
v 67.607155 2.131470 0.392847
v 67.500000 2.007107 0.500000
v 67.412064 1.855570 0.587938
v 67.346718 1.682683 0.653281
v 67.306480 1.495090 0.693520
v 67.292892 1.300000 0.707106
v 67.306480 1.104910 0.693520
v 67.477371 0.917317 0.522625
v 67.529648 0.744430 0.470350
v 67.837791 2.280785 0.108386
v 67.681808 2.223880 0.212607
v 67.538063 2.131470 0.308658
v 67.412064 2.007107 0.392847
v 67.308655 1.855570 0.461940
v 67.231819 1.682683 0.513280
v 67.184509 1.495090 0.544895
v 67.168533 1.300000 0.555570
v 67.184509 1.104910 0.544895
v 67.385460 0.917317 0.410624
v 67.446930 0.744430 0.369552
v 67.819763 2.280785 0.074658
v 67.646446 2.223880 0.146447
v 67.486717 2.131470 0.212607
v 67.346718 2.007107 0.270598
v 67.231819 1.855570 0.318189
v 67.146446 1.682683 0.353553
v 67.093872 1.495090 0.375330
v 67.076118 1.300000 0.382683
v 67.093872 1.104910 0.375330
v 67.317154 0.917317 0.282843
v 67.385460 0.744430 0.254552
v 67.808655 2.280785 0.038060
v 67.624672 2.223880 0.074658
v 67.455109 2.131470 0.108386
v 67.306480 2.007107 0.137950
v 67.184509 1.855570 0.162212
v 67.093872 1.682683 0.180240
v 67.038063 1.495090 0.191342
v 67.019218 1.300000 0.195090
v 67.038063 1.104910 0.191342
v 67.275101 0.917317 0.144192
v 67.347603 0.744430 0.129769
v 67.804909 2.280785 -0.000000
v 67.617317 2.223880 -0.000000
v 67.444427 2.131470 -0.000000
v 67.292892 2.007107 -0.000000
v 67.168533 1.855570 -0.000000
v 67.076118 1.682683 -0.000000
v 67.019218 1.495090 -0.000000
v 67.000000 1.300000 -0.000000
v 67.019218 1.104910 -0.000000
v 67.260895 0.917317 -0.000000
v 67.334824 0.744430 -0.000000
v 67.808655 2.280785 -0.038060
v 67.624672 2.223880 -0.074658
v 67.455109 2.131470 -0.108386
v 67.306480 2.007107 -0.137950
v 67.184509 1.855570 -0.162212
v 67.093872 1.682683 -0.180240
v 67.038063 1.495090 -0.191342
v 67.019218 1.300000 -0.195091
v 67.038063 1.104910 -0.191342
v 67.275101 0.917317 -0.144192
v 67.347603 0.744430 -0.129769
v 67.819763 2.280785 -0.074658
v 67.646446 2.223880 -0.146447
v 67.486717 2.131470 -0.212608
v 67.346718 2.007107 -0.270598
v 67.231827 1.855570 -0.318190
v 67.146446 1.682683 -0.353553
v 67.093872 1.495090 -0.375330
v 67.076118 1.300000 -0.382683
v 67.093872 1.104910 -0.375330
v 67.317162 0.917317 -0.282843
v 67.385460 0.744430 -0.254552
v 67.837791 2.280785 -0.108386
v 67.681808 2.223880 -0.212608
v 67.538063 2.131470 -0.308658
v 67.412064 2.007107 -0.392847
v 67.308662 1.855570 -0.461940
v 67.231819 1.682683 -0.513280
v 67.184509 1.495090 -0.544895
v 67.168533 1.300000 -0.555570
v 67.184509 1.104910 -0.544895
v 67.385460 0.917317 -0.410624
v 67.446930 0.744430 -0.369552
v 67.862053 2.280785 -0.137950
v 67.729401 2.223880 -0.270598
v 67.607155 2.131470 -0.392847
v 67.500000 2.007107 -0.500000
v 67.412064 1.855570 -0.587938
v 67.346718 1.682683 -0.653281
v 67.306480 1.495090 -0.693520
v 67.292892 1.300000 -0.707106
v 67.306480 1.104910 -0.693520
v 67.477379 0.917317 -0.522625
v 67.529648 0.744430 -0.470350
v 67.891617 2.280785 -0.162212
v 67.787392 2.223880 -0.318190
v 67.691345 2.131470 -0.461940
v 67.607155 2.007107 -0.587938
v 67.538063 1.855570 -0.691341
v 67.486717 1.682683 -0.768177
v 67.455109 1.495090 -0.815493
v 67.444427 1.300000 -0.831469
v 67.455109 1.104910 -0.815493
v 67.589378 0.917317 -0.614542
v 67.630447 0.744430 -0.553073
v 67.925339 2.280785 -0.180240
v 67.853554 2.223880 -0.353553
v 67.787392 2.131470 -0.513280
v 67.729401 2.007107 -0.653281
v 67.681808 1.855570 -0.768177
v 67.646446 1.682683 -0.853553
v 67.624672 1.495090 -0.906127
v 67.617317 1.300000 -0.923879
v 67.624672 1.104910 -0.906127
v 67.717155 0.917317 -0.682842
v 67.745453 0.744430 -0.614542
v 67.961937 2.280785 -0.191342
v 67.925339 2.223880 -0.375330
v 67.891617 2.131470 -0.544895
v 67.862053 2.007107 -0.693520
v 67.837791 1.855570 -0.815493
v 67.819763 1.682683 -0.906127
v 67.808662 1.495090 -0.961939
v 67.804909 1.300000 -0.980784
v 67.808662 1.104910 -0.961939
v 67.855804 0.917317 -0.724902
v 67.870232 0.744430 -0.652394
v 68.000000 2.280785 -0.195090
v 68.000000 2.223880 -0.382683
v 68.000000 2.131470 -0.555570
v 68.000000 2.007107 -0.707107
v 68.000000 1.855570 -0.831469
v 68.000000 1.682683 -0.923879
v 68.000000 1.495090 -0.980785
v 68.000000 1.300000 -0.999999
v 68.000000 1.104910 -0.980785
v 68.000000 0.917317 -0.739103
v 68.000000 0.744430 -0.665175
v 68.038063 2.280785 -0.191342
v 68.074661 2.223880 -0.375330
v 68.108383 2.131470 -0.544895
v 68.137947 2.007107 -0.693520
v 68.162209 1.855570 -0.815493
v 68.180237 1.682683 -0.906127
v 68.191345 1.495090 -0.961939
v 68.195091 1.300000 -0.980784
v 68.191345 1.104910 -0.961939
v 68.144196 0.917317 -0.724902
v 68.129768 0.744430 -0.652394
v 68.074661 2.280785 -0.180240
v 68.146446 2.223880 -0.353553
v 68.212608 2.131470 -0.513279
v 68.270599 2.007107 -0.653281
v 68.318192 1.855570 -0.768177
v 68.353554 1.682683 -0.853553
v 68.375328 1.495090 -0.906127
v 68.382683 1.300000 -0.923878
v 68.375328 1.104910 -0.906127
v 68.282845 0.917317 -0.682842
v 68.254555 0.744430 -0.614542
v 68.108383 2.280785 -0.162212
v 68.212608 2.223880 -0.318189
v 68.308655 2.131470 -0.461939
v 68.392845 2.007107 -0.587938
v 68.461937 1.855570 -0.691341
v 68.513283 1.682683 -0.768177
v 68.544891 1.495090 -0.815493
v 68.555573 1.300000 -0.831468
v 68.544891 1.104910 -0.815493
v 68.410622 0.917317 -0.614542
v 68.369553 0.744430 -0.553073
v 68.137947 2.280785 -0.137950
v 68.270599 2.223880 -0.270598
v 68.392845 2.131470 -0.392847
v 68.500000 2.007107 -0.500000
v 68.587936 1.855570 -0.587937
v 68.653282 1.682683 -0.653281
v 68.693520 1.495090 -0.693519
v 68.707108 1.300000 -0.707106
v 68.693520 1.104910 -0.693519
v 68.522629 0.917317 -0.522625
v 68.470352 0.744430 -0.470350
v 68.162209 2.280785 -0.108386
v 68.318192 2.223880 -0.212607
v 68.461937 2.131470 -0.308658
v 68.587936 2.007107 -0.392847
v 68.691338 1.855570 -0.461939
v 68.768173 1.682683 -0.513280
v 68.815491 1.495090 -0.544895
v 68.831467 1.300000 -0.555569
v 68.815491 1.104910 -0.544895
v 68.614540 0.917317 -0.410624
v 68.553070 0.744430 -0.369551
v 68.180237 2.280785 -0.074658
v 68.353554 2.223880 -0.146446
v 68.513283 2.131470 -0.212607
v 68.653282 2.007107 -0.270598
v 68.768173 1.855570 -0.318189
v 68.853554 1.682683 -0.353553
v 68.906128 1.495090 -0.375330
v 68.923882 1.300000 -0.382683
v 68.906128 1.104910 -0.375330
v 68.682838 0.917317 -0.282843
v 68.614540 0.744430 -0.254551
v 68.191345 2.280785 -0.038060
v 68.375328 2.223880 -0.074658
v 68.544891 2.131470 -0.108386
v 68.693520 2.007107 -0.137950
v 68.815491 1.855570 -0.162211
v 68.906128 1.682683 -0.180240
v 68.961937 1.495090 -0.191341
v 68.980782 1.300000 -0.195090
v 68.961937 1.104910 -0.191341
v 68.724899 0.917317 -0.144192
v 68.652397 0.744430 -0.129769
v 68.195091 2.280785 0.000000
v 68.382683 2.223880 0.000000
v 68.707108 2.007107 0.000000
v 68.923882 1.682683 0.000000
v 68.739105 0.917317 0.000000
vn 0.9810 0.1939 -0.0000
vn 0.9808 -0.0000 0.1951
vn 1.0000 -0.0000 -0.0000
vn 0.8810 -0.4732 -0.0000
vn 0.8640 -0.4732 0.1719
vn 0.3879 0.9217 -0.0000
vn 0.1527 0.9878 0.0304
vn 0.3804 0.9217 0.0757
vn 0.7705 -0.6187 0.1533
vn 0.7856 -0.6187 -0.0000
vn 0.5490 0.8286 0.1092
vn 0.5598 0.8286 -0.0000
vn 0.5629 -0.8189 0.1120
vn 0.5739 -0.8189 -0.0000
vn 0.7101 0.7041 -0.0000
vn 0.6965 0.7041 0.1385
vn 0.8173 0.5528 0.1626
vn 0.8333 0.5528 -0.0000
vn 0.9070 0.3805 0.1804
vn 0.9248 0.3805 -0.0000
vn 0.9622 0.1939 0.1914
vn 0.9063 0.1939 0.3754
vn 0.9239 -0.0000 0.3827
vn 0.8139 -0.4732 0.3371
vn 0.1438 0.9878 0.0596
vn 0.3584 0.9217 0.1484
vn 0.7258 -0.6187 0.3006
vn 0.5172 0.8286 0.2142
vn 0.5302 -0.8189 0.2196
vn 0.6561 0.7041 0.2718
vn 0.7699 0.5528 0.3189
vn 0.8544 0.3805 0.3539
vn 0.3225 0.9217 0.2155
vn 0.4654 0.8286 0.3110
vn 0.5905 0.7041 0.3945
vn 0.6929 0.5528 0.4630
vn 0.7689 0.3805 0.5138
vn 0.8157 0.1939 0.5450
vn 0.8315 -0.0000 0.5556
vn 0.7325 -0.4732 0.4894
vn 0.1294 0.9878 0.0865
vn 0.6532 -0.6187 0.4365
vn 0.6539 0.3805 0.6539
vn 0.6937 0.1939 0.6937
vn 0.7071 -0.0000 0.7071
vn 0.6229 -0.4732 0.6229
vn 0.2743 0.9217 0.2743
vn 0.5555 -0.6187 0.5555
vn 0.3958 0.8286 0.3958
vn 0.5021 0.7041 0.5021
vn 0.5893 0.5528 0.5893
vn 0.3110 0.8286 0.4654
vn 0.3945 0.7041 0.5905
vn 0.4630 0.5528 0.6929
vn 0.5138 0.3805 0.7689
vn 0.5450 0.1939 0.8157
vn 0.5556 -0.0000 0.8315
vn 0.4894 -0.4732 0.7325
vn 0.0865 0.9878 0.1294
vn 0.2155 0.9217 0.3225
vn 0.4365 -0.6187 0.6532
vn 0.3754 0.1939 0.9063
vn 0.3827 -0.0000 0.9239
vn 0.3371 -0.4732 0.8139
vn 0.1484 0.9217 0.3584
vn 0.3006 -0.6187 0.7258
vn 0.2142 0.8286 0.5172
vn 0.2196 -0.8189 0.5302
vn 0.3188 -0.8189 0.4772
vn 0.2718 0.7041 0.6561
vn 0.3189 0.5528 0.7699
vn 0.3539 0.3805 0.8544
vn 0.1385 0.7041 0.6965
vn 0.1626 0.5528 0.8173
vn 0.1804 0.3805 0.9070
vn 0.1914 0.1939 0.9622
vn 0.1951 -0.0000 0.9808
vn 0.1719 -0.4732 0.8640
vn 0.0596 0.9878 0.1438
vn 0.0757 0.9217 0.3804
vn 0.1533 -0.6187 0.7705
vn 0.1092 0.8286 0.5490
vn 0.1120 -0.8189 0.5629
vn -0.0000 0.1939 0.9810
vn -0.0000 -0.0000 1.0000
vn -0.0000 -0.4732 0.8810
vn 0.0304 0.9878 0.1527
vn -0.0000 0.9217 0.3879
vn -0.0000 -0.6187 0.7856
vn -0.0000 0.8286 0.5598
vn -0.0000 -0.8189 0.5739
vn -0.0000 0.7041 0.7101
vn -0.0000 0.5528 0.8333
vn -0.0000 0.3805 0.9248
vn -0.1385 0.7041 0.6965
vn -0.1626 0.5528 0.8173
vn -0.1804 0.3805 0.9070
vn -0.1914 0.1939 0.9622
vn -0.1951 -0.0000 0.9808
vn -0.1719 -0.4732 0.8640
vn -0.0304 0.9878 0.1527
vn -0.0757 0.9217 0.3804
vn -0.1533 -0.6187 0.7705
vn -0.1092 0.8286 0.5490
vn -0.1120 -0.8189 0.5629
vn -0.3827 -0.0000 0.9239
vn -0.3371 -0.4732 0.8139
vn -0.0596 0.9878 0.1438
vn -0.1484 0.9217 0.3584
vn -0.3006 -0.6187 0.7258
vn -0.2142 0.8286 0.5172
vn -0.2196 -0.8189 0.5302
vn -0.2718 0.7041 0.6561
vn -0.3189 0.5528 0.7699
vn -0.3539 0.3805 0.8544
vn -0.3754 0.1939 0.9063
vn -0.5138 0.3805 0.7689
vn -0.5450 0.1939 0.8157
vn -0.5556 -0.0000 0.8315
vn -0.4894 -0.4732 0.7325
vn -0.0865 0.9878 0.1294
vn -0.2155 0.9217 0.3225
vn -0.4365 -0.6187 0.6532
vn -0.3110 0.8286 0.4654
vn -0.3189 -0.8189 0.4772
vn -0.3945 0.7041 0.5905
vn -0.4630 0.5528 0.6929
vn -0.2743 0.9217 0.2743
vn -0.5555 -0.6187 0.5555
vn -0.3958 0.8286 0.3958
vn -0.5021 0.7041 0.5021
vn -0.5893 0.5528 0.5893
vn -0.6539 0.3805 0.6539
vn -0.6937 0.1939 0.6937
vn -0.7071 -0.0000 0.7071
vn -0.6229 -0.4732 0.6229
vn -0.6929 0.5528 0.4630
vn -0.7689 0.3805 0.5138
vn -0.8157 0.1939 0.5450
vn -0.8315 -0.0000 0.5556
vn -0.7325 -0.4732 0.4894
vn -0.1101 0.9878 0.1101
vn -0.3225 0.9217 0.2155
vn -0.6532 -0.6187 0.4365
vn -0.4654 0.8286 0.3110
vn -0.5905 0.7041 0.3945
vn -0.7258 -0.6187 0.3006
vn -0.5172 0.8286 0.2142
vn -0.6561 0.7041 0.2718
vn -0.7699 0.5528 0.3189
vn -0.8544 0.3805 0.3539
vn -0.9063 0.1939 0.3754
vn -0.9239 -0.0000 0.3827
vn -0.8139 -0.4732 0.3371
vn -0.1294 0.9878 0.0865
vn -0.3584 0.9217 0.1484
vn -0.9622 0.1939 0.1914
vn -0.9808 -0.0000 0.1951
vn -0.8640 -0.4732 0.1719
vn -0.1438 0.9878 0.0596
vn -0.3804 0.9217 0.0757
vn -0.7705 -0.6187 0.1533
vn -0.5490 0.8286 0.1092
vn -0.5302 -0.8189 0.2196
vn -0.5629 -0.8189 0.1120
vn -0.6965 0.7041 0.1385
vn -0.8173 0.5528 0.1626
vn -0.9070 0.3805 0.1804
vn -0.3879 0.9217 -0.0000
vn -0.5598 0.8286 -0.0000
vn -0.7856 -0.6187 -0.0000
vn -0.5739 -0.8189 -0.0000
vn -0.7101 0.7041 -0.0000
vn -0.8333 0.5528 -0.0000
vn -0.9248 0.3805 -0.0000
vn -0.9810 0.1939 -0.0000
vn -1.0000 -0.0000 -0.0000
vn -0.8810 -0.4732 -0.0000
vn -0.1527 0.9878 0.0304
vn -0.9070 0.3805 -0.1804
vn -0.9622 0.1939 -0.1914
vn -0.9808 -0.0000 -0.1951
vn -0.8640 -0.4732 -0.1719
vn -0.1527 0.9878 -0.0304
vn -0.3804 0.9217 -0.0757
vn -0.7705 -0.6187 -0.1533
vn -0.5490 0.8286 -0.1092
vn -0.5629 -0.8189 -0.1120
vn -0.6965 0.7041 -0.1385
vn -0.8173 0.5528 -0.1626
vn -0.5302 -0.8189 -0.2196
vn -0.6561 0.7041 -0.2718
vn -0.7699 0.5528 -0.3189
vn -0.8544 0.3805 -0.3539
vn -0.9063 0.1939 -0.3754
vn -0.9239 -0.0000 -0.3827
vn -0.8139 -0.4732 -0.3371
vn -0.1438 0.9878 -0.0596
vn -0.3584 0.9217 -0.1484
vn -0.7258 -0.6187 -0.3006
vn -0.5172 0.8286 -0.2142
vn -0.8157 0.1939 -0.5450
vn -0.8315 -0.0000 -0.5556
vn -0.7325 -0.4732 -0.4894
vn -0.1294 0.9878 -0.0865
vn -0.3225 0.9217 -0.2155
vn -0.6532 -0.6187 -0.4365
vn -0.4654 0.8286 -0.3110
vn -0.5905 0.7041 -0.3945
vn -0.6929 0.5528 -0.4630
vn -0.7689 0.3805 -0.5138
vn -0.5021 0.7041 -0.5021
vn -0.5893 0.5528 -0.5893
vn -0.6539 0.3805 -0.6539
vn -0.6937 0.1939 -0.6937
vn -0.7071 -0.0000 -0.7071
vn -0.6229 -0.4732 -0.6229
vn -0.2743 0.9217 -0.2743
vn -0.5555 -0.6187 -0.5555
vn -0.3958 0.8286 -0.3958
vn -0.4894 -0.4732 -0.7325
vn -0.1101 0.9878 -0.1101
vn -0.2155 0.9217 -0.3225
vn -0.4365 -0.6187 -0.6532
vn -0.3110 0.8286 -0.4654
vn -0.3945 0.7041 -0.5905
vn -0.4630 0.5528 -0.6929
vn -0.5138 0.3805 -0.7689
vn -0.5450 0.1939 -0.8157
vn -0.5556 -0.0000 -0.8315
vn -0.3189 0.5528 -0.7699
vn -0.3539 0.3805 -0.8544
vn -0.3754 0.1939 -0.9063
vn -0.3827 -0.0000 -0.9239
vn -0.3371 -0.4732 -0.8139
vn -0.0865 0.9878 -0.1294
vn -0.1484 0.9217 -0.3584
vn -0.3006 -0.6187 -0.7258
vn -0.2142 0.8286 -0.5172
vn -0.3189 -0.8189 -0.4772
vn -0.2196 -0.8189 -0.5302
vn -0.2718 0.7041 -0.6561
vn -0.1951 -0.0000 -0.9808
vn -0.1719 -0.4732 -0.8640
vn -0.0596 0.9878 -0.1438
vn -0.0757 0.9217 -0.3804
vn -0.1533 -0.6187 -0.7705
vn -0.1092 0.8286 -0.5490
vn -0.1120 -0.8189 -0.5629
vn -0.1385 0.7041 -0.6965
vn -0.1626 0.5528 -0.8173
vn -0.1804 0.3805 -0.9070
vn -0.1914 0.1939 -0.9622
vn -0.0000 0.3805 -0.9248
vn -0.0000 0.1939 -0.9810
vn -0.0000 -0.0000 -1.0000
vn -0.0000 -0.4732 -0.8810
vn -0.0304 0.9878 -0.1527
vn -0.0000 0.9217 -0.3879
vn -0.0000 -0.6187 -0.7856
vn -0.0000 0.8286 -0.5598
vn -0.0000 -0.8189 -0.5739
vn -0.0000 0.7041 -0.7101
vn -0.0000 0.5528 -0.8333
vn 0.0304 0.9878 -0.1527
vn 0.0757 0.9217 -0.3804
vn 0.1533 -0.6187 -0.7705
vn 0.1092 0.8286 -0.5490
vn 0.1120 -0.8189 -0.5629
vn 0.1385 0.7041 -0.6965
vn 0.1626 0.5528 -0.8173
vn 0.1804 0.3805 -0.9070
vn 0.1914 0.1939 -0.9622
vn 0.1951 -0.0000 -0.9808
vn 0.1719 -0.4732 -0.8640
vn 0.3539 0.3805 -0.8544
vn 0.3754 0.1939 -0.9063
vn 0.3827 -0.0000 -0.9239
vn 0.3371 -0.4732 -0.8139
vn 0.0596 0.9878 -0.1438
vn 0.1484 0.9217 -0.3584
vn 0.3006 -0.6187 -0.7258
vn 0.2142 0.8286 -0.5172
vn 0.2196 -0.8189 -0.5302
vn 0.2718 0.7041 -0.6561
vn 0.3189 0.5528 -0.7699
vn 0.4365 -0.6187 -0.6532
vn 0.3110 0.8286 -0.4654
vn 0.3189 -0.8189 -0.4772
vn 0.3945 0.7041 -0.5905
vn 0.4630 0.5528 -0.6929
vn 0.5138 0.3805 -0.7689
vn 0.5450 0.1939 -0.8157
vn 0.5556 -0.0000 -0.8315
vn 0.4894 -0.4732 -0.7325
vn 0.2155 0.9217 -0.3225
vn 0.6539 0.3805 -0.6539
vn 0.6937 0.1939 -0.6937
vn 0.7071 -0.0000 -0.7071
vn 0.6229 -0.4732 -0.6229
vn 0.1101 0.9878 -0.1101
vn 0.2743 0.9217 -0.2743
vn 0.5555 -0.6187 -0.5555
vn 0.3958 0.8286 -0.3958
vn 0.5021 0.7041 -0.5021
vn 0.5893 0.5528 -0.5893
vn -0.4772 -0.8189 -0.3189
vn 0.4654 0.8286 -0.3110
vn 0.5905 0.7041 -0.3945
vn 0.6929 0.5528 -0.4630
vn 0.7689 0.3805 -0.5138
vn 0.8157 0.1939 -0.5450
vn 0.8315 -0.0000 -0.5556
vn 0.7325 -0.4732 -0.4894
vn 0.3225 0.9217 -0.2155
vn 0.6532 -0.6187 -0.4365
vn 0.9063 0.1939 -0.3754
vn 0.9239 -0.0000 -0.3827
vn 0.8139 -0.4732 -0.3371
vn 0.1294 0.9878 -0.0865
vn 0.3584 0.9217 -0.1484
vn 0.7258 -0.6187 -0.3006
vn 0.5172 0.8286 -0.2142
vn 0.6561 0.7041 -0.2718
vn 0.7699 0.5528 -0.3189
vn 0.8544 0.3805 -0.3539
vn 0.5490 0.8286 -0.1092
vn 0.6965 0.7041 -0.1385
vn 0.8173 0.5528 -0.1626
vn 0.9070 0.3805 -0.1804
vn 0.9622 0.1939 -0.1914
vn 0.9808 -0.0000 -0.1951
vn 0.8640 -0.4732 -0.1719
vn 0.1527 0.9878 -0.0304
vn 0.3804 0.9217 -0.0757
vn 0.7705 -0.6187 -0.1533
vn 0.5302 -0.8189 -0.2196
vn 0.5629 -0.8189 -0.1120
vn 0.4058 -0.8189 -0.4058
vn -0.4772 -0.8189 0.3189
vn -0.4058 -0.8189 0.4058
vn 0.4772 -0.8189 0.3189
vn 0.1557 0.9878 -0.0000
vn 0.1101 0.9878 0.1101
vn -0.0000 0.9878 0.1557
vn -0.1557 0.9878 -0.0000
vn -0.0000 0.9878 -0.1557
vn 0.0865 0.9878 -0.1294
vn -0.4058 -0.8189 -0.4058
vn 0.1438 0.9878 -0.0596
vn 0.4058 -0.8189 0.4058
vn 0.4772 -0.8189 -0.3189
vt 0.433922 0.147060
vt 0.376257 0.134974
vt 0.408761 0.109517
vt 0.378400 0.078022
vt 0.351551 0.106630
vt 0.434158 0.362344
vt 0.405420 0.395971
vt 0.419159 0.356692
vt 0.304572 0.066499
vt 0.323861 0.042053
vt 0.427520 0.317359
vt 0.450497 0.322182
vt 0.273940 0.040059
vt 0.291358 0.018173
vt 0.459662 0.278178
vt 0.429209 0.277549
vt 0.424414 0.238534
vt 0.458309 0.233045
vt 0.413257 0.201568
vt 0.450030 0.189371
vt 0.397170 0.166817
vt 0.366648 0.184562
vt 0.347774 0.156696
vt 0.326237 0.130829
vt 0.397555 0.393894
vt 0.404311 0.353905
vt 0.283166 0.089202
vt 0.406192 0.316355
vt 0.254798 0.060485
vt 0.402520 0.280346
vt 0.394694 0.246290
vt 0.382570 0.214323
vt 0.389967 0.353547
vt 0.386387 0.318168
vt 0.379134 0.285622
vt 0.369022 0.255533
vt 0.355850 0.227476
vt 0.340034 0.201334
vt 0.322233 0.176236
vt 0.302167 0.152067
vt 0.389568 0.393100
vt 0.262286 0.111713
vt 0.332212 0.241011
vt 0.316350 0.217542
vt 0.298774 0.194927
vt 0.279532 0.172478
vt 0.376273 0.355103
vt 0.240054 0.132398
vt 0.368545 0.322227
vt 0.358364 0.292765
vt 0.346143 0.265958
vt 0.352297 0.328066
vt 0.339690 0.301431
vt 0.325792 0.277374
vt 0.311059 0.255006
vt 0.294893 0.233834
vt 0.277323 0.213210
vt 0.258293 0.192332
vt 0.373928 0.395001
vt 0.363431 0.358331
vt 0.217847 0.153550
vt 0.275387 0.250382
vt 0.257581 0.231529
vt 0.238442 0.212202
vt 0.351639 0.363144
vt 0.198200 0.176462
vt 0.337381 0.335369
vt 0.167031 0.151484
vt 0.184471 0.128971
vt 0.322700 0.311327
vt 0.307734 0.289708
vt 0.292038 0.269551
vt 0.307555 0.322297
vt 0.291312 0.302891
vt 0.274830 0.284725
vt 0.257606 0.267344
vt 0.239392 0.250089
vt 0.219949 0.232175
vt 0.366571 0.397489
vt 0.340866 0.369182
vt 0.179583 0.198547
vt 0.323888 0.343900
vt 0.149118 0.173683
vt 0.241410 0.284836
vt 0.222635 0.269064
vt 0.202684 0.252446
vt 0.359660 0.400857
vt 0.330979 0.376149
vt 0.161631 0.220499
vt 0.311881 0.353508
vt 0.131225 0.195952
vt 0.293990 0.334217
vt 0.276614 0.316869
vt 0.259294 0.300555
vt 0.281937 0.346988
vt 0.263514 0.331620
vt 0.245343 0.317082
vt 0.226721 0.302967
vt 0.207237 0.288636
vt 0.186543 0.273273
vt 0.347431 0.409880
vt 0.322115 0.384032
vt 0.144102 0.242776
vt 0.301214 0.364026
vt 0.113521 0.218389
vt 0.193212 0.308976
vt 0.171520 0.294933
vt 0.342246 0.415343
vt 0.314484 0.392817
vt 0.126566 0.265869
vt 0.291755 0.375338
vt 0.095830 0.240834
vt 0.271343 0.360536
vt 0.251956 0.347118
vt 0.232944 0.334335
vt 0.213532 0.321832
vt 0.222115 0.352324
vt 0.201903 0.341495
vt 0.180692 0.330234
vt 0.157843 0.317702
vt 0.337730 0.421333
vt 0.307763 0.402161
vt 0.107979 0.290737
vt 0.283703 0.387372
vt 0.077312 0.262832
vt 0.262214 0.374790
vt 0.241934 0.363325
vt 0.302127 0.412080
vt 0.093126 0.319335
vt 0.276981 0.399995
vt 0.254568 0.389666
vt 0.233465 0.380184
vt 0.212913 0.371026
vt 0.191944 0.361972
vt 0.169878 0.352496
vt 0.145920 0.341847
vt 0.226684 0.397642
vt 0.205419 0.390382
vt 0.183778 0.383196
vt 0.160979 0.375648
vt 0.136102 0.367107
vt 0.333924 0.427770
vt 0.297814 0.422529
vt 0.080917 0.349543
vt 0.271506 0.413123
vt 0.248346 0.405080
vt 0.071599 0.381105
vt 0.267477 0.426682
vt 0.243704 0.420953
vt 0.221458 0.415598
vt 0.199676 0.410290
vt 0.177499 0.405046
vt 0.154138 0.399514
vt 0.128618 0.393161
vt 0.330867 0.434554
vt 0.294456 0.433274
vt 0.173161 0.427390
vt 0.149396 0.423929
vt 0.123500 0.419834
vt 0.328571 0.441621
vt 0.292264 0.444298
vt 0.067924 0.412967
vt 0.264825 0.440540
vt 0.027398 0.379668
vt 0.025736 0.410008
vt 0.240604 0.437171
vt 0.217931 0.433941
vt 0.195740 0.430640
vt 0.291245 0.455501
vt 0.263587 0.454590
vt 0.065228 0.443538
vt 0.023658 0.440279
vt 0.239074 0.453629
vt 0.216125 0.452562
vt 0.193651 0.451309
vt 0.170791 0.450082
vt 0.146728 0.448688
vt 0.120535 0.446746
vt 0.327060 0.448887
vt 0.193437 0.472179
vt 0.170411 0.473003
vt 0.146126 0.473695
vt 0.119603 0.473916
vt 0.326468 0.463669
vt 0.291635 0.466762
vt 0.063239 0.474308
vt 0.263696 0.468745
vt 0.021418 0.470474
vt 0.239135 0.470221
vt 0.216064 0.471352
vt 0.018173 0.500711
vt 0.240820 0.486850
vt 0.217775 0.490197
vt 0.195131 0.493131
vt 0.172065 0.496041
vt 0.147675 0.498875
vt 0.120863 0.501376
vt 0.327820 0.471003
vt 0.293000 0.478000
vt 0.061561 0.507068
vt 0.265329 0.482917
vt 0.175813 0.519071
vt 0.151512 0.524124
vt 0.124700 0.529105
vt 0.329993 0.478247
vt 0.295580 0.489161
vt 0.065557 0.540741
vt 0.268409 0.496969
vt 0.244141 0.503385
vt 0.221279 0.508974
vt 0.198763 0.514040
vt 0.249107 0.519711
vt 0.226593 0.527558
vt 0.204355 0.534769
vt 0.181685 0.541925
vt 0.157682 0.549196
vt 0.131175 0.556660
vt 0.299573 0.500063
vt 0.072918 0.574159
vt 0.272878 0.510810
vt 0.140216 0.583630
vt 0.332991 0.485314
vt 0.304590 0.510691
vt 0.083597 0.606983
vt 0.278916 0.524314
vt 0.255747 0.535724
vt 0.233725 0.545834
vt 0.211905 0.555184
vt 0.189663 0.564436
vt 0.166146 0.573851
vt 0.242680 0.563683
vt 0.221397 0.575170
vt 0.199692 0.586482
vt 0.176791 0.597953
vt 0.151671 0.609867
vt 0.336380 0.492265
vt 0.310986 0.520746
vt 0.099378 0.636692
vt 0.286344 0.537358
vt 0.044402 0.632198
vt 0.061137 0.659475
vt 0.264054 0.551286
vt 0.189412 0.621408
vt 0.165022 0.635201
vt 0.340543 0.498795
vt 0.318385 0.530290
vt 0.115176 0.664455
vt 0.295361 0.549810
vt 0.077613 0.686881
vt 0.274074 0.566301
vt 0.253470 0.581011
vt 0.232813 0.594642
vt 0.211697 0.607983
vt 0.246159 0.613552
vt 0.225633 0.628935
vt 0.203885 0.644277
vt 0.180027 0.659840
vt 0.345457 0.504831
vt 0.326988 0.539103
vt 0.131461 0.691336
vt 0.305884 0.561520
vt 0.094355 0.714080
vt 0.285822 0.580634
vt 0.266124 0.597729
vt 0.357395 0.514991
vt 0.336918 0.546882
vt 0.148455 0.717972
vt 0.317863 0.572344
vt 0.111385 0.741040
vt 0.299353 0.594164
vt 0.280712 0.613759
vt 0.261490 0.631878
vt 0.241527 0.649384
vt 0.220203 0.666702
vt 0.196647 0.684080
vt 0.278930 0.649613
vt 0.259491 0.669401
vt 0.238467 0.688840
vt 0.214985 0.708205
vt 0.364314 0.518902
vt 0.347867 0.553711
vt 0.166294 0.745103
vt 0.331574 0.582107
vt 0.128339 0.768007
vt 0.314800 0.606770
vt 0.297359 0.629029
vt 0.185240 0.774120
vt 0.346954 0.590591
vt 0.144404 0.795729
vt 0.332272 0.618259
vt 0.316245 0.643439
vt 0.298676 0.666751
vt 0.279724 0.689064
vt 0.258884 0.710830
vt 0.235293 0.732387
vt 0.359972 0.559255
vt 0.321028 0.683283
vt 0.302515 0.708473
vt 0.281727 0.732841
vt 0.257916 0.756743
vt 0.379668 0.523786
vt 0.373256 0.563140
vt 0.208239 0.801733
vt 0.363945 0.597500
vt 0.351938 0.628396
vt 0.337639 0.656857
vt 0.856238 0.099425
vt 0.497103 0.123281
vt 0.497261 0.095847
vt 0.382776 0.602470
vt 0.374101 0.636871
vt 0.361936 0.669107
vt 0.346428 0.699207
vt 0.328255 0.727788
vt 0.307232 0.755136
vt 0.282788 0.781509
vt 0.387515 0.565224
vt 0.232483 0.828940
vt 0.357528 0.747290
vt 0.335765 0.778221
vt 0.309944 0.807325
vt 0.387867 0.524504
vt 0.402632 0.565151
vt 0.257373 0.856312
vt 0.403450 0.604991
vt 0.399137 0.643221
vt 0.389682 0.679912
vt 0.375550 0.714531
vt 0.426226 0.604335
vt 0.427661 0.646769
vt 0.421561 0.688771
vt 0.409559 0.729296
vt 0.391226 0.767438
vt 0.367919 0.802906
vt 0.339560 0.835376
vt 0.404346 0.521799
vt 0.418160 0.562527
vt 0.282363 0.884522
vt 0.221804 0.890389
vt 0.244373 0.915813
vt 0.404541 0.830032
vt 0.372484 0.868379
vt 0.434117 0.556782
vt 0.305503 0.914802
vt 0.450705 0.599685
vt 0.264985 0.943066
vt 0.459662 0.646477
vt 0.459075 0.695057
vt 0.449318 0.743201
vt 0.430593 0.788708
vt 0.496007 0.807370
vt 0.593998 0.687970
vt 0.713398 0.785961
vt 0.855744 0.263950
vt 0.496438 0.287179
vt 0.496687 0.259736
vt 0.853522 0.569910
vt 0.854056 0.593363
vt 0.498952 0.602232
vt 0.934847 0.021801
vt 0.978199 0.034951
vt 0.965048 0.078303
vt 0.854955 0.428681
vt 0.496007 0.447832
vt 0.496889 0.420429
vt 0.413005 0.399402
vt 0.381640 0.393502
vt 0.353257 0.405017
vt 0.326356 0.456269
vt 0.351092 0.510269
vt 0.371774 0.521878
vt 0.881723 0.018173
vt 0.855374 0.040674
vt 0.856646 0.075733
vt 0.855175 0.123240
vt 0.496797 0.068737
vt 0.396201 0.523902
vt 0.412230 0.518253
vt 0.713398 0.807371
vt 0.709221 0.828371
vt 0.701027 0.848153
vt 0.689132 0.865955
vt 0.673992 0.881095
vt 0.615408 0.905361
vt 0.656189 0.892990
vt 0.636407 0.901184
vt 0.593996 0.905361
vt 0.572997 0.901184
vt 0.553215 0.892990
vt 0.535413 0.881094
vt 0.520273 0.865954
vt 0.508377 0.848151
vt 0.500184 0.828370
vt 0.496007 0.785959
vt 0.500184 0.764959
vt 0.508378 0.745178
vt 0.520274 0.727375
vt 0.535414 0.712236
vt 0.553216 0.700340
vt 0.572998 0.692147
vt 0.615409 0.687970
vt 0.673993 0.712236
vt 0.636409 0.692147
vt 0.656190 0.700341
vt 0.689132 0.727376
vt 0.701028 0.745179
vt 0.709221 0.764961
vt 0.881245 0.182648
vt 0.854879 0.205160
vt 0.856154 0.240243
vt 0.854679 0.287783
vt 0.496727 0.232621
vt 0.850891 0.628323
vt 0.499652 0.629250
vt 0.497647 0.575509
vt 0.876046 0.511996
vt 0.850872 0.535279
vt 0.959247 0.080706
vt 0.953088 0.081931
vt 0.946808 0.081931
vt 0.940649 0.080706
vt 0.934847 0.078303
vt 0.929626 0.074814
vt 0.925186 0.070374
vt 0.921697 0.065153
vt 0.919294 0.059351
vt 0.918068 0.053192
vt 0.918068 0.046912
vt 0.919294 0.040753
vt 0.921697 0.034951
vt 0.925186 0.029730
vt 0.929626 0.025290
vt 0.940649 0.019398
vt 0.946808 0.018173
vt 0.953088 0.018173
vt 0.959247 0.019398
vt 0.965048 0.021801
vt 0.970270 0.025290
vt 0.974710 0.029730
vt 0.980602 0.040753
vt 0.981827 0.046912
vt 0.981827 0.053192
vt 0.980602 0.059351
vt 0.978199 0.065153
vt 0.974710 0.070374
vt 0.970270 0.074814
vt 0.880354 0.347209
vt 0.853977 0.369726
vt 0.855382 0.404909
vt 0.853765 0.452629
vt 0.497029 0.393504
s 1
usemtl マテリアル.010
f 645/1042/489 656/1043/490 646/1044/491
f 647/1045/492 656/1043/490 657/1046/493
f 991/1047/494 649/1048/495 650/1049/496
f 647/1045/492 658/1050/497 994/1051/498
f 991/1047/494 651/1052/499 643/1053/500
f 994/1051/498 659/1054/501 648/1055/502
f 992/1056/503 651/1052/499 652/1057/504
f 992/1056/503 653/1058/505 644/1059/506
f 644/1059/506 654/1060/507 993/1061/508
f 645/1042/489 654/1060/507 655/1062/509
f 654/1060/507 666/1063/510 655/1062/509
f 655/1062/509 667/1064/511 656/1043/490
f 657/1046/493 667/1064/511 668/1065/512
f 650/1049/496 660/1066/513 661/1067/514
f 658/1050/497 668/1065/512 669/1068/515
f 650/1049/496 662/1069/516 651/1052/499
f 658/1050/497 670/1070/517 659/1054/501
f 651/1052/499 663/1071/518 652/1057/504
f 653/1058/505 663/1071/518 664/1072/519
f 653/1058/505 665/1073/520 654/1060/507
f 662/1069/516 672/1074/521 673/1075/522
f 662/1069/516 674/1076/523 663/1071/518
f 664/1072/519 674/1076/523 675/1077/524
f 664/1072/519 676/1078/525 665/1073/520
f 666/1063/510 676/1078/525 677/1079/526
f 667/1064/511 677/1079/526 678/1080/527
f 667/1064/511 679/1081/528 668/1065/512
f 661/1067/514 671/1082/529 672/1074/521
f 669/1068/515 679/1081/528 680/1083/530
f 677/1079/526 687/1084/531 688/1085/532
f 678/1080/527 688/1085/532 689/1086/533
f 678/1080/527 690/1087/534 679/1081/528
f 671/1082/529 683/1088/535 672/1074/521
f 679/1081/528 691/1089/536 680/1083/530
f 672/1074/521 684/1090/537 673/1075/522
f 673/1075/522 685/1091/538 674/1076/523
f 675/1077/524 685/1091/538 686/1092/539
f 675/1077/524 687/1084/531 676/1078/525
f 685/1091/538 695/1093/540 696/1094/541
f 685/1091/538 697/1095/542 686/1092/539
f 687/1084/531 697/1095/542 698/1096/543
f 687/1084/531 699/1097/544 688/1085/532
f 689/1086/533 699/1097/544 700/1098/545
f 689/1086/533 701/1099/546 690/1087/534
f 683/1088/535 693/1100/547 694/1101/548
f 691/1089/536 701/1099/546 702/1102/549
f 684/1090/537 694/1101/548 695/1093/540
f 700/1098/545 710/1103/550 711/1104/551
f 700/1098/545 712/1105/552 701/1099/546
f 693/1100/547 705/1106/553 694/1101/548
f 701/1099/546 713/1107/554 702/1102/549
f 694/1101/548 706/1108/555 695/1093/540
f 702/1102/549 714/1109/556 703/1110/557
f 695/1093/540 707/1111/558 696/1094/541
f 696/1094/541 708/1112/559 697/1095/542
f 698/1096/543 708/1112/559 709/1113/560
f 698/1096/543 710/1103/550 699/1097/544
f 706/1108/555 718/1114/561 707/1111/558
f 707/1111/558 719/1115/562 708/1112/559
f 709/1113/560 719/1115/562 720/1116/563
f 710/1103/550 720/1116/563 721/1117/564
f 711/1104/551 721/1117/564 722/1118/565
f 711/1104/551 723/1119/566 712/1105/552
f 704/1120/567 716/1121/568 705/1106/553
f 712/1105/552 724/1122/569 713/1107/554
f 706/1108/555 716/1121/568 717/1123/570
f 714/1109/556 724/1122/569 725/1124/571
f 722/1118/565 732/1125/572 733/1126/573
f 722/1118/565 734/1127/574 723/1119/566
f 715/1128/575 727/1129/576 716/1121/568
f 724/1122/569 734/1127/574 735/1130/577
f 717/1123/570 727/1129/576 728/1131/578
f 724/1122/569 736/1132/579 725/1124/571
f 717/1123/570 729/1133/580 718/1114/561
f 718/1114/561 730/1134/581 719/1115/562
f 719/1115/562 731/1135/582 720/1116/563
f 720/1116/563 732/1125/572 721/1117/564
f 730/1134/581 740/1136/583 741/1137/584
f 731/1135/582 741/1137/584 742/1138/585
f 732/1125/572 742/1138/585 743/1139/586
f 732/1125/572 744/1140/587 733/1126/573
f 734/1127/574 744/1140/587 745/1141/588
f 727/1129/576 737/1142/589 738/1143/590
f 734/1127/574 746/1144/591 735/1130/577
f 727/1129/576 739/1145/592 728/1131/578
f 736/1132/579 746/1144/591 747/1146/593
f 729/1133/580 739/1145/592 740/1136/583
f 745/1141/588 755/1147/594 756/1148/595
f 738/1143/590 748/1149/596 749/1150/597
f 746/1144/591 756/1148/595 757/1151/598
f 738/1143/590 750/1152/599 739/1145/592
f 746/1144/591 758/1153/600 747/1146/593
f 739/1145/592 751/1154/601 740/1136/583
f 741/1137/584 751/1154/601 752/1155/602
f 741/1137/584 753/1156/603 742/1138/585
f 742/1138/585 754/1157/604 743/1139/586
f 743/1139/586 755/1147/594 744/1140/587
f 752/1155/602 764/1158/605 753/1156/603
f 754/1157/604 764/1158/605 765/1159/606
f 755/1147/594 765/1159/606 766/1160/607
f 755/1147/594 767/1161/608 756/1148/595
f 749/1150/597 759/1162/609 760/1163/610
f 757/1151/598 767/1161/608 768/1164/611
f 750/1152/599 760/1163/610 761/1165/612
f 758/1153/600 768/1164/611 769/1166/613
f 750/1152/599 762/1167/614 751/1154/601
f 752/1155/602 762/1167/614 763/1168/615
f 759/1162/609 771/1169/616 760/1163/610
f 767/1161/608 779/1170/617 768/1164/611
f 760/1163/610 772/1171/618 761/1165/612
f 761/1165/612 773/1172/619 762/1167/614
f 763/1168/615 773/1172/619 774/1173/620
f 763/1168/615 775/1174/621 764/1158/605
f 765/1159/606 775/1174/621 776/1175/622
f 766/1160/607 776/1175/622 777/1176/623
f 766/1160/607 778/1177/624 767/1161/608
f 775/1174/621 785/1178/625 786/1179/626
f 775/1174/621 787/1180/627 776/1175/622
f 777/1176/623 787/1180/627 788/1181/628
f 777/1176/623 789/1182/629 778/1177/624
f 770/1183/630 782/1184/631 771/1169/616
f 779/1170/617 789/1182/629 790/1185/632
f 772/1171/618 782/1184/631 783/1186/633
f 773/1172/619 783/1186/633 784/1187/634
f 773/1172/619 785/1178/625 774/1173/620
f 789/1182/629 801/1188/635 790/1185/632
f 782/1184/631 794/1189/636 783/1186/633
f 783/1186/633 795/1190/637 784/1187/634
f 784/1187/634 796/1191/638 785/1178/625
f 785/1178/625 797/1192/639 786/1179/626
f 786/1179/626 798/1193/640 787/1180/627
f 787/1180/627 799/1194/641 788/1181/628
f 789/1182/629 799/1194/641 800/1195/642
f 781/1196/643 793/1197/644 782/1184/631
f 797/1192/639 809/1198/645 798/1193/640
f 799/1194/641 809/1198/645 810/1199/646
f 799/1194/641 811/1200/647 800/1195/642
f 792/1201/648 804/1202/649 793/1197/644
f 801/1188/635 811/1200/647 812/1203/650
f 794/1189/636 804/1202/649 805/1204/651
f 802/1205/652 812/1203/650 813/1206/653
f 794/1189/636 806/1207/654 795/1190/637
f 796/1191/638 806/1207/654 807/1208/655
f 796/1191/638 808/1209/656 797/1192/639
f 805/1204/651 815/1210/657 816/1211/658
f 813/1206/653 823/1212/659 824/1213/660
f 805/1204/651 817/1214/661 806/1207/654
f 806/1207/654 818/1215/662 807/1208/655
f 807/1208/655 819/1216/663 808/1209/656
f 808/1209/656 820/1217/664 809/1198/645
f 810/1199/646 820/1217/664 821/1218/665
f 810/1199/646 822/1219/666 811/1200/647
f 803/1220/667 815/1210/657 804/1202/649
f 812/1203/650 822/1219/666 823/1212/659
f 820/1217/664 830/1221/668 831/1222/669
f 821/1218/665 831/1222/669 832/1223/670
f 821/1218/665 833/1224/671 822/1219/666
f 815/1210/657 825/1225/672 826/1226/673
f 822/1219/666 834/1227/674 823/1212/659
f 815/1210/657 827/1228/675 816/1211/658
f 823/1212/659 835/1229/676 824/1213/660
f 817/1214/661 827/1228/675 828/1230/677
f 818/1215/662 828/1230/677 829/1231/678
f 819/1216/663 829/1231/678 830/1221/668
f 834/1227/674 846/1232/679 835/1229/676
f 827/1228/675 839/1233/680 828/1230/677
f 828/1230/677 840/1234/681 829/1231/678
f 829/1231/678 841/1235/682 830/1221/668
f 831/1222/669 841/1235/682 842/1236/683
f 832/1223/670 842/1236/683 843/1237/684
f 832/1223/670 844/1238/685 833/1224/671
f 826/1226/673 836/1239/686 837/1240/687
f 834/1227/674 844/1238/685 845/1241/688
f 826/1226/673 838/1242/689 827/1228/675
f 843/1237/684 853/1243/690 854/1244/691
f 843/1237/684 855/1245/692 844/1238/685
f 837/1240/687 847/1246/693 848/1247/694
f 844/1238/685 856/1248/695 845/1241/688
f 837/1240/687 849/1249/696 838/1242/689
f 838/1242/689 850/1250/697 839/1233/680
f 840/1234/681 850/1250/697 851/1251/698
f 840/1234/681 852/1252/699 841/1235/682
f 842/1236/683 852/1252/699 853/1243/690
f 851/1251/698 861/1253/700 862/1254/701
f 851/1251/698 863/1255/702 852/1252/699
f 853/1243/690 863/1255/702 864/1256/703
f 854/1244/691 864/1256/703 865/1257/704
f 854/1244/691 866/1258/705 855/1245/692
f 847/1246/693 859/1259/706 848/1247/694
f 855/1245/692 867/1260/707 856/1248/695
f 848/1247/694 860/1261/708 849/1249/696
f 849/1249/696 861/1253/700 850/1250/697
f 865/1257/704 877/1262/709 866/1258/705
f 858/1263/710 870/1264/711 859/1259/706
f 867/1260/707 877/1262/709 878/1265/712
f 860/1261/708 870/1264/711 871/1266/713
f 861/1253/700 871/1266/713 872/1267/714
f 861/1253/700 873/1268/715 862/1254/701
f 862/1254/701 874/1269/716 863/1255/702
f 864/1256/703 874/1269/716 875/1270/717
f 865/1257/704 875/1270/717 876/1271/718
f 872/1267/714 884/1272/719 873/1268/715
f 873/1268/715 885/1273/720 874/1269/716
f 875/1270/717 885/1273/720 886/1274/721
f 876/1271/718 886/1274/721 887/1275/722
f 876/1271/718 888/1276/723 877/1262/709
f 869/1277/724 881/1278/725 870/1264/711
f 878/1265/712 888/1276/723 889/1279/726
f 870/1264/711 882/1280/727 871/1266/713
f 879/1281/728 889/1279/726 890/1282/729
f 871/1266/713 883/1283/730 872/1267/714
f 888/1276/723 898/1284/731 899/1285/732
f 880/1286/733 892/1287/734 881/1278/725
f 888/1276/723 900/1288/735 889/1279/726
f 882/1280/727 892/1287/734 893/1289/736
f 890/1282/729 900/1288/735 901/1290/737
f 882/1280/727 894/1291/738 883/1283/730
f 884/1272/719 894/1291/738 895/1292/739
f 884/1272/719 896/1293/740 885/1273/720
f 886/1274/721 896/1293/740 897/1294/741
f 886/1274/721 898/1284/731 887/1275/722
f 895/1292/739 907/1295/742 896/1293/740
f 897/1294/741 907/1295/742 908/1296/743
f 897/1294/741 909/1297/744 898/1284/731
f 899/1285/732 909/1297/744 910/1298/745
f 891/1299/746 903/1300/747 892/1287/734
f 899/1285/732 911/1301/748 900/1288/735
f 893/1289/736 903/1300/747 904/1302/749
f 901/1290/737 911/1301/748 912/1303/750
f 893/1289/736 905/1304/751 894/1291/738
f 895/1292/739 905/1304/751 906/1305/752
f 903/1300/747 913/1306/753 914/1307/754
f 910/1298/745 922/1308/755 911/1301/748
f 903/1300/747 915/1309/756 904/1302/749
f 911/1301/748 923/1310/757 912/1303/750
f 905/1304/751 915/1309/756 916/1311/758
f 906/1305/752 916/1311/758 917/1312/759
f 907/1295/742 917/1312/759 918/1313/760
f 908/1296/743 918/1313/760 919/1314/761
f 909/1297/744 919/1314/761 920/1315/762
f 909/1297/744 921/1316/763 910/1298/745
f 917/1312/759 929/1317/764 918/1313/760
f 919/1314/761 929/1317/764 930/1318/765
f 920/1315/762 930/1318/765 931/1319/766
f 920/1315/762 932/1320/767 921/1316/763
f 914/1307/754 924/1321/768 925/1322/769
f 922/1308/755 932/1320/767 933/1323/770
f 914/1307/754 926/1324/771 915/1309/756
f 922/1308/755 934/1325/772 923/1310/757
f 915/1309/756 927/1326/773 916/1311/758
f 916/1311/758 928/1327/774 917/1312/759
f 932/1320/767 944/1328/775 933/1323/770
f 925/1322/769 937/1329/776 926/1324/771
f 933/1323/770 945/1330/777 934/1325/772
f 927/1326/773 937/1329/776 938/1331/778
f 928/1327/774 938/1331/778 939/1332/779
f 928/1327/774 940/1333/780 929/1317/764
f 929/1317/764 941/1334/781 930/1318/765
f 931/1319/766 941/1334/781 942/1335/782
f 931/1319/766 943/1336/783 932/1320/767
f 924/1321/768 936/1337/784 925/1322/769
f 941/1334/781 951/1338/785 952/1339/786
f 942/1335/782 952/1339/786 953/1340/787
f 942/1335/782 954/1341/788 943/1336/783
f 936/1337/784 946/1342/789 947/1343/790
f 944/1328/775 954/1341/788 955/1344/791
f 937/1329/776 947/1343/790 948/1345/792
f 937/1329/776 949/1346/793 938/1331/778
f 939/1332/779 949/1346/793 950/1347/794
f 939/1332/779 951/1338/785 940/1333/780
f 857/1348/795 845/1349/688 856/1350/695
f 949/1346/793 959/1351/796 960/1352/797
f 949/1346/793 961/1353/798 950/1347/794
f 950/1347/794 962/1354/799 951/1338/785
f 952/1339/786 962/1354/799 963/1355/800
f 952/1339/786 964/1356/801 953/1340/787
f 954/1341/788 964/1356/801 965/1357/802
f 946/1342/789 958/1358/803 947/1343/790
f 954/1341/788 966/1359/804 955/1344/791
f 947/1343/790 959/1351/796 948/1345/792
f 964/1356/801 974/1360/805 975/1361/806
f 964/1356/801 976/1362/807 965/1357/802
f 957/1363/808 969/1364/809 958/1358/803
f 966/1359/804 976/1362/807 977/1365/810
f 958/1358/803 970/1366/811 959/1351/796
f 959/1351/796 971/1367/812 960/1352/797
f 960/1352/797 972/1368/813 961/1353/798
f 961/1353/798 973/1369/814 962/1354/799
f 963/1355/800 973/1369/814 974/1360/805
f 971/1367/812 981/1370/815 982/1371/816
f 972/1368/813 982/1371/816 983/1372/817
f 972/1368/813 984/1373/818 973/1369/814
f 974/1360/805 984/1373/818 985/1374/819
f 974/1360/805 986/1375/820 975/1361/806
f 976/1362/807 986/1375/820 987/1376/821
f 969/1364/809 979/1377/822 980/1378/823
f 976/1362/807 988/1379/824 977/1365/810
f 970/1366/811 980/1378/823 981/1370/815
f 978/1380/825 988/1379/824 989/1381/826
f 985/1374/819 646/1382/491 986/1375/820
f 987/1376/821 646/1382/491 647/1383/492
f 979/1377/822 991/1384/494 980/1378/823
f 987/1376/821 994/1385/498 988/1379/824
f 981/1370/815 991/1384/494 643/1386/500
f 989/1381/826 994/1385/498 648/1387/502
f 981/1370/815 992/1388/503 982/1371/816
f 983/1372/817 992/1388/503 644/1389/506
f 983/1372/817 993/1390/508 984/1373/818
f 985/1374/819 993/1390/508 645/1391/489
f 813/1392/653 901/1393/737 989/1394/826
f 956/1395/827 944/1396/775 955/1397/791
f 791/1398/828 780/1399/829 779/1400/617
f 836/1401/686 748/1402/596 660/1403/513
f 681/1404/830 669/1405/515 680/1406/530
f 645/1042/489 655/1062/509 656/1043/490
f 647/1045/492 646/1044/491 656/1043/490
f 991/1047/494 990/1407/831 649/1048/495
f 647/1045/492 657/1046/493 658/1050/497
f 991/1047/494 650/1049/496 651/1052/499
f 994/1051/498 658/1050/497 659/1054/501
f 992/1056/503 643/1053/500 651/1052/499
f 992/1056/503 652/1057/504 653/1058/505
f 644/1059/506 653/1058/505 654/1060/507
f 645/1042/489 993/1061/508 654/1060/507
f 654/1060/507 665/1073/520 666/1063/510
f 655/1062/509 666/1063/510 667/1064/511
f 657/1046/493 656/1043/490 667/1064/511
f 650/1049/496 649/1048/495 660/1066/513
f 658/1050/497 657/1046/493 668/1065/512
f 650/1049/496 661/1067/514 662/1069/516
f 658/1050/497 669/1068/515 670/1070/517
f 651/1052/499 662/1069/516 663/1071/518
f 653/1058/505 652/1057/504 663/1071/518
f 653/1058/505 664/1072/519 665/1073/520
f 662/1069/516 661/1067/514 672/1074/521
f 662/1069/516 673/1075/522 674/1076/523
f 664/1072/519 663/1071/518 674/1076/523
f 664/1072/519 675/1077/524 676/1078/525
f 666/1063/510 665/1073/520 676/1078/525
f 667/1064/511 666/1063/510 677/1079/526
f 667/1064/511 678/1080/527 679/1081/528
f 661/1067/514 660/1066/513 671/1082/529
f 669/1068/515 668/1065/512 679/1081/528
f 677/1079/526 676/1078/525 687/1084/531
f 678/1080/527 677/1079/526 688/1085/532
f 678/1080/527 689/1086/533 690/1087/534
f 671/1082/529 682/1408/832 683/1088/535
f 679/1081/528 690/1087/534 691/1089/536
f 672/1074/521 683/1088/535 684/1090/537
f 673/1075/522 684/1090/537 685/1091/538
f 675/1077/524 674/1076/523 685/1091/538
f 675/1077/524 686/1092/539 687/1084/531
f 685/1091/538 684/1090/537 695/1093/540
f 685/1091/538 696/1094/541 697/1095/542
f 687/1084/531 686/1092/539 697/1095/542
f 687/1084/531 698/1096/543 699/1097/544
f 689/1086/533 688/1085/532 699/1097/544
f 689/1086/533 700/1098/545 701/1099/546
f 683/1088/535 682/1408/832 693/1100/547
f 691/1089/536 690/1087/534 701/1099/546
f 684/1090/537 683/1088/535 694/1101/548
f 700/1098/545 699/1097/544 710/1103/550
f 700/1098/545 711/1104/551 712/1105/552
f 693/1100/547 704/1120/567 705/1106/553
f 701/1099/546 712/1105/552 713/1107/554
f 694/1101/548 705/1106/553 706/1108/555
f 702/1102/549 713/1107/554 714/1109/556
f 695/1093/540 706/1108/555 707/1111/558
f 696/1094/541 707/1111/558 708/1112/559
f 698/1096/543 697/1095/542 708/1112/559
f 698/1096/543 709/1113/560 710/1103/550
f 706/1108/555 717/1123/570 718/1114/561
f 707/1111/558 718/1114/561 719/1115/562
f 709/1113/560 708/1112/559 719/1115/562
f 710/1103/550 709/1113/560 720/1116/563
f 711/1104/551 710/1103/550 721/1117/564
f 711/1104/551 722/1118/565 723/1119/566
f 704/1120/567 715/1128/575 716/1121/568
f 712/1105/552 723/1119/566 724/1122/569
f 706/1108/555 705/1106/553 716/1121/568
f 714/1109/556 713/1107/554 724/1122/569
f 722/1118/565 721/1117/564 732/1125/572
f 722/1118/565 733/1126/573 734/1127/574
f 715/1128/575 726/1409/833 727/1129/576
f 724/1122/569 723/1119/566 734/1127/574
f 717/1123/570 716/1121/568 727/1129/576
f 724/1122/569 735/1130/577 736/1132/579
f 717/1123/570 728/1131/578 729/1133/580
f 718/1114/561 729/1133/580 730/1134/581
f 719/1115/562 730/1134/581 731/1135/582
f 720/1116/563 731/1135/582 732/1125/572
f 730/1134/581 729/1133/580 740/1136/583
f 731/1135/582 730/1134/581 741/1137/584
f 732/1125/572 731/1135/582 742/1138/585
f 732/1125/572 743/1139/586 744/1140/587
f 734/1127/574 733/1126/573 744/1140/587
f 727/1129/576 726/1409/833 737/1142/589
f 734/1127/574 745/1141/588 746/1144/591
f 727/1129/576 738/1143/590 739/1145/592
f 736/1132/579 735/1130/577 746/1144/591
f 729/1133/580 728/1131/578 739/1145/592
f 745/1141/588 744/1140/587 755/1147/594
f 738/1143/590 737/1142/589 748/1149/596
f 746/1144/591 745/1141/588 756/1148/595
f 738/1143/590 749/1150/597 750/1152/599
f 746/1144/591 757/1151/598 758/1153/600
f 739/1145/592 750/1152/599 751/1154/601
f 741/1137/584 740/1136/583 751/1154/601
f 741/1137/584 752/1155/602 753/1156/603
f 742/1138/585 753/1156/603 754/1157/604
f 743/1139/586 754/1157/604 755/1147/594
f 752/1155/602 763/1168/615 764/1158/605
f 754/1157/604 753/1156/603 764/1158/605
f 755/1147/594 754/1157/604 765/1159/606
f 755/1147/594 766/1160/607 767/1161/608
f 749/1150/597 748/1149/596 759/1162/609
f 757/1151/598 756/1148/595 767/1161/608
f 750/1152/599 749/1150/597 760/1163/610
f 758/1153/600 757/1151/598 768/1164/611
f 750/1152/599 761/1165/612 762/1167/614
f 752/1155/602 751/1154/601 762/1167/614
f 759/1162/609 770/1183/630 771/1169/616
f 767/1161/608 778/1177/624 779/1170/617
f 760/1163/610 771/1169/616 772/1171/618
f 761/1165/612 772/1171/618 773/1172/619
f 763/1168/615 762/1167/614 773/1172/619
f 763/1168/615 774/1173/620 775/1174/621
f 765/1159/606 764/1158/605 775/1174/621
f 766/1160/607 765/1159/606 776/1175/622
f 766/1160/607 777/1176/623 778/1177/624
f 775/1174/621 774/1173/620 785/1178/625
f 775/1174/621 786/1179/626 787/1180/627
f 777/1176/623 776/1175/622 787/1180/627
f 777/1176/623 788/1181/628 789/1182/629
f 770/1183/630 781/1196/643 782/1184/631
f 779/1170/617 778/1177/624 789/1182/629
f 772/1171/618 771/1169/616 782/1184/631
f 773/1172/619 772/1171/618 783/1186/633
f 773/1172/619 784/1187/634 785/1178/625
f 789/1182/629 800/1195/642 801/1188/635
f 782/1184/631 793/1197/644 794/1189/636
f 783/1186/633 794/1189/636 795/1190/637
f 784/1187/634 795/1190/637 796/1191/638
f 785/1178/625 796/1191/638 797/1192/639
f 786/1179/626 797/1192/639 798/1193/640
f 787/1180/627 798/1193/640 799/1194/641
f 789/1182/629 788/1181/628 799/1194/641
f 781/1196/643 792/1201/648 793/1197/644
f 797/1192/639 808/1209/656 809/1198/645
f 799/1194/641 798/1193/640 809/1198/645
f 799/1194/641 810/1199/646 811/1200/647
f 792/1201/648 803/1220/667 804/1202/649
f 801/1188/635 800/1195/642 811/1200/647
f 794/1189/636 793/1197/644 804/1202/649
f 802/1205/652 801/1188/635 812/1203/650
f 794/1189/636 805/1204/651 806/1207/654
f 796/1191/638 795/1190/637 806/1207/654
f 796/1191/638 807/1208/655 808/1209/656
f 805/1204/651 804/1202/649 815/1210/657
f 813/1206/653 812/1203/650 823/1212/659
f 805/1204/651 816/1211/658 817/1214/661
f 806/1207/654 817/1214/661 818/1215/662
f 807/1208/655 818/1215/662 819/1216/663
f 808/1209/656 819/1216/663 820/1217/664
f 810/1199/646 809/1198/645 820/1217/664
f 810/1199/646 821/1218/665 822/1219/666
f 803/1220/667 814/1410/834 815/1210/657
f 812/1203/650 811/1200/647 822/1219/666
f 820/1217/664 819/1216/663 830/1221/668
f 821/1218/665 820/1217/664 831/1222/669
f 821/1218/665 832/1223/670 833/1224/671
f 815/1210/657 814/1410/834 825/1225/672
f 822/1219/666 833/1224/671 834/1227/674
f 815/1210/657 826/1226/673 827/1228/675
f 823/1212/659 834/1227/674 835/1229/676
f 817/1214/661 816/1211/658 827/1228/675
f 818/1215/662 817/1214/661 828/1230/677
f 819/1216/663 818/1215/662 829/1231/678
f 834/1227/674 845/1241/688 846/1232/679
f 827/1228/675 838/1242/689 839/1233/680
f 828/1230/677 839/1233/680 840/1234/681
f 829/1231/678 840/1234/681 841/1235/682
f 831/1222/669 830/1221/668 841/1235/682
f 832/1223/670 831/1222/669 842/1236/683
f 832/1223/670 843/1237/684 844/1238/685
f 826/1226/673 825/1225/672 836/1239/686
f 834/1227/674 833/1224/671 844/1238/685
f 826/1226/673 837/1240/687 838/1242/689
f 843/1237/684 842/1236/683 853/1243/690
f 843/1237/684 854/1244/691 855/1245/692
f 837/1240/687 836/1239/686 847/1246/693
f 844/1238/685 855/1245/692 856/1248/695
f 837/1240/687 848/1247/694 849/1249/696
f 838/1242/689 849/1249/696 850/1250/697
f 840/1234/681 839/1233/680 850/1250/697
f 840/1234/681 851/1251/698 852/1252/699
f 842/1236/683 841/1235/682 852/1252/699
f 851/1251/698 850/1250/697 861/1253/700
f 851/1251/698 862/1254/701 863/1255/702
f 853/1243/690 852/1252/699 863/1255/702
f 854/1244/691 853/1243/690 864/1256/703
f 854/1244/691 865/1257/704 866/1258/705
f 847/1246/693 858/1263/710 859/1259/706
f 855/1245/692 866/1258/705 867/1260/707
f 848/1247/694 859/1259/706 860/1261/708
f 849/1249/696 860/1261/708 861/1253/700
f 865/1257/704 876/1271/718 877/1262/709
f 858/1263/710 869/1277/724 870/1264/711
f 867/1260/707 866/1258/705 877/1262/709
f 860/1261/708 859/1259/706 870/1264/711
f 861/1253/700 860/1261/708 871/1266/713
f 861/1253/700 872/1267/714 873/1268/715
f 862/1254/701 873/1268/715 874/1269/716
f 864/1256/703 863/1255/702 874/1269/716
f 865/1257/704 864/1256/703 875/1270/717
f 872/1267/714 883/1283/730 884/1272/719
f 873/1268/715 884/1272/719 885/1273/720
f 875/1270/717 874/1269/716 885/1273/720
f 876/1271/718 875/1270/717 886/1274/721
f 876/1271/718 887/1275/722 888/1276/723
f 869/1277/724 880/1286/733 881/1278/725
f 878/1265/712 877/1262/709 888/1276/723
f 870/1264/711 881/1278/725 882/1280/727
f 879/1281/728 878/1265/712 889/1279/726
f 871/1266/713 882/1280/727 883/1283/730
f 888/1276/723 887/1275/722 898/1284/731
f 880/1286/733 891/1299/746 892/1287/734
f 888/1276/723 899/1285/732 900/1288/735
f 882/1280/727 881/1278/725 892/1287/734
f 890/1282/729 889/1279/726 900/1288/735
f 882/1280/727 893/1289/736 894/1291/738
f 884/1272/719 883/1283/730 894/1291/738
f 884/1272/719 895/1292/739 896/1293/740
f 886/1274/721 885/1273/720 896/1293/740
f 886/1274/721 897/1294/741 898/1284/731
f 895/1292/739 906/1305/752 907/1295/742
f 897/1294/741 896/1293/740 907/1295/742
f 897/1294/741 908/1296/743 909/1297/744
f 899/1285/732 898/1284/731 909/1297/744
f 891/1299/746 902/1411/835 903/1300/747
f 899/1285/732 910/1298/745 911/1301/748
f 893/1289/736 892/1287/734 903/1300/747
f 901/1290/737 900/1288/735 911/1301/748
f 893/1289/736 904/1302/749 905/1304/751
f 895/1292/739 894/1291/738 905/1304/751
f 903/1300/747 902/1411/835 913/1306/753
f 910/1298/745 921/1316/763 922/1308/755
f 903/1300/747 914/1307/754 915/1309/756
f 911/1301/748 922/1308/755 923/1310/757
f 905/1304/751 904/1302/749 915/1309/756
f 906/1305/752 905/1304/751 916/1311/758
f 907/1295/742 906/1305/752 917/1312/759
f 908/1296/743 907/1295/742 918/1313/760
f 909/1297/744 908/1296/743 919/1314/761
f 909/1297/744 920/1315/762 921/1316/763
f 917/1312/759 928/1327/774 929/1317/764
f 919/1314/761 918/1313/760 929/1317/764
f 920/1315/762 919/1314/761 930/1318/765
f 920/1315/762 931/1319/766 932/1320/767
f 914/1307/754 913/1306/753 924/1321/768
f 922/1308/755 921/1316/763 932/1320/767
f 914/1307/754 925/1322/769 926/1324/771
f 922/1308/755 933/1323/770 934/1325/772
f 915/1309/756 926/1324/771 927/1326/773
f 916/1311/758 927/1326/773 928/1327/774
f 932/1320/767 943/1336/783 944/1328/775
f 925/1322/769 936/1337/784 937/1329/776
f 933/1323/770 944/1328/775 945/1330/777
f 927/1326/773 926/1324/771 937/1329/776
f 928/1327/774 927/1326/773 938/1331/778
f 928/1327/774 939/1332/779 940/1333/780
f 929/1317/764 940/1333/780 941/1334/781
f 931/1319/766 930/1318/765 941/1334/781
f 931/1319/766 942/1335/782 943/1336/783
f 924/1321/768 935/1412/836 936/1337/784
f 941/1334/781 940/1333/780 951/1338/785
f 942/1335/782 941/1334/781 952/1339/786
f 942/1335/782 953/1340/787 954/1341/788
f 936/1337/784 935/1412/836 946/1342/789
f 944/1328/775 943/1336/783 954/1341/788
f 937/1329/776 936/1337/784 947/1343/790
f 937/1329/776 948/1345/792 949/1346/793
f 939/1332/779 938/1331/778 949/1346/793
f 939/1332/779 950/1347/794 951/1338/785
f 878/1413/712 879/1414/728 868/1415/837
f 857/1348/795 846/1416/679 845/1349/688
f 878/1413/712 868/1415/837 867/1417/707
f 868/1415/837 857/1348/795 867/1417/707
f 856/1350/695 867/1417/707 857/1348/795
f 949/1346/793 948/1345/792 959/1351/796
f 949/1346/793 960/1352/797 961/1353/798
f 950/1347/794 961/1353/798 962/1354/799
f 952/1339/786 951/1338/785 962/1354/799
f 952/1339/786 963/1355/800 964/1356/801
f 954/1341/788 953/1340/787 964/1356/801
f 946/1342/789 957/1363/808 958/1358/803
f 954/1341/788 965/1357/802 966/1359/804
f 947/1343/790 958/1358/803 959/1351/796
f 964/1356/801 963/1355/800 974/1360/805
f 964/1356/801 975/1361/806 976/1362/807
f 957/1363/808 968/1418/838 969/1364/809
f 966/1359/804 965/1357/802 976/1362/807
f 958/1358/803 969/1364/809 970/1366/811
f 959/1351/796 970/1366/811 971/1367/812
f 960/1352/797 971/1367/812 972/1368/813
f 961/1353/798 972/1368/813 973/1369/814
f 963/1355/800 962/1354/799 973/1369/814
f 971/1367/812 970/1366/811 981/1370/815
f 972/1368/813 971/1367/812 982/1371/816
f 972/1368/813 983/1372/817 984/1373/818
f 974/1360/805 973/1369/814 984/1373/818
f 974/1360/805 985/1374/819 986/1375/820
f 976/1362/807 975/1361/806 986/1375/820
f 969/1364/809 968/1418/838 979/1377/822
f 976/1362/807 987/1376/821 988/1379/824
f 970/1366/811 969/1364/809 980/1378/823
f 978/1380/825 977/1365/810 988/1379/824
f 985/1374/819 645/1391/489 646/1382/491
f 987/1376/821 986/1375/820 646/1382/491
f 979/1377/822 990/1419/831 991/1384/494
f 987/1376/821 647/1383/492 994/1385/498
f 981/1370/815 980/1378/823 991/1384/494
f 989/1381/826 988/1379/824 994/1385/498
f 981/1370/815 643/1386/500 992/1388/503
f 983/1372/817 982/1371/816 992/1388/503
f 983/1372/817 644/1389/506 993/1390/508
f 985/1374/819 984/1373/818 993/1390/508
f 989/1394/826 648/1420/502 659/1421/501
f 659/1421/501 670/1422/517 681/1423/830
f 681/1423/830 692/1424/839 725/1425/571
f 692/1424/839 703/1426/557 725/1425/571
f 703/1426/557 714/1427/556 725/1425/571
f 725/1425/571 736/1428/579 747/1429/593
f 747/1429/593 758/1430/600 769/1431/613
f 769/1431/613 780/1432/829 813/1392/653
f 780/1432/829 791/1433/828 813/1392/653
f 791/1433/828 802/1434/652 813/1392/653
f 813/1392/653 824/1435/660 835/1436/676
f 835/1436/676 846/1437/679 857/1438/795
f 857/1438/795 868/1439/837 901/1393/737
f 868/1439/837 879/1440/728 901/1393/737
f 879/1440/728 890/1441/729 901/1393/737
f 901/1393/737 912/1442/750 945/1443/777
f 912/1442/750 923/1444/757 945/1443/777
f 923/1444/757 934/1445/772 945/1443/777
f 945/1443/777 956/1446/827 967/1447/840
f 967/1447/840 978/1448/825 989/1394/826
f 989/1394/826 659/1421/501 725/1425/571
f 659/1421/501 681/1423/830 725/1425/571
f 725/1425/571 747/1429/593 813/1392/653
f 747/1429/593 769/1431/613 813/1392/653
f 813/1392/653 835/1436/676 901/1393/737
f 835/1436/676 857/1438/795 901/1393/737
f 945/1443/777 967/1447/840 901/1393/737
f 967/1447/840 989/1394/826 901/1393/737
f 989/1394/826 725/1425/571 813/1392/653
f 977/1449/810 978/1450/825 967/1451/840
f 956/1395/827 945/1452/777 944/1396/775
f 977/1449/810 967/1451/840 966/1453/804
f 967/1451/840 956/1395/827 966/1453/804
f 955/1397/791 966/1453/804 956/1395/827
f 780/1399/829 769/1454/613 768/1455/611
f 768/1455/611 779/1400/617 780/1399/829
f 779/1400/617 790/1456/632 791/1398/828
f 790/1456/632 801/1457/635 791/1398/828
f 801/1457/635 802/1458/652 791/1398/828
f 660/1403/513 649/1459/495 990/1460/831
f 990/1460/831 979/1461/822 968/1462/838
f 968/1462/838 957/1463/808 946/1464/789
f 946/1464/789 935/1465/836 968/1462/838
f 935/1465/836 924/1466/768 968/1462/838
f 924/1466/768 913/1467/753 902/1468/835
f 902/1468/835 891/1469/746 880/1470/733
f 880/1470/733 869/1471/724 858/1472/710
f 858/1472/710 847/1473/693 880/1470/733
f 847/1473/693 836/1401/686 880/1470/733
f 836/1401/686 825/1474/672 814/1475/834
f 814/1475/834 803/1476/667 792/1477/648
f 792/1477/648 781/1478/643 748/1402/596
f 781/1478/643 770/1479/630 748/1402/596
f 770/1479/630 759/1480/609 748/1402/596
f 748/1402/596 737/1481/589 726/1482/833
f 726/1482/833 715/1483/575 704/1484/567
f 704/1484/567 693/1485/547 660/1403/513
f 693/1485/547 682/1486/832 660/1403/513
f 682/1486/832 671/1487/529 660/1403/513
f 660/1403/513 990/1460/831 924/1466/768
f 990/1460/831 968/1462/838 924/1466/768
f 924/1466/768 902/1468/835 836/1401/686
f 902/1468/835 880/1470/733 836/1401/686
f 836/1401/686 814/1475/834 748/1402/596
f 814/1475/834 792/1477/648 748/1402/596
f 748/1402/596 726/1482/833 660/1403/513
f 726/1482/833 704/1484/567 660/1403/513
f 660/1403/513 924/1466/768 836/1401/686
f 702/1488/549 703/1489/557 692/1490/839
f 681/1404/830 670/1491/517 669/1405/515
f 702/1488/549 692/1490/839 691/1492/536
f 692/1490/839 681/1404/830 691/1492/536
f 680/1406/530 691/1492/536 681/1404/830
o StageObjectSpawn.001
v -130.750000 18.000000 1.000000
v -130.783493 18.000000 1.125000
v -130.875000 18.000000 1.216506
v -131.000000 18.000000 1.250000
v -131.125000 18.000000 1.216506
v -131.216507 18.000000 1.125000
v -131.250000 18.000000 1.000000
v -131.216507 18.000000 0.875000
v -131.125000 18.000000 0.783494
v -131.000000 18.000000 0.750000
v -130.875000 18.000000 0.783494
v -130.783493 18.000000 0.875000
v -130.760696 18.163158 1.000000
v -130.793900 18.158787 1.125000
v -130.884628 18.146843 1.216506
v -131.008560 18.130526 1.250000
v -131.132492 18.114210 1.216506
v -131.223206 18.102266 1.125000
v -131.256409 18.097895 1.000000
v -131.223206 18.102266 0.875000
v -131.132492 18.114210 0.783494
v -131.008560 18.130526 0.750000
v -130.884628 18.146841 0.783494
v -130.793900 18.158787 0.875000
v -130.792587 18.323524 1.000000
v -130.824951 18.314856 1.125000
v -130.913330 18.291170 1.216506
v -131.034073 18.258820 1.250000
v -131.154816 18.226467 1.216506
v -131.243210 18.202784 1.125000
v -131.275558 18.194115 1.000000
v -131.243210 18.202784 0.875000
v -131.154816 18.226467 0.783494
v -131.034073 18.258820 0.750000
v -130.913330 18.291170 0.783494
v -130.824951 18.314856 0.875000
v -130.845154 18.478354 1.000000
v -130.876099 18.465536 1.125000
v -130.960632 18.430519 1.216506
v -131.076126 18.382683 1.250000
v -131.191605 18.334848 1.216506
v -131.276154 18.299829 1.125000
v -131.307083 18.287012 1.000000
v -131.276154 18.299829 0.875000
v -131.191605 18.334848 0.783494
v -131.076126 18.382683 0.750000
v -130.960632 18.430519 0.783494
v -130.876099 18.465536 0.875000
v -130.917465 18.625000 1.000000
v -130.946472 18.608253 1.125000
v -131.025726 18.562500 1.216506
v -131.133972 18.500000 1.250000
v -131.242233 18.437500 1.216506
v -131.321472 18.391747 1.125000
v -131.350479 18.375000 1.000000
v -131.321472 18.391747 0.875000
v -131.242233 18.437500 0.783494
v -131.133972 18.500000 0.750000
v -131.025726 18.562500 0.783494
v -130.946472 18.608253 0.875000
v -131.008301 18.760952 1.000000
v -131.034882 18.740562 1.125000
v -131.107483 18.684856 1.216506
v -131.206650 18.608761 1.250000
v -131.305817 18.532665 1.216506
v -131.378418 18.476961 1.125000
v -131.404984 18.456572 1.000000
v -131.378418 18.476961 0.875000
v -131.305817 18.532665 0.783494
v -131.206650 18.608761 0.750000
v -131.107483 18.684856 0.783494
v -131.034882 18.740562 0.875000
v -131.116119 18.883884 1.000000
v -131.139801 18.860201 1.125000
v -131.204498 18.795494 1.216506
v -131.292892 18.707108 1.250000
v -131.381287 18.618719 1.216506
v -131.445984 18.554014 1.125000
v -131.469666 18.530331 1.000000
v -131.445984 18.554014 0.875000
v -131.381287 18.618719 0.783494
v -131.292892 18.707108 0.750000
v -131.204498 18.795494 0.783494
v -131.139801 18.860201 0.875000
v -131.239044 18.991692 1.000000
v -131.259445 18.965118 1.125000
v -131.315140 18.892523 1.216506
v -131.391235 18.793352 1.250000
v -131.467331 18.694183 1.216506
v -131.523041 18.621588 1.125000
v -131.543427 18.595015 1.000000
v -131.523041 18.621588 0.875000
v -131.467331 18.694183 0.783494
v -131.391235 18.793352 0.750000
v -131.315140 18.892523 0.783494
v -131.259445 18.965118 0.875000
v -131.375000 19.082533 1.000000
v -131.391754 19.053524 1.125000
v -131.437500 18.974279 1.216506
v -131.500000 18.866024 1.250000
v -131.562500 18.757772 1.216506
v -131.608246 18.678524 1.125000
v -131.625000 18.649519 1.000000
v -131.608246 18.678524 0.875000
v -131.562500 18.757772 0.783494
v -131.500000 18.866024 0.750000
v -131.437500 18.974279 0.783494
v -131.391754 19.053524 0.875000
v -131.521652 19.154850 1.000000
v -131.534470 19.123905 1.125000
v -131.569489 19.039364 1.216506
v -131.617310 18.923880 1.250000
v -131.665146 18.808393 1.216506
v -131.700165 18.723854 1.125000
v -131.712982 18.692909 1.000000
v -131.700165 18.723854 0.875000
v -131.665146 18.808393 0.783494
v -131.617310 18.923880 0.750000
v -131.569489 19.039364 0.783494
v -131.534470 19.123905 0.875000
v -131.676483 19.207407 1.000000
v -131.685150 19.175055 1.125000
v -131.708832 19.086666 1.216506
v -131.741180 18.965925 1.250000
v -131.773529 18.845184 1.216506
v -131.797211 18.756798 1.125000
v -131.805893 18.724443 1.000000
v -131.797211 18.756798 0.875000
v -131.773529 18.845184 0.783494
v -131.741180 18.965925 0.750000
v -131.708832 19.086666 0.783494
v -131.685150 19.175055 0.875000
v -131.836838 19.239305 1.000000
v -131.841217 19.206099 1.125000
v -131.853165 19.115376 1.216506
v -131.869476 18.991446 1.250000
v -131.885788 18.867514 1.216506
v -131.897736 18.776791 1.125000
v -131.902100 18.743584 1.000000
v -131.897736 18.776791 0.875000
v -131.885788 18.867514 0.783494
v -131.869476 18.991446 0.750000
v -131.853165 19.115376 0.783494
v -131.841217 19.206099 0.875000
v -132.000000 19.250000 1.000000
v -132.000000 19.216507 1.125000
v -132.000000 19.125000 1.216506
v -132.000000 19.000000 1.250000
v -132.000000 18.875000 1.216506
v -132.000000 18.783493 1.125000
v -132.000000 18.750000 1.000000
v -132.000000 18.783493 0.875000
v -132.000000 18.875000 0.783494
v -132.000000 19.000000 0.750000
v -132.000000 19.125000 0.783494
v -132.000000 19.216507 0.875000
v -132.163162 19.239305 1.000000
v -132.158783 19.206099 1.125000
v -132.146835 19.115376 1.216506
v -132.130524 18.991446 1.250000
v -132.114212 18.867514 1.216506
v -132.102264 18.776791 1.125000
v -132.097900 18.743584 1.000000
v -132.102264 18.776791 0.875000
v -132.114212 18.867514 0.783494
v -132.130524 18.991446 0.750000
v -132.146835 19.115376 0.783494
v -132.158783 19.206099 0.875000
v -132.323517 19.207407 1.000000
v -132.314850 19.175055 1.125000
v -132.291168 19.086666 1.216506
v -132.258820 18.965925 1.250000
v -132.226471 18.845184 1.216506
v -132.202789 18.756798 1.125000
v -132.194107 18.724443 1.000000
v -132.202789 18.756798 0.875000
v -132.226471 18.845184 0.783494
v -132.258820 18.965925 0.750000
v -132.291168 19.086666 0.783494
v -132.314850 19.175055 0.875000
v -132.478348 19.154850 1.000000
v -132.465530 19.123905 1.125000
v -132.430511 19.039364 1.216506
v -132.382690 18.923880 1.250000
v -132.334854 18.808395 1.216506
v -132.299835 18.723854 1.125000
v -132.287018 18.692909 1.000000
v -132.299835 18.723854 0.875000
v -132.334854 18.808395 0.783494
v -132.382690 18.923880 0.750000
v -132.430511 19.039364 0.783494
v -132.465530 19.123905 0.875000
v -132.625000 19.082533 1.000000
v -132.608246 19.053526 1.125000
v -132.562500 18.974279 1.216506
v -132.500000 18.866026 1.250000
v -132.437500 18.757772 1.216506
v -132.391754 18.678524 1.125000
v -132.375000 18.649519 1.000000
v -132.391754 18.678524 0.875000
v -132.437500 18.757772 0.783494
v -132.500000 18.866026 0.750000
v -132.562500 18.974279 0.783494
v -132.608246 19.053526 0.875000
v -132.760956 18.991692 1.000000
v -132.740555 18.965118 1.125000
v -132.684860 18.892523 1.216506
v -132.608765 18.793352 1.250000
v -132.532669 18.694183 1.216506
v -132.476959 18.621588 1.125000
v -132.456573 18.595015 1.000000
v -132.476959 18.621588 0.875000
v -132.532669 18.694183 0.783494
v -132.608765 18.793352 0.750000
v -132.684860 18.892523 0.783494
v -132.740555 18.965118 0.875000
v -132.883881 18.883883 1.000000
v -132.860199 18.860201 1.125000
v -132.795502 18.795494 1.216506
v -132.707108 18.707108 1.250000
v -132.618713 18.618717 1.216506
v -132.554016 18.554012 1.125000
v -132.530334 18.530331 1.000000
v -132.554016 18.554012 0.875000
v -132.618713 18.618717 0.783494
v -132.707108 18.707108 0.750000
v -132.795502 18.795494 0.783494
v -132.860199 18.860201 0.875000
v -132.991699 18.760952 1.000000
v -132.965118 18.740562 1.125000
v -132.892517 18.684856 1.216506
v -132.793350 18.608761 1.250000
v -132.694183 18.532665 1.216506
v -132.621582 18.476961 1.125000
v -132.595016 18.456572 1.000000
v -132.621582 18.476961 0.875000
v -132.694183 18.532665 0.783494
v -132.793350 18.608761 0.750000
v -132.892517 18.684856 0.783494
v -132.965118 18.740562 0.875000
v -133.082535 18.625000 1.000000
v -133.053528 18.608253 1.125000
v -132.974274 18.562500 1.216506
v -132.866028 18.500000 1.250000
v -132.757767 18.437500 1.216506
v -132.678528 18.391747 1.125000
v -132.649521 18.375000 1.000000
v -132.678528 18.391747 0.875000
v -132.757767 18.437500 0.783494
v -132.866028 18.500000 0.750000
v -132.974274 18.562500 0.783494
v -133.053528 18.608253 0.875000
v -133.154846 18.478354 1.000000
v -133.123901 18.465536 1.125000
v -133.039368 18.430519 1.216506
v -132.923874 18.382685 1.250000
v -132.808395 18.334848 1.216506
v -132.723846 18.299829 1.125000
v -132.692917 18.287012 1.000000
v -132.723846 18.299829 0.875000
v -132.808395 18.334848 0.783494
v -132.923874 18.382683 0.750000
v -133.039368 18.430519 0.783494
v -133.123901 18.465536 0.875000
v -133.207413 18.323524 1.000000
v -133.175049 18.314856 1.125000
v -133.086670 18.291170 1.216506
v -132.965927 18.258820 1.250000
v -132.845184 18.226467 1.216506
v -132.756790 18.202784 1.125000
v -132.724442 18.194115 1.000000
v -132.756790 18.202784 0.875000
v -132.845184 18.226467 0.783494
v -132.965927 18.258820 0.750000
v -133.086670 18.291170 0.783494
v -133.175049 18.314856 0.875000
v -133.239304 18.163158 1.000000
v -133.206100 18.158787 1.125000
v -133.115372 18.146843 1.216506
v -132.991440 18.130526 1.250000
v -132.867508 18.114210 1.216506
v -132.776794 18.102266 1.125000
v -132.743591 18.097895 1.000000
v -132.776794 18.102266 0.875000
v -132.867508 18.114210 0.783494
v -132.991440 18.130526 0.750000
v -133.115372 18.146841 0.783494
v -133.206100 18.158787 0.875000
v -133.250000 18.000000 1.000000
v -133.216507 18.000000 1.125000
v -133.125000 18.000000 1.216506
v -133.000000 18.000000 1.250000
v -132.875000 18.000000 1.216506
v -132.783493 18.000000 1.125000
v -132.750000 18.000000 1.000000
v -132.783493 18.000000 0.875000
v -132.875000 18.000000 0.783494
v -133.000000 18.000000 0.750000
v -133.125000 18.000000 0.783494
v -133.216507 18.000000 0.875000
v -133.239304 17.836842 1.000000
v -133.206100 17.841213 1.125000
v -133.115372 17.853159 1.216506
v -132.991440 17.869474 1.250000
v -132.867508 17.885790 1.216506
v -132.776794 17.897734 1.125000
v -132.743591 17.902105 1.000000
v -132.776794 17.897734 0.875000
v -132.867508 17.885790 0.783494
v -132.991440 17.869474 0.750000
v -133.115372 17.853157 0.783494
v -133.206100 17.841213 0.875000
v -133.207413 17.676476 1.000000
v -133.175049 17.685144 1.125000
v -133.086670 17.708830 1.216506
v -132.965927 17.741180 1.250000
v -132.845184 17.773533 1.216506
v -132.756790 17.797216 1.125000
v -132.724442 17.805885 1.000000
v -132.756790 17.797216 0.875000
v -132.845184 17.773533 0.783494
v -132.965927 17.741180 0.750000
v -133.086670 17.708830 0.783494
v -133.175049 17.685144 0.875000
v -133.154846 17.521646 1.000000
v -133.123901 17.534464 1.125000
v -133.039368 17.569483 1.216506
v -132.923874 17.617317 1.250000
v -132.808395 17.665152 1.216506
v -132.723846 17.700171 1.125000
v -132.692917 17.712988 1.000000
v -132.723846 17.700171 0.875000
v -132.808395 17.665152 0.783494
v -132.923874 17.617317 0.750000
v -133.039368 17.569483 0.783494
v -133.123901 17.534464 0.875000
v -133.082535 17.375000 1.000000
v -133.053528 17.391747 1.125000
v -132.974274 17.437500 1.216506
v -132.866028 17.500000 1.250000
v -132.757767 17.562500 1.216506
v -132.678528 17.608253 1.125000
v -132.649521 17.625000 1.000000
v -132.678528 17.608253 0.875000
v -132.757767 17.562500 0.783494
v -132.866028 17.500000 0.750000
v -132.974274 17.437500 0.783494
v -133.053528 17.391747 0.875000
v -132.991699 17.239048 1.000000
v -132.965118 17.259438 1.125000
v -132.892517 17.315144 1.216506
v -132.793350 17.391239 1.250000
v -132.694183 17.467335 1.216506
v -132.621582 17.523039 1.125000
v -132.595016 17.543428 1.000000
v -132.621582 17.523039 0.875000
v -132.694183 17.467335 0.783494
v -132.793350 17.391239 0.750000
v -132.892517 17.315144 0.783494
v -132.965118 17.259438 0.875000
v -132.883881 17.116117 1.000000
v -132.860199 17.139799 1.125000
v -132.795502 17.204506 1.216506
v -132.707108 17.292892 1.250000
v -132.618713 17.381283 1.216506
v -132.554016 17.445988 1.125000
v -132.530334 17.469669 1.000000
v -132.554016 17.445988 0.875000
v -132.618713 17.381283 0.783494
v -132.707108 17.292892 0.750000
v -132.795502 17.204506 0.783494
v -132.860199 17.139799 0.875000
v -132.760956 17.008308 1.000000
v -132.740570 17.034882 1.125000
v -132.684860 17.107477 1.216506
v -132.608765 17.206648 1.250000
v -132.532669 17.305817 1.216506
v -132.476959 17.378412 1.125000
v -132.456573 17.404985 1.000000
v -132.476959 17.378412 0.875000
v -132.532669 17.305817 0.783494
v -132.608765 17.206648 0.750000
v -132.684860 17.107477 0.783494
v -132.740570 17.034882 0.875000
v -132.625000 16.917467 1.000000
v -132.608246 16.946474 1.125000
v -132.562500 17.025721 1.216506
v -132.500000 17.133974 1.250000
v -132.437500 17.242228 1.216506
v -132.391754 17.321476 1.125000
v -132.375000 17.350481 1.000000
v -132.391754 17.321476 0.875000
v -132.437500 17.242228 0.783494
v -132.500000 17.133974 0.750000
v -132.562500 17.025721 0.783494
v -132.608246 16.946474 0.875000
v -132.478348 16.845150 1.000000
v -132.465530 16.876095 1.125000
v -132.430511 16.960636 1.216506
v -132.382690 17.076120 1.250000
v -132.334854 17.191605 1.216506
v -132.299835 17.276146 1.125000
v -132.287018 17.307091 1.000000
v -132.299835 17.276146 0.875000
v -132.334854 17.191605 0.783494
v -132.382690 17.076120 0.750000
v -132.430511 16.960636 0.783494
v -132.465530 16.876095 0.875000
v -132.323517 16.792593 1.000000
v -132.314850 16.824945 1.125000
v -132.291168 16.913334 1.216506
v -132.258820 17.034075 1.250000
v -132.226471 17.154816 1.216506
v -132.202789 17.243202 1.125000
v -132.194122 17.275557 1.000000
v -132.202789 17.243202 0.875000
v -132.226471 17.154816 0.783494
v -132.258820 17.034075 0.750000
v -132.291168 16.913334 0.783494
v -132.314850 16.824945 0.875000
v -132.163162 16.760695 1.000000
v -132.158783 16.793901 1.125000
v -132.146851 16.884624 1.216506
v -132.130524 17.008554 1.250000
v -132.114212 17.132486 1.216506
v -132.102264 17.223209 1.125000
v -132.097900 17.256416 1.000000
v -132.102264 17.223209 0.875000
v -132.114212 17.132486 0.783494
v -132.130524 17.008554 0.750000
v -132.146851 16.884624 0.783494
v -132.158783 16.793901 0.875000
v -132.000000 16.750000 1.000000
v -132.000000 16.783493 1.125000
v -132.000000 16.875000 1.216506
v -132.000000 17.000000 1.250000
v -132.000000 17.125000 1.216506
v -132.000000 17.216507 1.125000
v -132.000000 17.250000 1.000000
v -132.000000 17.216507 0.875000
v -132.000000 17.125000 0.783494
v -132.000000 17.000000 0.750000
v -132.000000 16.875000 0.783494
v -132.000000 16.783493 0.875000
v -131.836838 16.760695 1.000000
v -131.841217 16.793901 1.125000
v -131.853165 16.884624 1.216506
v -131.869476 17.008554 1.250000
v -131.885788 17.132486 1.216506
v -131.897736 17.223209 1.125000
v -131.902100 17.256416 1.000000
v -131.897736 17.223209 0.875000
v -131.885788 17.132486 0.783494
v -131.869476 17.008554 0.750000
v -131.853165 16.884624 0.783494
v -131.841217 16.793901 0.875000
v -131.676483 16.792593 1.000000
v -131.685150 16.824945 1.125000
v -131.708832 16.913334 1.216506
v -131.741180 17.034075 1.250000
v -131.773529 17.154816 1.216506
v -131.797211 17.243202 1.125000
v -131.805893 17.275557 1.000000
v -131.797211 17.243202 0.875000
v -131.773529 17.154816 0.783494
v -131.741180 17.034075 0.750000
v -131.708832 16.913334 0.783494
v -131.685150 16.824945 0.875000
v -131.521652 16.845150 1.000000
v -131.534470 16.876095 1.125000
v -131.569489 16.960636 1.216506
v -131.617310 17.076120 1.250000
v -131.665146 17.191607 1.216506
v -131.700165 17.276146 1.125000
v -131.712982 17.307091 1.000000
v -131.700165 17.276146 0.875000
v -131.665146 17.191607 0.783494
v -131.617310 17.076120 0.750000
v -131.569489 16.960636 0.783494
v -131.534470 16.876095 0.875000
v -131.375000 16.917467 1.000000
v -131.391754 16.946476 1.125000
v -131.437500 17.025721 1.216506
v -131.500000 17.133976 1.250000
v -131.562500 17.242228 1.216506
v -131.608246 17.321476 1.125000
v -131.625000 17.350481 1.000000
v -131.608246 17.321476 0.875000
v -131.562500 17.242228 0.783494
v -131.500000 17.133976 0.750000
v -131.437500 17.025721 0.783494
v -131.391754 16.946476 0.875000
v -131.239044 17.008308 1.000000
v -131.259445 17.034880 1.125000
v -131.315140 17.107477 1.216506
v -131.391235 17.206648 1.250000
v -131.467331 17.305817 1.216506
v -131.523041 17.378412 1.125000
v -131.543427 17.404985 1.000000
v -131.523041 17.378412 0.875000
v -131.467331 17.305817 0.783494
v -131.391235 17.206648 0.750000
v -131.315140 17.107477 0.783494
v -131.259445 17.034880 0.875000
v -131.116119 17.116116 1.000000
v -131.139801 17.139799 1.125000
v -131.204498 17.204504 1.216506
v -131.292892 17.292892 1.250000
v -131.381287 17.381281 1.216506
v -131.445984 17.445986 1.125000
v -131.469666 17.469669 1.000000
v -131.445984 17.445986 0.875000
v -131.381287 17.381281 0.783494
v -131.292892 17.292892 0.750000
v -131.204498 17.204504 0.783494
v -131.139801 17.139799 0.875000
v -131.008301 17.239048 1.000000
v -131.034882 17.259438 1.125000
v -131.107483 17.315144 1.216506
v -131.206650 17.391239 1.250000
v -131.305817 17.467335 1.216506
v -131.378418 17.523039 1.125000
v -131.404984 17.543428 1.000000
v -131.378418 17.523039 0.875000
v -131.305817 17.467335 0.783494
v -131.206650 17.391239 0.750000
v -131.107483 17.315144 0.783494
v -131.034882 17.259438 0.875000
v -130.917465 17.375000 1.000000
v -130.946472 17.391747 1.125000
v -131.025726 17.437500 1.216506
v -131.133972 17.500000 1.250000
v -131.242233 17.562500 1.216506
v -131.321472 17.608253 1.125000
v -131.350479 17.625000 1.000000
v -131.321472 17.608253 0.875000
v -131.242233 17.562500 0.783494
v -131.133972 17.500000 0.750000
v -131.025726 17.437500 0.783494
v -130.946472 17.391747 0.875000
v -130.845154 17.521645 1.000000
v -130.876099 17.534464 1.125000
v -130.960632 17.569481 1.216506
v -131.076126 17.617315 1.250000
v -131.191605 17.665152 1.216506
v -131.276154 17.700171 1.125000
v -131.307083 17.712988 1.000000
v -131.276154 17.700171 0.875000
v -131.191605 17.665152 0.783494
v -131.076126 17.617315 0.750000
v -130.960632 17.569481 0.783494
v -130.876099 17.534464 0.875000
v -130.792587 17.676477 1.000000
v -130.824951 17.685144 1.125000
v -130.913330 17.708830 1.216506
v -131.034073 17.741180 1.250000
v -131.154816 17.773535 1.216506
v -131.243210 17.797216 1.125000
v -131.275558 17.805885 1.000000
v -131.243210 17.797216 0.875000
v -131.154816 17.773535 0.783494
v -131.034073 17.741180 0.750000
v -130.913330 17.708830 0.783494
v -130.824951 17.685144 0.875000
v -130.760696 17.836842 1.000000
v -130.793900 17.841213 1.125000
v -130.884628 17.853159 1.216506
v -131.008560 17.869474 1.250000
v -131.132492 17.885790 1.216506
v -131.223206 17.897734 1.125000
v -131.256409 17.902105 1.000000
v -131.223206 17.897734 0.875000
v -131.132492 17.885790 0.783494
v -131.008560 17.869474 0.750000
v -130.884628 17.853157 0.783494
v -130.793900 17.841213 0.875000
vn 0.9640 0.0632 0.2583
vn 0.7063 0.0463 0.7063
vn 0.2588 0.0170 0.9658
vn -0.2588 -0.0170 0.9658
vn -0.7063 -0.0463 0.7063
vn -0.9640 -0.0632 0.2583
vn -0.9640 -0.0632 -0.2583
vn -0.7063 -0.0463 -0.7063
vn -0.2588 -0.0170 -0.9658
vn 0.2588 0.0170 -0.9658
vn 0.7063 0.0463 -0.7063
vn 0.9640 0.0632 -0.2583
vn 0.9475 0.1885 0.2583
vn 0.6943 0.1381 0.7063
vn 0.2544 0.0506 0.9658
vn -0.2544 -0.0506 0.9658
vn -0.6943 -0.1381 0.7063
vn -0.9475 -0.1885 0.2583
vn -0.9475 -0.1885 -0.2583
vn -0.6943 -0.1381 -0.7063
vn -0.2544 -0.0506 -0.9658
vn 0.2544 0.0506 -0.9658
vn 0.6943 0.1381 -0.7063
vn 0.9475 0.1885 -0.2583
vn 0.9148 0.3105 0.2583
vn 0.6703 0.2275 0.7063
vn 0.2456 0.0834 0.9658
vn -0.2456 -0.0834 0.9658
vn -0.6703 -0.2275 0.7063
vn -0.9148 -0.3105 0.2583
vn -0.9148 -0.3105 -0.2583
vn -0.6703 -0.2275 -0.7063
vn -0.2456 -0.0834 -0.9658
vn 0.2456 0.0834 -0.9658
vn 0.6703 0.2275 -0.7064
vn 0.9148 0.3105 -0.2583
vn 0.8664 0.4273 0.2583
vn 0.6349 0.3131 0.7063
vn 0.2326 0.1147 0.9658
vn -0.2326 -0.1147 0.9658
vn -0.6349 -0.3131 0.7064
vn -0.8664 -0.4273 0.2583
vn -0.8664 -0.4273 -0.2583
vn -0.6349 -0.3131 -0.7064
vn -0.2326 -0.1147 -0.9658
vn 0.2326 0.1147 -0.9658
vn 0.6349 0.3131 -0.7063
vn 0.8664 0.4273 -0.2583
vn 0.8033 0.5367 0.2583
vn 0.5886 0.3933 0.7063
vn 0.2156 0.1441 0.9658
vn -0.2156 -0.1441 0.9658
vn -0.5886 -0.3933 0.7063
vn -0.8033 -0.5367 0.2583
vn -0.8033 -0.5367 -0.2583
vn -0.5886 -0.3933 -0.7063
vn -0.2156 -0.1441 -0.9658
vn 0.2156 0.1441 -0.9658
vn 0.5886 0.3933 -0.7063
vn 0.8033 0.5367 -0.2583
vn 0.7263 0.6370 0.2583
vn 0.5322 0.4667 0.7064
vn 0.1950 0.1710 0.9658
vn -0.1950 -0.1710 0.9658
vn -0.5322 -0.4667 0.7063
vn -0.7263 -0.6370 0.2583
vn -0.7263 -0.6370 -0.2583
vn -0.5322 -0.4667 -0.7063
vn -0.1950 -0.1710 -0.9658
vn 0.1950 0.1710 -0.9658
vn 0.5322 0.4667 -0.7064
vn 0.7263 0.6370 -0.2583
vn 0.6370 0.7263 0.2583
vn 0.4667 0.5322 0.7064
vn 0.1710 0.1950 0.9658
vn -0.1710 -0.1950 0.9658
vn -0.4667 -0.5322 0.7063
vn -0.6370 -0.7263 0.2583
vn -0.6370 -0.7263 -0.2583
vn -0.4667 -0.5322 -0.7063
vn -0.1710 -0.1950 -0.9658
vn 0.1710 0.1950 -0.9658
vn 0.4667 0.5322 -0.7064
vn 0.6370 0.7263 -0.2583
vn 0.5367 0.8033 0.2583
vn 0.3933 0.5886 0.7063
vn 0.1441 0.2156 0.9658
vn -0.1441 -0.2156 0.9658
vn -0.3933 -0.5886 0.7063
vn -0.5367 -0.8033 0.2583
vn -0.5367 -0.8033 -0.2583
vn -0.3933 -0.5886 -0.7063
vn -0.1441 -0.2156 -0.9658
vn 0.1441 0.2156 -0.9658
vn 0.3933 0.5886 -0.7063
vn 0.5367 0.8033 -0.2583
vn 0.4273 0.8664 0.2583
vn 0.3131 0.6349 0.7063
vn 0.1147 0.2326 0.9658
vn -0.1147 -0.2326 0.9658
vn -0.3131 -0.6349 0.7063
vn -0.4273 -0.8664 0.2583
vn -0.4273 -0.8664 -0.2583
vn -0.3131 -0.6349 -0.7063
vn -0.1147 -0.2326 -0.9658
vn 0.1147 0.2326 -0.9658
vn 0.3131 0.6349 -0.7063
vn 0.4273 0.8664 -0.2583
vn 0.3105 0.9148 0.2583
vn 0.2275 0.6703 0.7064
vn 0.0834 0.2456 0.9658
vn -0.0834 -0.2456 0.9658
vn -0.2275 -0.6703 0.7063
vn -0.3105 -0.9148 0.2583
vn -0.3105 -0.9148 -0.2583
vn -0.2275 -0.6703 -0.7063
vn -0.0834 -0.2456 -0.9658
vn 0.0834 0.2456 -0.9658
vn 0.2275 0.6703 -0.7063
vn 0.3105 0.9148 -0.2583
vn 0.1885 0.9475 0.2583
vn 0.1381 0.6943 0.7063
vn 0.0506 0.2544 0.9658
vn -0.0506 -0.2544 0.9658
vn -0.1381 -0.6943 0.7063
vn -0.1885 -0.9475 0.2583
vn -0.1885 -0.9475 -0.2583
vn -0.1381 -0.6943 -0.7063
vn -0.0506 -0.2544 -0.9658
vn 0.0506 0.2544 -0.9658
vn 0.1381 0.6943 -0.7063
vn 0.1885 0.9475 -0.2583
vn 0.0632 0.9640 0.2583
vn 0.0463 0.7063 0.7063
vn 0.0170 0.2588 0.9658
vn -0.0170 -0.2588 0.9658
vn -0.0463 -0.7063 0.7063
vn -0.0632 -0.9640 0.2583
vn -0.0632 -0.9640 -0.2583
vn -0.0463 -0.7063 -0.7063
vn -0.0170 -0.2588 -0.9658
vn 0.0170 0.2588 -0.9658
vn 0.0463 0.7063 -0.7063
vn 0.0632 0.9640 -0.2583
vn -0.0632 0.9640 0.2583
vn -0.0463 0.7063 0.7064
vn -0.0170 0.2588 0.9658
vn 0.0170 -0.2588 0.9658
vn 0.0463 -0.7063 0.7063
vn 0.0632 -0.9640 0.2583
vn 0.0632 -0.9640 -0.2583
vn 0.0463 -0.7063 -0.7063
vn 0.0170 -0.2588 -0.9658
vn -0.0170 0.2588 -0.9658
vn -0.0463 0.7063 -0.7064
vn -0.0632 0.9640 -0.2583
vn -0.1885 0.9475 0.2583
vn -0.1381 0.6943 0.7064
vn -0.0506 0.2544 0.9658
vn 0.0506 -0.2544 0.9658
vn 0.1381 -0.6943 0.7063
vn 0.1885 -0.9475 0.2583
vn 0.1885 -0.9475 -0.2583
vn 0.1381 -0.6943 -0.7063
vn 0.0506 -0.2544 -0.9658
vn -0.0506 0.2544 -0.9658
vn -0.1381 0.6943 -0.7064
vn -0.1885 0.9475 -0.2583
vn -0.3105 0.9148 0.2583
vn -0.2275 0.6703 0.7063
vn -0.0834 0.2456 0.9658
vn 0.0834 -0.2456 0.9658
vn 0.2275 -0.6703 0.7063
vn 0.3105 -0.9148 0.2583
vn 0.3105 -0.9148 -0.2583
vn 0.2275 -0.6703 -0.7063
vn 0.0834 -0.2456 -0.9658
vn -0.0834 0.2456 -0.9658
vn -0.2275 0.6703 -0.7064
vn -0.3105 0.9148 -0.2583
vn -0.4273 0.8664 0.2583
vn -0.3131 0.6349 0.7064
vn -0.1147 0.2326 0.9658
vn 0.1147 -0.2326 0.9658
vn 0.3131 -0.6349 0.7064
vn 0.4273 -0.8664 0.2583
vn 0.4273 -0.8664 -0.2583
vn 0.3131 -0.6349 -0.7064
vn 0.1147 -0.2326 -0.9658
vn -0.1147 0.2326 -0.9658
vn -0.3131 0.6349 -0.7064
vn -0.4273 0.8664 -0.2583
vn -0.5367 0.8033 0.2583
vn -0.3933 0.5886 0.7063
vn -0.1441 0.2156 0.9658
vn 0.1441 -0.2156 0.9658
vn 0.3933 -0.5886 0.7063
vn 0.5367 -0.8033 0.2583
vn 0.5367 -0.8033 -0.2583
vn 0.3933 -0.5886 -0.7063
vn 0.1441 -0.2156 -0.9658
vn -0.1441 0.2156 -0.9658
vn -0.3933 0.5886 -0.7063
vn -0.5367 0.8033 -0.2583
vn -0.6370 0.7263 0.2583
vn -0.4667 0.5322 0.7064
vn -0.1710 0.1950 0.9658
vn 0.1710 -0.1950 0.9658
vn 0.4667 -0.5322 0.7064
vn 0.6370 -0.7263 0.2583
vn 0.6370 -0.7263 -0.2583
vn 0.4667 -0.5322 -0.7064
vn 0.1710 -0.1950 -0.9658
vn -0.1710 0.1950 -0.9658
vn -0.4667 0.5322 -0.7064
vn -0.6370 0.7263 -0.2583
vn -0.7263 0.6370 0.2583
vn -0.5322 0.4667 0.7064
vn -0.1950 0.1710 0.9658
vn 0.1950 -0.1710 0.9658
vn 0.5322 -0.4667 0.7064
vn 0.7263 -0.6370 0.2583
vn 0.7263 -0.6370 -0.2583
vn 0.5322 -0.4667 -0.7063
vn 0.1950 -0.1710 -0.9658
vn -0.1950 0.1710 -0.9658
vn -0.5322 0.4667 -0.7064
vn -0.7263 0.6370 -0.2583
vn -0.8033 0.5367 0.2583
vn -0.5886 0.3933 0.7063
vn -0.2156 0.1441 0.9658
vn 0.2156 -0.1441 0.9658
vn 0.5886 -0.3933 0.7063
vn 0.8033 -0.5367 0.2583
vn 0.8033 -0.5367 -0.2583
vn 0.5886 -0.3933 -0.7063
vn 0.2156 -0.1441 -0.9658
vn -0.2156 0.1441 -0.9658
vn -0.5886 0.3933 -0.7063
vn -0.8033 0.5367 -0.2583
vn -0.8664 0.4273 0.2583
vn -0.6349 0.3131 0.7064
vn -0.2326 0.1147 0.9658
vn 0.2326 -0.1147 0.9658
vn 0.6349 -0.3131 0.7064
vn 0.8664 -0.4273 0.2583
vn 0.8664 -0.4273 -0.2583
vn 0.6349 -0.3131 -0.7064
vn 0.2326 -0.1147 -0.9658
vn -0.2326 0.1147 -0.9658
vn -0.6349 0.3131 -0.7064
vn -0.8664 0.4273 -0.2583
vn -0.9148 0.3105 0.2583
vn -0.6703 0.2275 0.7063
vn -0.2456 0.0834 0.9658
vn 0.2456 -0.0834 0.9658
vn 0.6703 -0.2275 0.7063
vn 0.9148 -0.3105 0.2583
vn 0.9148 -0.3105 -0.2583
vn 0.6703 -0.2275 -0.7063
vn 0.2456 -0.0834 -0.9658
vn -0.2456 0.0834 -0.9658
vn -0.6703 0.2275 -0.7064
vn -0.9148 0.3105 -0.2583
vn -0.9475 0.1885 0.2583
vn -0.6943 0.1381 0.7064
vn -0.2544 0.0506 0.9658
vn 0.2544 -0.0506 0.9658
vn 0.6943 -0.1381 0.7063
vn 0.9475 -0.1885 0.2583
vn 0.9475 -0.1885 -0.2583
vn 0.6943 -0.1381 -0.7063
vn 0.2544 -0.0506 -0.9658
vn -0.2544 0.0506 -0.9658
vn -0.6943 0.1381 -0.7063
vn -0.9475 0.1885 -0.2583
vn -0.9640 0.0632 0.2583
vn -0.7063 0.0463 0.7064
vn -0.2588 0.0170 0.9658
vn 0.2588 -0.0170 0.9658
vn 0.7063 -0.0463 0.7063
vn 0.9640 -0.0632 0.2583
vn 0.9640 -0.0632 -0.2583
vn 0.7063 -0.0463 -0.7063
vn 0.2588 -0.0170 -0.9658
vn -0.2588 0.0170 -0.9658
vn -0.7063 0.0463 -0.7064
vn -0.9640 0.0632 -0.2583
vn -0.7063 -0.0463 0.7064
vn -0.7063 -0.0463 -0.7064
vn -0.6943 -0.1381 -0.7064
vn -0.6703 -0.2275 0.7064
vn 0.6703 0.2275 -0.7063
vn -0.6703 -0.2275 -0.7064
vn 0.6349 0.3131 0.7064
vn 0.6349 0.3131 -0.7064
vn -0.5322 -0.4667 0.7064
vn 0.5322 0.4667 -0.7063
vn -0.5322 -0.4667 -0.7064
vn -0.4667 -0.5322 0.7064
vn -0.4667 -0.5322 -0.7064
vn -0.3933 -0.5886 0.7064
vn 0.3933 0.5886 0.7064
vn 0.3933 0.5886 -0.7064
vn -0.3933 -0.5886 -0.7064
vn -0.3131 -0.6349 0.7064
vn 0.3131 0.6349 0.7064
vn 0.3131 0.6349 -0.7064
vn -0.3131 -0.6349 -0.7064
vn -0.2275 -0.6703 0.7064
vn 0.2275 0.6703 0.7063
vn -0.2275 -0.6703 -0.7064
vn -0.1381 -0.6943 0.7064
vn -0.1381 -0.6943 -0.7064
vn -0.0463 -0.7063 0.7064
vn -0.0463 -0.7063 -0.7064
vn -0.0463 0.7063 0.7063
vn -0.0463 0.7063 -0.7063
vn -0.1381 0.6943 0.7063
vn -0.1381 0.6943 -0.7063
vn -0.2275 0.6703 -0.7063
vn 0.3131 -0.6349 0.7063
vn -0.3131 0.6349 0.7063
vn -0.3131 0.6349 -0.7063
vn 0.3131 -0.6349 -0.7063
vn 0.4667 -0.5322 0.7063
vn 0.4667 -0.5322 -0.7063
vn 0.5322 -0.4667 0.7063
vn -0.5322 0.4667 0.7063
vn -0.5322 0.4667 -0.7063
vn 0.6349 -0.3131 0.7063
vn -0.6349 0.3131 0.7063
vn -0.6349 0.3131 -0.7063
vn 0.6349 -0.3131 -0.7063
vn 0.6703 -0.2275 0.7064
vn -0.6703 0.2275 -0.7063
vn -0.6943 0.1381 0.7063
vn -0.7063 0.0463 0.7063
vn -0.7063 0.0463 -0.7063
vt 0.500000 0.500000
vt 0.520833 0.500000
vt 0.520833 0.583333
vt 0.500000 0.583333
vt 0.520833 0.666667
vt 0.500000 0.666667
vt 0.520833 0.750000
vt 0.500000 0.750000
vt 0.520833 0.833333
vt 0.500000 0.833333
vt 0.520833 0.916667
vt 0.500000 0.916667
vt 0.520833 1.000000
vt 0.500000 1.000000
vt 0.500000 0.000000
vt 0.520833 0.000000
vt 0.520833 0.083333
vt 0.500000 0.083333
vt 0.520833 0.166667
vt 0.500000 0.166667
vt 0.520833 0.250000
vt 0.500000 0.250000
vt 0.520833 0.333333
vt 0.500000 0.333333
vt 0.520833 0.416667
vt 0.500000 0.416667
vt 0.541667 0.500000
vt 0.541667 0.583333
vt 0.541667 0.666667
vt 0.541667 0.750000
vt 0.541667 0.833333
vt 0.541667 0.916667
vt 0.541667 1.000000
vt 0.541667 0.000000
vt 0.541667 0.083333
vt 0.541667 0.166667
vt 0.541667 0.250000
vt 0.541667 0.333333
vt 0.541667 0.416667
vt 0.562500 0.500000
vt 0.562500 0.583333
vt 0.562500 0.666667
vt 0.562500 0.750000
vt 0.562500 0.833333
vt 0.562500 0.916667
vt 0.562500 1.000000
vt 0.562500 0.000000
vt 0.562500 0.083333
vt 0.562500 0.166667
vt 0.562500 0.250000
vt 0.562500 0.333333
vt 0.562500 0.416667
vt 0.583333 0.500000
vt 0.583333 0.583333
vt 0.583333 0.666667
vt 0.583333 0.750000
vt 0.583333 0.833333
vt 0.583333 0.916667
vt 0.583333 1.000000
vt 0.583333 0.000000
vt 0.583333 0.083333
vt 0.583333 0.166667
vt 0.583333 0.250000
vt 0.583333 0.333333
vt 0.583333 0.416667
vt 0.604167 0.500000
vt 0.604167 0.583333
vt 0.604167 0.666667
vt 0.604167 0.750000
vt 0.604167 0.833333
vt 0.604167 0.916667
vt 0.604167 1.000000
vt 0.604167 0.000000
vt 0.604167 0.083333
vt 0.604167 0.166667
vt 0.604167 0.250000
vt 0.604167 0.333333
vt 0.604167 0.416667
vt 0.625000 0.500000
vt 0.625000 0.583333
vt 0.625000 0.666667
vt 0.625000 0.750000
vt 0.625000 0.833333
vt 0.625000 0.916667
vt 0.625000 1.000000
vt 0.625000 0.000000
vt 0.625000 0.083333
vt 0.625000 0.166667
vt 0.625000 0.250000
vt 0.625000 0.333333
vt 0.625000 0.416667
vt 0.645833 0.500000
vt 0.645833 0.583333
vt 0.645833 0.666667
vt 0.645833 0.750000
vt 0.645833 0.833333
vt 0.645833 0.916667
vt 0.645833 1.000000
vt 0.645833 0.000000
vt 0.645833 0.083333
vt 0.645833 0.166667
vt 0.645833 0.250000
vt 0.645833 0.333333
vt 0.645833 0.416667
vt 0.666667 0.500000
vt 0.666667 0.583333
vt 0.666667 0.666667
vt 0.666667 0.750000
vt 0.666667 0.833333
vt 0.666667 0.916667
vt 0.666667 1.000000
vt 0.666667 0.000000
vt 0.666667 0.083333
vt 0.666667 0.166667
vt 0.666667 0.250000
vt 0.666667 0.333333
vt 0.666667 0.416667
vt 0.687500 0.500000
vt 0.687500 0.583333
vt 0.687500 0.666667
vt 0.687500 0.750000
vt 0.687500 0.833333
vt 0.687500 0.916667
vt 0.687500 1.000000
vt 0.687500 0.000000
vt 0.687500 0.083333
vt 0.687500 0.166667
vt 0.687500 0.250000
vt 0.687500 0.333333
vt 0.687500 0.416667
vt 0.708333 0.500000
vt 0.708333 0.583333
vt 0.708333 0.666667
vt 0.708333 0.750000
vt 0.708333 0.833333
vt 0.708333 0.916667
vt 0.708333 1.000000
vt 0.708333 0.000000
vt 0.708333 0.083333
vt 0.708333 0.166667
vt 0.708333 0.250000
vt 0.708333 0.333333
vt 0.708333 0.416667
vt 0.729167 0.500000
vt 0.729167 0.583333
vt 0.729167 0.666667
vt 0.729167 0.750000
vt 0.729167 0.833333
vt 0.729167 0.916667
vt 0.729167 1.000000
vt 0.729167 0.000000
vt 0.729167 0.083333
vt 0.729167 0.166667
vt 0.729167 0.250000
vt 0.729167 0.333333
vt 0.729167 0.416667
vt 0.750000 0.500000
vt 0.750000 0.583333
vt 0.750000 0.666667
vt 0.750000 0.750000
vt 0.750000 0.833333
vt 0.750000 0.916667
vt 0.750000 1.000000
vt 0.750000 0.000000
vt 0.750000 0.083333
vt 0.750000 0.166667
vt 0.750000 0.250000
vt 0.750000 0.333333
vt 0.750000 0.416667
vt 0.770833 0.500000
vt 0.770833 0.583333
vt 0.770833 0.666667
vt 0.770833 0.750000
vt 0.770833 0.833333
vt 0.770833 0.916667
vt 0.770833 1.000000
vt 0.770833 0.000000
vt 0.770833 0.083333
vt 0.770833 0.166667
vt 0.770833 0.250000
vt 0.770833 0.333333
vt 0.770833 0.416667
vt 0.791667 0.500000
vt 0.791667 0.583333
vt 0.791667 0.666667
vt 0.791667 0.750000
vt 0.791667 0.833333
vt 0.791667 0.916667
vt 0.791667 1.000000
vt 0.791667 0.000000
vt 0.791667 0.083333
vt 0.791667 0.166667
vt 0.791667 0.250000
vt 0.791667 0.333333
vt 0.791667 0.416667
vt 0.812500 0.500000
vt 0.812500 0.583333
vt 0.812500 0.666667
vt 0.812500 0.750000
vt 0.812500 0.833333
vt 0.812500 0.916667
vt 0.812500 1.000000
vt 0.812500 0.000000
vt 0.812500 0.083333
vt 0.812500 0.166667
vt 0.812500 0.250000
vt 0.812500 0.333333
vt 0.812500 0.416667
vt 0.833333 0.500000
vt 0.833333 0.583333
vt 0.833333 0.666667
vt 0.833333 0.750000
vt 0.833333 0.833333
vt 0.833333 0.916667
vt 0.833333 1.000000
vt 0.833333 0.000000
vt 0.833333 0.083333
vt 0.833333 0.166667
vt 0.833333 0.250000
vt 0.833333 0.333333
vt 0.833333 0.416667
vt 0.854167 0.500000
vt 0.854167 0.583333
vt 0.854167 0.666667
vt 0.854167 0.750000
vt 0.854167 0.833333
vt 0.854167 0.916667
vt 0.854167 1.000000
vt 0.854167 0.000000
vt 0.854167 0.083333
vt 0.854167 0.166667
vt 0.854167 0.250000
vt 0.854167 0.333333
vt 0.854167 0.416667
vt 0.875000 0.500000
vt 0.875000 0.583333
vt 0.875000 0.666667
vt 0.875000 0.750000
vt 0.875000 0.833333
vt 0.875000 0.916667
vt 0.875000 1.000000
vt 0.875000 0.000000
vt 0.875000 0.083333
vt 0.875000 0.166667
vt 0.875000 0.250000
vt 0.875000 0.333333
vt 0.875000 0.416667
vt 0.895833 0.500000
vt 0.895833 0.583333
vt 0.895833 0.666667
vt 0.895833 0.750000
vt 0.895833 0.833333
vt 0.895833 0.916667
vt 0.895833 1.000000
vt 0.895833 0.000000
vt 0.895833 0.083333
vt 0.895833 0.166667
vt 0.895833 0.250000
vt 0.895833 0.333333
vt 0.895833 0.416667
vt 0.916667 0.500000
vt 0.916667 0.583333
vt 0.916667 0.666667
vt 0.916667 0.750000
vt 0.916667 0.833333
vt 0.916667 0.916667
vt 0.916667 1.000000
vt 0.916667 0.000000
vt 0.916667 0.083333
vt 0.916667 0.166667
vt 0.916667 0.250000
vt 0.916667 0.333333
vt 0.916667 0.416667
vt 0.937500 0.500000
vt 0.937500 0.583333
vt 0.937500 0.666667
vt 0.937500 0.750000
vt 0.937500 0.833333
vt 0.937500 0.916667
vt 0.937500 1.000000
vt 0.937500 0.000000
vt 0.937500 0.083333
vt 0.937500 0.166667
vt 0.937500 0.250000
vt 0.937500 0.333333
vt 0.937500 0.416667
vt 0.958333 0.500000
vt 0.958333 0.583333
vt 0.958333 0.666667
vt 0.958333 0.750000
vt 0.958333 0.833333
vt 0.958333 0.916667
vt 0.958333 1.000000
vt 0.958333 0.000000
vt 0.958333 0.083333
vt 0.958333 0.166667
vt 0.958333 0.250000
vt 0.958333 0.333333
vt 0.958333 0.416667
vt 0.979167 0.500000
vt 0.979167 0.583333
vt 0.979167 0.666667
vt 0.979167 0.750000
vt 0.979167 0.833333
vt 0.979167 0.916667
vt 0.979167 1.000000
vt 0.979167 0.000000
vt 0.979167 0.083333
vt 0.979167 0.166667
vt 0.979167 0.250000
vt 0.979167 0.333333
vt 0.979167 0.416667
vt 1.000000 0.500000
vt 1.000000 0.583333
vt 1.000000 0.666667
vt 1.000000 0.750000
vt 1.000000 0.833333
vt 1.000000 0.916667
vt 1.000000 1.000000
vt 1.000000 0.000000
vt 1.000000 0.083333
vt 1.000000 0.166667
vt 1.000000 0.250000
vt 1.000000 0.333333
vt 1.000000 0.416667
vt 0.000000 0.500000
vt 0.020833 0.500000
vt 0.020833 0.583333
vt 0.000000 0.583333
vt 0.020833 0.666667
vt 0.000000 0.666667
vt 0.020833 0.750000
vt 0.000000 0.750000
vt 0.020833 0.833333
vt 0.000000 0.833333
vt 0.020833 0.916667
vt 0.000000 0.916667
vt 0.020833 1.000000
vt 0.000000 1.000000
vt 0.000000 0.000000
vt 0.020833 0.000000
vt 0.020833 0.083333
vt 0.000000 0.083333
vt 0.020833 0.166667
vt 0.000000 0.166667
vt 0.020833 0.250000
vt 0.000000 0.250000
vt 0.020833 0.333333
vt 0.000000 0.333333
vt 0.020833 0.416667
vt 0.000000 0.416667
vt 0.041667 0.500000
vt 0.041667 0.583333
vt 0.041667 0.666667
vt 0.041667 0.750000
vt 0.041667 0.833333
vt 0.041667 0.916667
vt 0.041667 1.000000
vt 0.041667 0.000000
vt 0.041667 0.083333
vt 0.041667 0.166667
vt 0.041667 0.250000
vt 0.041667 0.333333
vt 0.041667 0.416667
vt 0.062500 0.500000
vt 0.062500 0.583333
vt 0.062500 0.666667
vt 0.062500 0.750000
vt 0.062500 0.833333
vt 0.062500 0.916667
vt 0.062500 1.000000
vt 0.062500 0.000000
vt 0.062500 0.083333
vt 0.062500 0.166667
vt 0.062500 0.250000
vt 0.062500 0.333333
vt 0.062500 0.416667
vt 0.083333 0.500000
vt 0.083333 0.583333
vt 0.083333 0.666667
vt 0.083333 0.750000
vt 0.083333 0.833333
vt 0.083333 0.916667
vt 0.083333 1.000000
vt 0.083333 0.000000
vt 0.083333 0.083333
vt 0.083333 0.166667
vt 0.083333 0.250000
vt 0.083333 0.333333
vt 0.083333 0.416667
vt 0.104167 0.500000
vt 0.104167 0.583333
vt 0.104167 0.666667
vt 0.104167 0.750000
vt 0.104167 0.833333
vt 0.104167 0.916667
vt 0.104167 1.000000
vt 0.104167 0.000000
vt 0.104167 0.083333
vt 0.104167 0.166667
vt 0.104167 0.250000
vt 0.104167 0.333333
vt 0.104167 0.416667
vt 0.125000 0.500000
vt 0.125000 0.583333
vt 0.125000 0.666667
vt 0.125000 0.750000
vt 0.125000 0.833333
vt 0.125000 0.916667
vt 0.125000 1.000000
vt 0.125000 0.000000
vt 0.125000 0.083333
vt 0.125000 0.166667
vt 0.125000 0.250000
vt 0.125000 0.333333
vt 0.125000 0.416667
vt 0.145833 0.500000
vt 0.145833 0.583333
vt 0.145833 0.666667
vt 0.145833 0.750000
vt 0.145833 0.833333
vt 0.145833 0.916667
vt 0.145833 1.000000
vt 0.145833 0.000000
vt 0.145833 0.083333
vt 0.145833 0.166667
vt 0.145833 0.250000
vt 0.145833 0.333333
vt 0.145833 0.416667
vt 0.166667 0.500000
vt 0.166667 0.583333
vt 0.166667 0.666667
vt 0.166667 0.750000
vt 0.166667 0.833333
vt 0.166667 0.916667
vt 0.166667 1.000000
vt 0.166667 0.000000
vt 0.166667 0.083333
vt 0.166667 0.166667
vt 0.166667 0.250000
vt 0.166667 0.333333
vt 0.166667 0.416667
vt 0.187500 0.500000
vt 0.187500 0.583333
vt 0.187500 0.666667
vt 0.187500 0.750000
vt 0.187500 0.833333
vt 0.187500 0.916667
vt 0.187500 1.000000
vt 0.187500 0.000000
vt 0.187500 0.083333
vt 0.187500 0.166667
vt 0.187500 0.250000
vt 0.187500 0.333333
vt 0.187500 0.416667
vt 0.208333 0.500000
vt 0.208333 0.583333
vt 0.208333 0.666667
vt 0.208333 0.750000
vt 0.208333 0.833333
vt 0.208333 0.916667
vt 0.208333 1.000000
vt 0.208333 0.000000
vt 0.208333 0.083333
vt 0.208333 0.166667
vt 0.208333 0.250000
vt 0.208333 0.333333
vt 0.208333 0.416667
vt 0.229167 0.500000
vt 0.229167 0.583333
vt 0.229167 0.666667
vt 0.229167 0.750000
vt 0.229167 0.833333
vt 0.229167 0.916667
vt 0.229167 1.000000
vt 0.229167 0.000000
vt 0.229167 0.083333
vt 0.229167 0.166667
vt 0.229167 0.250000
vt 0.229167 0.333333
vt 0.229167 0.416667
vt 0.250000 0.500000
vt 0.250000 0.583333
vt 0.250000 0.666667
vt 0.250000 0.750000
vt 0.250000 0.833333
vt 0.250000 0.916667
vt 0.250000 1.000000
vt 0.250000 0.000000
vt 0.250000 0.083333
vt 0.250000 0.166667
vt 0.250000 0.250000
vt 0.250000 0.333333
vt 0.250000 0.416667
vt 0.270833 0.500000
vt 0.270833 0.583333
vt 0.270833 0.666667
vt 0.270833 0.750000
vt 0.270833 0.833333
vt 0.270833 0.916667
vt 0.270833 1.000000
vt 0.270833 0.000000
vt 0.270833 0.083333
vt 0.270833 0.166667
vt 0.270833 0.250000
vt 0.270833 0.333333
vt 0.270833 0.416667
vt 0.291667 0.500000
vt 0.291667 0.583333
vt 0.291667 0.666667
vt 0.291667 0.750000
vt 0.291667 0.833333
vt 0.291667 0.916667
vt 0.291667 1.000000
vt 0.291667 0.000000
vt 0.291667 0.083333
vt 0.291667 0.166667
vt 0.291667 0.250000
vt 0.291667 0.333333
vt 0.291667 0.416667
vt 0.312500 0.500000
vt 0.312500 0.583333
vt 0.312500 0.666667
vt 0.312500 0.750000
vt 0.312500 0.833333
vt 0.312500 0.916667
vt 0.312500 1.000000
vt 0.312500 0.000000
vt 0.312500 0.083333
vt 0.312500 0.166667
vt 0.312500 0.250000
vt 0.312500 0.333333
vt 0.312500 0.416667
vt 0.333333 0.500000
vt 0.333333 0.583333
vt 0.333333 0.666667
vt 0.333333 0.750000
vt 0.333333 0.833333
vt 0.333333 0.916667
vt 0.333333 1.000000
vt 0.333333 0.000000
vt 0.333333 0.083333
vt 0.333333 0.166667
vt 0.333333 0.250000
vt 0.333333 0.333333
vt 0.333333 0.416667
vt 0.354167 0.500000
vt 0.354167 0.583333
vt 0.354167 0.666667
vt 0.354167 0.750000
vt 0.354167 0.833333
vt 0.354167 0.916667
vt 0.354167 1.000000
vt 0.354167 0.000000
vt 0.354167 0.083333
vt 0.354167 0.166667
vt 0.354167 0.250000
vt 0.354167 0.333333
vt 0.354167 0.416667
vt 0.375000 0.500000
vt 0.375000 0.583333
vt 0.375000 0.666667
vt 0.375000 0.750000
vt 0.375000 0.833333
vt 0.375000 0.916667
vt 0.375000 1.000000
vt 0.375000 0.000000
vt 0.375000 0.083333
vt 0.375000 0.166667
vt 0.375000 0.250000
vt 0.375000 0.333333
vt 0.375000 0.416667
vt 0.395833 0.500000
vt 0.395833 0.583333
vt 0.395833 0.666667
vt 0.395833 0.750000
vt 0.395833 0.833333
vt 0.395833 0.916667
vt 0.395833 1.000000
vt 0.395833 0.000000
vt 0.395833 0.083333
vt 0.395833 0.166667
vt 0.395833 0.250000
vt 0.395833 0.333333
vt 0.395833 0.416667
vt 0.416667 0.500000
vt 0.416667 0.583333
vt 0.416667 0.666667
vt 0.416667 0.750000
vt 0.416667 0.833333
vt 0.416667 0.916667
vt 0.416667 1.000000
vt 0.416667 0.000000
vt 0.416667 0.083333
vt 0.416667 0.166667
vt 0.416667 0.250000
vt 0.416667 0.333333
vt 0.416667 0.416667
vt 0.437500 0.500000
vt 0.437500 0.583333
vt 0.437500 0.666667
vt 0.437500 0.750000
vt 0.437500 0.833333
vt 0.437500 0.916667
vt 0.437500 1.000000
vt 0.437500 0.000000
vt 0.437500 0.083333
vt 0.437500 0.166667
vt 0.437500 0.250000
vt 0.437500 0.333333
vt 0.437500 0.416667
vt 0.458333 0.500000
vt 0.458333 0.583333
vt 0.458333 0.666667
vt 0.458333 0.750000
vt 0.458333 0.833333
vt 0.458333 0.916667
vt 0.458333 1.000000
vt 0.458333 0.000000
vt 0.458333 0.083333
vt 0.458333 0.166667
vt 0.458333 0.250000
vt 0.458333 0.333333
vt 0.458333 0.416667
vt 0.479167 0.500000
vt 0.479167 0.583333
vt 0.479167 0.666667
vt 0.479167 0.750000
vt 0.479167 0.833333
vt 0.479167 0.916667
vt 0.479167 1.000000
vt 0.479167 0.000000
vt 0.479167 0.083333
vt 0.479167 0.166667
vt 0.479167 0.250000
vt 0.479167 0.333333
vt 0.479167 0.416667
s 1
usemtl マテリアル.012
f 995/1493/841 1007/1494/841 1008/1495/841 996/1496/841
f 996/1496/842 1008/1495/842 1009/1497/842 997/1498/842
f 997/1498/843 1009/1497/843 1010/1499/843 998/1500/843
f 998/1500/844 1010/1499/844 1011/1501/844 999/1502/844
f 999/1502/845 1011/1501/845 1012/1503/845 1000/1504/845
f 1000/1504/846 1012/1503/846 1013/1505/846 1001/1506/846
f 1001/1507/847 1013/1508/847 1014/1509/847 1002/1510/847
f 1002/1510/848 1014/1509/848 1015/1511/848 1003/1512/848
f 1003/1512/849 1015/1511/849 1016/1513/849 1004/1514/849
f 1004/1514/850 1016/1513/850 1017/1515/850 1005/1516/850
f 1005/1516/851 1017/1515/851 1018/1517/851 1006/1518/851
f 1006/1518/852 1018/1517/852 1007/1494/852 995/1493/852
f 1007/1494/853 1019/1519/853 1020/1520/853 1008/1495/853
f 1008/1495/854 1020/1520/854 1021/1521/854 1009/1497/854
f 1009/1497/855 1021/1521/855 1022/1522/855 1010/1499/855
f 1010/1499/856 1022/1522/856 1023/1523/856 1011/1501/856
f 1011/1501/857 1023/1523/857 1024/1524/857 1012/1503/857
f 1012/1503/858 1024/1524/858 1025/1525/858 1013/1505/858
f 1013/1508/859 1025/1526/859 1026/1527/859 1014/1509/859
f 1014/1509/860 1026/1527/860 1027/1528/860 1015/1511/860
f 1015/1511/861 1027/1528/861 1028/1529/861 1016/1513/861
f 1016/1513/862 1028/1529/862 1029/1530/862 1017/1515/862
f 1017/1515/863 1029/1530/863 1030/1531/863 1018/1517/863
f 1018/1517/864 1030/1531/864 1019/1519/864 1007/1494/864
f 1019/1519/865 1031/1532/865 1032/1533/865 1020/1520/865
f 1020/1520/866 1032/1533/866 1033/1534/866 1021/1521/866
f 1021/1521/867 1033/1534/867 1034/1535/867 1022/1522/867
f 1022/1522/868 1034/1535/868 1035/1536/868 1023/1523/868
f 1023/1523/869 1035/1536/869 1036/1537/869 1024/1524/869
f 1024/1524/870 1036/1537/870 1037/1538/870 1025/1525/870
f 1025/1526/871 1037/1539/871 1038/1540/871 1026/1527/871
f 1026/1527/872 1038/1540/872 1039/1541/872 1027/1528/872
f 1027/1528/873 1039/1541/873 1040/1542/873 1028/1529/873
f 1028/1529/874 1040/1542/874 1041/1543/874 1029/1530/874
f 1029/1530/875 1041/1543/875 1042/1544/875 1030/1531/875
f 1030/1531/876 1042/1544/876 1031/1532/876 1019/1519/876
f 1031/1532/877 1043/1545/877 1044/1546/877 1032/1533/877
f 1032/1533/878 1044/1546/878 1045/1547/878 1033/1534/878
f 1033/1534/879 1045/1547/879 1046/1548/879 1034/1535/879
f 1034/1535/880 1046/1548/880 1047/1549/880 1035/1536/880
f 1035/1536/881 1047/1549/881 1048/1550/881 1036/1537/881
f 1036/1537/882 1048/1550/882 1049/1551/882 1037/1538/882
f 1037/1539/883 1049/1552/883 1050/1553/883 1038/1540/883
f 1038/1540/884 1050/1553/884 1051/1554/884 1039/1541/884
f 1039/1541/885 1051/1554/885 1052/1555/885 1040/1542/885
f 1040/1542/886 1052/1555/886 1053/1556/886 1041/1543/886
f 1041/1543/887 1053/1556/887 1054/1557/887 1042/1544/887
f 1042/1544/888 1054/1557/888 1043/1545/888 1031/1532/888
f 1043/1545/889 1055/1558/889 1056/1559/889 1044/1546/889
f 1044/1546/890 1056/1559/890 1057/1560/890 1045/1547/890
f 1045/1547/891 1057/1560/891 1058/1561/891 1046/1548/891
f 1046/1548/892 1058/1561/892 1059/1562/892 1047/1549/892
f 1047/1549/893 1059/1562/893 1060/1563/893 1048/1550/893
f 1048/1550/894 1060/1563/894 1061/1564/894 1049/1551/894
f 1049/1552/895 1061/1565/895 1062/1566/895 1050/1553/895
f 1050/1553/896 1062/1566/896 1063/1567/896 1051/1554/896
f 1051/1554/897 1063/1567/897 1064/1568/897 1052/1555/897
f 1052/1555/898 1064/1568/898 1065/1569/898 1053/1556/898
f 1053/1556/899 1065/1569/899 1066/1570/899 1054/1557/899
f 1054/1557/900 1066/1570/900 1055/1558/900 1043/1545/900
f 1055/1558/901 1067/1571/901 1068/1572/901 1056/1559/901
f 1056/1559/902 1068/1572/902 1069/1573/902 1057/1560/902
f 1057/1560/903 1069/1573/903 1070/1574/903 1058/1561/903
f 1058/1561/904 1070/1574/904 1071/1575/904 1059/1562/904
f 1059/1562/905 1071/1575/905 1072/1576/905 1060/1563/905
f 1060/1563/906 1072/1576/906 1073/1577/906 1061/1564/906
f 1061/1565/907 1073/1578/907 1074/1579/907 1062/1566/907
f 1062/1566/908 1074/1579/908 1075/1580/908 1063/1567/908
f 1063/1567/909 1075/1580/909 1076/1581/909 1064/1568/909
f 1064/1568/910 1076/1581/910 1077/1582/910 1065/1569/910
f 1065/1569/911 1077/1582/911 1078/1583/911 1066/1570/911
f 1066/1570/912 1078/1583/912 1067/1571/912 1055/1558/912
f 1067/1571/913 1079/1584/913 1080/1585/913 1068/1572/913
f 1068/1572/914 1080/1585/914 1081/1586/914 1069/1573/914
f 1069/1573/915 1081/1586/915 1082/1587/915 1070/1574/915
f 1070/1574/916 1082/1587/916 1083/1588/916 1071/1575/916
f 1071/1575/917 1083/1588/917 1084/1589/917 1072/1576/917
f 1072/1576/918 1084/1589/918 1085/1590/918 1073/1577/918
f 1073/1578/919 1085/1591/919 1086/1592/919 1074/1579/919
f 1074/1579/920 1086/1592/920 1087/1593/920 1075/1580/920
f 1075/1580/921 1087/1593/921 1088/1594/921 1076/1581/921
f 1076/1581/922 1088/1594/922 1089/1595/922 1077/1582/922
f 1077/1582/923 1089/1595/923 1090/1596/923 1078/1583/923
f 1078/1583/924 1090/1596/924 1079/1584/924 1067/1571/924
f 1079/1584/925 1091/1597/925 1092/1598/925 1080/1585/925
f 1080/1585/926 1092/1598/926 1093/1599/926 1081/1586/926
f 1081/1586/927 1093/1599/927 1094/1600/927 1082/1587/927
f 1082/1587/928 1094/1600/928 1095/1601/928 1083/1588/928
f 1083/1588/929 1095/1601/929 1096/1602/929 1084/1589/929
f 1084/1589/930 1096/1602/930 1097/1603/930 1085/1590/930
f 1085/1591/931 1097/1604/931 1098/1605/931 1086/1592/931
f 1086/1592/932 1098/1605/932 1099/1606/932 1087/1593/932
f 1087/1593/933 1099/1606/933 1100/1607/933 1088/1594/933
f 1088/1594/934 1100/1607/934 1101/1608/934 1089/1595/934
f 1089/1595/935 1101/1608/935 1102/1609/935 1090/1596/935
f 1090/1596/936 1102/1609/936 1091/1597/936 1079/1584/936
f 1091/1597/937 1103/1610/937 1104/1611/937 1092/1598/937
f 1092/1598/938 1104/1611/938 1105/1612/938 1093/1599/938
f 1093/1599/939 1105/1612/939 1106/1613/939 1094/1600/939
f 1094/1600/940 1106/1613/940 1107/1614/940 1095/1601/940
f 1095/1601/941 1107/1614/941 1108/1615/941 1096/1602/941
f 1096/1602/942 1108/1615/942 1109/1616/942 1097/1603/942
f 1097/1604/943 1109/1617/943 1110/1618/943 1098/1605/943
f 1098/1605/944 1110/1618/944 1111/1619/944 1099/1606/944
f 1099/1606/945 1111/1619/945 1112/1620/945 1100/1607/945
f 1100/1607/946 1112/1620/946 1113/1621/946 1101/1608/946
f 1101/1608/947 1113/1621/947 1114/1622/947 1102/1609/947
f 1102/1609/948 1114/1622/948 1103/1610/948 1091/1597/948
f 1103/1610/949 1115/1623/949 1116/1624/949 1104/1611/949
f 1104/1611/950 1116/1624/950 1117/1625/950 1105/1612/950
f 1105/1612/951 1117/1625/951 1118/1626/951 1106/1613/951
f 1106/1613/952 1118/1626/952 1119/1627/952 1107/1614/952
f 1107/1614/953 1119/1627/953 1120/1628/953 1108/1615/953
f 1108/1615/954 1120/1628/954 1121/1629/954 1109/1616/954
f 1109/1617/955 1121/1630/955 1122/1631/955 1110/1618/955
f 1110/1618/956 1122/1631/956 1123/1632/956 1111/1619/956
f 1111/1619/957 1123/1632/957 1124/1633/957 1112/1620/957
f 1112/1620/958 1124/1633/958 1125/1634/958 1113/1621/958
f 1113/1621/959 1125/1634/959 1126/1635/959 1114/1622/959
f 1114/1622/960 1126/1635/960 1115/1623/960 1103/1610/960
f 1115/1623/961 1127/1636/961 1128/1637/961 1116/1624/961
f 1116/1624/962 1128/1637/962 1129/1638/962 1117/1625/962
f 1117/1625/963 1129/1638/963 1130/1639/963 1118/1626/963
f 1118/1626/964 1130/1639/964 1131/1640/964 1119/1627/964
f 1119/1627/965 1131/1640/965 1132/1641/965 1120/1628/965
f 1120/1628/966 1132/1641/966 1133/1642/966 1121/1629/966
f 1121/1630/967 1133/1643/967 1134/1644/967 1122/1631/967
f 1122/1631/968 1134/1644/968 1135/1645/968 1123/1632/968
f 1123/1632/969 1135/1645/969 1136/1646/969 1124/1633/969
f 1124/1633/970 1136/1646/970 1137/1647/970 1125/1634/970
f 1125/1634/971 1137/1647/971 1138/1648/971 1126/1635/971
f 1126/1635/972 1138/1648/972 1127/1636/972 1115/1623/972
f 1127/1636/973 1139/1649/973 1140/1650/973 1128/1637/973
f 1128/1637/974 1140/1650/974 1141/1651/974 1129/1638/974
f 1129/1638/975 1141/1651/975 1142/1652/975 1130/1639/975
f 1130/1639/976 1142/1652/976 1143/1653/976 1131/1640/976
f 1131/1640/977 1143/1653/977 1144/1654/977 1132/1641/977
f 1132/1641/978 1144/1654/978 1145/1655/978 1133/1642/978
f 1133/1643/979 1145/1656/979 1146/1657/979 1134/1644/979
f 1134/1644/980 1146/1657/980 1147/1658/980 1135/1645/980
f 1135/1645/981 1147/1658/981 1148/1659/981 1136/1646/981
f 1136/1646/982 1148/1659/982 1149/1660/982 1137/1647/982
f 1137/1647/983 1149/1660/983 1150/1661/983 1138/1648/983
f 1138/1648/984 1150/1661/984 1139/1649/984 1127/1636/984
f 1139/1649/985 1151/1662/985 1152/1663/985 1140/1650/985
f 1140/1650/986 1152/1663/986 1153/1664/986 1141/1651/986
f 1141/1651/987 1153/1664/987 1154/1665/987 1142/1652/987
f 1142/1652/988 1154/1665/988 1155/1666/988 1143/1653/988
f 1143/1653/989 1155/1666/989 1156/1667/989 1144/1654/989
f 1144/1654/990 1156/1667/990 1157/1668/990 1145/1655/990
f 1145/1656/991 1157/1669/991 1158/1670/991 1146/1657/991
f 1146/1657/992 1158/1670/992 1159/1671/992 1147/1658/992
f 1147/1658/993 1159/1671/993 1160/1672/993 1148/1659/993
f 1148/1659/994 1160/1672/994 1161/1673/994 1149/1660/994
f 1149/1660/995 1161/1673/995 1162/1674/995 1150/1661/995
f 1150/1661/996 1162/1674/996 1151/1662/996 1139/1649/996
f 1151/1662/997 1163/1675/997 1164/1676/997 1152/1663/997
f 1152/1663/998 1164/1676/998 1165/1677/998 1153/1664/998
f 1153/1664/999 1165/1677/999 1166/1678/999 1154/1665/999
f 1154/1665/1000 1166/1678/1000 1167/1679/1000 1155/1666/1000
f 1155/1666/1001 1167/1679/1001 1168/1680/1001 1156/1667/1001
f 1156/1667/1002 1168/1680/1002 1169/1681/1002 1157/1668/1002
f 1157/1669/1003 1169/1682/1003 1170/1683/1003 1158/1670/1003
f 1158/1670/1004 1170/1683/1004 1171/1684/1004 1159/1671/1004
f 1159/1671/1005 1171/1684/1005 1172/1685/1005 1160/1672/1005
f 1160/1672/1006 1172/1685/1006 1173/1686/1006 1161/1673/1006
f 1161/1673/1007 1173/1686/1007 1174/1687/1007 1162/1674/1007
f 1162/1674/1008 1174/1687/1008 1163/1675/1008 1151/1662/1008
f 1163/1675/1009 1175/1688/1009 1176/1689/1009 1164/1676/1009
f 1164/1676/1010 1176/1689/1010 1177/1690/1010 1165/1677/1010
f 1165/1677/1011 1177/1690/1011 1178/1691/1011 1166/1678/1011
f 1166/1678/1012 1178/1691/1012 1179/1692/1012 1167/1679/1012
f 1167/1679/1013 1179/1692/1013 1180/1693/1013 1168/1680/1013
f 1168/1680/1014 1180/1693/1014 1181/1694/1014 1169/1681/1014
f 1169/1682/1015 1181/1695/1015 1182/1696/1015 1170/1683/1015
f 1170/1683/1016 1182/1696/1016 1183/1697/1016 1171/1684/1016
f 1171/1684/1017 1183/1697/1017 1184/1698/1017 1172/1685/1017
f 1172/1685/1018 1184/1698/1018 1185/1699/1018 1173/1686/1018
f 1173/1686/1019 1185/1699/1019 1186/1700/1019 1174/1687/1019
f 1174/1687/1020 1186/1700/1020 1175/1688/1020 1163/1675/1020
f 1175/1688/1021 1187/1701/1021 1188/1702/1021 1176/1689/1021
f 1176/1689/1022 1188/1702/1022 1189/1703/1022 1177/1690/1022
f 1177/1690/1023 1189/1703/1023 1190/1704/1023 1178/1691/1023
f 1178/1691/1024 1190/1704/1024 1191/1705/1024 1179/1692/1024
f 1179/1692/1025 1191/1705/1025 1192/1706/1025 1180/1693/1025
f 1180/1693/1026 1192/1706/1026 1193/1707/1026 1181/1694/1026
f 1181/1695/1027 1193/1708/1027 1194/1709/1027 1182/1696/1027
f 1182/1696/1028 1194/1709/1028 1195/1710/1028 1183/1697/1028
f 1183/1697/1029 1195/1710/1029 1196/1711/1029 1184/1698/1029
f 1184/1698/1030 1196/1711/1030 1197/1712/1030 1185/1699/1030
f 1185/1699/1031 1197/1712/1031 1198/1713/1031 1186/1700/1031
f 1186/1700/1032 1198/1713/1032 1187/1701/1032 1175/1688/1032
f 1187/1701/1033 1199/1714/1033 1200/1715/1033 1188/1702/1033
f 1188/1702/1034 1200/1715/1034 1201/1716/1034 1189/1703/1034
f 1189/1703/1035 1201/1716/1035 1202/1717/1035 1190/1704/1035
f 1190/1704/1036 1202/1717/1036 1203/1718/1036 1191/1705/1036
f 1191/1705/1037 1203/1718/1037 1204/1719/1037 1192/1706/1037
f 1192/1706/1038 1204/1719/1038 1205/1720/1038 1193/1707/1038
f 1193/1708/1039 1205/1721/1039 1206/1722/1039 1194/1709/1039
f 1194/1709/1040 1206/1722/1040 1207/1723/1040 1195/1710/1040
f 1195/1710/1041 1207/1723/1041 1208/1724/1041 1196/1711/1041
f 1196/1711/1042 1208/1724/1042 1209/1725/1042 1197/1712/1042
f 1197/1712/1043 1209/1725/1043 1210/1726/1043 1198/1713/1043
f 1198/1713/1044 1210/1726/1044 1199/1714/1044 1187/1701/1044
f 1199/1714/1045 1211/1727/1045 1212/1728/1045 1200/1715/1045
f 1200/1715/1046 1212/1728/1046 1213/1729/1046 1201/1716/1046
f 1201/1716/1047 1213/1729/1047 1214/1730/1047 1202/1717/1047
f 1202/1717/1048 1214/1730/1048 1215/1731/1048 1203/1718/1048
f 1203/1718/1049 1215/1731/1049 1216/1732/1049 1204/1719/1049
f 1204/1719/1050 1216/1732/1050 1217/1733/1050 1205/1720/1050
f 1205/1721/1051 1217/1734/1051 1218/1735/1051 1206/1722/1051
f 1206/1722/1052 1218/1735/1052 1219/1736/1052 1207/1723/1052
f 1207/1723/1053 1219/1736/1053 1220/1737/1053 1208/1724/1053
f 1208/1724/1054 1220/1737/1054 1221/1738/1054 1209/1725/1054
f 1209/1725/1055 1221/1738/1055 1222/1739/1055 1210/1726/1055
f 1210/1726/1056 1222/1739/1056 1211/1727/1056 1199/1714/1056
f 1211/1727/1057 1223/1740/1057 1224/1741/1057 1212/1728/1057
f 1212/1728/1058 1224/1741/1058 1225/1742/1058 1213/1729/1058
f 1213/1729/1059 1225/1742/1059 1226/1743/1059 1214/1730/1059
f 1214/1730/1060 1226/1743/1060 1227/1744/1060 1215/1731/1060
f 1215/1731/1061 1227/1744/1061 1228/1745/1061 1216/1732/1061
f 1216/1732/1062 1228/1745/1062 1229/1746/1062 1217/1733/1062
f 1217/1734/1063 1229/1747/1063 1230/1748/1063 1218/1735/1063
f 1218/1735/1064 1230/1748/1064 1231/1749/1064 1219/1736/1064
f 1219/1736/1065 1231/1749/1065 1232/1750/1065 1220/1737/1065
f 1220/1737/1066 1232/1750/1066 1233/1751/1066 1221/1738/1066
f 1221/1738/1067 1233/1751/1067 1234/1752/1067 1222/1739/1067
f 1222/1739/1068 1234/1752/1068 1223/1740/1068 1211/1727/1068
f 1223/1740/1069 1235/1753/1069 1236/1754/1069 1224/1741/1069
f 1224/1741/1070 1236/1754/1070 1237/1755/1070 1225/1742/1070
f 1225/1742/1071 1237/1755/1071 1238/1756/1071 1226/1743/1071
f 1226/1743/1072 1238/1756/1072 1239/1757/1072 1227/1744/1072
f 1227/1744/1073 1239/1757/1073 1240/1758/1073 1228/1745/1073
f 1228/1745/1074 1240/1758/1074 1241/1759/1074 1229/1746/1074
f 1229/1747/1075 1241/1760/1075 1242/1761/1075 1230/1748/1075
f 1230/1748/1076 1242/1761/1076 1243/1762/1076 1231/1749/1076
f 1231/1749/1077 1243/1762/1077 1244/1763/1077 1232/1750/1077
f 1232/1750/1078 1244/1763/1078 1245/1764/1078 1233/1751/1078
f 1233/1751/1079 1245/1764/1079 1246/1765/1079 1234/1752/1079
f 1234/1752/1080 1246/1765/1080 1235/1753/1080 1223/1740/1080
f 1235/1753/1081 1247/1766/1081 1248/1767/1081 1236/1754/1081
f 1236/1754/1082 1248/1767/1082 1249/1768/1082 1237/1755/1082
f 1237/1755/1083 1249/1768/1083 1250/1769/1083 1238/1756/1083
f 1238/1756/1084 1250/1769/1084 1251/1770/1084 1239/1757/1084
f 1239/1757/1085 1251/1770/1085 1252/1771/1085 1240/1758/1085
f 1240/1758/1086 1252/1771/1086 1253/1772/1086 1241/1759/1086
f 1241/1760/1087 1253/1773/1087 1254/1774/1087 1242/1761/1087
f 1242/1761/1088 1254/1774/1088 1255/1775/1088 1243/1762/1088
f 1243/1762/1089 1255/1775/1089 1256/1776/1089 1244/1763/1089
f 1244/1763/1090 1256/1776/1090 1257/1777/1090 1245/1764/1090
f 1245/1764/1091 1257/1777/1091 1258/1778/1091 1246/1765/1091
f 1246/1765/1092 1258/1778/1092 1247/1766/1092 1235/1753/1092
f 1247/1766/1093 1259/1779/1093 1260/1780/1093 1248/1767/1093
f 1248/1767/1094 1260/1780/1094 1261/1781/1094 1249/1768/1094
f 1249/1768/1095 1261/1781/1095 1262/1782/1095 1250/1769/1095
f 1250/1769/1096 1262/1782/1096 1263/1783/1096 1251/1770/1096
f 1251/1770/1097 1263/1783/1097 1264/1784/1097 1252/1771/1097
f 1252/1771/1098 1264/1784/1098 1265/1785/1098 1253/1772/1098
f 1253/1773/1099 1265/1786/1099 1266/1787/1099 1254/1774/1099
f 1254/1774/1100 1266/1787/1100 1267/1788/1100 1255/1775/1100
f 1255/1775/1101 1267/1788/1101 1268/1789/1101 1256/1776/1101
f 1256/1776/1102 1268/1789/1102 1269/1790/1102 1257/1777/1102
f 1257/1777/1103 1269/1790/1103 1270/1791/1103 1258/1778/1103
f 1258/1778/1104 1270/1791/1104 1259/1779/1104 1247/1766/1104
f 1259/1779/1105 1271/1792/1105 1272/1793/1105 1260/1780/1105
f 1260/1780/1106 1272/1793/1106 1273/1794/1106 1261/1781/1106
f 1261/1781/1107 1273/1794/1107 1274/1795/1107 1262/1782/1107
f 1262/1782/1108 1274/1795/1108 1275/1796/1108 1263/1783/1108
f 1263/1783/1109 1275/1796/1109 1276/1797/1109 1264/1784/1109
f 1264/1784/1110 1276/1797/1110 1277/1798/1110 1265/1785/1110
f 1265/1786/1111 1277/1799/1111 1278/1800/1111 1266/1787/1111
f 1266/1787/1112 1278/1800/1112 1279/1801/1112 1267/1788/1112
f 1267/1788/1113 1279/1801/1113 1280/1802/1113 1268/1789/1113
f 1268/1789/1114 1280/1802/1114 1281/1803/1114 1269/1790/1114
f 1269/1790/1115 1281/1803/1115 1282/1804/1115 1270/1791/1115
f 1270/1791/1116 1282/1804/1116 1271/1792/1116 1259/1779/1116
f 1271/1792/1117 1283/1805/1117 1284/1806/1117 1272/1793/1117
f 1272/1793/1118 1284/1806/1118 1285/1807/1118 1273/1794/1118
f 1273/1794/1119 1285/1807/1119 1286/1808/1119 1274/1795/1119
f 1274/1795/1120 1286/1808/1120 1287/1809/1120 1275/1796/1120
f 1275/1796/1121 1287/1809/1121 1288/1810/1121 1276/1797/1121
f 1276/1797/1122 1288/1810/1122 1289/1811/1122 1277/1798/1122
f 1277/1799/1123 1289/1812/1123 1290/1813/1123 1278/1800/1123
f 1278/1800/1124 1290/1813/1124 1291/1814/1124 1279/1801/1124
f 1279/1801/1125 1291/1814/1125 1292/1815/1125 1280/1802/1125
f 1280/1802/1126 1292/1815/1126 1293/1816/1126 1281/1803/1126
f 1281/1803/1127 1293/1816/1127 1294/1817/1127 1282/1804/1127
f 1282/1804/1128 1294/1817/1128 1283/1805/1128 1271/1792/1128
f 1283/1818/846 1295/1819/846 1296/1820/846 1284/1821/846
f 1284/1821/1129 1296/1820/1129 1297/1822/1129 1285/1823/1129
f 1285/1823/844 1297/1822/844 1298/1824/844 1286/1825/844
f 1286/1825/843 1298/1824/843 1299/1826/843 1287/1827/843
f 1287/1827/842 1299/1826/842 1300/1828/842 1288/1829/842
f 1288/1829/841 1300/1828/841 1301/1830/841 1289/1831/841
f 1289/1832/852 1301/1833/852 1302/1834/852 1290/1835/852
f 1290/1835/851 1302/1834/851 1303/1836/851 1291/1837/851
f 1291/1837/850 1303/1836/850 1304/1838/850 1292/1839/850
f 1292/1839/849 1304/1838/849 1305/1840/849 1293/1841/849
f 1293/1841/1130 1305/1840/1130 1306/1842/1130 1294/1843/1130
f 1294/1843/847 1306/1842/847 1295/1819/847 1283/1818/847
f 1295/1819/858 1307/1844/858 1308/1845/858 1296/1820/858
f 1296/1820/857 1308/1845/857 1309/1846/857 1297/1822/857
f 1297/1822/856 1309/1846/856 1310/1847/856 1298/1824/856
f 1298/1824/855 1310/1847/855 1311/1848/855 1299/1826/855
f 1299/1826/854 1311/1848/854 1312/1849/854 1300/1828/854
f 1300/1828/853 1312/1849/853 1313/1850/853 1301/1830/853
f 1301/1833/864 1313/1851/864 1314/1852/864 1302/1834/864
f 1302/1834/863 1314/1852/863 1315/1853/863 1303/1836/863
f 1303/1836/862 1315/1853/862 1316/1854/862 1304/1838/862
f 1304/1838/861 1316/1854/861 1317/1855/861 1305/1840/861
f 1305/1840/1131 1317/1855/1131 1318/1856/1131 1306/1842/1131
f 1306/1842/859 1318/1856/859 1307/1844/859 1295/1819/859
f 1307/1844/870 1319/1857/870 1320/1858/870 1308/1845/870
f 1308/1845/1132 1320/1858/1132 1321/1859/1132 1309/1846/1132
f 1309/1846/868 1321/1859/868 1322/1860/868 1310/1847/868
f 1310/1847/867 1322/1860/867 1323/1861/867 1311/1848/867
f 1311/1848/866 1323/1861/866 1324/1862/866 1312/1849/866
f 1312/1849/865 1324/1862/865 1325/1863/865 1313/1850/865
f 1313/1851/876 1325/1864/876 1326/1865/876 1314/1852/876
f 1314/1852/1133 1326/1865/1133 1327/1866/1133 1315/1853/1133
f 1315/1853/874 1327/1866/874 1328/1867/874 1316/1854/874
f 1316/1854/873 1328/1867/873 1329/1868/873 1317/1855/873
f 1317/1855/1134 1329/1868/1134 1330/1869/1134 1318/1856/1134
f 1318/1856/871 1330/1869/871 1319/1857/871 1307/1844/871
f 1319/1857/882 1331/1870/882 1332/1871/882 1320/1858/882
f 1320/1858/881 1332/1871/881 1333/1872/881 1321/1859/881
f 1321/1859/880 1333/1872/880 1334/1873/880 1322/1860/880
f 1322/1860/879 1334/1873/879 1335/1874/879 1323/1861/879
f 1323/1861/1135 1335/1874/1135 1336/1875/1135 1324/1862/1135
f 1324/1862/877 1336/1875/877 1337/1876/877 1325/1863/877
f 1325/1864/888 1337/1877/888 1338/1878/888 1326/1865/888
f 1326/1865/1136 1338/1878/1136 1339/1879/1136 1327/1866/1136
f 1327/1866/886 1339/1879/886 1340/1880/886 1328/1867/886
f 1328/1867/885 1340/1880/885 1341/1881/885 1329/1868/885
f 1329/1868/884 1341/1881/884 1342/1882/884 1330/1869/884
f 1330/1869/883 1342/1882/883 1331/1870/883 1319/1857/883
f 1331/1870/894 1343/1883/894 1344/1884/894 1332/1871/894
f 1332/1871/893 1344/1884/893 1345/1885/893 1333/1872/893
f 1333/1872/892 1345/1885/892 1346/1886/892 1334/1873/892
f 1334/1873/891 1346/1886/891 1347/1887/891 1335/1874/891
f 1335/1874/890 1347/1887/890 1348/1888/890 1336/1875/890
f 1336/1875/889 1348/1888/889 1349/1889/889 1337/1876/889
f 1337/1877/900 1349/1890/900 1350/1891/900 1338/1878/900
f 1338/1878/899 1350/1891/899 1351/1892/899 1339/1879/899
f 1339/1879/898 1351/1892/898 1352/1893/898 1340/1880/898
f 1340/1880/897 1352/1893/897 1353/1894/897 1341/1881/897
f 1341/1881/896 1353/1894/896 1354/1895/896 1342/1882/896
f 1342/1882/895 1354/1895/895 1343/1883/895 1331/1870/895
f 1343/1883/906 1355/1896/906 1356/1897/906 1344/1884/906
f 1344/1884/1137 1356/1897/1137 1357/1898/1137 1345/1885/1137
f 1345/1885/904 1357/1898/904 1358/1899/904 1346/1886/904
f 1346/1886/903 1358/1899/903 1359/1900/903 1347/1887/903
f 1347/1887/902 1359/1900/902 1360/1901/902 1348/1888/902
f 1348/1888/901 1360/1901/901 1361/1902/901 1349/1889/901
f 1349/1890/912 1361/1903/912 1362/1904/912 1350/1891/912
f 1350/1891/1138 1362/1904/1138 1363/1905/1138 1351/1892/1138
f 1351/1892/910 1363/1905/910 1364/1906/910 1352/1893/910
f 1352/1893/909 1364/1906/909 1365/1907/909 1353/1894/909
f 1353/1894/1139 1365/1907/1139 1366/1908/1139 1354/1895/1139
f 1354/1895/907 1366/1908/907 1355/1896/907 1343/1883/907
f 1355/1896/918 1367/1909/918 1368/1910/918 1356/1897/918
f 1356/1897/1140 1368/1910/1140 1369/1911/1140 1357/1898/1140
f 1357/1898/916 1369/1911/916 1370/1912/916 1358/1899/916
f 1358/1899/915 1370/1912/915 1371/1913/915 1359/1900/915
f 1359/1900/914 1371/1913/914 1372/1914/914 1360/1901/914
f 1360/1901/913 1372/1914/913 1373/1915/913 1361/1902/913
f 1361/1903/924 1373/1916/924 1374/1917/924 1362/1904/924
f 1362/1904/923 1374/1917/923 1375/1918/923 1363/1905/923
f 1363/1905/922 1375/1918/922 1376/1919/922 1364/1906/922
f 1364/1906/921 1376/1919/921 1377/1920/921 1365/1907/921
f 1365/1907/1141 1377/1920/1141 1378/1921/1141 1366/1908/1141
f 1366/1908/919 1378/1921/919 1367/1909/919 1355/1896/919
f 1367/1909/930 1379/1922/930 1380/1923/930 1368/1910/930
f 1368/1910/1142 1380/1923/1142 1381/1924/1142 1369/1911/1142
f 1369/1911/928 1381/1924/928 1382/1925/928 1370/1912/928
f 1370/1912/927 1382/1925/927 1383/1926/927 1371/1913/927
f 1371/1913/1143 1383/1926/1143 1384/1927/1143 1372/1914/1143
f 1372/1914/925 1384/1927/925 1385/1928/925 1373/1915/925
f 1373/1916/936 1385/1929/936 1386/1930/936 1374/1917/936
f 1374/1917/1144 1386/1930/1144 1387/1931/1144 1375/1918/1144
f 1375/1918/934 1387/1931/934 1388/1932/934 1376/1919/934
f 1376/1919/933 1388/1932/933 1389/1933/933 1377/1920/933
f 1377/1920/1145 1389/1933/1145 1390/1934/1145 1378/1921/1145
f 1378/1921/931 1390/1934/931 1379/1922/931 1367/1909/931
f 1379/1922/942 1391/1935/942 1392/1936/942 1380/1923/942
f 1380/1923/1146 1392/1936/1146 1393/1937/1146 1381/1924/1146
f 1381/1924/940 1393/1937/940 1394/1938/940 1382/1925/940
f 1382/1925/939 1394/1938/939 1395/1939/939 1383/1926/939
f 1383/1926/1147 1395/1939/1147 1396/1940/1147 1384/1927/1147
f 1384/1927/937 1396/1940/937 1397/1941/937 1385/1928/937
f 1385/1929/948 1397/1942/948 1398/1943/948 1386/1930/948
f 1386/1930/1148 1398/1943/1148 1399/1944/1148 1387/1931/1148
f 1387/1931/946 1399/1944/946 1400/1945/946 1388/1932/946
f 1388/1932/945 1400/1945/945 1401/1946/945 1389/1933/945
f 1389/1933/1149 1401/1946/1149 1402/1947/1149 1390/1934/1149
f 1390/1934/943 1402/1947/943 1391/1935/943 1379/1922/943
f 1391/1935/954 1403/1948/954 1404/1949/954 1392/1936/954
f 1392/1936/1150 1404/1949/1150 1405/1950/1150 1393/1937/1150
f 1393/1937/952 1405/1950/952 1406/1951/952 1394/1938/952
f 1394/1938/951 1406/1951/951 1407/1952/951 1395/1939/951
f 1395/1939/1151 1407/1952/1151 1408/1953/1151 1396/1940/1151
f 1396/1940/949 1408/1953/949 1409/1954/949 1397/1941/949
f 1397/1942/960 1409/1955/960 1410/1956/960 1398/1943/960
f 1398/1943/959 1410/1956/959 1411/1957/959 1399/1944/959
f 1399/1944/958 1411/1957/958 1412/1958/958 1400/1945/958
f 1400/1945/957 1412/1958/957 1413/1959/957 1401/1946/957
f 1401/1946/1152 1413/1959/1152 1414/1960/1152 1402/1947/1152
f 1402/1947/955 1414/1960/955 1403/1948/955 1391/1935/955
f 1403/1948/966 1415/1961/966 1416/1962/966 1404/1949/966
f 1404/1949/1153 1416/1962/1153 1417/1963/1153 1405/1950/1153
f 1405/1950/964 1417/1963/964 1418/1964/964 1406/1951/964
f 1406/1951/963 1418/1964/963 1419/1965/963 1407/1952/963
f 1407/1952/962 1419/1965/962 1420/1966/962 1408/1953/962
f 1408/1953/961 1420/1966/961 1421/1967/961 1409/1954/961
f 1409/1955/972 1421/1968/972 1422/1969/972 1410/1956/972
f 1410/1956/971 1422/1969/971 1423/1970/971 1411/1957/971
f 1411/1957/970 1423/1970/970 1424/1971/970 1412/1958/970
f 1412/1958/969 1424/1971/969 1425/1972/969 1413/1959/969
f 1413/1959/1154 1425/1972/1154 1426/1973/1154 1414/1960/1154
f 1414/1960/967 1426/1973/967 1415/1961/967 1403/1948/967
f 1415/1961/978 1427/1974/978 1428/1975/978 1416/1962/978
f 1416/1962/1155 1428/1975/1155 1429/1976/1155 1417/1963/1155
f 1417/1963/976 1429/1976/976 1430/1977/976 1418/1964/976
f 1418/1964/975 1430/1977/975 1431/1978/975 1419/1965/975
f 1419/1965/974 1431/1978/974 1432/1979/974 1420/1966/974
f 1420/1966/973 1432/1979/973 1433/1980/973 1421/1967/973
f 1421/1968/984 1433/1981/984 1434/1982/984 1422/1969/984
f 1422/1969/983 1434/1982/983 1435/1983/983 1423/1970/983
f 1423/1970/982 1435/1983/982 1436/1984/982 1424/1971/982
f 1424/1971/981 1436/1984/981 1437/1985/981 1425/1972/981
f 1425/1972/1156 1437/1985/1156 1438/1986/1156 1426/1973/1156
f 1426/1973/979 1438/1986/979 1427/1974/979 1415/1961/979
f 1427/1974/990 1439/1987/990 1440/1988/990 1428/1975/990
f 1428/1975/989 1440/1988/989 1441/1989/989 1429/1976/989
f 1429/1976/988 1441/1989/988 1442/1990/988 1430/1977/988
f 1430/1977/987 1442/1990/987 1443/1991/987 1431/1978/987
f 1431/1978/1157 1443/1991/1157 1444/1992/1157 1432/1979/1157
f 1432/1979/985 1444/1992/985 1445/1993/985 1433/1980/985
f 1433/1981/996 1445/1994/996 1446/1995/996 1434/1982/996
f 1434/1982/1158 1446/1995/1158 1447/1996/1158 1435/1983/1158
f 1435/1983/994 1447/1996/994 1448/1997/994 1436/1984/994
f 1436/1984/993 1448/1997/993 1449/1998/993 1437/1985/993
f 1437/1985/992 1449/1998/992 1450/1999/992 1438/1986/992
f 1438/1986/991 1450/1999/991 1439/1987/991 1427/1974/991
f 1439/1987/1002 1451/2000/1002 1452/2001/1002 1440/1988/1002
f 1440/1988/1001 1452/2001/1001 1453/2002/1001 1441/1989/1001
f 1441/1989/1000 1453/2002/1000 1454/2003/1000 1442/1990/1000
f 1442/1990/999 1454/2003/999 1455/2004/999 1443/1991/999
f 1443/1991/1159 1455/2004/1159 1456/2005/1159 1444/1992/1159
f 1444/1992/997 1456/2005/997 1457/2006/997 1445/1993/997
f 1445/1994/1008 1457/2007/1008 1458/2008/1008 1446/1995/1008
f 1446/1995/1160 1458/2008/1160 1459/2009/1160 1447/1996/1160
f 1447/1996/1006 1459/2009/1006 1460/2010/1006 1448/1997/1006
f 1448/1997/1005 1460/2010/1005 1461/2011/1005 1449/1998/1005
f 1449/1998/1004 1461/2011/1004 1462/2012/1004 1450/1999/1004
f 1450/1999/1003 1462/2012/1003 1451/2000/1003 1439/1987/1003
f 1451/2000/1014 1463/2013/1014 1464/2014/1014 1452/2001/1014
f 1452/2001/1013 1464/2014/1013 1465/2015/1013 1453/2002/1013
f 1453/2002/1012 1465/2015/1012 1466/2016/1012 1454/2003/1012
f 1454/2003/1011 1466/2016/1011 1467/2017/1011 1455/2004/1011
f 1455/2004/1010 1467/2017/1010 1468/2018/1010 1456/2005/1010
f 1456/2005/1009 1468/2018/1009 1469/2019/1009 1457/2006/1009
f 1457/2007/1020 1469/2020/1020 1470/2021/1020 1458/2008/1020
f 1458/2008/1161 1470/2021/1161 1471/2022/1161 1459/2009/1161
f 1459/2009/1018 1471/2022/1018 1472/2023/1018 1460/2010/1018
f 1460/2010/1017 1472/2023/1017 1473/2024/1017 1461/2011/1017
f 1461/2011/1016 1473/2024/1016 1474/2025/1016 1462/2012/1016
f 1462/2012/1015 1474/2025/1015 1463/2013/1015 1451/2000/1015
f 1463/2013/1026 1475/2026/1026 1476/2027/1026 1464/2014/1026
f 1464/2014/1162 1476/2027/1162 1477/2028/1162 1465/2015/1162
f 1465/2015/1024 1477/2028/1024 1478/2029/1024 1466/2016/1024
f 1466/2016/1023 1478/2029/1023 1479/2030/1023 1467/2017/1023
f 1467/2017/1163 1479/2030/1163 1480/2031/1163 1468/2018/1163
f 1468/2018/1021 1480/2031/1021 1481/2032/1021 1469/2019/1021
f 1469/2020/1032 1481/2033/1032 1482/2034/1032 1470/2021/1032
f 1470/2021/1164 1482/2034/1164 1483/2035/1164 1471/2022/1164
f 1471/2022/1030 1483/2035/1030 1484/2036/1030 1472/2023/1030
f 1472/2023/1029 1484/2036/1029 1485/2037/1029 1473/2024/1029
f 1473/2024/1165 1485/2037/1165 1486/2038/1165 1474/2025/1165
f 1474/2025/1027 1486/2038/1027 1475/2026/1027 1463/2013/1027
f 1475/2026/1038 1487/2039/1038 1488/2040/1038 1476/2027/1038
f 1476/2027/1037 1488/2040/1037 1489/2041/1037 1477/2028/1037
f 1477/2028/1036 1489/2041/1036 1490/2042/1036 1478/2029/1036
f 1478/2029/1035 1490/2042/1035 1491/2043/1035 1479/2030/1035
f 1479/2030/1034 1491/2043/1034 1492/2044/1034 1480/2031/1034
f 1480/2031/1033 1492/2044/1033 1493/2045/1033 1481/2032/1033
f 1481/2033/1044 1493/2046/1044 1494/2047/1044 1482/2034/1044
f 1482/2034/1043 1494/2047/1043 1495/2048/1043 1483/2035/1043
f 1483/2035/1042 1495/2048/1042 1496/2049/1042 1484/2036/1042
f 1484/2036/1041 1496/2049/1041 1497/2050/1041 1485/2037/1041
f 1485/2037/1040 1497/2050/1040 1498/2051/1040 1486/2038/1040
f 1486/2038/1039 1498/2051/1039 1487/2039/1039 1475/2026/1039
f 1487/2039/1050 1499/2052/1050 1500/2053/1050 1488/2040/1050
f 1488/2040/1166 1500/2053/1166 1501/2054/1166 1489/2041/1166
f 1489/2041/1048 1501/2054/1048 1502/2055/1048 1490/2042/1048
f 1490/2042/1047 1502/2055/1047 1503/2056/1047 1491/2043/1047
f 1491/2043/1046 1503/2056/1046 1504/2057/1046 1492/2044/1046
f 1492/2044/1045 1504/2057/1045 1505/2058/1045 1493/2045/1045
f 1493/2046/1056 1505/2059/1056 1506/2060/1056 1494/2047/1056
f 1494/2047/1055 1506/2060/1055 1507/2061/1055 1495/2048/1055
f 1495/2048/1054 1507/2061/1054 1508/2062/1054 1496/2049/1054
f 1496/2049/1053 1508/2062/1053 1509/2063/1053 1497/2050/1053
f 1497/2050/1167 1509/2063/1167 1510/2064/1167 1498/2051/1167
f 1498/2051/1051 1510/2064/1051 1499/2052/1051 1487/2039/1051
f 1499/2052/1062 1511/2065/1062 1512/2066/1062 1500/2053/1062
f 1500/2053/1168 1512/2066/1168 1513/2067/1168 1501/2054/1168
f 1501/2054/1060 1513/2067/1060 1514/2068/1060 1502/2055/1060
f 1502/2055/1059 1514/2068/1059 1515/2069/1059 1503/2056/1059
f 1503/2056/1169 1515/2069/1169 1516/2070/1169 1504/2057/1169
f 1504/2057/1057 1516/2070/1057 1517/2071/1057 1505/2058/1057
f 1505/2059/1068 1517/2072/1068 1518/2073/1068 1506/2060/1068
f 1506/2060/1170 1518/2073/1170 1519/2074/1170 1507/2061/1170
f 1507/2061/1066 1519/2074/1066 1520/2075/1066 1508/2062/1066
f 1508/2062/1065 1520/2075/1065 1521/2076/1065 1509/2063/1065
f 1509/2063/1064 1521/2076/1064 1522/2077/1064 1510/2064/1064
f 1510/2064/1063 1522/2077/1063 1511/2065/1063 1499/2052/1063
f 1511/2065/1074 1523/2078/1074 1524/2079/1074 1512/2066/1074
f 1512/2066/1073 1524/2079/1073 1525/2080/1073 1513/2067/1073
f 1513/2067/1072 1525/2080/1072 1526/2081/1072 1514/2068/1072
f 1514/2068/1071 1526/2081/1071 1527/2082/1071 1515/2069/1071
f 1515/2069/1070 1527/2082/1070 1528/2083/1070 1516/2070/1070
f 1516/2070/1069 1528/2083/1069 1529/2084/1069 1517/2071/1069
f 1517/2072/1080 1529/2085/1080 1530/2086/1080 1518/2073/1080
f 1518/2073/1079 1530/2086/1079 1531/2087/1079 1519/2074/1079
f 1519/2074/1078 1531/2087/1078 1532/2088/1078 1520/2075/1078
f 1520/2075/1077 1532/2088/1077 1533/2089/1077 1521/2076/1077
f 1521/2076/1076 1533/2089/1076 1534/2090/1076 1522/2077/1076
f 1522/2077/1075 1534/2090/1075 1523/2078/1075 1511/2065/1075
f 1523/2078/1086 1535/2091/1086 1536/2092/1086 1524/2079/1086
f 1524/2079/1171 1536/2092/1171 1537/2093/1171 1525/2080/1171
f 1525/2080/1084 1537/2093/1084 1538/2094/1084 1526/2081/1084
f 1526/2081/1083 1538/2094/1083 1539/2095/1083 1527/2082/1083
f 1527/2082/1172 1539/2095/1172 1540/2096/1172 1528/2083/1172
f 1528/2083/1081 1540/2096/1081 1541/2097/1081 1529/2084/1081
f 1529/2085/1092 1541/2098/1092 1542/2099/1092 1530/2086/1092
f 1530/2086/1173 1542/2099/1173 1543/2100/1173 1531/2087/1173
f 1531/2087/1090 1543/2100/1090 1544/2101/1090 1532/2088/1090
f 1532/2088/1089 1544/2101/1089 1545/2102/1089 1533/2089/1089
f 1533/2089/1174 1545/2102/1174 1546/2103/1174 1534/2090/1174
f 1534/2090/1087 1546/2103/1087 1535/2091/1087 1523/2078/1087
f 1535/2091/1098 1547/2104/1098 1548/2105/1098 1536/2092/1098
f 1536/2092/1175 1548/2105/1175 1549/2106/1175 1537/2093/1175
f 1537/2093/1096 1549/2106/1096 1550/2107/1096 1538/2094/1096
f 1538/2094/1095 1550/2107/1095 1551/2108/1095 1539/2095/1095
f 1539/2095/1094 1551/2108/1094 1552/2109/1094 1540/2096/1094
f 1540/2096/1093 1552/2109/1093 1553/2110/1093 1541/2097/1093
f 1541/2098/1104 1553/2111/1104 1554/2112/1104 1542/2099/1104
f 1542/2099/1176 1554/2112/1176 1555/2113/1176 1543/2100/1176
f 1543/2100/1102 1555/2113/1102 1556/2114/1102 1544/2101/1102
f 1544/2101/1101 1556/2114/1101 1557/2115/1101 1545/2102/1101
f 1545/2102/1100 1557/2115/1100 1558/2116/1100 1546/2103/1100
f 1546/2103/1099 1558/2116/1099 1547/2104/1099 1535/2091/1099
f 1547/2104/1110 1559/2117/1110 1560/2118/1110 1548/2105/1110
f 1548/2105/1109 1560/2118/1109 1561/2119/1109 1549/2106/1109
f 1549/2106/1108 1561/2119/1108 1562/2120/1108 1550/2107/1108
f 1550/2107/1107 1562/2120/1107 1563/2121/1107 1551/2108/1107
f 1551/2108/1177 1563/2121/1177 1564/2122/1177 1552/2109/1177
f 1552/2109/1105 1564/2122/1105 1565/2123/1105 1553/2110/1105
f 1553/2111/1116 1565/2124/1116 1566/2125/1116 1554/2112/1116
f 1554/2112/1115 1566/2125/1115 1567/2126/1115 1555/2113/1115
f 1555/2113/1114 1567/2126/1114 1568/2127/1114 1556/2114/1114
f 1556/2114/1113 1568/2127/1113 1569/2128/1113 1557/2115/1113
f 1557/2115/1112 1569/2128/1112 1570/2129/1112 1558/2116/1112
f 1558/2116/1111 1570/2129/1111 1559/2117/1111 1547/2104/1111
f 1559/2117/1122 995/1493/1122 996/1496/1122 1560/2118/1122
f 1560/2118/1121 996/1496/1121 997/1498/1121 1561/2119/1121
f 1561/2119/1120 997/1498/1120 998/1500/1120 1562/2120/1120
f 1562/2120/1119 998/1500/1119 999/1502/1119 1563/2121/1119
f 1563/2121/1178 999/1502/1178 1000/1504/1178 1564/2122/1178
f 1564/2122/1117 1000/1504/1117 1001/1506/1117 1565/2123/1117
f 1565/2124/1128 1001/1507/1128 1002/1510/1128 1566/2125/1128
f 1566/2125/1179 1002/1510/1179 1003/1512/1179 1567/2126/1179
f 1567/2126/1126 1003/1512/1126 1004/1514/1126 1568/2127/1126
f 1568/2127/1125 1004/1514/1125 1005/1516/1125 1569/2128/1125
f 1569/2128/1124 1005/1516/1124 1006/1518/1124 1570/2129/1124
f 1570/2129/1123 1006/1518/1123 995/1493/1123 1559/2117/1123
o StageObjectSpawn.002
v -4.500000 17.000000 2.200000
v -4.500000 13.000000 2.200000
v -4.500000 17.000000 1.800000
v -4.500000 13.000000 1.800000
v -4.900000 17.000000 2.200000
v -4.900000 13.000000 2.200000
v -4.900000 17.000000 1.800000
v -4.900000 13.000000 1.800000
v -2.500000 14.500000 2.200000
v -2.500000 13.500000 2.200001
v -2.500000 14.500000 1.800000
v -2.500000 13.500000 1.800000
v -4.500000 15.000000 2.200000
v -4.500000 13.000000 2.200000
v -4.500000 15.000000 1.800000
v -4.500000 13.000000 1.800000
vn -0.0000 1.0000 -0.0000
vn -1.0000 -0.0000 -0.0000
vn 1.0000 -0.0000 -0.0000
vn -0.0000 -0.0000 1.0000
vn -0.0000 -0.0000 -1.0000
vn -0.0000 -1.0000 -0.0000
vn 0.2425 0.9701 -0.0000
vn 0.2425 -0.9701 -0.0000
vt 0.375000 0.500000
vt 0.375000 0.750000
vt 0.125000 0.750000
vt 0.125000 0.500000
vt 0.625000 0.500000
vt 0.625000 0.750000
vt 0.625000 0.000000
vt 0.625000 0.250000
vt 0.375000 0.250000
vt 0.375000 0.000000
vt 0.625000 1.000000
vt 0.375000 1.000000
vt 0.875000 0.500000
vt 0.875000 0.750000
s 1
usemtl Material
f 1577/2130/1180 1575/2131/1180 1571/2132/1180 1573/2133/1180
f 1578/2134/1181 1576/2135/1181 1575/2131/1181 1577/2130/1181
f 1572/2136/1182 1574/2137/1182 1573/2138/1182 1571/2139/1182
f 1576/2135/1183 1572/2140/1183 1571/2141/1183 1575/2131/1183
f 1574/2137/1184 1578/2134/1184 1577/2130/1184 1573/2138/1184
f 1574/2142/1185 1572/2143/1185 1576/2135/1185 1578/2134/1185
usemtl Material.005
f 1586/2134/1181 1584/2135/1181 1583/2131/1181 1585/2130/1181
f 1584/2135/1183 1580/2140/1183 1579/2141/1183 1583/2131/1183
f 1585/2130/1186 1583/2131/1186 1579/2132/1186 1581/2133/1186
f 1582/2137/1184 1586/2134/1184 1585/2130/1184 1581/2138/1184
f 1580/2136/1182 1582/2137/1182 1581/2138/1182 1579/2139/1182
f 1582/2142/1187 1580/2143/1187 1584/2135/1187 1586/2134/1187
o 立方体.021
v 83.439957 -2.000000 -10.000000
v 83.439957 0.000000 -10.000000
v 83.439957 -2.000000 10.000000
v 83.439957 0.000000 10.000000
v 56.560043 -2.000000 -10.000000
v 56.560043 0.000000 -10.000000
v 56.560043 -2.000000 10.000000
v 56.560043 0.000000 10.000000
v 56.500000 -2.000000 -10.000000
v 56.500000 2.000000 -10.000000
v 56.500000 -2.000000 10.000000
v 56.500000 2.000000 10.000000
v 43.500000 -2.000000 -10.000000
v 43.500000 2.000000 -10.000000
v 43.500000 -2.000000 10.000000
v 43.500000 2.000000 10.000000
v 3.233185 -1.902587 -10.000000
v 3.233185 16.577415 -10.000000
v 3.233185 -1.902587 10.000000
v 3.233185 16.577415 10.000000
v -9.766815 -1.902587 -10.000000
v -9.766815 16.577415 -10.000000
v -9.766815 -1.902587 10.000000
v -9.766815 16.577415 10.000000
v 43.469231 -2.000000 -10.000000
v 43.469231 0.000000 -10.000000
v 43.469231 -2.000000 10.000000
v 43.469231 0.000000 10.000000
v 3.149368 -2.000000 -10.000000
v 3.149368 0.000000 -10.000000
v 3.149368 -2.000000 10.000000
v 3.149368 0.000000 10.000000
v 24.500000 11.000000 -10.000000
v 24.500000 13.000000 -10.000000
v 24.500000 11.000000 10.000000
v 24.500000 13.000000 10.000000
v 11.499996 11.000000 -10.000000
v 11.499996 13.000000 -10.000000
v 11.499996 11.000000 10.000000
v 11.499996 13.000000 10.000000
v 16.651299 20.954243 -10.000001
v 16.651299 22.954243 -10.000001
v 16.651299 20.954243 9.999999
v 16.651299 22.954243 9.999999
v 0.921295 20.954243 -10.000001
v 0.921295 22.954243 -10.000001
v 0.921295 20.954243 9.999999
v 0.921295 22.954243 9.999999
v 25.744900 11.095676 -10.000001
v 25.744900 39.095676 -10.000001
v 25.744900 11.095676 9.999999
v 25.744900 39.095676 9.999999
v 24.444901 11.095676 -10.000001
v 24.444901 39.095676 -10.000001
v 24.444901 11.095676 9.999999
v 24.444901 39.095676 9.999999
v 3.229095 15.803780 -10.000001
v 3.229095 21.224579 -10.000001
v 3.229095 15.803780 9.999999
v 3.229095 21.224579 9.999999
v 1.969101 15.803780 -10.000001
v 1.969101 21.224579 -10.000001
v 1.969101 15.803780 9.999999
v 1.969101 21.224579 9.999999
v -9.760841 -1.867185 -10.000001
v -9.760841 13.132815 -10.000001
v -9.760841 -1.867185 9.999999
v -9.760841 13.132815 9.999999
v -48.760841 -1.867185 -10.000001
v -48.760841 13.132815 -10.000001
v -48.760841 -1.867185 9.999999
v -48.760841 13.132815 9.999999
v -48.766823 -1.902587 -10.000000
v -48.766823 16.577415 -10.000000
v -48.766823 -1.902587 10.000000
v -48.766823 16.577415 10.000000
v -61.766815 -1.902587 -10.000000
v -61.766815 16.577415 -10.000000
v -61.766815 -1.902587 10.000000
v -61.766815 16.577415 10.000000
v -71.606857 15.151453 -10.000001
v -71.606857 33.151451 -10.000001
v -71.606857 15.151453 9.999999
v -71.606857 33.151451 9.999999
v -100.435669 15.151453 -10.000001
v -100.435669 33.151451 -10.000001
v -100.435669 15.151453 9.999999
v -100.435669 33.151451 9.999999
v -65.220840 9.195681 -10.000001
v -65.220840 11.195681 -10.000001
v -65.220840 9.195681 9.999999
v -65.220840 11.195681 9.999999
v -93.300842 9.195681 -10.000001
v -93.300842 11.195681 -10.000001
v -93.300842 9.195681 9.999999
v -93.300842 11.195681 9.999999
v -61.666443 -1.879300 -10.000001
v -61.666443 9.280701 -10.000001
v -61.666443 -1.879300 9.999999
v -61.666443 9.280701 9.999999
v -79.684448 -1.879300 -10.000001
v -79.684448 9.280701 -10.000001
v -79.684448 -1.879300 9.999999
v -79.684448 9.280701 9.999999
v -79.754059 -1.883181 -10.000001
v -79.754059 4.716820 -10.000001
v -79.754059 -1.883181 9.999999
v -79.754059 4.716820 9.999999
v -107.834045 -1.883181 -10.000001
v -107.834045 4.716820 -10.000001
v -107.834045 -1.883181 9.999999
v -107.834045 4.716820 9.999999
v -97.634415 10.128438 -10.000001
v -97.634415 15.128437 -10.000001
v -97.634415 10.128438 9.999999
v -97.634415 15.128437 9.999999
v -100.442413 10.128438 -10.000001
v -100.442413 15.128437 -10.000001
v -100.442413 10.128438 9.999999
v -100.442413 15.128437 9.999999
v -107.606842 -1.848547 -10.000001
v -107.606842 16.151453 -10.000001
v -107.606842 -1.848547 9.999999
v -107.606842 16.151453 9.999999
v -136.435654 -1.848547 -10.000001
v -136.435654 16.151453 -10.000001
v -136.435654 -1.848547 9.999999
v -136.435654 16.151453 9.999999
v -100.423187 10.167925 -10.000001
v -100.423187 12.167925 -10.000001
v -100.423187 10.167925 9.999999
v -100.423187 12.167925 9.999999
v -104.623184 10.167925 -10.000001
v -104.623184 12.167925 -10.000001
v -104.623184 10.167925 9.999999
v -104.623184 12.167925 9.999999
v 10.763302 3.232915 -10.000001
v 10.763302 5.232915 -10.000001
v 10.763302 3.232915 9.999999
v 10.763302 5.232915 9.999999
v 3.203300 3.232915 -10.000001
v 3.203300 5.232915 -10.000001
v 3.203300 3.232915 9.999999
v 3.203300 5.232915 9.999999
v 77.650002 -1.800000 -10.000000
v 77.650002 -1.199997 -10.000000
v 77.650002 -1.800000 10.000000
v 77.650002 -1.199997 10.000000
v 76.349998 -1.800000 -10.000000
v 76.349998 -1.199997 -10.000000
v 76.349998 -1.800000 10.000000
v 76.349998 -1.199997 10.000000
v -136.172012 15.200001 -10.000000
v -136.172012 15.800003 -10.000000
v -136.172012 15.200001 10.000000
v -136.172012 15.800003 10.000000
v -137.472031 15.200001 -10.000000
v -137.472031 15.800003 -10.000000
v -137.472031 15.200001 10.000000
v -137.472031 15.800003 10.000000
v -5.733696 23.962181 -10.000001
v -5.733696 42.266182 -10.000001
v -5.733696 23.962181 9.999999
v -5.733696 42.266182 9.999999
v -6.993698 23.962181 -10.000001
v -6.993698 42.266182 -10.000001
v -6.993698 23.962181 9.999999
v -6.993698 42.266182 9.999999
vn 1.0000 -0.0000 -0.0000
vn -0.0000 -0.0000 1.0000
vn -1.0000 -0.0000 -0.0000
vn -0.0000 -0.0000 -1.0000
vn -0.0000 -1.0000 -0.0000
vn -0.0000 1.0000 -0.0000
vt 0.625000 0.000000
vt 0.375000 0.250000
vt 0.375000 0.000000
vt 0.625000 0.250000
vt 0.375000 0.500000
vt 0.625000 0.500000
vt 0.375000 0.750000
vt 0.625000 0.750000
vt 0.375000 1.000000
vt 0.125000 0.750000
vt 0.125000 0.500000
vt 0.875000 0.500000
vt 0.625000 1.000000
vt 0.875000 0.750000
s 0
usemtl stageGround
f 1588/2144/1188 1589/2145/1188 1587/2146/1188
f 1590/2147/1189 1593/2148/1189 1589/2145/1189
f 1594/2149/1190 1591/2150/1190 1593/2148/1190
f 1592/2151/1191 1587/2152/1191 1591/2150/1191
f 1593/2148/1192 1587/2153/1192 1589/2154/1192
f 1590/2155/1193 1592/2151/1193 1594/2149/1193
f 1596/2144/1188 1597/2145/1188 1595/2146/1188
f 1598/2147/1189 1601/2148/1189 1597/2145/1189
f 1602/2149/1190 1599/2150/1190 1601/2148/1190
f 1600/2151/1191 1595/2152/1191 1599/2150/1191
f 1601/2148/1192 1595/2153/1192 1597/2154/1192
f 1598/2155/1193 1600/2151/1193 1602/2149/1193
f 1604/2144/1188 1605/2145/1188 1603/2146/1188
f 1606/2147/1189 1609/2148/1189 1605/2145/1189
f 1610/2149/1190 1607/2150/1190 1609/2148/1190
f 1608/2151/1191 1603/2152/1191 1607/2150/1191
f 1609/2148/1192 1603/2153/1192 1605/2154/1192
f 1606/2155/1193 1608/2151/1193 1610/2149/1193
f 1612/2144/1188 1613/2145/1188 1611/2146/1188
f 1614/2147/1189 1617/2148/1189 1613/2145/1189
f 1618/2149/1190 1615/2150/1190 1617/2148/1190
f 1616/2151/1191 1611/2152/1191 1615/2150/1191
f 1617/2148/1192 1611/2153/1192 1613/2154/1192
f 1614/2155/1193 1616/2151/1193 1618/2149/1193
f 1620/2144/1188 1621/2145/1188 1619/2146/1188
f 1622/2147/1189 1625/2148/1189 1621/2145/1189
f 1626/2149/1190 1623/2150/1190 1625/2148/1190
f 1624/2151/1191 1619/2152/1191 1623/2150/1191
f 1625/2148/1192 1619/2153/1192 1621/2154/1192
f 1622/2155/1193 1624/2151/1193 1626/2149/1193
f 1628/2144/1188 1629/2145/1188 1627/2146/1188
f 1630/2147/1189 1633/2148/1189 1629/2145/1189
f 1634/2149/1190 1631/2150/1190 1633/2148/1190
f 1632/2151/1191 1627/2152/1191 1631/2150/1191
f 1633/2148/1192 1627/2153/1192 1629/2154/1192
f 1630/2155/1193 1632/2151/1193 1634/2149/1193
f 1636/2144/1188 1637/2145/1188 1635/2146/1188
f 1638/2147/1189 1641/2148/1189 1637/2145/1189
f 1642/2149/1190 1639/2150/1190 1641/2148/1190
f 1640/2151/1191 1635/2152/1191 1639/2150/1191
f 1641/2148/1192 1635/2153/1192 1637/2154/1192
f 1638/2155/1193 1640/2151/1193 1642/2149/1193
f 1644/2144/1188 1645/2145/1188 1643/2146/1188
f 1646/2147/1189 1649/2148/1189 1645/2145/1189
f 1650/2149/1190 1647/2150/1190 1649/2148/1190
f 1648/2151/1191 1643/2152/1191 1647/2150/1191
f 1649/2148/1192 1643/2153/1192 1645/2154/1192
f 1646/2155/1193 1648/2151/1193 1650/2149/1193
f 1652/2144/1188 1653/2145/1188 1651/2146/1188
f 1654/2147/1189 1657/2148/1189 1653/2145/1189
f 1658/2149/1190 1655/2150/1190 1657/2148/1190
f 1656/2151/1191 1651/2152/1191 1655/2150/1191
f 1657/2148/1192 1651/2153/1192 1653/2154/1192
f 1654/2155/1193 1656/2151/1193 1658/2149/1193
f 1660/2144/1188 1661/2145/1188 1659/2146/1188
f 1662/2147/1189 1665/2148/1189 1661/2145/1189
f 1666/2149/1190 1663/2150/1190 1665/2148/1190
f 1664/2151/1191 1659/2152/1191 1663/2150/1191
f 1665/2148/1192 1659/2153/1192 1661/2154/1192
f 1662/2155/1193 1664/2151/1193 1666/2149/1193
f 1668/2144/1188 1669/2145/1188 1667/2146/1188
f 1670/2147/1189 1673/2148/1189 1669/2145/1189
f 1674/2149/1190 1671/2150/1190 1673/2148/1190
f 1672/2151/1191 1667/2152/1191 1671/2150/1191
f 1673/2148/1192 1667/2153/1192 1669/2154/1192
f 1670/2155/1193 1672/2151/1193 1674/2149/1193
f 1676/2144/1188 1677/2145/1188 1675/2146/1188
f 1678/2147/1189 1681/2148/1189 1677/2145/1189
f 1682/2149/1190 1679/2150/1190 1681/2148/1190
f 1680/2151/1191 1675/2152/1191 1679/2150/1191
f 1681/2148/1192 1675/2153/1192 1677/2154/1192
f 1678/2155/1193 1680/2151/1193 1682/2149/1193
f 1684/2144/1188 1685/2145/1188 1683/2146/1188
f 1686/2147/1189 1689/2148/1189 1685/2145/1189
f 1690/2149/1190 1687/2150/1190 1689/2148/1190
f 1688/2151/1191 1683/2152/1191 1687/2150/1191
f 1689/2148/1192 1683/2153/1192 1685/2154/1192
f 1686/2155/1193 1688/2151/1193 1690/2149/1193
f 1692/2144/1188 1693/2145/1188 1691/2146/1188
f 1694/2147/1189 1697/2148/1189 1693/2145/1189
f 1698/2149/1190 1695/2150/1190 1697/2148/1190
f 1696/2151/1191 1691/2152/1191 1695/2150/1191
f 1697/2148/1192 1691/2153/1192 1693/2154/1192
f 1694/2155/1193 1696/2151/1193 1698/2149/1193
f 1700/2144/1188 1701/2145/1188 1699/2146/1188
f 1702/2147/1189 1705/2148/1189 1701/2145/1189
f 1706/2149/1190 1703/2150/1190 1705/2148/1190
f 1704/2151/1191 1699/2152/1191 1703/2150/1191
f 1705/2148/1192 1699/2153/1192 1701/2154/1192
f 1702/2155/1193 1704/2151/1193 1706/2149/1193
f 1708/2144/1188 1709/2145/1188 1707/2146/1188
f 1710/2147/1189 1713/2148/1189 1709/2145/1189
f 1714/2149/1190 1711/2150/1190 1713/2148/1190
f 1712/2151/1191 1707/2152/1191 1711/2150/1191
f 1713/2148/1192 1707/2153/1192 1709/2154/1192
f 1710/2155/1193 1712/2151/1193 1714/2149/1193
f 1716/2144/1188 1717/2145/1188 1715/2146/1188
f 1718/2147/1189 1721/2148/1189 1717/2145/1189
f 1722/2149/1190 1719/2150/1190 1721/2148/1190
f 1720/2151/1191 1715/2152/1191 1719/2150/1191
f 1721/2148/1192 1715/2153/1192 1717/2154/1192
f 1718/2155/1193 1720/2151/1193 1722/2149/1193
f 1724/2144/1188 1725/2145/1188 1723/2146/1188
f 1726/2147/1189 1729/2148/1189 1725/2145/1189
f 1730/2149/1190 1727/2150/1190 1729/2148/1190
f 1728/2151/1191 1723/2152/1191 1727/2150/1191
f 1729/2148/1192 1723/2153/1192 1725/2154/1192
f 1726/2155/1193 1728/2151/1193 1730/2149/1193
f 1732/2144/1188 1733/2145/1188 1731/2146/1188
f 1734/2147/1189 1737/2148/1189 1733/2145/1189
f 1738/2149/1190 1735/2150/1190 1737/2148/1190
f 1736/2151/1191 1731/2152/1191 1735/2150/1191
f 1737/2148/1192 1731/2153/1192 1733/2154/1192
f 1734/2155/1193 1736/2151/1193 1738/2149/1193
f 1740/2144/1188 1741/2145/1188 1739/2146/1188
f 1742/2147/1189 1745/2148/1189 1741/2145/1189
f 1746/2149/1190 1743/2150/1190 1745/2148/1190
f 1744/2151/1191 1739/2152/1191 1743/2150/1191
f 1745/2148/1192 1739/2153/1192 1741/2154/1192
f 1742/2155/1193 1744/2151/1193 1746/2149/1193
f 1748/2144/1188 1749/2145/1188 1747/2146/1188
f 1750/2147/1189 1753/2148/1189 1749/2145/1189
f 1754/2149/1190 1751/2150/1190 1753/2148/1190
f 1752/2151/1191 1747/2152/1191 1751/2150/1191
f 1753/2148/1192 1747/2153/1192 1749/2154/1192
f 1750/2155/1193 1752/2151/1193 1754/2149/1193
f 1588/2144/1188 1590/2147/1188 1589/2145/1188
f 1590/2147/1189 1594/2149/1189 1593/2148/1189
f 1594/2149/1190 1592/2151/1190 1591/2150/1190
f 1592/2151/1191 1588/2156/1191 1587/2152/1191
f 1593/2148/1192 1591/2150/1192 1587/2153/1192
f 1590/2155/1193 1588/2157/1193 1592/2151/1193
f 1596/2144/1188 1598/2147/1188 1597/2145/1188
f 1598/2147/1189 1602/2149/1189 1601/2148/1189
f 1602/2149/1190 1600/2151/1190 1599/2150/1190
f 1600/2151/1191 1596/2156/1191 1595/2152/1191
f 1601/2148/1192 1599/2150/1192 1595/2153/1192
f 1598/2155/1193 1596/2157/1193 1600/2151/1193
f 1604/2144/1188 1606/2147/1188 1605/2145/1188
f 1606/2147/1189 1610/2149/1189 1609/2148/1189
f 1610/2149/1190 1608/2151/1190 1607/2150/1190
f 1608/2151/1191 1604/2156/1191 1603/2152/1191
f 1609/2148/1192 1607/2150/1192 1603/2153/1192
f 1606/2155/1193 1604/2157/1193 1608/2151/1193
f 1612/2144/1188 1614/2147/1188 1613/2145/1188
f 1614/2147/1189 1618/2149/1189 1617/2148/1189
f 1618/2149/1190 1616/2151/1190 1615/2150/1190
f 1616/2151/1191 1612/2156/1191 1611/2152/1191
f 1617/2148/1192 1615/2150/1192 1611/2153/1192
f 1614/2155/1193 1612/2157/1193 1616/2151/1193
f 1620/2144/1188 1622/2147/1188 1621/2145/1188
f 1622/2147/1189 1626/2149/1189 1625/2148/1189
f 1626/2149/1190 1624/2151/1190 1623/2150/1190
f 1624/2151/1191 1620/2156/1191 1619/2152/1191
f 1625/2148/1192 1623/2150/1192 1619/2153/1192
f 1622/2155/1193 1620/2157/1193 1624/2151/1193
f 1628/2144/1188 1630/2147/1188 1629/2145/1188
f 1630/2147/1189 1634/2149/1189 1633/2148/1189
f 1634/2149/1190 1632/2151/1190 1631/2150/1190
f 1632/2151/1191 1628/2156/1191 1627/2152/1191
f 1633/2148/1192 1631/2150/1192 1627/2153/1192
f 1630/2155/1193 1628/2157/1193 1632/2151/1193
f 1636/2144/1188 1638/2147/1188 1637/2145/1188
f 1638/2147/1189 1642/2149/1189 1641/2148/1189
f 1642/2149/1190 1640/2151/1190 1639/2150/1190
f 1640/2151/1191 1636/2156/1191 1635/2152/1191
f 1641/2148/1192 1639/2150/1192 1635/2153/1192
f 1638/2155/1193 1636/2157/1193 1640/2151/1193
f 1644/2144/1188 1646/2147/1188 1645/2145/1188
f 1646/2147/1189 1650/2149/1189 1649/2148/1189
f 1650/2149/1190 1648/2151/1190 1647/2150/1190
f 1648/2151/1191 1644/2156/1191 1643/2152/1191
f 1649/2148/1192 1647/2150/1192 1643/2153/1192
f 1646/2155/1193 1644/2157/1193 1648/2151/1193
f 1652/2144/1188 1654/2147/1188 1653/2145/1188
f 1654/2147/1189 1658/2149/1189 1657/2148/1189
f 1658/2149/1190 1656/2151/1190 1655/2150/1190
f 1656/2151/1191 1652/2156/1191 1651/2152/1191
f 1657/2148/1192 1655/2150/1192 1651/2153/1192
f 1654/2155/1193 1652/2157/1193 1656/2151/1193
f 1660/2144/1188 1662/2147/1188 1661/2145/1188
f 1662/2147/1189 1666/2149/1189 1665/2148/1189
f 1666/2149/1190 1664/2151/1190 1663/2150/1190
f 1664/2151/1191 1660/2156/1191 1659/2152/1191
f 1665/2148/1192 1663/2150/1192 1659/2153/1192
f 1662/2155/1193 1660/2157/1193 1664/2151/1193
f 1668/2144/1188 1670/2147/1188 1669/2145/1188
f 1670/2147/1189 1674/2149/1189 1673/2148/1189
f 1674/2149/1190 1672/2151/1190 1671/2150/1190
f 1672/2151/1191 1668/2156/1191 1667/2152/1191
f 1673/2148/1192 1671/2150/1192 1667/2153/1192
f 1670/2155/1193 1668/2157/1193 1672/2151/1193
f 1676/2144/1188 1678/2147/1188 1677/2145/1188
f 1678/2147/1189 1682/2149/1189 1681/2148/1189
f 1682/2149/1190 1680/2151/1190 1679/2150/1190
f 1680/2151/1191 1676/2156/1191 1675/2152/1191
f 1681/2148/1192 1679/2150/1192 1675/2153/1192
f 1678/2155/1193 1676/2157/1193 1680/2151/1193
f 1684/2144/1188 1686/2147/1188 1685/2145/1188
f 1686/2147/1189 1690/2149/1189 1689/2148/1189
f 1690/2149/1190 1688/2151/1190 1687/2150/1190
f 1688/2151/1191 1684/2156/1191 1683/2152/1191
f 1689/2148/1192 1687/2150/1192 1683/2153/1192
f 1686/2155/1193 1684/2157/1193 1688/2151/1193
f 1692/2144/1188 1694/2147/1188 1693/2145/1188
f 1694/2147/1189 1698/2149/1189 1697/2148/1189
f 1698/2149/1190 1696/2151/1190 1695/2150/1190
f 1696/2151/1191 1692/2156/1191 1691/2152/1191
f 1697/2148/1192 1695/2150/1192 1691/2153/1192
f 1694/2155/1193 1692/2157/1193 1696/2151/1193
f 1700/2144/1188 1702/2147/1188 1701/2145/1188
f 1702/2147/1189 1706/2149/1189 1705/2148/1189
f 1706/2149/1190 1704/2151/1190 1703/2150/1190
f 1704/2151/1191 1700/2156/1191 1699/2152/1191
f 1705/2148/1192 1703/2150/1192 1699/2153/1192
f 1702/2155/1193 1700/2157/1193 1704/2151/1193
f 1708/2144/1188 1710/2147/1188 1709/2145/1188
f 1710/2147/1189 1714/2149/1189 1713/2148/1189
f 1714/2149/1190 1712/2151/1190 1711/2150/1190
f 1712/2151/1191 1708/2156/1191 1707/2152/1191
f 1713/2148/1192 1711/2150/1192 1707/2153/1192
f 1710/2155/1193 1708/2157/1193 1712/2151/1193
f 1716/2144/1188 1718/2147/1188 1717/2145/1188
f 1718/2147/1189 1722/2149/1189 1721/2148/1189
f 1722/2149/1190 1720/2151/1190 1719/2150/1190
f 1720/2151/1191 1716/2156/1191 1715/2152/1191
f 1721/2148/1192 1719/2150/1192 1715/2153/1192
f 1718/2155/1193 1716/2157/1193 1720/2151/1193
f 1724/2144/1188 1726/2147/1188 1725/2145/1188
f 1726/2147/1189 1730/2149/1189 1729/2148/1189
f 1730/2149/1190 1728/2151/1190 1727/2150/1190
f 1728/2151/1191 1724/2156/1191 1723/2152/1191
f 1729/2148/1192 1727/2150/1192 1723/2153/1192
f 1726/2155/1193 1724/2157/1193 1728/2151/1193
f 1732/2144/1188 1734/2147/1188 1733/2145/1188
f 1734/2147/1189 1738/2149/1189 1737/2148/1189
f 1738/2149/1190 1736/2151/1190 1735/2150/1190
f 1736/2151/1191 1732/2156/1191 1731/2152/1191
f 1737/2148/1192 1735/2150/1192 1731/2153/1192
f 1734/2155/1193 1732/2157/1193 1736/2151/1193
f 1740/2144/1188 1742/2147/1188 1741/2145/1188
f 1742/2147/1189 1746/2149/1189 1745/2148/1189
f 1746/2149/1190 1744/2151/1190 1743/2150/1190
f 1744/2151/1191 1740/2156/1191 1739/2152/1191
f 1745/2148/1192 1743/2150/1192 1739/2153/1192
f 1742/2155/1193 1740/2157/1193 1744/2151/1193
f 1748/2144/1188 1750/2147/1188 1749/2145/1188
f 1750/2147/1189 1754/2149/1189 1753/2148/1189
f 1754/2149/1190 1752/2151/1190 1751/2150/1190
f 1752/2151/1191 1748/2156/1191 1747/2152/1191
f 1753/2148/1192 1751/2150/1192 1747/2153/1192
f 1750/2155/1193 1748/2157/1193 1752/2151/1193
