# Blender 4.4.1
# www.blender.org
mtllib stage_4.mtl
o ground
v 32.000000 -1.000000 -9.500000
v 32.000000 1.000000 -9.500000
v 32.000000 -1.000000 9.500000
v 32.000000 1.000000 9.500000
v -32.000000 -1.000000 -9.500000
v -32.000000 1.000000 -9.500000
v -32.000000 -1.000000 9.500000
v -32.000000 1.000000 9.500000
vn 1.0000 -0.0000 -0.0000
vn -0.0000 -0.0000 1.0000
vn -1.0000 -0.0000 -0.0000
vn -0.0000 -0.0000 -1.0000
vn -0.0000 -1.0000 -0.0000
vn -0.0000 1.0000 -0.0000
vt 0.375000 0.000000
vt 0.625000 0.000000
vt 0.625000 0.250000
vt 0.375000 0.250000
vt 0.625000 0.500000
vt 0.375000 0.500000
vt 0.625000 0.750000
vt 0.375000 0.750000
vt 0.625000 1.000000
vt 0.375000 1.000000
vt 0.125000 0.500000
vt 0.125000 0.750000
vt 0.875000 0.500000
vt 0.875000 0.750000
s 0
f 1/1/1 2/2/1 4/3/1 3/4/1
f 3/4/2 4/3/2 8/5/2 7/6/2
f 7/6/3 8/5/3 6/7/3 5/8/3
f 5/8/4 6/7/4 2/9/4 1/10/4
f 3/11/5 7/6/5 5/8/5 1/12/5
f 8/5/6 4/13/6 2/14/6 6/7/6
o ground.001
v 32.000000 15.000000 -9.500000
v 32.000000 17.000000 -9.500000
v 32.000000 15.000000 9.500000
v 32.000000 17.000000 9.500000
v -24.000000 15.000000 -9.500000
v -24.000000 17.000000 -9.500000
v -24.000000 15.000000 9.500000
v -24.000000 17.000000 9.500000
vn 1.0000 -0.0000 -0.0000
vn -0.0000 -0.0000 1.0000
vn -1.0000 -0.0000 -0.0000
vn -0.0000 -0.0000 -1.0000
vn -0.0000 -1.0000 -0.0000
vn -0.0000 1.0000 -0.0000
vt 0.375000 0.000000
vt 0.625000 0.000000
vt 0.625000 0.250000
vt 0.375000 0.250000
vt 0.625000 0.500000
vt 0.375000 0.500000
vt 0.625000 0.750000
vt 0.375000 0.750000
vt 0.625000 1.000000
vt 0.375000 1.000000
vt 0.125000 0.500000
vt 0.125000 0.750000
vt 0.875000 0.500000
vt 0.875000 0.750000
s 0
f 9/15/7 10/16/7 12/17/7 11/18/7
f 11/18/8 12/17/8 16/19/8 15/20/8
f 15/20/9 16/19/9 14/21/9 13/22/9
f 13/22/10 14/21/10 10/23/10 9/24/10
f 11/25/11 15/20/11 13/22/11 9/26/11
f 16/19/12 12/27/12 10/28/12 14/21/12
o ground.002
v 32.000000 48.000000 -9.500000
v 32.000000 50.000000 -9.500000
v 32.000000 48.000000 9.500000
v 32.000000 50.000000 9.500000
v -24.000000 48.000000 -9.500000
v -24.000000 50.000000 -9.500000
v -24.000000 48.000000 9.500000
v -24.000000 50.000000 9.500000
vn 1.0000 -0.0000 -0.0000
vn -0.0000 -0.0000 1.0000
vn -1.0000 -0.0000 -0.0000
vn -0.0000 -0.0000 -1.0000
vn -0.0000 -1.0000 -0.0000
vn -0.0000 1.0000 -0.0000
vt 0.375000 0.000000
vt 0.625000 0.000000
vt 0.625000 0.250000
vt 0.375000 0.250000
vt 0.625000 0.500000
vt 0.375000 0.500000
vt 0.625000 0.750000
vt 0.375000 0.750000
vt 0.625000 1.000000
vt 0.375000 1.000000
vt 0.125000 0.500000
vt 0.125000 0.750000
vt 0.875000 0.500000
vt 0.875000 0.750000
s 0
f 17/29/13 18/30/13 20/31/13 19/32/13
f 19/32/14 20/31/14 24/33/14 23/34/14
f 23/34/15 24/33/15 22/35/15 21/36/15
f 21/36/16 22/35/16 18/37/16 17/38/16
f 19/39/17 23/34/17 21/36/17 17/40/17
f 24/33/18 20/41/18 18/42/18 22/35/18
o ground.003
v 27.400002 32.199997 -9.500000
v 27.400002 35.000000 -9.500000
v 27.400002 32.199997 9.500000
v 27.400002 35.000000 9.500000
v -32.000000 32.199997 -9.500000
v -32.000000 35.000000 -9.500000
v -32.000000 32.199997 9.500000
v -32.000000 35.000000 9.500000
vn 1.0000 -0.0000 -0.0000
vn -0.0000 -0.0000 1.0000
vn -1.0000 -0.0000 -0.0000
vn -0.0000 -0.0000 -1.0000
vn -0.0000 -1.0000 -0.0000
vn -0.0000 1.0000 -0.0000
vt 0.375000 0.000000
vt 0.625000 0.000000
vt 0.625000 0.250000
vt 0.375000 0.250000
vt 0.625000 0.500000
vt 0.375000 0.500000
vt 0.625000 0.750000
vt 0.375000 0.750000
vt 0.625000 1.000000
vt 0.375000 1.000000
vt 0.125000 0.500000
vt 0.125000 0.750000
vt 0.875000 0.500000
vt 0.875000 0.750000
s 0
f 25/43/19 26/44/19 28/45/19 27/46/19
f 27/46/20 28/45/20 32/47/20 31/48/20
f 31/48/21 32/47/21 30/49/21 29/50/21
f 29/50/22 30/49/22 26/51/22 25/52/22
f 27/53/23 31/48/23 29/50/23 25/54/23
f 32/47/24 28/55/24 26/56/24 30/49/24
o ground.004
v 38.000000 -1.000000 -9.500000
v 38.000000 77.000000 -9.500000
v 38.000000 -1.000000 9.500000
v 38.000000 77.000000 9.500000
v 32.000000 -1.000000 -9.500000
v 32.000000 77.000000 -9.500000
v 32.000000 -1.000000 9.500000
v 32.000000 77.000000 9.500000
vn 1.0000 -0.0000 -0.0000
vn -0.0000 -0.0000 1.0000
vn -1.0000 -0.0000 -0.0000
vn -0.0000 -0.0000 -1.0000
vn -0.0000 -1.0000 -0.0000
vn -0.0000 1.0000 -0.0000
vt 0.375000 0.000000
vt 0.625000 0.000000
vt 0.625000 0.250000
vt 0.375000 0.250000
vt 0.625000 0.500000
vt 0.375000 0.500000
vt 0.625000 0.750000
vt 0.375000 0.750000
vt 0.625000 1.000000
vt 0.375000 1.000000
vt 0.125000 0.500000
vt 0.125000 0.750000
vt 0.875000 0.500000
vt 0.875000 0.750000
s 0
f 33/57/25 34/58/25 36/59/25 35/60/25
f 35/60/26 36/59/26 40/61/26 39/62/26
f 39/62/27 40/61/27 38/63/27 37/64/27
f 37/64/28 38/63/28 34/65/28 33/66/28
f 35/67/29 39/62/29 37/64/29 33/68/29
f 40/61/30 36/69/30 34/70/30 38/63/30
o ground.005
v -32.000000 -1.000000 -9.500000
v -32.000000 77.000000 -9.500000
v -32.000000 -1.000000 9.500000
v -32.000000 77.000000 9.500000
v -38.000000 -1.000000 -9.500000
v -38.000000 77.000000 -9.500000
v -38.000000 -1.000000 9.500000
v -38.000000 77.000000 9.500000
vn 1.0000 -0.0000 -0.0000
vn -0.0000 -0.0000 1.0000
vn -1.0000 -0.0000 -0.0000
vn -0.0000 -0.0000 -1.0000
vn -0.0000 -1.0000 -0.0000
vn -0.0000 1.0000 -0.0000
vt 0.375000 0.000000
vt 0.625000 0.000000
vt 0.625000 0.250000
vt 0.375000 0.250000
vt 0.625000 0.500000
vt 0.375000 0.500000
vt 0.625000 0.750000
vt 0.375000 0.750000
vt 0.625000 1.000000
vt 0.375000 1.000000
vt 0.125000 0.500000
vt 0.125000 0.750000
vt 0.875000 0.500000
vt 0.875000 0.750000
s 0
f 41/71/31 42/72/31 44/73/31 43/74/31
f 43/74/32 44/73/32 48/75/32 47/76/32
f 47/76/33 48/75/33 46/77/33 45/78/33
f 45/78/34 46/77/34 42/79/34 41/80/34
f 43/81/35 47/76/35 45/78/35 41/82/35
f 48/75/36 44/83/36 42/84/36 46/77/36
o PlayerSpawn
v 24.600000 51.700001 -0.400000
v 24.600000 51.700001 -0.400000
v 24.600000 51.700001 -0.400000
v 24.600000 52.500000 -0.400000
v 24.600000 52.500000 -0.400000
v 24.600000 52.500000 -0.400000
v 25.400000 51.700001 -0.400000
v 25.400000 51.700001 -0.400000
v 25.400000 51.700001 -0.400000
v 25.400000 52.500000 -0.400000
v 25.400000 52.500000 -0.400000
v 25.400000 52.500000 -0.400000
v 24.600000 51.700001 0.400000
v 24.600000 51.700001 0.400000
v 24.600000 51.700001 0.400000
v 24.600000 52.500000 0.400000
v 24.600000 52.500000 0.400000
v 24.600000 52.500000 0.400000
v 25.400000 51.700001 0.400000
v 25.400000 51.700001 0.400000
v 25.400000 51.700001 0.400000
v 25.400000 52.500000 0.400000
v 25.400000 52.500000 0.400000
v 25.400000 52.500000 0.400000
v 24.856001 50.599998 -0.144000
v 24.856001 50.599998 -0.144000
v 24.856001 50.599998 -0.144000
v 24.760000 51.506058 -0.240000
v 24.760000 51.506058 -0.240000
v 24.760000 51.506058 -0.240000
v 25.144001 50.599998 -0.144000
v 25.144001 50.599998 -0.144000
v 25.144001 50.599998 -0.144000
v 25.240000 51.506058 -0.240000
v 25.240000 51.506058 -0.240000
v 25.240000 51.506058 -0.240000
v 24.856001 50.599998 0.144000
v 24.856001 50.599998 0.144000
v 24.856001 50.599998 0.144000
v 24.760000 51.506058 0.240000
v 24.760000 51.506058 0.240000
v 24.760000 51.506058 0.240000
v 25.143999 50.599998 0.144000
v 25.143999 50.599998 0.144000
v 25.143999 50.599998 0.144000
v 25.240000 51.506058 0.240000
v 25.240000 51.506058 0.240000
v 25.240000 51.506058 0.240000
v 24.799999 50.999264 0.500000
v 24.799999 50.999264 0.500000
v 24.799999 50.999264 0.500000
v 24.799999 51.399265 0.500000
v 24.799999 51.399265 0.500000
v 24.799999 51.399265 0.500000
v 25.200001 50.999264 0.500000
v 25.200001 50.999264 0.500000
v 25.200001 50.999264 0.500000
v 25.200001 51.399265 0.500000
v 25.200001 51.399265 0.500000
v 25.200001 51.399265 0.500000
v 24.799999 50.999264 0.900000
v 24.799999 50.999264 0.900000
v 24.799999 50.999264 0.900000
v 24.799999 51.399265 0.900000
v 24.799999 51.399265 0.900000
v 24.799999 51.399265 0.900000
v 25.200001 50.999264 0.900000
v 25.200001 50.999264 0.900000
v 25.200001 50.999264 0.900000
v 25.200001 51.399265 0.900000
v 25.200001 51.399265 0.900000
v 25.200001 51.399265 0.900000
v 24.799999 50.999264 -0.900000
v 24.799999 50.999264 -0.900000
v 24.799999 50.999264 -0.900000
v 24.799999 51.399265 -0.900000
v 24.799999 51.399265 -0.900000
v 24.799999 51.399265 -0.900000
v 25.200001 50.999264 -0.900000
v 25.200001 50.999264 -0.900000
v 25.200001 50.999264 -0.900000
v 25.200001 51.399265 -0.900000
v 25.200001 51.399265 -0.900000
v 25.200001 51.399265 -0.900000
v 24.799999 50.999264 -0.500000
v 24.799999 50.999264 -0.500000
v 24.799999 50.999264 -0.500000
v 24.799999 51.399265 -0.500000
v 24.799999 51.399265 -0.500000
v 24.799999 51.399265 -0.500000
v 25.200001 50.999264 -0.500000
v 25.200001 50.999264 -0.500000
v 25.200001 50.999264 -0.500000
v 25.200001 51.399265 -0.500000
v 25.200001 51.399265 -0.500000
v 25.200001 51.399265 -0.500000
vn -0.0000 -0.0000 -1.0000
vn 1.0000 -0.0000 -0.0000
vn -0.0000 -0.0000 1.0000
vn -1.0000 -0.0000 -0.0000
vn -0.0000 -1.0000 -0.0000
vn -0.0000 1.0000 -0.0000
vn -0.0000 -0.1054 -0.9944
vn 0.9944 -0.1054 -0.0000
vn -0.0000 -0.1054 0.9944
vn -0.9944 -0.1054 -0.0000
vt 0.375000 0.000000
vt 0.625000 0.000000
vt 0.625000 0.250000
vt 0.375000 0.250000
vt 0.625000 0.500000
vt 0.375000 0.500000
vt 0.625000 0.750000
vt 0.375000 0.750000
vt 0.625000 1.000000
vt 0.375000 1.000000
vt 0.125000 0.500000
vt 0.125000 0.750000
vt 0.875000 0.500000
vt 0.875000 0.750000
s 1
usemtl Material.001
f 51/85/37 54/86/37 60/87/37
f 51/85/37 60/87/37 57/88/37
f 55/88/38 58/87/38 70/89/38
f 55/88/38 70/89/38 67/90/38
f 69/90/39 72/89/39 66/91/39
f 69/90/39 66/91/39 63/92/39
f 61/92/40 64/91/40 52/93/40
f 61/92/40 52/93/40 49/94/40
f 56/95/41 68/90/41 62/92/41
f 56/95/41 62/92/41 50/96/41
f 71/89/42 59/97/42 53/98/42
f 71/89/42 53/98/42 65/91/42
usemtl Material.002
f 75/85/43 78/86/43 84/87/43
f 75/85/43 84/87/43 81/88/43
f 79/88/44 83/87/44 95/89/44
f 79/88/44 95/89/44 91/90/44
f 93/90/45 96/89/45 90/91/45
f 93/90/45 90/91/45 87/92/45
f 85/92/46 89/91/46 77/93/46
f 85/92/46 77/93/46 73/94/46
f 80/95/41 92/90/41 86/92/41
f 80/95/41 86/92/41 74/96/41
f 94/89/42 82/97/42 76/98/42
f 94/89/42 76/98/42 88/91/42
usemtl Material.004
f 99/85/37 102/86/37 108/87/37
f 99/85/37 108/87/37 105/88/37
f 103/88/38 106/87/38 118/89/38
f 103/88/38 118/89/38 115/90/38
f 117/90/39 120/89/39 114/91/39
f 117/90/39 114/91/39 111/92/39
f 109/92/40 112/91/40 100/93/40
f 109/92/40 100/93/40 97/94/40
f 104/95/41 116/90/41 110/92/41
f 104/95/41 110/92/41 98/96/41
f 119/89/42 107/97/42 101/98/42
f 119/89/42 101/98/42 113/91/42
usemtl Material.003
f 123/85/37 126/86/37 132/87/37
f 123/85/37 132/87/37 129/88/37
f 127/88/38 130/87/38 142/89/38
f 127/88/38 142/89/38 139/90/38
f 141/90/39 144/89/39 138/91/39
f 141/90/39 138/91/39 135/92/39
f 133/92/40 136/91/40 124/93/40
f 133/92/40 124/93/40 121/94/40
f 128/95/41 140/90/41 134/92/41
f 128/95/41 134/92/41 122/96/41
f 143/89/42 131/97/42 125/98/42
f 143/89/42 125/98/42 137/91/42
o StageObjectSpawn
v -0.000000 44.685963 0.458345
v -0.000000 44.458344 0.685962
v -0.000000 44.160950 0.809148
v -0.000000 44.000000 0.825000
v -0.000000 43.839050 0.809148
v -0.000000 43.541656 0.685962
v -0.031400 44.809147 0.157857
v -0.061593 44.762199 0.309648
v -0.089419 44.685963 0.449538
v -0.113808 44.583363 0.572154
v -0.133825 44.458344 0.672782
v -0.148698 44.315716 0.747555
v -0.157857 44.160950 0.793600
v -0.160950 44.000000 0.809148
v -0.157857 43.839050 0.793600
v -0.148698 43.684284 0.747555
v -0.133825 43.541656 0.672782
v -0.113808 43.416637 0.572154
v -0.089419 43.314037 0.449538
v -0.061593 43.237801 0.309648
v -0.031400 43.190853 0.157857
v -0.061593 44.809147 0.148698
v -0.120818 44.762199 0.291682
v -0.175401 44.685963 0.423456
v -0.223243 44.583363 0.538957
v -0.262506 44.458344 0.633747
v -0.291682 44.315716 0.704181
v -0.309647 44.160950 0.747555
v -0.315714 44.000000 0.762201
v -0.309647 43.839050 0.747555
v -0.291682 43.684284 0.704181
v -0.262506 43.541656 0.633747
v -0.223243 43.416637 0.538957
v -0.175401 43.314037 0.423456
v -0.120818 43.237801 0.291682
v -0.061593 43.190853 0.148698
v -0.089419 44.809147 0.133825
v -0.175401 44.762199 0.262506
v -0.254643 44.685963 0.381100
v -0.324099 44.583363 0.485049
v -0.381100 44.458344 0.570357
v -0.423456 44.315716 0.633747
v -0.449538 44.160950 0.672782
v -0.458345 44.000000 0.685962
v -0.449538 43.839050 0.672782
v -0.423456 43.684284 0.633747
v -0.381100 43.541656 0.570357
v -0.324099 43.416637 0.485049
v -0.254643 43.314037 0.381100
v -0.175401 43.237801 0.262506
v -0.089419 43.190853 0.133825
v -0.113808 44.809147 0.113808
v -0.223243 44.762199 0.223243
v -0.324099 44.685963 0.324099
v -0.412500 44.583363 0.412500
v -0.485049 44.458344 0.485049
v -0.538957 44.315716 0.538957
v -0.572154 44.160950 0.572154
v -0.583363 44.000000 0.583363
v -0.572154 43.839050 0.572154
v -0.538957 43.684284 0.538957
v -0.485049 43.541656 0.485049
v -0.412500 43.416637 0.412500
v -0.324099 43.314037 0.324099
v -0.223243 43.237801 0.223243
v -0.113808 43.190853 0.113808
v -0.133825 44.809147 0.089419
v -0.262506 44.762199 0.175401
v -0.381100 44.685963 0.254643
v -0.485049 44.583363 0.324099
v -0.570357 44.458344 0.381100
v -0.633747 44.315716 0.423456
v -0.672782 44.160950 0.449538
v -0.685962 44.000000 0.458345
v -0.672782 43.839050 0.449538
v -0.633747 43.684284 0.423456
v -0.570357 43.541656 0.381100
v -0.485049 43.416637 0.324099
v -0.381100 43.314037 0.254643
v -0.262506 43.237801 0.175401
v -0.133825 43.190853 0.089419
v 0.000000 44.825001 -0.000000
v -0.148698 44.809147 0.061593
v -0.291682 44.762199 0.120818
v -0.423456 44.685963 0.175401
v -0.538957 44.583363 0.223243
v -0.633747 44.458344 0.262506
v -0.704181 44.315716 0.291682
v -0.747555 44.160950 0.309647
v -0.762200 44.000000 0.315714
v -0.747555 43.839050 0.309647
v -0.704181 43.684284 0.291682
v -0.633747 43.541656 0.262506
v -0.538957 43.416637 0.223243
v -0.423456 43.314037 0.175401
v -0.291682 43.237801 0.120818
v -0.148698 43.190853 0.061593
v -0.157857 44.809147 0.031400
v -0.309647 44.762199 0.061593
v -0.449538 44.685963 0.089419
v -0.572154 44.583363 0.113809
v -0.672782 44.458344 0.133825
v -0.747555 44.315716 0.148698
v -0.793600 44.160950 0.157857
v -0.809148 44.000000 0.160949
v -0.793600 43.839050 0.157857
v -0.747555 43.684284 0.148698
v -0.672782 43.541656 0.133825
v -0.572154 43.416637 0.113809
v -0.449538 43.314037 0.089419
v -0.309647 43.237801 0.061593
v -0.157857 43.190853 0.031400
v -0.160949 44.809147 -0.000000
v -0.315714 44.762199 -0.000000
v -0.458345 44.685963 -0.000000
v -0.583363 44.583363 -0.000000
v -0.685962 44.458344 -0.000000
v -0.762201 44.315716 -0.000000
v -0.809148 44.160950 -0.000000
v -0.825000 44.000000 -0.000000
v -0.809148 43.839050 -0.000000
v -0.762201 43.684284 -0.000000
v -0.685962 43.541656 -0.000000
v -0.583363 43.416637 -0.000000
v -0.458345 43.314037 0.000000
v -0.315714 43.237801 0.000000
v -0.160949 43.190853 0.000000
v -0.157857 44.809147 -0.031400
v -0.309647 44.762199 -0.061593
v -0.449538 44.685963 -0.089419
v -0.572154 44.583363 -0.113808
v -0.672782 44.458344 -0.133825
v -0.747555 44.315716 -0.148698
v -0.793600 44.160950 -0.157857
v -0.809148 44.000000 -0.160950
v -0.793600 43.839050 -0.157857
v -0.747555 43.684284 -0.148698
v -0.672782 43.541656 -0.133825
v -0.572154 43.416637 -0.113808
v -0.449538 43.314037 -0.089419
v -0.309647 43.237801 -0.061593
v -0.157857 43.190853 -0.031400
v -0.148698 44.809147 -0.061593
v -0.291682 44.762199 -0.120818
v -0.423456 44.685963 -0.175401
v -0.538957 44.583363 -0.223243
v -0.633746 44.458344 -0.262506
v -0.704181 44.315716 -0.291681
v -0.747555 44.160950 -0.309648
v -0.762200 44.000000 -0.315714
v -0.747555 43.839050 -0.309648
v -0.704181 43.684284 -0.291681
v -0.633746 43.541656 -0.262506
v -0.538957 43.416637 -0.223243
v -0.423456 43.314037 -0.175401
v -0.291682 43.237801 -0.120818
v -0.148698 43.190853 -0.061593
v -0.133825 44.809147 -0.089419
v -0.262506 44.762199 -0.175401
v -0.381100 44.685963 -0.254643
v -0.485049 44.583363 -0.324099
v -0.570357 44.458344 -0.381100
v -0.633747 44.315716 -0.423456
v -0.672782 44.160950 -0.449538
v -0.685962 44.000000 -0.458345
v -0.672782 43.839050 -0.449538
v -0.633747 43.684284 -0.423456
v -0.570357 43.541656 -0.381100
v -0.485049 43.416637 -0.324099
v -0.381100 43.314037 -0.254643
v -0.262506 43.237801 -0.175401
v -0.133825 43.190853 -0.089419
v -0.113808 44.809147 -0.113808
v -0.223243 44.762199 -0.223243
v -0.324099 44.685963 -0.324099
v -0.412500 44.583363 -0.412500
v -0.485048 44.458344 -0.485049
v -0.538957 44.315716 -0.538957
v -0.572154 44.160950 -0.572154
v -0.583363 44.000000 -0.583363
v -0.572154 43.839050 -0.572154
v -0.538957 43.684284 -0.538957
v -0.485048 43.541656 -0.485049
v -0.412500 43.416637 -0.412500
v -0.324099 43.314037 -0.324099
v -0.223243 43.237801 -0.223243
v -0.113808 43.190853 -0.113808
v -0.089419 44.809147 -0.133825
v -0.175401 44.762199 -0.262506
v -0.254643 44.685963 -0.381100
v -0.324099 44.583363 -0.485049
v -0.381100 44.458344 -0.570357
v -0.423456 44.315716 -0.633747
v -0.449538 44.160950 -0.672782
v -0.458345 44.000000 -0.685962
v -0.449538 43.839050 -0.672782
v -0.423456 43.684284 -0.633747
v -0.381100 43.541656 -0.570357
v -0.324099 43.416637 -0.485049
v -0.254643 43.314037 -0.381100
v -0.175401 43.237801 -0.262506
v -0.089419 43.190853 -0.133825
v -0.061593 44.809147 -0.148698
v -0.120818 44.762199 -0.291681
v -0.175401 44.685963 -0.423456
v -0.223243 44.583363 -0.538957
v -0.262506 44.458344 -0.633746
v -0.291682 44.315716 -0.704181
v -0.309647 44.160950 -0.747555
v -0.315713 44.000000 -0.762200
v -0.309647 43.839050 -0.747555
v -0.291682 43.684284 -0.704181
v -0.262506 43.541656 -0.633746
v -0.223243 43.416637 -0.538957
v -0.175401 43.314037 -0.423456
v -0.120818 43.237801 -0.291681
v -0.061593 43.190853 -0.148698
v -0.031400 44.809147 -0.157857
v -0.061593 44.762199 -0.309647
v -0.089419 44.685963 -0.449538
v -0.113808 44.583363 -0.572154
v -0.133824 44.458344 -0.672782
v -0.148698 44.315716 -0.747555
v -0.157857 44.160950 -0.793600
v -0.160949 44.000000 -0.809147
v -0.157857 43.839050 -0.793600
v -0.148698 43.684284 -0.747555
v -0.133824 43.541656 -0.672782
v -0.113808 43.416637 -0.572154
v -0.089419 43.314037 -0.449538
v -0.061593 43.237801 -0.309647
v -0.031400 43.190853 -0.157857
v 0.000000 44.809147 -0.160949
v 0.000000 44.762199 -0.315714
v 0.000000 44.685963 -0.458345
v 0.000000 44.583363 -0.583363
v 0.000000 44.458344 -0.685962
v 0.000000 44.315716 -0.762200
v 0.000000 44.160950 -0.809148
v 0.000000 44.000000 -0.824999
v 0.000000 43.839050 -0.809148
v 0.000000 43.684284 -0.762200
v 0.000000 43.541656 -0.685962
v 0.000000 43.416637 -0.583363
v 0.000000 43.314037 -0.458345
v 0.000000 43.237801 -0.315714
v 0.000000 43.190853 -0.160949
v 0.031400 44.809147 -0.157857
v 0.061593 44.762199 -0.309647
v 0.089419 44.685963 -0.449538
v 0.113808 44.583363 -0.572154
v 0.133825 44.458344 -0.672782
v 0.148698 44.315716 -0.747555
v 0.157857 44.160950 -0.793600
v 0.160950 44.000000 -0.809147
v 0.157857 43.839050 -0.793600
v 0.148698 43.684284 -0.747555
v 0.133825 43.541656 -0.672782
v 0.113808 43.416637 -0.572154
v 0.089419 43.314037 -0.449538
v 0.061593 43.237801 -0.309647
v 0.031400 43.190853 -0.157857
v 0.061593 44.809147 -0.148698
v 0.120818 44.762199 -0.291681
v 0.175401 44.685963 -0.423456
v 0.223243 44.583363 -0.538957
v 0.262506 44.458344 -0.633746
v 0.291681 44.315716 -0.704181
v 0.309647 44.160950 -0.747555
v 0.315714 44.000000 -0.762200
v 0.309647 43.839050 -0.747555
v 0.291681 43.684284 -0.704181
v 0.262506 43.541656 -0.633746
v 0.223243 43.416637 -0.538957
v 0.175401 43.314037 -0.423456
v 0.120818 43.237801 -0.291681
v 0.061593 43.190853 -0.148698
v 0.089419 44.809147 -0.133825
v 0.175401 44.762199 -0.262506
v 0.254643 44.685963 -0.381100
v 0.324099 44.583363 -0.485049
v 0.381100 44.458344 -0.570357
v 0.423456 44.315716 -0.633746
v 0.449538 44.160950 -0.672782
v 0.458345 44.000000 -0.685962
v 0.449538 43.839050 -0.672782
v 0.423456 43.684284 -0.633746
v 0.381100 43.541656 -0.570357
v 0.324099 43.416637 -0.485049
v 0.254643 43.314037 -0.381100
v 0.175401 43.237801 -0.262506
v 0.089419 43.190853 -0.133825
v 0.113808 44.809147 -0.113808
v 0.223243 44.762199 -0.223243
v 0.324099 44.685963 -0.324099
v 0.412500 44.583363 -0.412500
v 0.485049 44.458344 -0.485048
v 0.538957 44.315716 -0.538957
v 0.572154 44.160950 -0.572154
v 0.583363 44.000000 -0.583362
v 0.572154 43.839050 -0.572154
v 0.538957 43.684284 -0.538957
v 0.485049 43.541656 -0.485048
v 0.412500 43.416637 -0.412500
v 0.324099 43.314037 -0.324099
v 0.223243 43.237801 -0.223243
v 0.113808 43.190853 -0.113808
v -0.000000 43.174999 0.000000
v 0.133825 44.809147 -0.089419
v 0.262506 44.762199 -0.175401
v 0.381100 44.685963 -0.254643
v 0.485049 44.583363 -0.324099
v 0.570357 44.458344 -0.381100
v 0.633746 44.315716 -0.423456
v 0.672782 44.160950 -0.449538
v 0.685962 44.000000 -0.458345
v 0.672782 43.839050 -0.449538
v 0.633746 43.684284 -0.423456
v 0.570357 43.541656 -0.381100
v 0.485049 43.416637 -0.324099
v 0.381100 43.314037 -0.254643
v 0.262506 43.237801 -0.175401
v 0.133825 43.190853 -0.089419
v 0.148698 44.809147 -0.061593
v 0.291681 44.762199 -0.120818
v 0.423456 44.685963 -0.175401
v 0.538957 44.583363 -0.223243
v 0.633746 44.458344 -0.262506
v 0.704181 44.315716 -0.291681
v 0.747555 44.160950 -0.309647
v 0.762200 44.000000 -0.315713
v 0.747555 43.839050 -0.309647
v 0.704181 43.684284 -0.291681
v 0.633746 43.541656 -0.262506
v 0.538957 43.416637 -0.223243
v 0.423456 43.314037 -0.175401
v 0.291681 43.237801 -0.120818
v 0.148698 43.190853 -0.061593
v 0.157857 44.809147 -0.031400
v 0.309647 44.762199 -0.061593
v 0.449538 44.685963 -0.089419
v 0.572154 44.583363 -0.113808
v 0.672782 44.458344 -0.133824
v 0.747555 44.315716 -0.148698
v 0.793600 44.160950 -0.157857
v 0.809147 44.000000 -0.160949
v 0.793600 43.839050 -0.157857
v 0.747555 43.684284 -0.148698
v 0.672782 43.541656 -0.133824
v 0.572154 43.416637 -0.113808
v 0.449538 43.314037 -0.089419
v 0.309647 43.237801 -0.061593
v 0.157857 43.190853 -0.031400
v 0.160949 44.809147 -0.000000
v 0.315714 44.762199 -0.000000
v 0.458345 44.685963 -0.000000
v 0.583363 44.583363 0.000000
v 0.685962 44.458344 0.000000
v 0.762200 44.315716 0.000000
v 0.809147 44.160950 0.000000
v 0.824999 44.000000 0.000000
v 0.809147 43.839050 0.000000
v 0.762200 43.684284 0.000000
v 0.685962 43.541656 0.000000
v 0.583363 43.416637 0.000000
v 0.458345 43.314037 0.000000
v 0.315714 43.237801 0.000000
v 0.160949 43.190853 0.000000
v 0.157857 44.809147 0.031400
v 0.309647 44.762199 0.061593
v 0.449538 44.685963 0.089419
v 0.572154 44.583363 0.113808
v 0.672781 44.458344 0.133825
v 0.747555 44.315716 0.148698
v 0.793600 44.160950 0.157857
v 0.809147 44.000000 0.160950
v 0.793600 43.839050 0.157857
v 0.747555 43.684284 0.148698
v 0.672781 43.541656 0.133825
v 0.572154 43.416637 0.113808
v 0.449538 43.314037 0.089419
v 0.309647 43.237801 0.061593
v 0.157857 43.190853 0.031400
v 0.148698 44.809147 0.061593
v 0.291681 44.762199 0.120818
v 0.423456 44.685963 0.175401
v 0.538957 44.583363 0.223243
v 0.633746 44.458344 0.262506
v 0.704181 44.315716 0.291681
v 0.747555 44.160950 0.309648
v 0.762200 44.000000 0.315714
v 0.747555 43.839050 0.309648
v 0.704181 43.684284 0.291681
v 0.633746 43.541656 0.262506
v 0.538957 43.416637 0.223243
v 0.423456 43.314037 0.175401
v 0.291681 43.237801 0.120818
v 0.148698 43.190853 0.061593
v 0.133824 44.809147 0.089419
v 0.262506 44.762199 0.175401
v 0.381100 44.685963 0.254643
v 0.485049 44.583363 0.324099
v 0.570356 44.458344 0.381100
v 0.633746 44.315716 0.423456
v 0.672781 44.160950 0.449538
v 0.685961 44.000000 0.458345
v 0.672781 43.839050 0.449538
v 0.633746 43.684284 0.423456
v 0.570356 43.541656 0.381100
v 0.485049 43.416637 0.324099
v 0.381100 43.314037 0.254643
v 0.262506 43.237801 0.175401
v 0.133824 43.190853 0.089419
v 0.113808 44.809147 0.113808
v 0.223243 44.762199 0.223243
v 0.324099 44.685963 0.324099
v 0.412500 44.583363 0.412500
v 0.485048 44.458344 0.485048
v 0.538957 44.315716 0.538957
v 0.572153 44.160950 0.572154
v 0.583362 44.000000 0.583363
v 0.572153 43.839050 0.572154
v 0.538957 43.684284 0.538957
v 0.485048 43.541656 0.485048
v 0.412500 43.416637 0.412500
v 0.324099 43.314037 0.324099
v 0.223243 43.237801 0.223243
v 0.113808 43.190853 0.113808
v 0.089419 44.809147 0.133824
v 0.175401 44.762199 0.262506
v 0.254643 44.685963 0.381100
v 0.324099 44.583363 0.485049
v 0.381100 44.458344 0.570357
v 0.423456 44.315716 0.633746
v 0.449538 44.160950 0.672782
v 0.458345 44.000000 0.685962
v 0.449538 43.839050 0.672782
v 0.423456 43.684284 0.633746
v 0.381100 43.541656 0.570357
v 0.324099 43.416637 0.485049
v 0.254643 43.314037 0.381100
v 0.175401 43.237801 0.262506
v 0.089419 43.190853 0.133824
v 0.061593 44.809147 0.148698
v 0.120818 44.762199 0.291681
v 0.175401 44.685963 0.423456
v 0.223243 44.583363 0.538957
v 0.262506 44.458344 0.633746
v 0.291681 44.315716 0.704181
v 0.309647 44.160950 0.747555
v 0.315713 44.000000 0.762200
v 0.309647 43.839050 0.747555
v 0.291681 43.684284 0.704181
v 0.262506 43.541656 0.633746
v 0.223243 43.416637 0.538957
v 0.175401 43.314037 0.423456
v 0.120818 43.237801 0.291681
v 0.061593 43.190853 0.148698
v 0.031400 44.809147 0.157857
v 0.061593 44.762199 0.309647
v 0.089418 44.685963 0.449538
v 0.113808 44.583363 0.572154
v 0.133824 44.458344 0.672781
v 0.148698 44.315716 0.747555
v 0.157857 44.160950 0.793600
v 0.160949 44.000000 0.809147
v 0.157857 43.839050 0.793600
v 0.148698 43.684284 0.747555
v 0.133824 43.541656 0.672781
v 0.113808 43.416637 0.572154
v 0.089418 43.314037 0.449538
v 0.061593 43.237801 0.309647
v 0.031400 43.190853 0.157857
v -0.000000 44.809147 0.160949
v -0.000000 44.762199 0.315714
v -0.000000 44.583363 0.583363
v -0.000000 44.315716 0.762200
v -0.000000 43.684284 0.762200
v -0.000000 43.416637 0.583363
v -0.000000 43.314037 0.458345
v -0.000000 43.237801 0.315714
v -0.000000 43.190853 0.160949
v 0.759000 43.241001 -0.024750
v -0.759000 43.241001 -0.024750
v 0.759000 44.758999 -0.024750
v -0.759000 44.758999 -0.024750
v 0.660000 43.241001 -0.024750
v 0.330000 43.241001 -0.024750
v 0.000000 43.009998 -0.024750
v -0.330000 43.241001 -0.024750
v -0.660000 43.241001 -0.024750
v -0.660000 44.758999 -0.024750
v -0.330000 44.758999 -0.024750
v 0.000000 44.990002 -0.024750
v 0.330000 44.758999 -0.024750
v 0.660000 44.758999 -0.024750
v 0.759000 44.660000 -0.024750
v 0.759000 44.330002 -0.024750
v 0.990000 44.000000 -0.024750
v 0.759000 43.669998 -0.024750
v 0.759000 43.340000 -0.024750
v -0.759000 43.340000 -0.024750
v -0.759000 43.669998 -0.024750
v -0.990000 44.000000 -0.024750
v -0.759000 44.330002 -0.024750
v -0.759000 44.660000 -0.024750
v 0.660000 43.340000 -0.123750
v 0.660000 43.669998 -0.123750
v 0.660000 44.000000 -0.123750
v 0.660000 44.330002 -0.123750
v 0.660000 44.660000 -0.123750
v 0.330000 43.340000 -0.123750
v 0.330000 44.660000 -0.123750
v 0.000000 43.340000 -0.123750
v 0.000000 44.660000 -0.123750
v -0.330000 43.340000 -0.123750
v -0.330000 44.660000 -0.123750
v -0.660000 43.340000 -0.123750
v -0.660000 43.669998 -0.123750
v -0.660000 44.000000 -0.123750
v -0.660000 44.330002 -0.123750
v -0.660000 44.660000 -0.123750
v 0.759000 43.241001 0.024750
v -0.759000 43.241001 0.024750
v 0.759000 44.758999 0.024750
v -0.759000 44.758999 0.024750
v 0.660000 43.241001 0.024750
v 0.330000 43.241001 0.024750
v -0.000000 43.009998 0.024750
v -0.330000 43.241001 0.024750
v -0.660000 43.241001 0.024750
v -0.660000 44.758999 0.024750
v -0.330000 44.758999 0.024750
v -0.000000 44.990002 0.024750
v 0.330000 44.758999 0.024750
v 0.660000 44.758999 0.024750
v 0.759000 44.660000 0.024750
v 0.759000 44.330002 0.024750
v 0.990000 44.000000 0.024750
v 0.759000 43.669998 0.024750
v 0.759000 43.340000 0.024750
v -0.759000 43.340000 0.024750
v -0.759000 43.669998 0.024750
v -0.990000 44.000000 0.024750
v -0.759000 44.330002 0.024750
v -0.759000 44.660000 0.024750
v 0.660000 43.340000 0.123750
v 0.660000 43.669998 0.123750
v 0.660000 44.000000 0.123750
v 0.660000 44.330002 0.123750
v 0.660000 44.660000 0.123750
v 0.330000 43.340000 0.123750
v 0.330000 44.660000 0.123750
v -0.000000 43.340000 0.123750
v -0.000000 44.660000 0.123750
v -0.330000 43.340000 0.123750
v -0.330000 44.660000 0.123750
v -0.660000 43.340000 0.123750
v -0.660000 43.669998 0.123750
v -0.660000 44.000000 0.123750
v -0.660000 44.330002 0.123750
v -0.660000 44.660000 0.123750
vn -0.0624 0.7715 0.6332
vn -0.0759 -0.6326 0.7708
vn -0.0759 0.6326 0.7708
vn -0.0624 -0.7715 0.6332
vn -0.0865 0.4696 0.8786
vn -0.0464 -0.8810 0.4709
vn -0.0938 0.2890 0.9527
vn -0.0286 -0.9566 0.2902
vn -0.0976 0.0976 0.9904
vn -0.0097 0.9951 0.0980
vn -0.0097 -0.9951 0.0980
vn -0.0976 -0.0976 0.9904
vn -0.0286 0.9566 0.2902
vn -0.0938 -0.2890 0.9527
vn -0.0464 0.8810 0.4709
vn -0.0865 -0.4696 0.8786
vn -0.2779 -0.2890 0.9161
vn -0.1374 0.8810 0.4528
vn -0.2563 -0.4696 0.8448
vn -0.1847 0.7715 0.6088
vn -0.2248 -0.6326 0.7412
vn -0.2248 0.6326 0.7412
vn -0.1847 -0.7715 0.6088
vn -0.2563 0.4696 0.8448
vn -0.1374 -0.8810 0.4528
vn -0.2779 0.2890 0.9161
vn -0.0846 -0.9566 0.2790
vn -0.2889 0.0976 0.9524
vn -0.0286 0.9951 0.0942
vn -0.0286 -0.9951 0.0942
vn -0.2889 -0.0976 0.9524
vn -0.0846 0.9566 0.2790
vn -0.2231 -0.8810 0.4173
vn -0.4513 0.2890 0.8443
vn -0.1374 -0.9565 0.2571
vn -0.4692 0.0976 0.8777
vn -0.0464 0.9951 0.0869
vn -0.0464 -0.9951 0.0869
vn -0.4692 -0.0976 0.8777
vn -0.1374 0.9565 0.2571
vn -0.4513 -0.2890 0.8443
vn -0.2231 0.8810 0.4173
vn -0.4162 -0.4696 0.7786
vn -0.2999 0.7715 0.5611
vn -0.3651 -0.6326 0.6831
vn -0.3651 0.6326 0.6831
vn -0.2999 -0.7715 0.5611
vn -0.4162 0.4696 0.7786
vn -0.5601 -0.4696 0.6825
vn -0.4036 0.7715 0.4918
vn -0.4913 -0.6326 0.5987
vn -0.4913 0.6326 0.5987
vn -0.4036 -0.7715 0.4918
vn -0.5601 0.4696 0.6825
vn -0.3002 -0.8810 0.3658
vn -0.6073 0.2890 0.7400
vn -0.1850 -0.9565 0.2254
vn -0.6314 0.0975 0.7693
vn -0.0625 0.9951 0.0761
vn -0.0625 -0.9951 0.0761
vn -0.6314 -0.0975 0.7693
vn -0.1850 0.9565 0.2254
vn -0.6073 -0.2890 0.7400
vn -0.3002 0.8810 0.3658
vn -0.2254 -0.9565 0.1850
vn -0.7693 0.0975 0.6314
vn -0.0761 0.9951 0.0625
vn -0.0761 -0.9951 0.0625
vn -0.7693 -0.0975 0.6314
vn -0.2254 0.9565 0.1850
vn -0.7400 -0.2890 0.6073
vn -0.3658 0.8810 0.3002
vn -0.6825 -0.4696 0.5601
vn -0.4918 0.7715 0.4036
vn -0.5987 -0.6326 0.4913
vn -0.5987 0.6326 0.4913
vn -0.4918 -0.7715 0.4036
vn -0.6825 0.4696 0.5601
vn -0.3658 -0.8810 0.3002
vn -0.7400 0.2890 0.6073
vn -0.5611 0.7715 0.2999
vn -0.6831 -0.6326 0.3651
vn -0.6831 0.6326 0.3651
vn -0.5611 -0.7715 0.2999
vn -0.7786 0.4696 0.4162
vn -0.4173 -0.8810 0.2231
vn -0.8443 0.2890 0.4513
vn -0.2571 -0.9565 0.1374
vn -0.8777 0.0975 0.4691
vn -0.0869 0.9951 0.0464
vn -0.0869 -0.9951 0.0464
vn -0.8777 -0.0975 0.4691
vn -0.2571 0.9565 0.1374
vn -0.8443 -0.2890 0.4513
vn -0.4173 0.8810 0.2231
vn -0.7786 -0.4696 0.4162
vn -0.9524 0.0975 0.2889
vn -0.0942 0.9951 0.0286
vn -0.0942 -0.9951 0.0286
vn -0.9524 -0.0975 0.2889
vn -0.2790 0.9565 0.0846
vn -0.9161 -0.2890 0.2779
vn -0.4528 0.8810 0.1374
vn -0.8448 -0.4696 0.2563
vn -0.6088 0.7715 0.1847
vn -0.7412 -0.6326 0.2248
vn -0.7412 0.6326 0.2248
vn -0.6088 -0.7715 0.1847
vn -0.8448 0.4696 0.2563
vn -0.4528 -0.8810 0.1374
vn -0.9161 0.2890 0.2779
vn -0.2790 -0.9565 0.0846
vn -0.7708 -0.6326 0.0759
vn -0.7708 0.6326 0.0759
vn -0.6332 -0.7715 0.0624
vn -0.8786 0.4696 0.0865
vn -0.4709 -0.8810 0.0464
vn -0.9527 0.2890 0.0938
vn -0.2902 -0.9565 0.0286
vn -0.9904 0.0976 0.0976
vn -0.0980 0.9951 0.0097
vn -0.0980 -0.9951 0.0097
vn -0.9904 -0.0976 0.0976
vn -0.2902 0.9565 0.0286
vn -0.9527 -0.2890 0.0938
vn -0.4709 0.8810 0.0464
vn -0.8786 -0.4696 0.0865
vn -0.6332 0.7715 0.0624
vn -0.0980 0.9951 -0.0097
vn -0.0980 -0.9951 -0.0097
vn -0.9904 -0.0976 -0.0976
vn -0.2902 0.9565 -0.0286
vn -0.9527 -0.2890 -0.0938
vn -0.4709 0.8810 -0.0464
vn -0.8786 -0.4696 -0.0865
vn -0.6332 0.7715 -0.0624
vn -0.7708 -0.6326 -0.0759
vn -0.7708 0.6326 -0.0759
vn -0.6332 -0.7715 -0.0624
vn -0.8786 0.4696 -0.0865
vn -0.4709 -0.8810 -0.0464
vn -0.9527 0.2890 -0.0938
vn -0.2902 -0.9565 -0.0286
vn -0.9904 0.0976 -0.0976
vn -0.7412 0.6326 -0.2248
vn -0.6088 -0.7715 -0.1847
vn -0.8448 0.4696 -0.2563
vn -0.4528 -0.8810 -0.1374
vn -0.9161 0.2890 -0.2779
vn -0.2790 -0.9565 -0.0846
vn -0.9524 0.0975 -0.2889
vn -0.0942 0.9951 -0.0286
vn -0.0942 -0.9951 -0.0286
vn -0.9524 -0.0975 -0.2889
vn -0.2790 0.9565 -0.0846
vn -0.9161 -0.2890 -0.2779
vn -0.4528 0.8810 -0.1374
vn -0.8448 -0.4696 -0.2563
vn -0.6088 0.7715 -0.1847
vn -0.7412 -0.6326 -0.2248
vn -0.8777 -0.0975 -0.4691
vn -0.2571 0.9565 -0.1374
vn -0.8443 -0.2890 -0.4513
vn -0.4173 0.8810 -0.2231
vn -0.7786 -0.4696 -0.4162
vn -0.5611 0.7715 -0.2999
vn -0.6831 -0.6326 -0.3651
vn -0.6831 0.6326 -0.3651
vn -0.5611 -0.7715 -0.2999
vn -0.7786 0.4696 -0.4162
vn -0.4173 -0.8810 -0.2231
vn -0.8443 0.2890 -0.4513
vn -0.2571 -0.9565 -0.1374
vn -0.8777 0.0975 -0.4692
vn -0.0869 0.9951 -0.0464
vn -0.0869 -0.9951 -0.0464
vn -0.4918 -0.7715 -0.4036
vn -0.6825 0.4696 -0.5601
vn -0.3658 -0.8810 -0.3002
vn -0.7400 0.2890 -0.6073
vn -0.2254 -0.9565 -0.1850
vn -0.7693 0.0975 -0.6314
vn -0.0761 0.9951 -0.0625
vn -0.0761 -0.9951 -0.0625
vn -0.7693 -0.0975 -0.6314
vn -0.2254 0.9565 -0.1850
vn -0.7400 -0.2890 -0.6073
vn -0.3658 0.8810 -0.3002
vn -0.6825 -0.4696 -0.5601
vn -0.4918 0.7715 -0.4036
vn -0.5987 -0.6326 -0.4913
vn -0.5987 0.6326 -0.4913
vn -0.6073 -0.2890 -0.7400
vn -0.3002 0.8810 -0.3658
vn -0.5601 -0.4696 -0.6825
vn -0.4036 0.7715 -0.4918
vn -0.4913 -0.6326 -0.5987
vn -0.4913 0.6326 -0.5987
vn -0.4036 -0.7715 -0.4918
vn -0.5601 0.4696 -0.6825
vn -0.3002 -0.8810 -0.3658
vn -0.6073 0.2890 -0.7400
vn -0.1850 -0.9565 -0.2254
vn -0.6314 0.0975 -0.7693
vn -0.0625 0.9951 -0.0761
vn -0.0625 -0.9951 -0.0761
vn -0.6314 -0.0975 -0.7693
vn -0.1850 0.9565 -0.2254
vn -0.2231 -0.8810 -0.4173
vn -0.4513 0.2890 -0.8443
vn -0.1374 -0.9565 -0.2571
vn -0.4691 0.0975 -0.8777
vn -0.0464 0.9951 -0.0869
vn -0.0464 -0.9951 -0.0869
vn -0.4691 -0.0975 -0.8777
vn -0.1374 0.9565 -0.2571
vn -0.4513 -0.2890 -0.8443
vn -0.2231 0.8810 -0.4173
vn -0.4162 -0.4696 -0.7786
vn -0.2999 0.7715 -0.5611
vn -0.3651 -0.6326 -0.6831
vn -0.3651 0.6326 -0.6831
vn -0.2999 -0.7715 -0.5611
vn -0.4162 0.4696 -0.7786
vn -0.1374 0.8810 -0.4528
vn -0.2563 -0.4696 -0.8448
vn -0.1847 0.7715 -0.6088
vn -0.2248 -0.6326 -0.7412
vn -0.2248 0.6326 -0.7412
vn -0.1847 -0.7715 -0.6088
vn -0.2563 0.4696 -0.8448
vn -0.1374 -0.8810 -0.4528
vn -0.2779 0.2890 -0.9161
vn -0.0846 -0.9565 -0.2790
vn -0.2889 0.0975 -0.9524
vn -0.0286 0.9951 -0.0942
vn -0.0286 -0.9951 -0.0942
vn -0.2889 -0.0975 -0.9524
vn -0.0846 0.9565 -0.2790
vn -0.2779 -0.2890 -0.9161
vn -0.0938 0.2890 -0.9527
vn -0.0286 -0.9565 -0.2902
vn -0.0976 0.0975 -0.9904
vn -0.0097 0.9951 -0.0980
vn -0.0097 -0.9951 -0.0980
vn -0.0976 -0.0975 -0.9904
vn -0.0286 0.9565 -0.2902
vn -0.0938 -0.2890 -0.9527
vn -0.0464 0.8810 -0.4709
vn -0.0865 -0.4696 -0.8786
vn -0.0624 0.7715 -0.6332
vn -0.0759 -0.6326 -0.7708
vn -0.0759 0.6326 -0.7708
vn -0.0624 -0.7715 -0.6332
vn -0.0865 0.4696 -0.8786
vn -0.0464 -0.8810 -0.4709
vn 0.0865 -0.4696 -0.8786
vn 0.0624 0.7715 -0.6332
vn 0.0759 -0.6326 -0.7708
vn 0.0759 0.6326 -0.7708
vn 0.0624 -0.7715 -0.6332
vn 0.0865 0.4696 -0.8786
vn 0.0464 -0.8810 -0.4709
vn 0.0938 0.2890 -0.9527
vn 0.0286 -0.9565 -0.2902
vn 0.0976 0.0975 -0.9904
vn 0.0097 0.9951 -0.0980
vn 0.0097 -0.9951 -0.0980
vn 0.0976 -0.0975 -0.9904
vn 0.0286 0.9565 -0.2902
vn 0.0938 -0.2890 -0.9527
vn 0.0464 0.8810 -0.4709
vn 0.0846 -0.9565 -0.2790
vn 0.2889 0.0975 -0.9524
vn 0.0286 0.9951 -0.0942
vn 0.0286 -0.9951 -0.0942
vn 0.2889 -0.0975 -0.9524
vn 0.0846 0.9565 -0.2790
vn 0.2779 -0.2890 -0.9161
vn 0.1374 0.8810 -0.4528
vn 0.2563 -0.4696 -0.8448
vn 0.1847 0.7715 -0.6088
vn 0.2248 -0.6326 -0.7412
vn 0.2248 0.6326 -0.7412
vn 0.1847 -0.7715 -0.6088
vn 0.2563 0.4696 -0.8448
vn 0.1374 -0.8810 -0.4528
vn 0.2779 0.2890 -0.9161
vn 0.2999 0.7715 -0.5611
vn 0.3651 -0.6326 -0.6831
vn 0.3651 0.6326 -0.6831
vn 0.2999 -0.7715 -0.5611
vn 0.4162 0.4696 -0.7786
vn 0.2231 -0.8810 -0.4173
vn 0.4513 0.2890 -0.8443
vn 0.1374 -0.9565 -0.2571
vn 0.4691 0.0975 -0.8777
vn 0.0464 0.9951 -0.0869
vn 0.0464 -0.9951 -0.0869
vn 0.4691 -0.0975 -0.8777
vn 0.1374 0.9565 -0.2571
vn 0.4513 -0.2890 -0.8443
vn 0.2231 0.8810 -0.4173
vn 0.4162 -0.4696 -0.7786
vn 0.6314 0.0975 -0.7693
vn 0.0625 0.9951 -0.0761
vn 0.0625 -0.9951 -0.0761
vn 0.6314 -0.0975 -0.7693
vn 0.1850 0.9565 -0.2254
vn 0.6073 -0.2890 -0.7400
vn 0.3002 0.8810 -0.3658
vn 0.5601 -0.4696 -0.6825
vn 0.4036 0.7715 -0.4918
vn 0.4913 -0.6326 -0.5987
vn 0.4913 0.6326 -0.5987
vn 0.4036 -0.7715 -0.4918
vn 0.5601 0.4696 -0.6825
vn 0.3002 -0.8810 -0.3658
vn 0.6073 0.2890 -0.7400
vn 0.1850 -0.9565 -0.2254
vn 0.5987 -0.6326 -0.4913
vn 0.5987 0.6326 -0.4913
vn 0.4918 -0.7715 -0.4036
vn 0.6825 0.4696 -0.5601
vn 0.3658 -0.8810 -0.3002
vn 0.7400 0.2890 -0.6073
vn 0.2254 -0.9565 -0.1850
vn 0.7693 0.0975 -0.6314
vn 0.0761 0.9951 -0.0625
vn 0.0761 -0.9951 -0.0625
vn 0.7693 -0.0975 -0.6314
vn 0.2254 0.9565 -0.1850
vn 0.7400 -0.2890 -0.6073
vn 0.3658 0.8810 -0.3002
vn 0.6825 -0.4696 -0.5601
vn 0.4918 0.7715 -0.4036
vn 0.0869 -0.9951 -0.0464
vn 0.8777 -0.0975 -0.4691
vn 0.2571 0.9565 -0.1374
vn 0.8443 -0.2890 -0.4513
vn 0.4173 0.8810 -0.2231
vn 0.7786 -0.4696 -0.4162
vn 0.5611 0.7715 -0.2999
vn 0.6831 -0.6326 -0.3651
vn 0.6831 0.6326 -0.3651
vn 0.5611 -0.7715 -0.2999
vn 0.7786 0.4696 -0.4162
vn 0.4173 -0.8810 -0.2231
vn 0.8443 0.2890 -0.4513
vn 0.2571 -0.9565 -0.1374
vn 0.8777 0.0975 -0.4691
vn 0.0869 0.9951 -0.0464
vn 0.6088 -0.7715 -0.1847
vn 0.8448 0.4696 -0.2563
vn 0.4528 -0.8810 -0.1374
vn 0.9161 0.2890 -0.2779
vn 0.2790 -0.9565 -0.0846
vn 0.9524 0.0975 -0.2889
vn 0.0942 0.9951 -0.0286
vn 0.0942 -0.9951 -0.0286
vn 0.9524 -0.0975 -0.2889
vn 0.2790 0.9565 -0.0846
vn 0.9161 -0.2890 -0.2779
vn 0.4528 0.8810 -0.1374
vn 0.8448 -0.4696 -0.2563
vn 0.6088 0.7715 -0.1847
vn 0.7412 -0.6326 -0.2248
vn 0.7412 0.6326 -0.2248
vn 0.2902 0.9565 -0.0286
vn 0.9527 -0.2890 -0.0938
vn 0.4709 0.8810 -0.0464
vn 0.8786 -0.4696 -0.0865
vn 0.6332 0.7715 -0.0624
vn 0.7708 -0.6326 -0.0759
vn 0.7708 0.6326 -0.0759
vn 0.6332 -0.7715 -0.0624
vn 0.8786 0.4696 -0.0865
vn 0.4709 -0.8810 -0.0464
vn 0.9527 0.2890 -0.0938
vn 0.2902 -0.9565 -0.0286
vn 0.9904 0.0975 -0.0975
vn 0.0980 0.9951 -0.0097
vn 0.0980 -0.9951 -0.0097
vn 0.9904 -0.0975 -0.0975
vn 0.8786 0.4696 0.0865
vn 0.4709 -0.8810 0.0464
vn 0.9527 0.2890 0.0938
vn 0.2902 -0.9565 0.0286
vn 0.9904 0.0975 0.0975
vn 0.0980 0.9951 0.0097
vn 0.0980 -0.9951 0.0097
vn 0.9904 -0.0975 0.0975
vn 0.2902 0.9565 0.0286
vn 0.9527 -0.2890 0.0938
vn 0.4709 0.8810 0.0464
vn 0.8786 -0.4696 0.0865
vn 0.6332 0.7715 0.0624
vn 0.7708 -0.6326 0.0759
vn 0.7708 0.6326 0.0759
vn 0.6332 -0.7715 0.0624
vn 0.9161 -0.2890 0.2779
vn 0.4528 0.8810 0.1374
vn 0.8448 -0.4696 0.2563
vn 0.6088 0.7715 0.1847
vn 0.7412 -0.6326 0.2248
vn 0.7412 0.6326 0.2248
vn 0.6088 -0.7715 0.1847
vn 0.8448 0.4696 0.2563
vn 0.4528 -0.8810 0.1374
vn 0.9161 0.2890 0.2779
vn 0.2790 -0.9565 0.0846
vn 0.9524 0.0975 0.2889
vn 0.0942 0.9951 0.0286
vn 0.0942 -0.9951 0.0286
vn 0.9524 -0.0975 0.2889
vn 0.2790 0.9565 0.0846
vn 0.4173 -0.8810 0.2231
vn 0.8443 0.2890 0.4513
vn 0.2571 -0.9565 0.1374
vn 0.8777 0.0975 0.4692
vn 0.0869 0.9951 0.0464
vn 0.0869 -0.9951 0.0464
vn 0.8777 -0.0975 0.4692
vn 0.2571 0.9565 0.1374
vn 0.8443 -0.2890 0.4513
vn 0.4173 0.8810 0.2231
vn 0.7786 -0.4696 0.4162
vn 0.5611 0.7715 0.2999
vn 0.6831 -0.6326 0.3651
vn 0.6831 0.6326 0.3651
vn 0.5611 -0.7715 0.2999
vn 0.7786 0.4696 0.4162
vn 0.3658 0.8810 0.3002
vn 0.6825 -0.4696 0.5601
vn 0.4918 0.7715 0.4036
vn 0.5987 -0.6326 0.4913
vn 0.5987 0.6326 0.4913
vn 0.4918 -0.7715 0.4036
vn 0.6825 0.4696 0.5601
vn 0.3658 -0.8810 0.3002
vn 0.7400 0.2890 0.6073
vn 0.2254 -0.9566 0.1850
vn 0.7693 0.0975 0.6314
vn 0.0761 0.9951 0.0625
vn 0.0761 -0.9951 0.0625
vn 0.7693 -0.0975 0.6314
vn 0.2254 0.9565 0.1850
vn 0.7400 -0.2890 0.6073
vn 0.6073 0.2890 0.7400
vn 0.1850 -0.9565 0.2254
vn 0.6314 0.0975 0.7693
vn 0.0625 0.9951 0.0761
vn 0.0625 -0.9951 0.0761
vn 0.6314 -0.0975 0.7693
vn 0.1850 0.9565 0.2254
vn 0.6073 -0.2890 0.7400
vn 0.3002 0.8810 0.3658
vn 0.5601 -0.4696 0.6825
vn 0.4036 0.7715 0.4918
vn 0.4913 -0.6326 0.5987
vn 0.4913 0.6326 0.5987
vn 0.4036 -0.7715 0.4918
vn 0.5601 0.4696 0.6825
vn 0.3002 -0.8810 0.3658
vn 0.4162 -0.4696 0.7786
vn 0.2999 0.7715 0.5611
vn 0.3651 -0.6326 0.6831
vn 0.3651 0.6326 0.6831
vn 0.2999 -0.7715 0.5611
vn 0.4162 0.4696 0.7786
vn 0.2231 -0.8810 0.4173
vn 0.4513 0.2890 0.8443
vn 0.1374 -0.9565 0.2571
vn 0.4691 0.0975 0.8777
vn 0.0464 0.9951 0.0869
vn 0.0464 -0.9951 0.0869
vn 0.4691 -0.0975 0.8777
vn 0.1374 0.9565 0.2571
vn 0.4513 -0.2890 0.8443
vn 0.2231 0.8810 0.4173
vn 0.0846 -0.9565 0.2790
vn 0.2889 0.0975 0.9524
vn 0.0286 0.9951 0.0942
vn 0.0286 -0.9951 0.0942
vn 0.2889 -0.0975 0.9524
vn 0.0846 0.9565 0.2790
vn 0.2779 -0.2890 0.9161
vn 0.1374 0.8810 0.4528
vn 0.2563 -0.4696 0.8448
vn 0.1847 0.7715 0.6088
vn 0.2248 -0.6326 0.7412
vn 0.2248 0.6326 0.7412
vn 0.1847 -0.7715 0.6088
vn 0.2563 0.4696 0.8448
vn 0.1374 -0.8810 0.4528
vn 0.2779 0.2890 0.9161
vn 0.0759 -0.6326 0.7708
vn 0.0759 0.6326 0.7708
vn 0.0624 -0.7715 0.6332
vn 0.0865 0.4696 0.8786
vn 0.0464 -0.8810 0.4709
vn 0.0938 0.2890 0.9527
vn 0.0286 -0.9565 0.2902
vn 0.0976 0.0975 0.9904
vn 0.0097 0.9951 0.0980
vn 0.0097 -0.9951 0.0980
vn 0.0976 -0.0975 0.9904
vn 0.0286 0.9565 0.2902
vn 0.0938 -0.2890 0.9527
vn 0.0464 0.8810 0.4709
vn 0.0865 -0.4696 0.8786
vn 0.0624 0.7715 0.6332
vn -0.4082 0.4082 -0.8165
vn 0.4082 0.4082 -0.8165
vn -0.0000 0.7071 -0.7071
vn 0.1451 0.4146 -0.8983
vn -0.1451 0.4146 -0.8983
vn -0.0000 -0.7071 -0.7071
vn -0.1451 -0.4146 -0.8983
vn 0.1451 -0.4146 -0.8983
vn 0.4082 -0.4082 -0.8165
vn 0.7071 -0.0000 -0.7071
vn 0.4146 -0.1451 -0.8983
vn 0.4146 0.1451 -0.8983
vn -0.4082 -0.4082 -0.8165
vn -0.7071 -0.0000 -0.7071
vn -0.4146 -0.1451 -0.8983
vn -0.4146 0.1451 -0.8983
vn -0.0000 -0.0000 -1.0000
vn -0.4082 0.4082 0.8165
vn 0.4082 0.4082 0.8165
vn -0.0000 0.7071 0.7071
vn 0.1451 0.4146 0.8983
vn -0.1451 0.4146 0.8983
vn -0.0000 -0.7071 0.7071
vn -0.1451 -0.4146 0.8983
vn 0.1451 -0.4146 0.8983
vn 0.4082 -0.4082 0.8165
vn 0.7071 -0.0000 0.7071
vn 0.4146 -0.1451 0.8983
vn 0.4146 0.1451 0.8983
vn -0.4082 -0.4082 0.8165
vn -0.7071 -0.0000 0.7071
vn -0.4146 -0.1451 0.8983
vn -0.4146 0.1451 0.8983
vn -0.0000 -0.0000 1.0000
vn 1.0000 -0.0000 -0.0000
vn -0.0000 -1.0000 -0.0000
vn -1.0000 -0.0000 -0.0000
vn -0.0000 1.0000 -0.0000
vn 0.5735 -0.8192 -0.0000
vn -0.5735 -0.8192 -0.0000
vn -0.5735 0.8192 -0.0000
vn 0.5735 0.8192 -0.0000
vn 0.8192 0.5735 -0.0000
vn 0.8192 -0.5735 -0.0000
vn -0.8192 -0.5735 -0.0000
vn -0.8192 0.5735 -0.0000
vt 0.170807 0.170807
vt 0.170807 0.128374
vt 0.192024 0.128374
vt 0.192024 0.170807
vt 0.170807 0.510277
vt 0.170807 0.467843
vt 0.192024 0.467843
vt 0.192024 0.510277
vt 0.170807 0.213241
vt 0.192024 0.213241
vt 0.170807 0.552711
vt 0.192024 0.552711
vt 0.170807 0.255675
vt 0.192024 0.255675
vt 0.170807 0.595145
vt 0.192024 0.595145
vt 0.170807 0.298108
vt 0.192024 0.298108
vt 0.170807 0.637578
vt 0.192024 0.637578
vt 0.170807 0.340542
vt 0.192024 0.340542
vt 0.170807 0.043506
vt 0.181416 0.001072
vt 0.192024 0.043506
vt 0.181416 0.680012
vt 0.170807 0.382976
vt 0.192024 0.382976
vt 0.170807 0.085940
vt 0.192024 0.085940
vt 0.170807 0.425410
vt 0.192024 0.425410
vt 0.213241 0.382976
vt 0.213241 0.425410
vt 0.213241 0.085940
vt 0.213241 0.128374
vt 0.213241 0.467843
vt 0.213241 0.170807
vt 0.213241 0.510277
vt 0.213241 0.213241
vt 0.213241 0.552711
vt 0.213241 0.255675
vt 0.213241 0.595145
vt 0.213241 0.298108
vt 0.213241 0.637578
vt 0.213241 0.340542
vt 0.202633 0.001072
vt 0.213241 0.043506
vt 0.202633 0.680012
vt 0.234458 0.552711
vt 0.234458 0.595145
vt 0.234458 0.255675
vt 0.234458 0.298108
vt 0.234458 0.637578
vt 0.234458 0.340542
vt 0.223849 0.001072
vt 0.234458 0.043506
vt 0.223850 0.680012
vt 0.234458 0.382976
vt 0.234458 0.085940
vt 0.234458 0.425410
vt 0.234458 0.128374
vt 0.234458 0.467843
vt 0.234458 0.170807
vt 0.234458 0.510277
vt 0.234458 0.213241
vt 0.255675 0.425410
vt 0.255675 0.467843
vt 0.255675 0.128374
vt 0.255675 0.170807
vt 0.255675 0.510277
vt 0.255675 0.213241
vt 0.255675 0.552711
vt 0.255675 0.255675
vt 0.255675 0.595145
vt 0.255675 0.298108
vt 0.255675 0.637578
vt 0.255675 0.340542
vt 0.245066 0.001072
vt 0.255675 0.043506
vt 0.245066 0.680012
vt 0.255675 0.382976
vt 0.255675 0.085940
vt 0.276892 0.595145
vt 0.276892 0.637578
vt 0.276892 0.298108
vt 0.276892 0.340542
vt 0.266283 0.001072
vt 0.276892 0.043506
vt 0.266283 0.680012
vt 0.276892 0.382976
vt 0.276892 0.085940
vt 0.276892 0.425410
vt 0.276892 0.128374
vt 0.276892 0.467843
vt 0.276892 0.170807
vt 0.276892 0.510277
vt 0.276892 0.213241
vt 0.276892 0.552711
vt 0.276892 0.255675
vt 0.298108 0.128374
vt 0.298108 0.170807
vt 0.298108 0.467843
vt 0.298108 0.510277
vt 0.298108 0.213241
vt 0.298108 0.552711
vt 0.298108 0.255675
vt 0.298108 0.595145
vt 0.298108 0.298108
vt 0.298109 0.637578
vt 0.298108 0.340542
vt 0.287500 0.001072
vt 0.298108 0.043506
vt 0.287500 0.680012
vt 0.298108 0.382976
vt 0.298108 0.085940
vt 0.298108 0.425410
vt 0.319325 0.298108
vt 0.319325 0.340542
vt 0.308717 0.001072
vt 0.319325 0.043506
vt 0.308717 0.680012
vt 0.319325 0.637578
vt 0.319325 0.382976
vt 0.319325 0.085940
vt 0.319325 0.425410
vt 0.319325 0.128374
vt 0.319325 0.467843
vt 0.319325 0.170807
vt 0.319325 0.510277
vt 0.319325 0.213241
vt 0.319325 0.552711
vt 0.319325 0.255675
vt 0.319325 0.595145
vt 0.340542 0.467843
vt 0.340542 0.510277
vt 0.340542 0.170807
vt 0.340542 0.213241
vt 0.340542 0.552711
vt 0.340542 0.255675
vt 0.340542 0.595145
vt 0.340542 0.298108
vt 0.340542 0.637578
vt 0.340542 0.340542
vt 0.329934 0.001072
vt 0.340542 0.043506
vt 0.329934 0.680012
vt 0.340542 0.382976
vt 0.340542 0.085940
vt 0.340542 0.425410
vt 0.340542 0.128374
vt 0.351151 0.001072
vt 0.361759 0.043506
vt 0.351151 0.680012
vt 0.361759 0.637578
vt 0.361759 0.340542
vt 0.361759 0.382976
vt 0.361759 0.085940
vt 0.361759 0.425410
vt 0.361759 0.128374
vt 0.361759 0.467843
vt 0.361759 0.170807
vt 0.361759 0.510277
vt 0.361759 0.213241
vt 0.361759 0.552711
vt 0.361759 0.255675
vt 0.361759 0.595145
vt 0.361759 0.298108
vt 0.382976 0.170807
vt 0.382976 0.213241
vt 0.382976 0.510277
vt 0.382976 0.552711
vt 0.382976 0.255675
vt 0.382976 0.595145
vt 0.382976 0.298108
vt 0.382976 0.637578
vt 0.382976 0.340542
vt 0.372368 0.001072
vt 0.382976 0.043506
vt 0.372368 0.680012
vt 0.382976 0.382976
vt 0.382976 0.085940
vt 0.382976 0.425410
vt 0.382976 0.128373
vt 0.382976 0.467843
vt 0.404193 0.340542
vt 0.404193 0.382976
vt 0.404193 0.043506
vt 0.404193 0.085940
vt 0.404193 0.425410
vt 0.404193 0.128373
vt 0.404193 0.467843
vt 0.404193 0.170807
vt 0.404193 0.510277
vt 0.404193 0.213241
vt 0.404193 0.552711
vt 0.404193 0.255675
vt 0.404193 0.595145
vt 0.404193 0.298108
vt 0.404193 0.637578
vt 0.393584 0.001072
vt 0.393584 0.680012
vt 0.425410 0.510277
vt 0.425410 0.552711
vt 0.425410 0.213241
vt 0.425410 0.255675
vt 0.425410 0.595145
vt 0.425410 0.298108
vt 0.425410 0.637578
vt 0.425410 0.340542
vt 0.414801 0.001072
vt 0.425410 0.043506
vt 0.414801 0.680012
vt 0.425410 0.382976
vt 0.425410 0.085940
vt 0.425410 0.425410
vt 0.425410 0.128373
vt 0.425410 0.467843
vt 0.425410 0.170807
vt 0.446626 0.382976
vt 0.446626 0.425410
vt 0.446626 0.085940
vt 0.446627 0.128373
vt 0.446626 0.467843
vt 0.446627 0.170807
vt 0.446626 0.510277
vt 0.446626 0.213241
vt 0.446627 0.552711
vt 0.446626 0.255675
vt 0.446626 0.595145
vt 0.446626 0.298108
vt 0.446627 0.637578
vt 0.446627 0.340542
vt 0.436018 0.001072
vt 0.446627 0.043506
vt 0.436018 0.680012
vt 0.467843 0.552711
vt 0.467843 0.595145
vt 0.467843 0.255675
vt 0.467843 0.298108
vt 0.467843 0.637578
vt 0.467843 0.340542
vt 0.457235 0.001072
vt 0.467843 0.043506
vt 0.457235 0.680012
vt 0.467843 0.382976
vt 0.467843 0.085940
vt 0.467843 0.425410
vt 0.467843 0.128373
vt 0.467843 0.467843
vt 0.467843 0.170807
vt 0.467843 0.510277
vt 0.467843 0.213241
vt 0.489060 0.085940
vt 0.489060 0.128373
vt 0.489060 0.425410
vt 0.489060 0.467843
vt 0.489060 0.170807
vt 0.489060 0.510277
vt 0.489060 0.213241
vt 0.489060 0.552711
vt 0.489060 0.255675
vt 0.489060 0.595145
vt 0.489060 0.298108
vt 0.489060 0.637578
vt 0.489060 0.340542
vt 0.478452 0.001072
vt 0.489060 0.043506
vt 0.478452 0.680012
vt 0.489060 0.382976
vt 0.510277 0.255675
vt 0.510277 0.298108
vt 0.510277 0.595145
vt 0.510277 0.637578
vt 0.510277 0.340542
vt 0.499669 0.001072
vt 0.510277 0.043506
vt 0.499669 0.680012
vt 0.510277 0.382976
vt 0.510277 0.085940
vt 0.510277 0.425410
vt 0.510277 0.128373
vt 0.510277 0.467843
vt 0.510277 0.170807
vt 0.510277 0.510277
vt 0.510277 0.213241
vt 0.510277 0.552711
vt 0.531494 0.425410
vt 0.531494 0.467843
vt 0.531494 0.128373
vt 0.531494 0.170807
vt 0.531494 0.510277
vt 0.531494 0.213241
vt 0.531494 0.552711
vt 0.531494 0.255675
vt 0.531494 0.595145
vt 0.531494 0.298108
vt 0.531494 0.637578
vt 0.531494 0.340542
vt 0.520885 0.001072
vt 0.531494 0.043506
vt 0.520886 0.680012
vt 0.531494 0.382976
vt 0.531494 0.085940
vt 0.552711 0.595145
vt 0.552711 0.637578
vt 0.552711 0.298108
vt 0.552711 0.340542
vt 0.542102 0.001072
vt 0.552711 0.043506
vt 0.542103 0.680012
vt 0.552711 0.382976
vt 0.552711 0.085940
vt 0.552711 0.425410
vt 0.552711 0.128373
vt 0.552711 0.467843
vt 0.552711 0.170807
vt 0.552711 0.510277
vt 0.552711 0.213241
vt 0.552711 0.552711
vt 0.552711 0.255675
vt 0.573928 0.128373
vt 0.573928 0.170807
vt 0.573928 0.467843
vt 0.573928 0.510277
vt 0.573928 0.213241
vt 0.573928 0.552711
vt 0.573928 0.255675
vt 0.573928 0.595145
vt 0.573928 0.298108
vt 0.573928 0.637578
vt 0.573928 0.340542
vt 0.563319 0.001072
vt 0.573928 0.043506
vt 0.563319 0.680012
vt 0.573928 0.382976
vt 0.573928 0.085940
vt 0.573928 0.425410
vt 0.595145 0.298108
vt 0.595145 0.340542
vt 0.584536 0.001072
vt 0.595145 0.043506
vt 0.584536 0.680012
vt 0.595145 0.637578
vt 0.595145 0.382976
vt 0.595145 0.085940
vt 0.595145 0.425410
vt 0.595145 0.128373
vt 0.595145 0.467843
vt 0.595145 0.170807
vt 0.595145 0.510277
vt 0.595145 0.213241
vt 0.595145 0.552711
vt 0.595145 0.255675
vt 0.595145 0.595145
vt 0.616361 0.467843
vt 0.616361 0.510277
vt 0.616361 0.170807
vt 0.616361 0.213241
vt 0.616361 0.552711
vt 0.616361 0.255675
vt 0.616361 0.595145
vt 0.616361 0.298108
vt 0.616361 0.637578
vt 0.616361 0.340542
vt 0.605753 0.001072
vt 0.616361 0.043506
vt 0.605753 0.680012
vt 0.616361 0.382976
vt 0.616361 0.085940
vt 0.616361 0.425410
vt 0.616361 0.128373
vt 0.626970 0.680012
vt 0.637578 0.637578
vt 0.637578 0.340542
vt 0.637578 0.382976
vt 0.637578 0.043506
vt 0.637578 0.085940
vt 0.637578 0.425410
vt 0.637578 0.128373
vt 0.637578 0.467843
vt 0.637578 0.170807
vt 0.637578 0.510277
vt 0.637578 0.213241
vt 0.637578 0.552711
vt 0.637578 0.255675
vt 0.637578 0.595145
vt 0.637578 0.298108
vt 0.626970 0.001072
vt 0.658795 0.510277
vt 0.658795 0.552711
vt 0.658795 0.213241
vt 0.658795 0.255675
vt 0.658795 0.595145
vt 0.658795 0.298108
vt 0.658795 0.637578
vt 0.658795 0.340542
vt 0.648187 0.001072
vt 0.658795 0.043506
vt 0.648187 0.680012
vt 0.658795 0.382976
vt 0.658795 0.085940
vt 0.658795 0.425410
vt 0.658795 0.128373
vt 0.658795 0.467843
vt 0.658795 0.170807
vt 0.680012 0.043506
vt 0.680012 0.085940
vt 0.680012 0.382976
vt 0.680012 0.425410
vt 0.680012 0.128373
vt 0.680012 0.467843
vt 0.680012 0.170807
vt 0.680012 0.510277
vt 0.680012 0.213241
vt 0.680012 0.552711
vt 0.680012 0.255675
vt 0.680012 0.595145
vt 0.680012 0.298108
vt 0.680012 0.637578
vt 0.680012 0.340542
vt 0.669404 0.001072
vt 0.669404 0.680012
vt 0.001072 0.255675
vt 0.001072 0.213241
vt 0.022289 0.213241
vt 0.022289 0.255675
vt 0.001072 0.595145
vt 0.001072 0.552711
vt 0.022289 0.552711
vt 0.022289 0.595145
vt 0.001072 0.298108
vt 0.022289 0.298108
vt 0.001072 0.637578
vt 0.022289 0.637578
vt 0.001072 0.340542
vt 0.022289 0.340542
vt 0.001072 0.043506
vt 0.011681 0.001072
vt 0.022289 0.043506
vt 0.011681 0.680012
vt 0.001072 0.382976
vt 0.022289 0.382976
vt 0.001072 0.085940
vt 0.022289 0.085940
vt 0.001072 0.425410
vt 0.022289 0.425410
vt 0.001072 0.128373
vt 0.022289 0.128373
vt 0.001072 0.467843
vt 0.022289 0.467843
vt 0.001072 0.170807
vt 0.022289 0.170807
vt 0.001072 0.510277
vt 0.022289 0.510277
vt 0.043506 0.382976
vt 0.043506 0.425410
vt 0.043506 0.085940
vt 0.043506 0.128373
vt 0.043506 0.467843
vt 0.043506 0.170807
vt 0.043506 0.510277
vt 0.043506 0.213241
vt 0.043506 0.552711
vt 0.043506 0.255675
vt 0.043506 0.595145
vt 0.043506 0.298108
vt 0.043506 0.637578
vt 0.043506 0.340542
vt 0.032898 0.001072
vt 0.043506 0.043506
vt 0.032898 0.680012
vt 0.064723 0.552711
vt 0.064723 0.595145
vt 0.064723 0.255675
vt 0.064723 0.298108
vt 0.064723 0.637578
vt 0.064723 0.340542
vt 0.054114 0.001072
vt 0.064723 0.043506
vt 0.054115 0.680012
vt 0.064723 0.382976
vt 0.064723 0.085940
vt 0.064723 0.425410
vt 0.064723 0.128373
vt 0.064723 0.467843
vt 0.064723 0.170807
vt 0.064723 0.510277
vt 0.064723 0.213241
vt 0.085940 0.085940
vt 0.085940 0.128373
vt 0.085940 0.425410
vt 0.085940 0.467843
vt 0.085940 0.170807
vt 0.085940 0.510277
vt 0.085940 0.213241
vt 0.085940 0.552711
vt 0.085940 0.255675
vt 0.085940 0.595145
vt 0.085940 0.298108
vt 0.085940 0.637578
vt 0.085940 0.340542
vt 0.075331 0.001072
vt 0.085940 0.043506
vt 0.075331 0.680012
vt 0.085940 0.382976
vt 0.107157 0.255675
vt 0.107157 0.298108
vt 0.107157 0.595145
vt 0.107157 0.637578
vt 0.107157 0.340542
vt 0.096548 0.001072
vt 0.107157 0.043506
vt 0.096548 0.680012
vt 0.107157 0.382976
vt 0.107157 0.085940
vt 0.107157 0.425410
vt 0.107157 0.128373
vt 0.107157 0.467843
vt 0.107157 0.170807
vt 0.107157 0.510277
vt 0.107157 0.213241
vt 0.107157 0.552711
vt 0.128374 0.425410
vt 0.128374 0.467843
vt 0.128374 0.128373
vt 0.128374 0.170807
vt 0.128374 0.510277
vt 0.128374 0.213241
vt 0.128374 0.552711
vt 0.128374 0.255675
vt 0.128374 0.595145
vt 0.128374 0.298108
vt 0.128374 0.637578
vt 0.128374 0.340542
vt 0.117765 0.001072
vt 0.128374 0.043506
vt 0.117765 0.680012
vt 0.128374 0.382976
vt 0.128374 0.085940
vt 0.149590 0.595145
vt 0.149590 0.637578
vt 0.149590 0.298108
vt 0.149590 0.340542
vt 0.138982 0.001072
vt 0.149590 0.043506
vt 0.138982 0.680012
vt 0.149590 0.382976
vt 0.149590 0.085940
vt 0.149590 0.425410
vt 0.149590 0.128373
vt 0.149590 0.467843
vt 0.149590 0.170807
vt 0.149590 0.510277
vt 0.149590 0.213241
vt 0.149590 0.552711
vt 0.149590 0.255675
vt 0.160199 0.001072
vt 0.160199 0.680012
vt 0.950405 0.913754
vt 0.980834 0.907668
vt 0.986920 0.938097
vt 0.956491 0.944183
vt 0.676541 0.968527
vt 0.706971 0.962441
vt 0.713056 0.992870
vt 0.682627 0.998956
vt 0.767829 0.950269
vt 0.773915 0.980698
vt 0.828688 0.938097
vt 0.840860 0.998956
vt 0.889546 0.925926
vt 0.895632 0.956355
vt 0.834774 0.652062
vt 0.895632 0.639890
vt 0.901718 0.670319
vt 0.840860 0.682491
vt 0.767829 0.633804
vt 0.780001 0.694663
vt 0.713056 0.676405
vt 0.719142 0.706834
vt 0.652198 0.688577
vt 0.658284 0.719006
vt 0.621768 0.694663
vt 0.627854 0.725092
vt 0.670455 0.779865
vt 0.640026 0.785951
vt 0.682627 0.840724
vt 0.621768 0.852895
vt 0.694799 0.901582
vt 0.664369 0.907668
vt 0.926062 0.633804
vt 0.932148 0.664233
vt 0.944319 0.725092
vt 0.913890 0.731178
vt 0.986920 0.779865
vt 0.926062 0.792037
vt 0.968663 0.846809
vt 0.938233 0.852895
s 1
usemtl Material.011
f 620/99/47 145/100/47 153/101/47 154/102/47
f 623/103/48 150/104/48 161/105/48 162/106/48
f 146/107/49 620/99/49 154/102/49 155/108/49
f 624/109/50 623/103/50 162/106/50 163/110/50
f 621/111/51 146/107/51 155/108/51 156/112/51
f 625/113/52 624/109/52 163/110/52 164/114/52
f 147/115/53 621/111/53 156/112/53 157/116/53
f 626/117/54 625/113/54 164/114/54 165/118/54
f 148/119/55 147/115/55 157/116/55 158/120/55
f 618/121/56 226/122/56 151/123/56
f 452/124/57 626/117/57 165/118/57
f 149/125/58 148/119/58 158/120/58 159/126/58
f 619/127/59 618/121/59 151/123/59 152/128/59
f 622/129/60 149/125/60 159/126/60 160/130/60
f 145/100/61 619/127/61 152/128/61 153/101/61
f 150/104/62 622/129/62 160/130/62 161/105/62
f 160/130/63 159/126/63 174/131/63 175/132/63
f 153/101/64 152/128/64 167/133/64 168/134/64
f 161/105/65 160/130/65 175/132/65 176/135/65
f 154/102/66 153/101/66 168/134/66 169/136/66
f 162/106/67 161/105/67 176/135/67 177/137/67
f 155/108/68 154/102/68 169/136/68 170/138/68
f 163/110/69 162/106/69 177/137/69 178/139/69
f 156/112/70 155/108/70 170/138/70 171/140/70
f 164/114/71 163/110/71 178/139/71 179/141/71
f 157/116/72 156/112/72 171/140/72 172/142/72
f 165/118/73 164/114/73 179/141/73 180/143/73
f 158/120/74 157/116/74 172/142/74 173/144/74
f 151/123/75 226/145/75 166/146/75
f 452/147/76 165/118/76 180/143/76
f 159/126/77 158/120/77 173/144/77 174/131/77
f 152/128/78 151/123/78 166/146/78 167/133/78
f 179/141/79 178/139/79 193/148/79 194/149/79
f 172/142/80 171/140/80 186/150/80 187/151/80
f 180/143/81 179/141/81 194/149/81 195/152/81
f 173/144/82 172/142/82 187/151/82 188/153/82
f 166/146/83 226/154/83 181/155/83
f 452/156/84 180/143/84 195/152/84
f 174/131/85 173/144/85 188/153/85 189/157/85
f 167/133/86 166/146/86 181/155/86 182/158/86
f 175/132/87 174/131/87 189/157/87 190/159/87
f 168/134/88 167/133/88 182/158/88 183/160/88
f 176/135/89 175/132/89 190/159/89 191/161/89
f 169/136/90 168/134/90 183/160/90 184/162/90
f 177/137/91 176/135/91 191/161/91 192/163/91
f 170/138/92 169/136/92 184/162/92 185/164/92
f 178/139/93 177/137/93 192/163/93 193/148/93
f 171/140/94 170/138/94 185/164/94 186/150/94
f 191/161/95 190/159/95 205/165/95 206/166/95
f 184/162/96 183/160/96 198/167/96 199/168/96
f 192/163/97 191/161/97 206/166/97 207/169/97
f 185/164/98 184/162/98 199/168/98 200/170/98
f 193/148/99 192/163/99 207/169/99 208/171/99
f 186/150/100 185/164/100 200/170/100 201/172/100
f 194/149/101 193/148/101 208/171/101 209/173/101
f 187/151/102 186/150/102 201/172/102 202/174/102
f 195/152/103 194/149/103 209/173/103 210/175/103
f 188/153/104 187/151/104 202/174/104 203/176/104
f 181/155/105 226/177/105 196/178/105
f 452/179/106 195/152/106 210/175/106
f 189/157/107 188/153/107 203/176/107 204/180/107
f 182/158/108 181/155/108 196/178/108 197/181/108
f 190/159/109 189/157/109 204/180/109 205/165/109
f 183/160/110 182/158/110 197/181/110 198/167/110
f 210/175/111 209/173/111 224/182/111 225/183/111
f 203/176/112 202/174/112 217/184/112 218/185/112
f 196/178/113 226/186/113 211/187/113
f 452/188/114 210/175/114 225/183/114
f 204/180/115 203/176/115 218/185/115 219/189/115
f 197/181/116 196/178/116 211/187/116 212/190/116
f 205/165/117 204/180/117 219/189/117 220/191/117
f 198/167/118 197/181/118 212/190/118 213/192/118
f 206/166/119 205/165/119 220/191/119 221/193/119
f 199/168/120 198/167/120 213/192/120 214/194/120
f 207/169/121 206/166/121 221/193/121 222/195/121
f 200/170/122 199/168/122 214/194/122 215/196/122
f 208/171/123 207/169/123 222/195/123 223/197/123
f 201/172/124 200/170/124 215/196/124 216/198/124
f 209/173/125 208/171/125 223/197/125 224/182/125
f 202/174/126 201/172/126 216/198/126 217/184/126
f 214/194/127 213/192/127 229/199/127 230/200/127
f 222/195/128 221/193/128 237/201/128 238/202/128
f 215/196/129 214/194/129 230/200/129 231/203/129
f 223/197/130 222/195/130 238/202/130 239/204/130
f 216/198/131 215/196/131 231/203/131 232/205/131
f 224/182/132 223/197/132 239/204/132 240/206/132
f 217/184/133 216/198/133 232/205/133 233/207/133
f 225/183/134 224/182/134 240/206/134 241/208/134
f 218/185/135 217/184/135 233/207/135 234/209/135
f 211/187/136 226/210/136 227/211/136
f 452/212/137 225/183/137 241/208/137
f 219/189/138 218/185/138 234/209/138 235/213/138
f 212/190/139 211/187/139 227/211/139 228/214/139
f 220/191/140 219/189/140 235/213/140 236/215/140
f 213/192/141 212/190/141 228/214/141 229/199/141
f 221/193/142 220/191/142 236/215/142 237/201/142
f 234/209/143 233/207/143 248/216/143 249/217/143
f 227/211/144 226/218/144 242/219/144
f 452/220/145 241/208/145 256/221/145
f 235/213/146 234/209/146 249/217/146 250/222/146
f 228/214/147 227/211/147 242/219/147 243/223/147
f 236/215/148 235/213/148 250/222/148 251/224/148
f 229/199/149 228/214/149 243/223/149 244/225/149
f 237/201/150 236/215/150 251/224/150 252/226/150
f 230/200/151 229/199/151 244/225/151 245/227/151
f 238/202/152 237/201/152 252/226/152 253/228/152
f 231/203/153 230/200/153 245/227/153 246/229/153
f 239/204/154 238/202/154 253/228/154 254/230/154
f 232/205/155 231/203/155 246/229/155 247/231/155
f 240/206/156 239/204/156 254/230/156 255/232/156
f 233/207/157 232/205/157 247/231/157 248/216/157
f 241/208/158 240/206/158 255/232/158 256/221/158
f 253/228/159 252/226/159 267/233/159 268/234/159
f 246/229/160 245/227/160 260/235/160 261/236/160
f 254/230/161 253/228/161 268/234/161 269/237/161
f 247/231/162 246/229/162 261/236/162 262/238/162
f 255/232/163 254/230/163 269/237/163 270/239/163
f 248/216/164 247/231/164 262/238/164 263/240/164
f 256/221/165 255/232/165 270/239/165 271/241/165
f 249/217/166 248/216/166 263/240/166 264/242/166
f 242/219/167 226/243/167 257/244/167
f 452/245/168 256/221/168 271/241/168
f 250/222/169 249/217/169 264/242/169 265/246/169
f 243/223/170 242/219/170 257/244/170 258/247/170
f 251/224/171 250/222/171 265/246/171 266/248/171
f 244/225/172 243/223/172 258/247/172 259/249/172
f 252/226/173 251/224/173 266/248/173 267/233/173
f 245/227/174 244/225/174 259/249/174 260/235/174
f 257/244/175 226/250/175 272/251/175
f 452/252/176 271/241/176 286/253/176
f 265/246/177 264/242/177 279/254/177 280/255/177
f 258/247/178 257/244/178 272/251/178 273/256/178
f 266/248/179 265/246/179 280/255/179 281/257/179
f 259/249/180 258/247/180 273/256/180 274/258/180
f 267/233/181 266/248/181 281/257/181 282/259/181
f 260/235/182 259/249/182 274/258/182 275/260/182
f 268/234/183 267/233/183 282/259/183 283/261/183
f 261/236/184 260/235/184 275/260/184 276/262/184
f 269/237/185 268/234/185 283/261/185 284/263/185
f 262/238/186 261/236/186 276/262/186 277/264/186
f 270/239/187 269/237/187 284/263/187 285/265/187
f 263/240/188 262/238/188 277/264/188 278/266/188
f 271/241/189 270/239/189 285/265/189 286/253/189
f 264/242/190 263/240/190 278/266/190 279/254/190
f 276/262/191 275/260/191 290/267/191 291/268/191
f 284/263/192 283/261/192 298/269/192 299/270/192
f 277/264/193 276/262/193 291/268/193 292/271/193
f 285/265/194 284/263/194 299/270/194 300/272/194
f 278/266/195 277/264/195 292/271/195 293/273/195
f 286/253/196 285/265/196 300/272/196 301/274/196
f 279/254/197 278/266/197 293/273/197 294/275/197
f 272/251/198 226/276/198 287/277/198
f 452/278/199 286/253/199 301/274/199
f 280/255/200 279/254/200 294/275/200 295/279/200
f 273/256/201 272/251/201 287/277/201 288/280/201
f 281/257/202 280/255/202 295/279/202 296/281/202
f 274/258/203 273/256/203 288/280/203 289/282/203
f 282/259/204 281/257/204 296/281/204 297/283/204
f 275/260/205 274/258/205 289/282/205 290/267/205
f 283/261/206 282/259/206 297/283/206 298/269/206
f 295/279/207 294/275/207 309/284/207 310/285/207
f 288/280/208 287/277/208 302/286/208 303/287/208
f 296/281/209 295/279/209 310/285/209 311/288/209
f 289/282/210 288/280/210 303/287/210 304/289/210
f 297/283/211 296/281/211 311/288/211 312/290/211
f 290/267/212 289/282/212 304/289/212 305/291/212
f 298/269/213 297/283/213 312/290/213 313/292/213
f 291/268/214 290/267/214 305/291/214 306/293/214
f 299/270/215 298/269/215 313/292/215 314/294/215
f 292/271/216 291/268/216 306/293/216 307/295/216
f 300/272/217 299/270/217 314/294/217 315/296/217
f 293/273/218 292/271/218 307/295/218 308/297/218
f 301/274/219 300/272/219 315/296/219 316/298/219
f 294/275/220 293/273/220 308/297/220 309/284/220
f 287/277/221 226/299/221 302/286/221
f 452/300/222 301/274/222 316/298/222
f 314/294/223 313/292/223 328/301/223 329/302/223
f 307/295/224 306/293/224 321/303/224 322/304/224
f 315/296/225 314/294/225 329/302/225 330/305/225
f 308/297/226 307/295/226 322/304/226 323/306/226
f 316/298/227 315/296/227 330/305/227 331/307/227
f 309/284/228 308/297/228 323/306/228 324/308/228
f 302/286/229 226/309/229 317/310/229
f 452/311/230 316/298/230 331/307/230
f 310/285/231 309/284/231 324/308/231 325/312/231
f 303/287/232 302/286/232 317/310/232 318/313/232
f 311/288/233 310/285/233 325/312/233 326/314/233
f 304/289/234 303/287/234 318/313/234 319/315/234
f 312/290/235 311/288/235 326/314/235 327/316/235
f 305/291/236 304/289/236 319/315/236 320/317/236
f 313/292/237 312/290/237 327/316/237 328/301/237
f 306/293/238 305/291/238 320/317/238 321/303/238
f 326/314/239 325/312/239 340/318/239 341/319/239
f 319/315/240 318/313/240 333/320/240 334/321/240
f 327/316/241 326/314/241 341/319/241 342/322/241
f 320/317/242 319/315/242 334/321/242 335/323/242
f 328/301/243 327/316/243 342/322/243 343/324/243
f 321/303/244 320/317/244 335/323/244 336/325/244
f 329/302/245 328/301/245 343/324/245 344/326/245
f 322/304/246 321/303/246 336/325/246 337/327/246
f 330/305/247 329/302/247 344/326/247 345/328/247
f 323/306/248 322/304/248 337/327/248 338/329/248
f 331/307/249 330/305/249 345/328/249 346/330/249
f 324/308/250 323/306/250 338/329/250 339/331/250
f 317/310/251 226/332/251 332/333/251
f 452/334/252 331/307/252 346/330/252
f 325/312/253 324/308/253 339/331/253 340/318/253
f 318/313/254 317/310/254 332/333/254 333/320/254
f 345/328/255 344/326/255 359/335/255 360/336/255
f 338/329/256 337/327/256 352/337/256 353/338/256
f 346/330/257 345/328/257 360/336/257 361/339/257
f 339/331/258 338/329/258 353/338/258 354/340/258
f 332/333/259 226/341/259 347/342/259
f 452/343/260 346/330/260 361/339/260
f 340/318/261 339/331/261 354/340/261 355/344/261
f 333/320/262 332/333/262 347/342/262 348/345/262
f 341/319/263 340/318/263 355/344/263 356/346/263
f 334/321/264 333/320/264 348/345/264 349/347/264
f 342/322/265 341/319/265 356/346/265 357/348/265
f 335/323/266 334/321/266 349/347/266 350/349/266
f 343/324/267 342/322/267 357/348/267 358/350/267
f 336/325/268 335/323/268 350/349/268 351/351/268
f 344/326/269 343/324/269 358/350/269 359/335/269
f 337/327/270 336/325/270 351/351/270 352/337/270
f 349/347/271 348/345/271 363/352/271 364/353/271
f 357/348/272 356/346/272 371/354/272 372/355/272
f 350/349/273 349/347/273 364/353/273 365/356/273
f 358/350/274 357/348/274 372/355/274 373/357/274
f 351/351/275 350/349/275 365/356/275 366/358/275
f 359/335/276 358/350/276 373/357/276 374/359/276
f 352/337/277 351/351/277 366/358/277 367/360/277
f 360/336/278 359/335/278 374/359/278 375/361/278
f 353/338/279 352/337/279 367/360/279 368/362/279
f 361/339/280 360/336/280 375/361/280 376/363/280
f 354/340/281 353/338/281 368/362/281 369/364/281
f 347/342/282 226/365/282 362/366/282
f 452/367/283 361/339/283 376/363/283
f 355/344/284 354/340/284 369/364/284 370/368/284
f 348/345/285 347/342/285 362/366/285 363/352/285
f 356/346/286 355/344/286 370/368/286 371/354/286
f 368/362/287 367/360/287 382/369/287 383/370/287
f 376/363/288 375/361/288 390/371/288 391/372/288
f 369/364/289 368/362/289 383/370/289 384/373/289
f 362/366/290 226/374/290 377/375/290
f 452/376/291 376/363/291 391/372/291
f 370/368/292 369/364/292 384/373/292 385/377/292
f 363/352/293 362/366/293 377/375/293 378/378/293
f 371/354/294 370/368/294 385/377/294 386/379/294
f 364/353/295 363/352/295 378/378/295 379/380/295
f 372/355/296 371/354/296 386/379/296 387/381/296
f 365/356/297 364/353/297 379/380/297 380/382/297
f 373/357/298 372/355/298 387/381/298 388/383/298
f 366/358/299 365/356/299 380/382/299 381/384/299
f 374/359/300 373/357/300 388/383/300 389/385/300
f 367/360/301 366/358/301 381/384/301 382/369/301
f 375/361/302 374/359/302 389/385/302 390/371/302
f 387/381/303 386/379/303 401/386/303 402/387/303
f 380/382/304 379/380/304 394/388/304 395/389/304
f 388/383/305 387/381/305 402/387/305 403/390/305
f 381/384/306 380/382/306 395/389/306 396/391/306
f 389/385/307 388/383/307 403/390/307 404/392/307
f 382/369/308 381/384/308 396/391/308 397/393/308
f 390/371/309 389/385/309 404/392/309 405/394/309
f 383/370/310 382/369/310 397/393/310 398/395/310
f 391/372/311 390/371/311 405/394/311 406/396/311
f 384/373/312 383/370/312 398/395/312 399/397/312
f 377/375/313 226/398/313 392/399/313
f 452/400/314 391/372/314 406/396/314
f 385/377/315 384/373/315 399/397/315 400/401/315
f 378/378/316 377/375/316 392/399/316 393/402/316
f 386/379/317 385/377/317 400/401/317 401/386/317
f 379/380/318 378/378/318 393/402/318 394/388/318
f 406/396/319 405/394/319 420/403/319 421/404/319
f 399/397/320 398/395/320 413/405/320 414/406/320
f 392/399/321 226/407/321 407/408/321
f 452/409/322 406/396/322 421/404/322
f 400/401/323 399/397/323 414/406/323 415/410/323
f 393/402/324 392/399/324 407/408/324 408/411/324
f 401/386/325 400/401/325 415/410/325 416/412/325
f 394/388/326 393/402/326 408/411/326 409/413/326
f 402/387/327 401/386/327 416/412/327 417/414/327
f 395/389/328 394/388/328 409/413/328 410/415/328
f 403/390/329 402/387/329 417/414/329 418/416/329
f 396/391/330 395/389/330 410/415/330 411/417/330
f 404/392/331 403/390/331 418/416/331 419/418/331
f 397/393/332 396/391/332 411/417/332 412/419/332
f 405/394/333 404/392/333 419/418/333 420/403/333
f 398/395/334 397/393/334 412/419/334 413/405/334
f 410/415/335 409/413/335 424/420/335 425/421/335
f 418/416/336 417/414/336 432/422/336 433/423/336
f 411/417/337 410/415/337 425/421/337 426/424/337
f 419/418/338 418/416/338 433/423/338 434/425/338
f 412/419/339 411/417/339 426/424/339 427/426/339
f 420/403/340 419/418/340 434/425/340 435/427/340
f 413/405/341 412/419/341 427/426/341 428/428/341
f 421/404/342 420/403/342 435/427/342 436/429/342
f 414/406/343 413/405/343 428/428/343 429/430/343
f 407/408/344 226/431/344 422/432/344
f 452/433/345 421/404/345 436/429/345
f 415/410/346 414/406/346 429/430/346 430/434/346
f 408/411/347 407/408/347 422/432/347 423/435/347
f 416/412/348 415/410/348 430/434/348 431/436/348
f 409/413/349 408/411/349 423/435/349 424/420/349
f 417/414/350 416/412/350 431/436/350 432/422/350
f 429/430/351 428/428/351 443/437/351 444/438/351
f 422/432/352 226/439/352 437/440/352
f 452/441/353 436/429/353 451/442/353
f 430/434/354 429/430/354 444/438/354 445/443/354
f 423/435/355 422/432/355 437/440/355 438/444/355
f 431/436/356 430/434/356 445/443/356 446/445/356
f 424/420/357 423/435/357 438/444/357 439/446/357
f 432/422/358 431/436/358 446/445/358 447/447/358
f 425/421/359 424/420/359 439/446/359 440/448/359
f 433/423/360 432/422/360 447/447/360 448/449/360
f 426/424/361 425/421/361 440/448/361 441/450/361
f 434/425/362 433/423/362 448/449/362 449/451/362
f 427/426/363 426/424/363 441/450/363 442/452/363
f 435/427/364 434/425/364 449/451/364 450/453/364
f 428/428/365 427/426/365 442/452/365 443/437/365
f 436/429/366 435/427/366 450/453/366 451/442/366
f 448/449/367 447/447/367 463/454/367 464/455/367
f 441/450/368 440/448/368 456/456/368 457/457/368
f 449/451/369 448/449/369 464/455/369 465/458/369
f 442/452/370 441/450/370 457/457/370 458/459/370
f 450/453/371 449/451/371 465/458/371 466/460/371
f 443/437/372 442/452/372 458/459/372 459/461/372
f 451/442/373 450/453/373 466/460/373 467/462/373
f 444/438/374 443/437/374 459/461/374 460/463/374
f 437/440/375 226/464/375 453/465/375
f 452/466/376 451/442/376 467/462/376
f 445/443/377 444/438/377 460/463/377 461/467/377
f 438/444/378 437/440/378 453/465/378 454/468/378
f 446/445/379 445/443/379 461/467/379 462/469/379
f 439/446/380 438/444/380 454/468/380 455/470/380
f 447/447/381 446/445/381 462/469/381 463/454/381
f 440/448/382 439/446/382 455/470/382 456/456/382
f 452/471/383 467/462/383 482/472/383
f 461/467/384 460/463/384 475/473/384 476/474/384
f 454/468/385 453/465/385 468/475/385 469/476/385
f 462/469/386 461/467/386 476/474/386 477/477/386
f 455/470/387 454/468/387 469/476/387 470/478/387
f 463/454/388 462/469/388 477/477/388 478/479/388
f 456/456/389 455/470/389 470/478/389 471/480/389
f 464/455/390 463/454/390 478/479/390 479/481/390
f 457/457/391 456/456/391 471/480/391 472/482/391
f 465/458/392 464/455/392 479/481/392 480/483/392
f 458/459/393 457/457/393 472/482/393 473/484/393
f 466/460/394 465/458/394 480/483/394 481/485/394
f 459/461/395 458/459/395 473/484/395 474/486/395
f 467/462/396 466/460/396 481/485/396 482/472/396
f 460/463/397 459/461/397 474/486/397 475/473/397
f 453/465/398 226/487/398 468/475/398
f 480/483/399 479/481/399 494/488/399 495/489/399
f 473/484/400 472/482/400 487/490/400 488/491/400
f 481/485/401 480/483/401 495/489/401 496/492/401
f 474/486/402 473/484/402 488/491/402 489/493/402
f 482/472/403 481/485/403 496/492/403 497/494/403
f 475/473/404 474/486/404 489/493/404 490/495/404
f 468/475/405 226/496/405 483/497/405
f 452/498/406 482/472/406 497/494/406
f 476/474/407 475/473/407 490/495/407 491/499/407
f 469/476/408 468/475/408 483/497/408 484/500/408
f 477/477/409 476/474/409 491/499/409 492/501/409
f 470/478/410 469/476/410 484/500/410 485/502/410
f 478/479/411 477/477/411 492/501/411 493/503/411
f 471/480/412 470/478/412 485/502/412 486/504/412
f 479/481/413 478/479/413 493/503/413 494/488/413
f 472/482/414 471/480/414 486/504/414 487/490/414
f 484/500/415 483/497/415 498/505/415 499/506/415
f 492/501/416 491/499/416 506/507/416 507/508/416
f 485/502/417 484/500/417 499/506/417 500/509/417
f 493/503/418 492/501/418 507/508/418 508/510/418
f 486/504/419 485/502/419 500/509/419 501/511/419
f 494/488/420 493/503/420 508/510/420 509/512/420
f 487/490/421 486/504/421 501/511/421 502/513/421
f 495/489/422 494/488/422 509/512/422 510/514/422
f 488/491/423 487/490/423 502/513/423 503/515/423
f 496/492/424 495/489/424 510/514/424 511/516/424
f 489/493/425 488/491/425 503/515/425 504/517/425
f 497/494/426 496/492/426 511/516/426 512/518/426
f 490/495/427 489/493/427 504/517/427 505/519/427
f 483/497/428 226/520/428 498/505/428
f 452/521/429 497/494/429 512/518/429
f 491/499/430 490/495/430 505/519/430 506/507/430
f 503/522/431 502/523/431 517/524/431 518/525/431
f 511/526/432 510/527/432 525/528/432 526/529/432
f 504/530/433 503/522/433 518/525/433 519/531/433
f 512/532/434 511/526/434 526/529/434 527/533/434
f 505/534/435 504/530/435 519/531/435 520/535/435
f 498/536/436 226/537/436 513/538/436
f 452/539/437 512/532/437 527/533/437
f 506/540/438 505/534/438 520/535/438 521/541/438
f 499/542/439 498/536/439 513/538/439 514/543/439
f 507/544/440 506/540/440 521/541/440 522/545/440
f 500/546/441 499/542/441 514/543/441 515/547/441
f 508/548/442 507/544/442 522/545/442 523/549/442
f 501/550/443 500/546/443 515/547/443 516/551/443
f 509/552/444 508/548/444 523/549/444 524/553/444
f 502/523/445 501/550/445 516/551/445 517/524/445
f 510/527/446 509/552/446 524/553/446 525/528/446
f 522/545/447 521/541/447 536/554/447 537/555/447
f 515/547/448 514/543/448 529/556/448 530/557/448
f 523/549/449 522/545/449 537/555/449 538/558/449
f 516/551/450 515/547/450 530/557/450 531/559/450
f 524/553/451 523/549/451 538/558/451 539/560/451
f 517/524/452 516/551/452 531/559/452 532/561/452
f 525/528/453 524/553/453 539/560/453 540/562/453
f 518/525/454 517/524/454 532/561/454 533/563/454
f 526/529/455 525/528/455 540/562/455 541/564/455
f 519/531/456 518/525/456 533/563/456 534/565/456
f 527/533/457 526/529/457 541/564/457 542/566/457
f 520/535/458 519/531/458 534/565/458 535/567/458
f 513/538/459 226/568/459 528/569/459
f 452/570/460 527/533/460 542/566/460
f 521/541/461 520/535/461 535/567/461 536/554/461
f 514/543/462 513/538/462 528/569/462 529/556/462
f 541/564/463 540/562/463 555/571/463 556/572/463
f 534/565/464 533/563/464 548/573/464 549/574/464
f 542/566/465 541/564/465 556/572/465 557/575/465
f 535/567/466 534/565/466 549/574/466 550/576/466
f 528/569/467 226/577/467 543/578/467
f 452/579/468 542/566/468 557/575/468
f 536/554/469 535/567/469 550/576/469 551/580/469
f 529/556/470 528/569/470 543/578/470 544/581/470
f 537/555/471 536/554/471 551/580/471 552/582/471
f 530/557/472 529/556/472 544/581/472 545/583/472
f 538/558/473 537/555/473 552/582/473 553/584/473
f 531/559/474 530/557/474 545/583/474 546/585/474
f 539/560/475 538/558/475 553/584/475 554/586/475
f 532/561/476 531/559/476 546/585/476 547/587/476
f 540/562/477 539/560/477 554/586/477 555/571/477
f 533/563/478 532/561/478 547/587/478 548/573/478
f 545/583/479 544/581/479 559/588/479 560/589/479
f 553/584/480 552/582/480 567/590/480 568/591/480
f 546/585/481 545/583/481 560/589/481 561/592/481
f 554/586/482 553/584/482 568/591/482 569/593/482
f 547/587/483 546/585/483 561/592/483 562/594/483
f 555/571/484 554/586/484 569/593/484 570/595/484
f 548/573/485 547/587/485 562/594/485 563/596/485
f 556/572/486 555/571/486 570/595/486 571/597/486
f 549/574/487 548/573/487 563/596/487 564/598/487
f 557/575/488 556/572/488 571/597/488 572/599/488
f 550/576/489 549/574/489 564/598/489 565/600/489
f 543/578/490 226/601/490 558/602/490
f 452/603/491 557/575/491 572/599/491
f 551/580/492 550/576/492 565/600/492 566/604/492
f 544/581/493 543/578/493 558/602/493 559/588/493
f 552/582/494 551/580/494 566/604/494 567/590/494
f 564/598/495 563/596/495 578/605/495 579/606/495
f 572/599/496 571/597/496 586/607/496 587/608/496
f 565/600/497 564/598/497 579/606/497 580/609/497
f 558/602/498 226/610/498 573/611/498
f 452/612/499 572/599/499 587/608/499
f 566/604/500 565/600/500 580/609/500 581/613/500
f 559/588/501 558/602/501 573/611/501 574/614/501
f 567/590/502 566/604/502 581/613/502 582/615/502
f 560/589/503 559/588/503 574/614/503 575/616/503
f 568/591/504 567/590/504 582/615/504 583/617/504
f 561/592/505 560/589/505 575/616/505 576/618/505
f 569/593/506 568/591/506 583/617/506 584/619/506
f 562/594/507 561/592/507 576/618/507 577/620/507
f 570/595/508 569/593/508 584/619/508 585/621/508
f 563/596/509 562/594/509 577/620/509 578/605/509
f 571/597/510 570/595/510 585/621/510 586/607/510
f 583/617/511 582/615/511 597/622/511 598/623/511
f 576/618/512 575/616/512 590/624/512 591/625/512
f 584/619/513 583/617/513 598/623/513 599/626/513
f 577/620/514 576/618/514 591/625/514 592/627/514
f 585/621/515 584/619/515 599/626/515 600/628/515
f 578/605/516 577/620/516 592/627/516 593/629/516
f 586/607/517 585/621/517 600/628/517 601/630/517
f 579/606/518 578/605/518 593/629/518 594/631/518
f 587/608/519 586/607/519 601/630/519 602/632/519
f 580/609/520 579/606/520 594/631/520 595/633/520
f 573/611/521 226/634/521 588/635/521
f 452/636/522 587/608/522 602/632/522
f 581/613/523 580/609/523 595/633/523 596/637/523
f 574/614/524 573/611/524 588/635/524 589/638/524
f 582/615/525 581/613/525 596/637/525 597/622/525
f 575/616/526 574/614/526 589/638/526 590/624/526
f 602/632/527 601/630/527 616/639/527 617/640/527
f 595/633/528 594/631/528 609/641/528 610/642/528
f 588/635/529 226/643/529 603/644/529
f 452/645/530 602/632/530 617/640/530
f 596/637/531 595/633/531 610/642/531 611/646/531
f 589/638/532 588/635/532 603/644/532 604/647/532
f 597/622/533 596/637/533 611/646/533 612/648/533
f 590/624/534 589/638/534 604/647/534 605/649/534
f 598/623/535 597/622/535 612/648/535 613/650/535
f 591/625/536 590/624/536 605/649/536 606/651/536
f 599/626/537 598/623/537 613/650/537 614/652/537
f 592/627/538 591/625/538 606/651/538 607/653/538
f 600/628/539 599/626/539 614/652/539 615/654/539
f 593/629/540 592/627/540 607/653/540 608/655/540
f 601/630/541 600/628/541 615/654/541 616/639/541
f 594/631/542 593/629/542 608/655/542 609/641/542
f 614/652/543 613/650/543 150/104/543 623/103/543
f 607/653/544 606/651/544 620/99/544 146/107/544
f 615/654/545 614/652/545 623/103/545 624/109/545
f 608/655/546 607/653/546 146/107/546 621/111/546
f 616/639/547 615/654/547 624/109/547 625/113/547
f 609/641/548 608/655/548 621/111/548 147/115/548
f 617/640/549 616/639/549 625/113/549 626/117/549
f 610/642/550 609/641/550 147/115/550 148/119/550
f 603/644/551 226/656/551 618/121/551
f 452/657/552 617/640/552 626/117/552
f 611/646/553 610/642/553 148/119/553 149/125/553
f 604/647/554 603/644/554 618/121/554 619/127/554
f 612/648/555 611/646/555 149/125/555 622/129/555
f 605/649/556 604/647/556 619/127/556 145/100/556
f 613/650/557 612/648/557 622/129/557 150/104/557
f 606/651/558 605/649/558 145/100/558 620/99/558
f 666/658/559 650/659/559 630/660/559 636/661/559
f 641/662/560 655/663/560 640/664/560 629/665/560
f 655/663/561 657/666/561 639/667/561 640/664/561
f 657/666/562 659/668/562 638/669/562 639/667/562
f 659/668/563 661/670/563 637/671/563 638/669/563
f 661/670/561 666/658/561 636/661/561 637/671/561
f 634/672/564 635/673/564 662/674/564 660/675/564
f 633/676/565 634/672/565 660/675/565 658/677/565
f 632/678/566 633/676/566 658/677/566 656/679/566
f 631/680/564 632/678/564 656/679/564 651/681/564
f 627/682/567 631/680/567 651/681/567 645/683/567
f 645/683/568 651/681/568 652/684/568 644/685/568
f 644/685/569 652/684/569 653/686/569 643/687/569
f 643/687/570 653/686/570 654/688/570 642/689/570
f 642/689/568 654/688/568 655/663/568 641/662/568
f 635/673/571 628/690/571 646/691/571 662/674/571
f 662/674/572 646/691/572 647/692/572 663/693/572
f 663/693/573 647/692/573 648/694/573 664/695/573
f 664/695/574 648/694/574 649/696/574 665/697/574
f 665/697/572 649/696/572 650/659/572 666/658/572
f 660/675/575 662/674/575 663/693/575 664/695/575 665/697/575 666/658/575 661/670/575 659/668/575 657/666/575 655/663/575 654/688/575 653/686/575 652/684/575 651/681/575 656/679/575 658/677/575
f 706/658/576 676/661/576 670/660/576 690/659/576
f 681/662/577 669/665/577 680/664/577 695/663/577
f 695/663/578 680/664/578 679/667/578 697/666/578
f 697/666/579 679/667/579 678/669/579 699/668/579
f 699/668/580 678/669/580 677/671/580 701/670/580
f 701/670/578 677/671/578 676/661/578 706/658/578
f 674/672/581 700/675/581 702/674/581 675/673/581
f 673/676/582 698/677/582 700/675/582 674/672/582
f 672/678/583 696/679/583 698/677/583 673/676/583
f 671/680/581 691/681/581 696/679/581 672/678/581
f 667/682/584 685/683/584 691/681/584 671/680/584
f 685/683/585 684/685/585 692/684/585 691/681/585
f 684/685/586 683/687/586 693/686/586 692/684/586
f 683/687/587 682/689/587 694/688/587 693/686/587
f 682/689/585 681/662/585 695/663/585 694/688/585
f 675/673/588 702/674/588 686/691/588 668/690/588
f 702/674/589 703/693/589 687/692/589 686/691/589
f 703/693/590 704/695/590 688/694/590 687/692/590
f 704/695/591 705/697/591 689/696/591 688/694/591
f 705/697/589 706/658/589 690/659/589 689/696/589
f 700/675/592 698/677/592 696/679/592 691/681/592 692/684/592 693/686/592 694/688/592 695/663/592 697/666/592 699/668/592 701/670/592 706/658/592 705/697/592 704/695/592 703/693/592 702/674/592
f 627/682/593 645/683/593 685/683/593 667/682/593
f 628/690/594 635/673/594 675/673/594 668/690/594
f 630/660/595 650/659/595 690/659/595 670/660/595
f 629/665/596 640/664/596 680/664/596 669/665/596
f 631/680/594 627/682/594 667/682/594 671/680/594
f 632/678/594 631/680/594 671/680/594 672/678/594
f 633/676/597 632/678/597 672/678/597 673/676/597
f 634/672/598 633/676/598 673/676/598 674/672/598
f 635/673/594 634/672/594 674/672/594 675/673/594
f 636/661/596 630/660/596 670/660/596 676/661/596
f 637/671/596 636/661/596 676/661/596 677/671/596
f 638/669/599 637/671/599 677/671/599 678/669/599
f 639/667/600 638/669/600 678/669/600 679/667/600
f 640/664/596 639/667/596 679/667/596 680/664/596
f 641/662/593 629/665/593 669/665/593 681/662/593
f 642/689/593 641/662/593 681/662/593 682/689/593
f 643/687/601 642/689/601 682/689/601 683/687/601
f 644/685/602 643/687/602 683/687/602 684/685/602
f 645/683/593 644/685/593 684/685/593 685/683/593
f 646/691/595 628/690/595 668/690/595 686/691/595
f 647/692/595 646/691/595 686/691/595 687/692/595
f 648/694/603 647/692/603 687/692/603 688/694/603
f 649/696/604 648/694/604 688/694/604 689/696/604
f 650/659/595 649/696/595 689/696/595 690/659/595
o StageObjectSpawn.002
v 14.000000 37.685963 0.458345
v 14.000000 37.458344 0.685962
v 14.000000 37.160950 0.809148
v 14.000000 37.000000 0.825000
v 14.000000 36.839050 0.809148
v 14.000000 36.541656 0.685962
v 13.968600 37.809147 0.157857
v 13.938407 37.762199 0.309648
v 13.910581 37.685963 0.449538
v 13.886192 37.583363 0.572154
v 13.866175 37.458344 0.672782
v 13.851302 37.315716 0.747555
v 13.842143 37.160950 0.793600
v 13.839050 37.000000 0.809148
v 13.842143 36.839050 0.793600
v 13.851302 36.684284 0.747555
v 13.866175 36.541656 0.672782
v 13.886192 36.416637 0.572154
v 13.910581 36.314037 0.449538
v 13.938407 36.237801 0.309648
v 13.968600 36.190853 0.157857
v 13.938407 37.809147 0.148698
v 13.879182 37.762199 0.291682
v 13.824599 37.685963 0.423456
v 13.776757 37.583363 0.538957
v 13.737494 37.458344 0.633747
v 13.708318 37.315716 0.704181
v 13.690353 37.160950 0.747555
v 13.684286 37.000000 0.762201
v 13.690353 36.839050 0.747555
v 13.708318 36.684284 0.704181
v 13.737494 36.541656 0.633747
v 13.776757 36.416637 0.538957
v 13.824599 36.314037 0.423456
v 13.879182 36.237801 0.291682
v 13.938407 36.190853 0.148698
v 13.910581 37.809147 0.133825
v 13.824599 37.762199 0.262506
v 13.745357 37.685963 0.381100
v 13.675901 37.583363 0.485049
v 13.618900 37.458344 0.570357
v 13.576544 37.315716 0.633747
v 13.550462 37.160950 0.672782
v 13.541655 37.000000 0.685962
v 13.550462 36.839050 0.672782
v 13.576544 36.684284 0.633747
v 13.618900 36.541656 0.570357
v 13.675901 36.416637 0.485049
v 13.745357 36.314037 0.381100
v 13.824599 36.237801 0.262506
v 13.910581 36.190853 0.133825
v 13.886192 37.809147 0.113808
v 13.776757 37.762199 0.223243
v 13.675901 37.685963 0.324099
v 13.587500 37.583363 0.412500
v 13.514951 37.458344 0.485049
v 13.461043 37.315716 0.538957
v 13.427846 37.160950 0.572154
v 13.416637 37.000000 0.583363
v 13.427846 36.839050 0.572154
v 13.461043 36.684284 0.538957
v 13.514951 36.541656 0.485049
v 13.587500 36.416637 0.412500
v 13.675901 36.314037 0.324099
v 13.776757 36.237801 0.223243
v 13.886192 36.190853 0.113808
v 13.866175 37.809147 0.089419
v 13.737494 37.762199 0.175401
v 13.618900 37.685963 0.254643
v 13.514951 37.583363 0.324099
v 13.429643 37.458344 0.381100
v 13.366253 37.315716 0.423456
v 13.327218 37.160950 0.449538
v 13.314038 37.000000 0.458345
v 13.327218 36.839050 0.449538
v 13.366253 36.684284 0.423456
v 13.429643 36.541656 0.381100
v 13.514951 36.416637 0.324099
v 13.618900 36.314037 0.254643
v 13.737494 36.237801 0.175401
v 13.866175 36.190853 0.089419
v 14.000000 37.825001 -0.000000
v 13.851302 37.809147 0.061593
v 13.708318 37.762199 0.120818
v 13.576544 37.685963 0.175401
v 13.461043 37.583363 0.223243
v 13.366253 37.458344 0.262506
v 13.295819 37.315716 0.291682
v 13.252445 37.160950 0.309647
v 13.237800 37.000000 0.315714
v 13.252445 36.839050 0.309647
v 13.295819 36.684284 0.291682
v 13.366253 36.541656 0.262506
v 13.461043 36.416637 0.223243
v 13.576544 36.314037 0.175401
v 13.708318 36.237801 0.120818
v 13.851302 36.190853 0.061593
v 13.842143 37.809147 0.031400
v 13.690353 37.762199 0.061593
v 13.550462 37.685963 0.089419
v 13.427846 37.583363 0.113809
v 13.327218 37.458344 0.133825
v 13.252445 37.315716 0.148698
v 13.206400 37.160950 0.157857
v 13.190852 37.000000 0.160949
v 13.206400 36.839050 0.157857
v 13.252445 36.684284 0.148698
v 13.327218 36.541656 0.133825
v 13.427846 36.416637 0.113809
v 13.550462 36.314037 0.089419
v 13.690353 36.237801 0.061593
v 13.842143 36.190853 0.031400
v 13.839051 37.809147 -0.000000
v 13.684286 37.762199 -0.000000
v 13.541655 37.685963 -0.000000
v 13.416637 37.583363 -0.000000
v 13.314038 37.458344 -0.000000
v 13.237799 37.315716 -0.000000
v 13.190852 37.160950 -0.000000
v 13.175000 37.000000 -0.000000
v 13.190852 36.839050 -0.000000
v 13.237799 36.684284 -0.000000
v 13.314038 36.541656 -0.000000
v 13.416637 36.416637 -0.000000
v 13.541655 36.314037 0.000000
v 13.684286 36.237801 0.000000
v 13.839051 36.190853 0.000000
v 13.842143 37.809147 -0.031400
v 13.690353 37.762199 -0.061593
v 13.550462 37.685963 -0.089419
v 13.427846 37.583363 -0.113808
v 13.327218 37.458344 -0.133825
v 13.252445 37.315716 -0.148698
v 13.206400 37.160950 -0.157857
v 13.190852 37.000000 -0.160950
v 13.206400 36.839050 -0.157857
v 13.252445 36.684284 -0.148698
v 13.327218 36.541656 -0.133825
v 13.427846 36.416637 -0.113808
v 13.550462 36.314037 -0.089419
v 13.690353 36.237801 -0.061593
v 13.842143 36.190853 -0.031400
v 13.851302 37.809147 -0.061593
v 13.708318 37.762199 -0.120818
v 13.576544 37.685963 -0.175401
v 13.461043 37.583363 -0.223243
v 13.366254 37.458344 -0.262506
v 13.295819 37.315716 -0.291681
v 13.252445 37.160950 -0.309648
v 13.237800 37.000000 -0.315714
v 13.252445 36.839050 -0.309648
v 13.295819 36.684284 -0.291681
v 13.366254 36.541656 -0.262506
v 13.461043 36.416637 -0.223243
v 13.576544 36.314037 -0.175401
v 13.708318 36.237801 -0.120818
v 13.851302 36.190853 -0.061593
v 13.866175 37.809147 -0.089419
v 13.737494 37.762199 -0.175401
v 13.618900 37.685963 -0.254643
v 13.514951 37.583363 -0.324099
v 13.429643 37.458344 -0.381100
v 13.366253 37.315716 -0.423456
v 13.327218 37.160950 -0.449538
v 13.314038 37.000000 -0.458345
v 13.327218 36.839050 -0.449538
v 13.366253 36.684284 -0.423456
v 13.429643 36.541656 -0.381100
v 13.514951 36.416637 -0.324099
v 13.618900 36.314037 -0.254643
v 13.737494 36.237801 -0.175401
v 13.866175 36.190853 -0.089419
v 13.886192 37.809147 -0.113808
v 13.776757 37.762199 -0.223243
v 13.675901 37.685963 -0.324099
v 13.587500 37.583363 -0.412500
v 13.514952 37.458344 -0.485049
v 13.461043 37.315716 -0.538957
v 13.427846 37.160950 -0.572154
v 13.416637 37.000000 -0.583363
v 13.427846 36.839050 -0.572154
v 13.461043 36.684284 -0.538957
v 13.514952 36.541656 -0.485049
v 13.587500 36.416637 -0.412500
v 13.675901 36.314037 -0.324099
v 13.776757 36.237801 -0.223243
v 13.886192 36.190853 -0.113808
v 13.910581 37.809147 -0.133825
v 13.824599 37.762199 -0.262506
v 13.745358 37.685963 -0.381100
v 13.675901 37.583363 -0.485049
v 13.618900 37.458344 -0.570357
v 13.576544 37.315716 -0.633747
v 13.550462 37.160950 -0.672782
v 13.541655 37.000000 -0.685962
v 13.550462 36.839050 -0.672782
v 13.576544 36.684284 -0.633747
v 13.618900 36.541656 -0.570357
v 13.675901 36.416637 -0.485049
v 13.745358 36.314037 -0.381100
v 13.824599 36.237801 -0.262506
v 13.910581 36.190853 -0.133825
v 13.938407 37.809147 -0.148698
v 13.879182 37.762199 -0.291681
v 13.824599 37.685963 -0.423456
v 13.776757 37.583363 -0.538957
v 13.737494 37.458344 -0.633746
v 13.708318 37.315716 -0.704181
v 13.690353 37.160950 -0.747555
v 13.684287 37.000000 -0.762200
v 13.690353 36.839050 -0.747555
v 13.708318 36.684284 -0.704181
v 13.737494 36.541656 -0.633746
v 13.776757 36.416637 -0.538957
v 13.824599 36.314037 -0.423456
v 13.879182 36.237801 -0.291681
v 13.938407 36.190853 -0.148698
v 13.968600 37.809147 -0.157857
v 13.938407 37.762199 -0.309647
v 13.910581 37.685963 -0.449538
v 13.886192 37.583363 -0.572154
v 13.866176 37.458344 -0.672782
v 13.851302 37.315716 -0.747555
v 13.842143 37.160950 -0.793600
v 13.839051 37.000000 -0.809147
v 13.842143 36.839050 -0.793600
v 13.851302 36.684284 -0.747555
v 13.866176 36.541656 -0.672782
v 13.886192 36.416637 -0.572154
v 13.910581 36.314037 -0.449538
v 13.938407 36.237801 -0.309647
v 13.968600 36.190853 -0.157857
v 14.000000 37.809147 -0.160949
v 14.000000 37.762199 -0.315714
v 14.000000 37.685963 -0.458345
v 14.000000 37.583363 -0.583363
v 14.000000 37.458344 -0.685962
v 14.000000 37.315716 -0.762200
v 14.000000 37.160950 -0.809148
v 14.000000 37.000000 -0.824999
v 14.000000 36.839050 -0.809148
v 14.000000 36.684284 -0.762200
v 14.000000 36.541656 -0.685962
v 14.000000 36.416637 -0.583363
v 14.000000 36.314037 -0.458345
v 14.000000 36.237801 -0.315714
v 14.000000 36.190853 -0.160949
v 14.031400 37.809147 -0.157857
v 14.061593 37.762199 -0.309647
v 14.089419 37.685963 -0.449538
v 14.113808 37.583363 -0.572154
v 14.133825 37.458344 -0.672782
v 14.148698 37.315716 -0.747555
v 14.157857 37.160950 -0.793600
v 14.160950 37.000000 -0.809147
v 14.157857 36.839050 -0.793600
v 14.148698 36.684284 -0.747555
v 14.133825 36.541656 -0.672782
v 14.113808 36.416637 -0.572154
v 14.089419 36.314037 -0.449538
v 14.061593 36.237801 -0.309647
v 14.031400 36.190853 -0.157857
v 14.061593 37.809147 -0.148698
v 14.120818 37.762199 -0.291681
v 14.175401 37.685963 -0.423456
v 14.223243 37.583363 -0.538957
v 14.262506 37.458344 -0.633746
v 14.291681 37.315716 -0.704181
v 14.309647 37.160950 -0.747555
v 14.315714 37.000000 -0.762200
v 14.309647 36.839050 -0.747555
v 14.291681 36.684284 -0.704181
v 14.262506 36.541656 -0.633746
v 14.223243 36.416637 -0.538957
v 14.175401 36.314037 -0.423456
v 14.120818 36.237801 -0.291681
v 14.061593 36.190853 -0.148698
v 14.089419 37.809147 -0.133825
v 14.175401 37.762199 -0.262506
v 14.254643 37.685963 -0.381100
v 14.324099 37.583363 -0.485049
v 14.381100 37.458344 -0.570357
v 14.423456 37.315716 -0.633746
v 14.449538 37.160950 -0.672782
v 14.458345 37.000000 -0.685962
v 14.449538 36.839050 -0.672782
v 14.423456 36.684284 -0.633746
v 14.381100 36.541656 -0.570357
v 14.324099 36.416637 -0.485049
v 14.254643 36.314037 -0.381100
v 14.175401 36.237801 -0.262506
v 14.089419 36.190853 -0.133825
v 14.113808 37.809147 -0.113808
v 14.223243 37.762199 -0.223243
v 14.324099 37.685963 -0.324099
v 14.412500 37.583363 -0.412500
v 14.485049 37.458344 -0.485048
v 14.538957 37.315716 -0.538957
v 14.572154 37.160950 -0.572154
v 14.583363 37.000000 -0.583362
v 14.572154 36.839050 -0.572154
v 14.538957 36.684284 -0.538957
v 14.485049 36.541656 -0.485048
v 14.412500 36.416637 -0.412500
v 14.324099 36.314037 -0.324099
v 14.223243 36.237801 -0.223243
v 14.113808 36.190853 -0.113808
v 14.000000 36.174999 0.000000
v 14.133825 37.809147 -0.089419
v 14.262506 37.762199 -0.175401
v 14.381100 37.685963 -0.254643
v 14.485049 37.583363 -0.324099
v 14.570357 37.458344 -0.381100
v 14.633746 37.315716 -0.423456
v 14.672782 37.160950 -0.449538
v 14.685962 37.000000 -0.458345
v 14.672782 36.839050 -0.449538
v 14.633746 36.684284 -0.423456
v 14.570357 36.541656 -0.381100
v 14.485049 36.416637 -0.324099
v 14.381100 36.314037 -0.254643
v 14.262506 36.237801 -0.175401
v 14.133825 36.190853 -0.089419
v 14.148698 37.809147 -0.061593
v 14.291681 37.762199 -0.120818
v 14.423456 37.685963 -0.175401
v 14.538957 37.583363 -0.223243
v 14.633746 37.458344 -0.262506
v 14.704181 37.315716 -0.291681
v 14.747555 37.160950 -0.309647
v 14.762200 37.000000 -0.315713
v 14.747555 36.839050 -0.309647
v 14.704181 36.684284 -0.291681
v 14.633746 36.541656 -0.262506
v 14.538957 36.416637 -0.223243
v 14.423456 36.314037 -0.175401
v 14.291681 36.237801 -0.120818
v 14.148698 36.190853 -0.061593
v 14.157857 37.809147 -0.031400
v 14.309647 37.762199 -0.061593
v 14.449538 37.685963 -0.089419
v 14.572154 37.583363 -0.113808
v 14.672782 37.458344 -0.133824
v 14.747555 37.315716 -0.148698
v 14.793600 37.160950 -0.157857
v 14.809147 37.000000 -0.160949
v 14.793600 36.839050 -0.157857
v 14.747555 36.684284 -0.148698
v 14.672782 36.541656 -0.133824
v 14.572154 36.416637 -0.113808
v 14.449538 36.314037 -0.089419
v 14.309647 36.237801 -0.061593
v 14.157857 36.190853 -0.031400
v 14.160949 37.809147 -0.000000
v 14.315714 37.762199 -0.000000
v 14.458345 37.685963 -0.000000
v 14.583363 37.583363 0.000000
v 14.685962 37.458344 0.000000
v 14.762200 37.315716 0.000000
v 14.809147 37.160950 0.000000
v 14.824999 37.000000 0.000000
v 14.809147 36.839050 0.000000
v 14.762200 36.684284 0.000000
v 14.685962 36.541656 0.000000
v 14.583363 36.416637 0.000000
v 14.458345 36.314037 0.000000
v 14.315714 36.237801 0.000000
v 14.160949 36.190853 0.000000
v 14.157857 37.809147 0.031400
v 14.309647 37.762199 0.061593
v 14.449538 37.685963 0.089419
v 14.572154 37.583363 0.113808
v 14.672781 37.458344 0.133825
v 14.747555 37.315716 0.148698
v 14.793600 37.160950 0.157857
v 14.809147 37.000000 0.160950
v 14.793600 36.839050 0.157857
v 14.747555 36.684284 0.148698
v 14.672781 36.541656 0.133825
v 14.572154 36.416637 0.113808
v 14.449538 36.314037 0.089419
v 14.309647 36.237801 0.061593
v 14.157857 36.190853 0.031400
v 14.148698 37.809147 0.061593
v 14.291681 37.762199 0.120818
v 14.423456 37.685963 0.175401
v 14.538957 37.583363 0.223243
v 14.633746 37.458344 0.262506
v 14.704181 37.315716 0.291681
v 14.747555 37.160950 0.309648
v 14.762200 37.000000 0.315714
v 14.747555 36.839050 0.309648
v 14.704181 36.684284 0.291681
v 14.633746 36.541656 0.262506
v 14.538957 36.416637 0.223243
v 14.423456 36.314037 0.175401
v 14.291681 36.237801 0.120818
v 14.148698 36.190853 0.061593
v 14.133824 37.809147 0.089419
v 14.262506 37.762199 0.175401
v 14.381100 37.685963 0.254643
v 14.485049 37.583363 0.324099
v 14.570356 37.458344 0.381100
v 14.633746 37.315716 0.423456
v 14.672781 37.160950 0.449538
v 14.685961 37.000000 0.458345
v 14.672781 36.839050 0.449538
v 14.633746 36.684284 0.423456
v 14.570356 36.541656 0.381100
v 14.485049 36.416637 0.324099
v 14.381100 36.314037 0.254643
v 14.262506 36.237801 0.175401
v 14.133824 36.190853 0.089419
v 14.113808 37.809147 0.113808
v 14.223243 37.762199 0.223243
v 14.324099 37.685963 0.324099
v 14.412500 37.583363 0.412500
v 14.485048 37.458344 0.485048
v 14.538957 37.315716 0.538957
v 14.572153 37.160950 0.572154
v 14.583362 37.000000 0.583363
v 14.572153 36.839050 0.572154
v 14.538957 36.684284 0.538957
v 14.485048 36.541656 0.485048
v 14.412500 36.416637 0.412500
v 14.324099 36.314037 0.324099
v 14.223243 36.237801 0.223243
v 14.113808 36.190853 0.113808
v 14.089419 37.809147 0.133824
v 14.175401 37.762199 0.262506
v 14.254642 37.685963 0.381100
v 14.324099 37.583363 0.485049
v 14.381100 37.458344 0.570357
v 14.423456 37.315716 0.633746
v 14.449538 37.160950 0.672782
v 14.458345 37.000000 0.685962
v 14.449538 36.839050 0.672782
v 14.423456 36.684284 0.633746
v 14.381100 36.541656 0.570357
v 14.324099 36.416637 0.485049
v 14.254642 36.314037 0.381100
v 14.175401 36.237801 0.262506
v 14.089419 36.190853 0.133824
v 14.061593 37.809147 0.148698
v 14.120818 37.762199 0.291681
v 14.175401 37.685963 0.423456
v 14.223243 37.583363 0.538957
v 14.262506 37.458344 0.633746
v 14.291681 37.315716 0.704181
v 14.309647 37.160950 0.747555
v 14.315713 37.000000 0.762200
v 14.309647 36.839050 0.747555
v 14.291681 36.684284 0.704181
v 14.262506 36.541656 0.633746
v 14.223243 36.416637 0.538957
v 14.175401 36.314037 0.423456
v 14.120818 36.237801 0.291681
v 14.061593 36.190853 0.148698
v 14.031400 37.809147 0.157857
v 14.061593 37.762199 0.309647
v 14.089418 37.685963 0.449538
v 14.113808 37.583363 0.572154
v 14.133824 37.458344 0.672781
v 14.148698 37.315716 0.747555
v 14.157857 37.160950 0.793600
v 14.160949 37.000000 0.809147
v 14.157857 36.839050 0.793600
v 14.148698 36.684284 0.747555
v 14.133824 36.541656 0.672781
v 14.113808 36.416637 0.572154
v 14.089418 36.314037 0.449538
v 14.061593 36.237801 0.309647
v 14.031400 36.190853 0.157857
v 14.000000 37.809147 0.160949
v 14.000000 37.762199 0.315714
v 14.000000 37.583363 0.583363
v 14.000000 37.315716 0.762200
v 14.000000 36.684284 0.762200
v 14.000000 36.416637 0.583363
v 14.000000 36.314037 0.458345
v 14.000000 36.237801 0.315714
v 14.000000 36.190853 0.160949
v 14.759000 36.241001 -0.024750
v 13.241000 36.241001 -0.024750
v 14.759000 37.758999 -0.024750
v 13.241000 37.758999 -0.024750
v 14.660000 36.241001 -0.024750
v 14.330000 36.241001 -0.024750
v 14.000000 36.009998 -0.024750
v 13.670000 36.241001 -0.024750
v 13.340000 36.241001 -0.024750
v 13.340000 37.758999 -0.024750
v 13.670000 37.758999 -0.024750
v 14.000000 37.990002 -0.024750
v 14.330000 37.758999 -0.024750
v 14.660000 37.758999 -0.024750
v 14.759000 37.660000 -0.024750
v 14.759000 37.330002 -0.024750
v 14.990000 37.000000 -0.024750
v 14.759000 36.669998 -0.024750
v 14.759000 36.340000 -0.024750
v 13.241000 36.340000 -0.024750
v 13.241000 36.669998 -0.024750
v 13.010000 37.000000 -0.024750
v 13.241000 37.330002 -0.024750
v 13.241000 37.660000 -0.024750
v 14.660000 36.340000 -0.123750
v 14.660000 36.669998 -0.123750
v 14.660000 37.000000 -0.123750
v 14.660000 37.330002 -0.123750
v 14.660000 37.660000 -0.123750
v 14.330000 36.340000 -0.123750
v 14.330000 37.660000 -0.123750
v 14.000000 36.340000 -0.123750
v 14.000000 37.660000 -0.123750
v 13.670000 36.340000 -0.123750
v 13.670000 37.660000 -0.123750
v 13.340000 36.340000 -0.123750
v 13.340000 36.669998 -0.123750
v 13.340000 37.000000 -0.123750
v 13.340000 37.330002 -0.123750
v 13.340000 37.660000 -0.123750
v 14.759000 36.241001 0.024750
v 13.241000 36.241001 0.024750
v 14.759000 37.758999 0.024750
v 13.241000 37.758999 0.024750
v 14.660000 36.241001 0.024750
v 14.330000 36.241001 0.024750
v 14.000000 36.009998 0.024750
v 13.670000 36.241001 0.024750
v 13.340000 36.241001 0.024750
v 13.340000 37.758999 0.024750
v 13.670000 37.758999 0.024750
v 14.000000 37.990002 0.024750
v 14.330000 37.758999 0.024750
v 14.660000 37.758999 0.024750
v 14.759000 37.660000 0.024750
v 14.759000 37.330002 0.024750
v 14.990000 37.000000 0.024750
v 14.759000 36.669998 0.024750
v 14.759000 36.340000 0.024750
v 13.241000 36.340000 0.024750
v 13.241000 36.669998 0.024750
v 13.010000 37.000000 0.024750
v 13.241000 37.330002 0.024750
v 13.241000 37.660000 0.024750
v 14.660000 36.340000 0.123750
v 14.660000 36.669998 0.123750
v 14.660000 37.000000 0.123750
v 14.660000 37.330002 0.123750
v 14.660000 37.660000 0.123750
v 14.330000 36.340000 0.123750
v 14.330000 37.660000 0.123750
v 14.000000 36.340000 0.123750
v 14.000000 37.660000 0.123750
v 13.670000 36.340000 0.123750
v 13.670000 37.660000 0.123750
v 13.340000 36.340000 0.123750
v 13.340000 36.669998 0.123750
v 13.340000 37.000000 0.123750
v 13.340000 37.330002 0.123750
v 13.340000 37.660000 0.123750
vn -0.0624 0.7715 0.6332
vn -0.0759 -0.6326 0.7708
vn -0.0759 0.6326 0.7708
vn -0.0624 -0.7715 0.6332
vn -0.0865 0.4696 0.8786
vn -0.0464 -0.8810 0.4709
vn -0.0938 0.2890 0.9527
vn -0.0286 -0.9566 0.2902
vn -0.0976 0.0976 0.9904
vn -0.0097 0.9951 0.0980
vn -0.0097 -0.9951 0.0980
vn -0.0976 -0.0976 0.9904
vn -0.0286 0.9566 0.2902
vn -0.0938 -0.2890 0.9527
vn -0.0464 0.8810 0.4709
vn -0.0865 -0.4696 0.8786
vn -0.2779 -0.2890 0.9161
vn -0.1374 0.8810 0.4528
vn -0.2563 -0.4696 0.8448
vn -0.1847 0.7715 0.6088
vn -0.2248 -0.6326 0.7412
vn -0.2248 0.6326 0.7412
vn -0.1847 -0.7715 0.6088
vn -0.2563 0.4696 0.8448
vn -0.1374 -0.8810 0.4528
vn -0.2779 0.2890 0.9161
vn -0.0846 -0.9566 0.2790
vn -0.2889 0.0976 0.9524
vn -0.0286 0.9951 0.0942
vn -0.0286 -0.9951 0.0942
vn -0.2889 -0.0976 0.9524
vn -0.0846 0.9566 0.2790
vn -0.2231 -0.8810 0.4173
vn -0.4513 0.2890 0.8443
vn -0.1374 -0.9565 0.2571
vn -0.4692 0.0976 0.8777
vn -0.0464 0.9951 0.0869
vn -0.0464 -0.9951 0.0869
vn -0.4692 -0.0976 0.8777
vn -0.1374 0.9565 0.2571
vn -0.4513 -0.2890 0.8443
vn -0.2231 0.8810 0.4173
vn -0.4162 -0.4696 0.7786
vn -0.2999 0.7715 0.5611
vn -0.3651 -0.6326 0.6831
vn -0.3651 0.6326 0.6831
vn -0.2999 -0.7715 0.5611
vn -0.4162 0.4696 0.7786
vn -0.5601 -0.4696 0.6825
vn -0.4036 0.7715 0.4918
vn -0.4913 -0.6326 0.5987
vn -0.4913 0.6326 0.5987
vn -0.4036 -0.7715 0.4918
vn -0.5601 0.4696 0.6825
vn -0.3002 -0.8810 0.3658
vn -0.6073 0.2890 0.7400
vn -0.1850 -0.9565 0.2254
vn -0.6314 0.0975 0.7693
vn -0.0625 0.9951 0.0761
vn -0.0625 -0.9951 0.0761
vn -0.6314 -0.0975 0.7693
vn -0.1850 0.9565 0.2254
vn -0.6073 -0.2890 0.7400
vn -0.3002 0.8810 0.3658
vn -0.2254 -0.9565 0.1850
vn -0.7693 0.0975 0.6314
vn -0.0761 0.9951 0.0625
vn -0.0761 -0.9951 0.0625
vn -0.7693 -0.0975 0.6314
vn -0.2254 0.9565 0.1850
vn -0.7400 -0.2890 0.6073
vn -0.3658 0.8810 0.3002
vn -0.6825 -0.4696 0.5601
vn -0.4918 0.7715 0.4036
vn -0.5987 -0.6326 0.4913
vn -0.5987 0.6326 0.4913
vn -0.4918 -0.7715 0.4036
vn -0.6825 0.4696 0.5601
vn -0.3658 -0.8810 0.3002
vn -0.7400 0.2890 0.6073
vn -0.5611 0.7715 0.2999
vn -0.6831 -0.6326 0.3651
vn -0.6831 0.6326 0.3651
vn -0.5611 -0.7715 0.2999
vn -0.7786 0.4696 0.4162
vn -0.4173 -0.8810 0.2231
vn -0.8443 0.2890 0.4513
vn -0.2571 -0.9565 0.1374
vn -0.8777 0.0975 0.4691
vn -0.0869 0.9951 0.0464
vn -0.0869 -0.9951 0.0464
vn -0.8777 -0.0975 0.4691
vn -0.2571 0.9565 0.1374
vn -0.8443 -0.2890 0.4513
vn -0.4173 0.8810 0.2231
vn -0.7786 -0.4696 0.4162
vn -0.9524 0.0975 0.2889
vn -0.0942 0.9951 0.0286
vn -0.0942 -0.9951 0.0286
vn -0.9524 -0.0975 0.2889
vn -0.2790 0.9565 0.0846
vn -0.9161 -0.2890 0.2779
vn -0.4528 0.8810 0.1374
vn -0.8448 -0.4696 0.2563
vn -0.6088 0.7715 0.1847
vn -0.7412 -0.6326 0.2248
vn -0.7412 0.6326 0.2248
vn -0.6088 -0.7715 0.1847
vn -0.8448 0.4696 0.2563
vn -0.4528 -0.8810 0.1374
vn -0.9161 0.2890 0.2779
vn -0.2790 -0.9565 0.0846
vn -0.7708 -0.6326 0.0759
vn -0.7708 0.6326 0.0759
vn -0.6332 -0.7715 0.0624
vn -0.8786 0.4696 0.0865
vn -0.4709 -0.8810 0.0464
vn -0.9527 0.2890 0.0938
vn -0.2902 -0.9565 0.0286
vn -0.9904 0.0976 0.0976
vn -0.0980 0.9951 0.0097
vn -0.0980 -0.9951 0.0097
vn -0.9904 -0.0976 0.0976
vn -0.2902 0.9565 0.0286
vn -0.9527 -0.2890 0.0938
vn -0.4709 0.8810 0.0464
vn -0.8786 -0.4696 0.0865
vn -0.6332 0.7715 0.0624
vn -0.0980 0.9951 -0.0097
vn -0.0980 -0.9951 -0.0097
vn -0.9904 -0.0976 -0.0976
vn -0.2902 0.9565 -0.0286
vn -0.9527 -0.2890 -0.0938
vn -0.4709 0.8810 -0.0464
vn -0.8786 -0.4696 -0.0865
vn -0.6332 0.7715 -0.0624
vn -0.7708 -0.6326 -0.0759
vn -0.7708 0.6326 -0.0759
vn -0.6332 -0.7715 -0.0624
vn -0.8786 0.4696 -0.0865
vn -0.4709 -0.8810 -0.0464
vn -0.9527 0.2890 -0.0938
vn -0.2902 -0.9565 -0.0286
vn -0.9904 0.0976 -0.0976
vn -0.7412 0.6326 -0.2248
vn -0.6088 -0.7715 -0.1847
vn -0.8448 0.4696 -0.2563
vn -0.4528 -0.8810 -0.1374
vn -0.9161 0.2890 -0.2779
vn -0.2790 -0.9565 -0.0846
vn -0.9524 0.0975 -0.2889
vn -0.0942 0.9951 -0.0286
vn -0.0942 -0.9951 -0.0286
vn -0.9524 -0.0975 -0.2889
vn -0.2790 0.9565 -0.0846
vn -0.9161 -0.2890 -0.2779
vn -0.4528 0.8810 -0.1374
vn -0.8448 -0.4696 -0.2563
vn -0.6088 0.7715 -0.1847
vn -0.7412 -0.6326 -0.2248
vn -0.8777 -0.0975 -0.4691
vn -0.2571 0.9565 -0.1374
vn -0.8443 -0.2890 -0.4513
vn -0.4173 0.8810 -0.2231
vn -0.7786 -0.4696 -0.4162
vn -0.5611 0.7715 -0.2999
vn -0.6831 -0.6326 -0.3651
vn -0.6831 0.6326 -0.3651
vn -0.5611 -0.7715 -0.2999
vn -0.7786 0.4696 -0.4162
vn -0.4173 -0.8810 -0.2231
vn -0.8443 0.2890 -0.4513
vn -0.2571 -0.9565 -0.1374
vn -0.8777 0.0975 -0.4692
vn -0.0869 0.9951 -0.0464
vn -0.0869 -0.9951 -0.0464
vn -0.4918 -0.7715 -0.4036
vn -0.6825 0.4696 -0.5601
vn -0.3658 -0.8810 -0.3002
vn -0.7400 0.2890 -0.6073
vn -0.2254 -0.9565 -0.1850
vn -0.7693 0.0975 -0.6314
vn -0.0761 0.9951 -0.0625
vn -0.0761 -0.9951 -0.0625
vn -0.7693 -0.0975 -0.6314
vn -0.2254 0.9565 -0.1850
vn -0.7400 -0.2890 -0.6073
vn -0.3658 0.8810 -0.3002
vn -0.6825 -0.4696 -0.5601
vn -0.4918 0.7715 -0.4036
vn -0.5987 -0.6326 -0.4913
vn -0.5987 0.6326 -0.4913
vn -0.6073 -0.2890 -0.7400
vn -0.3002 0.8810 -0.3658
vn -0.5601 -0.4696 -0.6825
vn -0.4036 0.7715 -0.4918
vn -0.4913 -0.6326 -0.5987
vn -0.4913 0.6326 -0.5987
vn -0.4036 -0.7715 -0.4918
vn -0.5601 0.4696 -0.6825
vn -0.3002 -0.8810 -0.3658
vn -0.6073 0.2890 -0.7400
vn -0.1850 -0.9565 -0.2254
vn -0.6314 0.0975 -0.7693
vn -0.0625 0.9951 -0.0761
vn -0.0625 -0.9951 -0.0761
vn -0.6314 -0.0975 -0.7693
vn -0.1850 0.9565 -0.2254
vn -0.2231 -0.8810 -0.4173
vn -0.4513 0.2890 -0.8443
vn -0.1374 -0.9565 -0.2571
vn -0.4691 0.0975 -0.8777
vn -0.0464 0.9951 -0.0869
vn -0.0464 -0.9951 -0.0869
vn -0.4691 -0.0975 -0.8777
vn -0.1374 0.9565 -0.2571
vn -0.4513 -0.2890 -0.8443
vn -0.2231 0.8810 -0.4173
vn -0.4162 -0.4696 -0.7786
vn -0.2999 0.7715 -0.5611
vn -0.3651 -0.6326 -0.6831
vn -0.3651 0.6326 -0.6831
vn -0.2999 -0.7715 -0.5611
vn -0.4162 0.4696 -0.7786
vn -0.1374 0.8810 -0.4528
vn -0.2563 -0.4696 -0.8448
vn -0.1847 0.7715 -0.6088
vn -0.2248 -0.6326 -0.7412
vn -0.2248 0.6326 -0.7412
vn -0.1847 -0.7715 -0.6088
vn -0.2563 0.4696 -0.8448
vn -0.1374 -0.8810 -0.4528
vn -0.2779 0.2890 -0.9161
vn -0.0846 -0.9565 -0.2790
vn -0.2889 0.0975 -0.9524
vn -0.0286 0.9951 -0.0942
vn -0.0286 -0.9951 -0.0942
vn -0.2889 -0.0975 -0.9524
vn -0.0846 0.9565 -0.2790
vn -0.2779 -0.2890 -0.9161
vn -0.0938 0.2890 -0.9527
vn -0.0286 -0.9565 -0.2902
vn -0.0976 0.0975 -0.9904
vn -0.0097 0.9951 -0.0980
vn -0.0097 -0.9951 -0.0980
vn -0.0976 -0.0975 -0.9904
vn -0.0286 0.9565 -0.2902
vn -0.0938 -0.2890 -0.9527
vn -0.0464 0.8810 -0.4709
vn -0.0865 -0.4696 -0.8786
vn -0.0624 0.7715 -0.6332
vn -0.0759 -0.6326 -0.7708
vn -0.0759 0.6326 -0.7708
vn -0.0624 -0.7715 -0.6332
vn -0.0865 0.4696 -0.8786
vn -0.0464 -0.8810 -0.4709
vn 0.0865 -0.4696 -0.8786
vn 0.0624 0.7715 -0.6332
vn 0.0759 -0.6326 -0.7708
vn 0.0759 0.6326 -0.7708
vn 0.0624 -0.7715 -0.6332
vn 0.0865 0.4696 -0.8786
vn 0.0464 -0.8810 -0.4709
vn 0.0938 0.2890 -0.9527
vn 0.0286 -0.9565 -0.2902
vn 0.0976 0.0975 -0.9904
vn 0.0097 0.9951 -0.0980
vn 0.0097 -0.9951 -0.0980
vn 0.0976 -0.0975 -0.9904
vn 0.0286 0.9565 -0.2902
vn 0.0938 -0.2890 -0.9527
vn 0.0464 0.8810 -0.4709
vn 0.0846 -0.9565 -0.2790
vn 0.2889 0.0975 -0.9524
vn 0.0286 0.9951 -0.0942
vn 0.0286 -0.9951 -0.0942
vn 0.2889 -0.0975 -0.9524
vn 0.0846 0.9565 -0.2790
vn 0.2779 -0.2890 -0.9161
vn 0.1374 0.8810 -0.4528
vn 0.2563 -0.4696 -0.8448
vn 0.1847 0.7715 -0.6088
vn 0.2248 -0.6326 -0.7412
vn 0.2248 0.6326 -0.7412
vn 0.1847 -0.7715 -0.6088
vn 0.2563 0.4696 -0.8448
vn 0.1374 -0.8810 -0.4528
vn 0.2779 0.2890 -0.9161
vn 0.2999 0.7715 -0.5611
vn 0.3651 -0.6326 -0.6831
vn 0.3651 0.6326 -0.6831
vn 0.2999 -0.7715 -0.5611
vn 0.4162 0.4696 -0.7786
vn 0.2231 -0.8810 -0.4173
vn 0.4513 0.2890 -0.8443
vn 0.1374 -0.9565 -0.2571
vn 0.4691 0.0975 -0.8777
vn 0.0464 0.9951 -0.0869
vn 0.0464 -0.9951 -0.0869
vn 0.4691 -0.0975 -0.8777
vn 0.1374 0.9565 -0.2571
vn 0.4513 -0.2890 -0.8443
vn 0.2231 0.8810 -0.4173
vn 0.4162 -0.4696 -0.7786
vn 0.6314 0.0975 -0.7693
vn 0.0625 0.9951 -0.0761
vn 0.0625 -0.9951 -0.0761
vn 0.6314 -0.0975 -0.7693
vn 0.1850 0.9565 -0.2254
vn 0.6073 -0.2890 -0.7400
vn 0.3002 0.8810 -0.3658
vn 0.5601 -0.4696 -0.6825
vn 0.4036 0.7715 -0.4918
vn 0.4913 -0.6326 -0.5987
vn 0.4913 0.6326 -0.5987
vn 0.4036 -0.7715 -0.4918
vn 0.5601 0.4696 -0.6825
vn 0.3002 -0.8810 -0.3658
vn 0.6073 0.2890 -0.7400
vn 0.1850 -0.9565 -0.2254
vn 0.5987 -0.6326 -0.4913
vn 0.5987 0.6326 -0.4913
vn 0.4918 -0.7715 -0.4036
vn 0.6825 0.4696 -0.5601
vn 0.3658 -0.8810 -0.3002
vn 0.7400 0.2890 -0.6073
vn 0.2254 -0.9565 -0.1850
vn 0.7693 0.0975 -0.6314
vn 0.0761 0.9951 -0.0625
vn 0.0761 -0.9951 -0.0625
vn 0.7693 -0.0975 -0.6314
vn 0.2254 0.9565 -0.1850
vn 0.7400 -0.2890 -0.6073
vn 0.3658 0.8810 -0.3002
vn 0.6825 -0.4696 -0.5601
vn 0.4918 0.7715 -0.4036
vn 0.0869 -0.9951 -0.0464
vn 0.8777 -0.0975 -0.4691
vn 0.2571 0.9565 -0.1374
vn 0.8443 -0.2890 -0.4513
vn 0.4173 0.8810 -0.2231
vn 0.7786 -0.4696 -0.4162
vn 0.5611 0.7715 -0.2999
vn 0.6831 -0.6326 -0.3651
vn 0.6831 0.6326 -0.3651
vn 0.5611 -0.7715 -0.2999
vn 0.7786 0.4696 -0.4162
vn 0.4173 -0.8810 -0.2231
vn 0.8443 0.2890 -0.4513
vn 0.2571 -0.9565 -0.1374
vn 0.8777 0.0975 -0.4691
vn 0.0869 0.9951 -0.0464
vn 0.6088 -0.7715 -0.1847
vn 0.8448 0.4696 -0.2563
vn 0.4528 -0.8810 -0.1374
vn 0.9161 0.2890 -0.2779
vn 0.2790 -0.9565 -0.0846
vn 0.9524 0.0975 -0.2889
vn 0.0942 0.9951 -0.0286
vn 0.0942 -0.9951 -0.0286
vn 0.9524 -0.0975 -0.2889
vn 0.2790 0.9565 -0.0846
vn 0.9161 -0.2890 -0.2779
vn 0.4528 0.8810 -0.1374
vn 0.8448 -0.4696 -0.2563
vn 0.6088 0.7715 -0.1847
vn 0.7412 -0.6326 -0.2248
vn 0.7412 0.6326 -0.2248
vn 0.2902 0.9565 -0.0286
vn 0.9527 -0.2890 -0.0938
vn 0.4709 0.8810 -0.0464
vn 0.8786 -0.4696 -0.0865
vn 0.6332 0.7715 -0.0624
vn 0.7708 -0.6326 -0.0759
vn 0.7708 0.6326 -0.0759
vn 0.6332 -0.7715 -0.0624
vn 0.8786 0.4696 -0.0865
vn 0.4709 -0.8810 -0.0464
vn 0.9527 0.2890 -0.0938
vn 0.2902 -0.9565 -0.0286
vn 0.9904 0.0975 -0.0975
vn 0.0980 0.9951 -0.0097
vn 0.0980 -0.9951 -0.0097
vn 0.9904 -0.0975 -0.0975
vn 0.8786 0.4696 0.0865
vn 0.4709 -0.8810 0.0464
vn 0.9527 0.2890 0.0938
vn 0.2902 -0.9565 0.0286
vn 0.9904 0.0975 0.0975
vn 0.0980 0.9951 0.0097
vn 0.0980 -0.9951 0.0097
vn 0.9904 -0.0975 0.0975
vn 0.2902 0.9565 0.0286
vn 0.9527 -0.2890 0.0938
vn 0.4709 0.8810 0.0464
vn 0.8786 -0.4696 0.0865
vn 0.6332 0.7715 0.0624
vn 0.7708 -0.6326 0.0759
vn 0.7708 0.6326 0.0759
vn 0.6332 -0.7715 0.0624
vn 0.9161 -0.2890 0.2779
vn 0.4528 0.8810 0.1374
vn 0.8448 -0.4696 0.2563
vn 0.6088 0.7715 0.1847
vn 0.7412 -0.6326 0.2248
vn 0.7412 0.6326 0.2248
vn 0.6088 -0.7715 0.1847
vn 0.8448 0.4696 0.2563
vn 0.4528 -0.8810 0.1374
vn 0.9161 0.2890 0.2779
vn 0.2790 -0.9565 0.0846
vn 0.9524 0.0975 0.2889
vn 0.0942 0.9951 0.0286
vn 0.0942 -0.9951 0.0286
vn 0.9524 -0.0975 0.2889
vn 0.2790 0.9565 0.0846
vn 0.4173 -0.8810 0.2231
vn 0.8443 0.2890 0.4513
vn 0.2571 -0.9565 0.1374
vn 0.8777 0.0975 0.4692
vn 0.0869 0.9951 0.0464
vn 0.0869 -0.9951 0.0464
vn 0.8777 -0.0975 0.4692
vn 0.2571 0.9565 0.1374
vn 0.8443 -0.2890 0.4513
vn 0.4173 0.8810 0.2231
vn 0.7786 -0.4696 0.4162
vn 0.5611 0.7715 0.2999
vn 0.6831 -0.6326 0.3651
vn 0.6831 0.6326 0.3651
vn 0.5611 -0.7715 0.2999
vn 0.7786 0.4696 0.4162
vn 0.3658 0.8810 0.3002
vn 0.6825 -0.4696 0.5601
vn 0.4918 0.7715 0.4036
vn 0.5987 -0.6326 0.4913
vn 0.5987 0.6326 0.4913
vn 0.4918 -0.7715 0.4036
vn 0.6825 0.4696 0.5601
vn 0.3658 -0.8810 0.3002
vn 0.7400 0.2890 0.6073
vn 0.2254 -0.9566 0.1850
vn 0.7693 0.0975 0.6314
vn 0.0761 0.9951 0.0625
vn 0.0761 -0.9951 0.0625
vn 0.7693 -0.0975 0.6314
vn 0.2254 0.9565 0.1850
vn 0.7400 -0.2890 0.6073
vn 0.6073 0.2890 0.7400
vn 0.1850 -0.9565 0.2254
vn 0.6314 0.0975 0.7693
vn 0.0625 0.9951 0.0761
vn 0.0625 -0.9951 0.0761
vn 0.6314 -0.0975 0.7693
vn 0.1850 0.9565 0.2254
vn 0.6073 -0.2890 0.7400
vn 0.3002 0.8810 0.3658
vn 0.5601 -0.4696 0.6825
vn 0.4036 0.7715 0.4918
vn 0.4913 -0.6326 0.5987
vn 0.4913 0.6326 0.5987
vn 0.4036 -0.7715 0.4918
vn 0.5601 0.4696 0.6825
vn 0.3002 -0.8810 0.3658
vn 0.4162 -0.4696 0.7786
vn 0.2999 0.7715 0.5611
vn 0.3651 -0.6326 0.6831
vn 0.3651 0.6326 0.6831
vn 0.2999 -0.7715 0.5611
vn 0.4162 0.4696 0.7786
vn 0.2231 -0.8810 0.4173
vn 0.4513 0.2890 0.8443
vn 0.1374 -0.9565 0.2571
vn 0.4691 0.0975 0.8777
vn 0.0464 0.9951 0.0869
vn 0.0464 -0.9951 0.0869
vn 0.4691 -0.0975 0.8777
vn 0.1374 0.9565 0.2571
vn 0.4513 -0.2890 0.8443
vn 0.2231 0.8810 0.4173
vn 0.0846 -0.9565 0.2790
vn 0.2889 0.0975 0.9524
vn 0.0286 0.9951 0.0942
vn 0.0286 -0.9951 0.0942
vn 0.2889 -0.0975 0.9524
vn 0.0846 0.9565 0.2790
vn 0.2779 -0.2890 0.9161
vn 0.1374 0.8810 0.4528
vn 0.2563 -0.4696 0.8448
vn 0.1847 0.7715 0.6088
vn 0.2248 -0.6326 0.7412
vn 0.2248 0.6326 0.7412
vn 0.1847 -0.7715 0.6088
vn 0.2563 0.4696 0.8448
vn 0.1374 -0.8810 0.4528
vn 0.2779 0.2890 0.9161
vn 0.0759 -0.6326 0.7708
vn 0.0759 0.6326 0.7708
vn 0.0624 -0.7715 0.6332
vn 0.0865 0.4696 0.8786
vn 0.0464 -0.8810 0.4709
vn 0.0938 0.2890 0.9527
vn 0.0286 -0.9565 0.2902
vn 0.0976 0.0975 0.9904
vn 0.0097 0.9951 0.0980
vn 0.0097 -0.9951 0.0980
vn 0.0976 -0.0975 0.9904
vn 0.0286 0.9565 0.2902
vn 0.0938 -0.2890 0.9527
vn 0.0464 0.8810 0.4709
vn 0.0865 -0.4696 0.8786
vn 0.0624 0.7715 0.6332
vn -0.4082 0.4082 -0.8165
vn 0.4082 0.4082 -0.8165
vn -0.0000 0.7071 -0.7071
vn 0.1451 0.4146 -0.8983
vn -0.1451 0.4146 -0.8983
vn -0.0000 -0.7071 -0.7071
vn -0.1451 -0.4146 -0.8983
vn 0.1451 -0.4146 -0.8983
vn 0.4082 -0.4082 -0.8165
vn 0.7071 -0.0000 -0.7071
vn 0.4146 -0.1451 -0.8983
vn 0.4146 0.1451 -0.8983
vn -0.4082 -0.4082 -0.8165
vn -0.7071 -0.0000 -0.7071
vn -0.4146 -0.1451 -0.8983
vn -0.4146 0.1451 -0.8983
vn -0.0000 -0.0000 -1.0000
vn -0.4082 0.4082 0.8165
vn 0.4082 0.4082 0.8165
vn -0.0000 0.7071 0.7071
vn 0.1451 0.4146 0.8983
vn -0.1451 0.4146 0.8983
vn -0.0000 -0.7071 0.7071
vn -0.1451 -0.4146 0.8983
vn 0.1451 -0.4146 0.8983
vn 0.4082 -0.4082 0.8165
vn 0.7071 -0.0000 0.7071
vn 0.4146 -0.1451 0.8983
vn 0.4146 0.1451 0.8983
vn -0.4082 -0.4082 0.8165
vn -0.7071 -0.0000 0.7071
vn -0.4146 -0.1451 0.8983
vn -0.4146 0.1451 0.8983
vn -0.0000 -0.0000 1.0000
vn 1.0000 -0.0000 -0.0000
vn -0.0000 -1.0000 -0.0000
vn -1.0000 -0.0000 -0.0000
vn -0.0000 1.0000 -0.0000
vn 0.5735 -0.8192 -0.0000
vn -0.5735 -0.8192 -0.0000
vn -0.5735 0.8192 -0.0000
vn 0.5735 0.8192 -0.0000
vn 0.8192 0.5735 -0.0000
vn 0.8192 -0.5735 -0.0000
vn -0.8192 -0.5735 -0.0000
vn -0.8192 0.5735 -0.0000
vt 0.170807 0.170807
vt 0.170807 0.128374
vt 0.192024 0.128374
vt 0.192024 0.170807
vt 0.170807 0.510277
vt 0.170807 0.467843
vt 0.192024 0.467843
vt 0.192024 0.510277
vt 0.170807 0.213241
vt 0.192024 0.213241
vt 0.170807 0.552711
vt 0.192024 0.552711
vt 0.170807 0.255675
vt 0.192024 0.255675
vt 0.170807 0.595145
vt 0.192024 0.595145
vt 0.170807 0.298108
vt 0.192024 0.298108
vt 0.170807 0.637578
vt 0.192024 0.637578
vt 0.170807 0.340542
vt 0.192024 0.340542
vt 0.170807 0.043506
vt 0.181416 0.001072
vt 0.192024 0.043506
vt 0.181416 0.680012
vt 0.170807 0.382976
vt 0.192024 0.382976
vt 0.170807 0.085940
vt 0.192024 0.085940
vt 0.170807 0.425410
vt 0.192024 0.425410
vt 0.213241 0.382976
vt 0.213241 0.425410
vt 0.213241 0.085940
vt 0.213241 0.128374
vt 0.213241 0.467843
vt 0.213241 0.170807
vt 0.213241 0.510277
vt 0.213241 0.213241
vt 0.213241 0.552711
vt 0.213241 0.255675
vt 0.213241 0.595145
vt 0.213241 0.298108
vt 0.213241 0.637578
vt 0.213241 0.340542
vt 0.202633 0.001072
vt 0.213241 0.043506
vt 0.202633 0.680012
vt 0.234458 0.552711
vt 0.234458 0.595145
vt 0.234458 0.255675
vt 0.234458 0.298108
vt 0.234458 0.637578
vt 0.234458 0.340542
vt 0.223849 0.001072
vt 0.234458 0.043506
vt 0.223850 0.680012
vt 0.234458 0.382976
vt 0.234458 0.085940
vt 0.234458 0.425410
vt 0.234458 0.128374
vt 0.234458 0.467843
vt 0.234458 0.170807
vt 0.234458 0.510277
vt 0.234458 0.213241
vt 0.255675 0.425410
vt 0.255675 0.467843
vt 0.255675 0.128374
vt 0.255675 0.170807
vt 0.255675 0.510277
vt 0.255675 0.213241
vt 0.255675 0.552711
vt 0.255675 0.255675
vt 0.255675 0.595145
vt 0.255675 0.298108
vt 0.255675 0.637578
vt 0.255675 0.340542
vt 0.245066 0.001072
vt 0.255675 0.043506
vt 0.245066 0.680012
vt 0.255675 0.382976
vt 0.255675 0.085940
vt 0.276892 0.595145
vt 0.276892 0.637578
vt 0.276892 0.298108
vt 0.276892 0.340542
vt 0.266283 0.001072
vt 0.276892 0.043506
vt 0.266283 0.680012
vt 0.276892 0.382976
vt 0.276892 0.085940
vt 0.276892 0.425410
vt 0.276892 0.128374
vt 0.276892 0.467843
vt 0.276892 0.170807
vt 0.276892 0.510277
vt 0.276892 0.213241
vt 0.276892 0.552711
vt 0.276892 0.255675
vt 0.298108 0.128374
vt 0.298108 0.170807
vt 0.298108 0.467843
vt 0.298108 0.510277
vt 0.298108 0.213241
vt 0.298108 0.552711
vt 0.298108 0.255675
vt 0.298108 0.595145
vt 0.298108 0.298108
vt 0.298109 0.637578
vt 0.298108 0.340542
vt 0.287500 0.001072
vt 0.298108 0.043506
vt 0.287500 0.680012
vt 0.298108 0.382976
vt 0.298108 0.085940
vt 0.298108 0.425410
vt 0.319325 0.298108
vt 0.319325 0.340542
vt 0.308717 0.001072
vt 0.319325 0.043506
vt 0.308717 0.680012
vt 0.319325 0.637578
vt 0.319325 0.382976
vt 0.319325 0.085940
vt 0.319325 0.425410
vt 0.319325 0.128374
vt 0.319325 0.467843
vt 0.319325 0.170807
vt 0.319325 0.510277
vt 0.319325 0.213241
vt 0.319325 0.552711
vt 0.319325 0.255675
vt 0.319325 0.595145
vt 0.340542 0.467843
vt 0.340542 0.510277
vt 0.340542 0.170807
vt 0.340542 0.213241
vt 0.340542 0.552711
vt 0.340542 0.255675
vt 0.340542 0.595145
vt 0.340542 0.298108
vt 0.340542 0.637578
vt 0.340542 0.340542
vt 0.329934 0.001072
vt 0.340542 0.043506
vt 0.329934 0.680012
vt 0.340542 0.382976
vt 0.340542 0.085940
vt 0.340542 0.425410
vt 0.340542 0.128374
vt 0.351151 0.001072
vt 0.361759 0.043506
vt 0.351151 0.680012
vt 0.361759 0.637578
vt 0.361759 0.340542
vt 0.361759 0.382976
vt 0.361759 0.085940
vt 0.361759 0.425410
vt 0.361759 0.128374
vt 0.361759 0.467843
vt 0.361759 0.170807
vt 0.361759 0.510277
vt 0.361759 0.213241
vt 0.361759 0.552711
vt 0.361759 0.255675
vt 0.361759 0.595145
vt 0.361759 0.298108
vt 0.382976 0.170807
vt 0.382976 0.213241
vt 0.382976 0.510277
vt 0.382976 0.552711
vt 0.382976 0.255675
vt 0.382976 0.595145
vt 0.382976 0.298108
vt 0.382976 0.637578
vt 0.382976 0.340542
vt 0.372368 0.001072
vt 0.382976 0.043506
vt 0.372368 0.680012
vt 0.382976 0.382976
vt 0.382976 0.085940
vt 0.382976 0.425410
vt 0.382976 0.128373
vt 0.382976 0.467843
vt 0.404193 0.340542
vt 0.404193 0.382976
vt 0.404193 0.043506
vt 0.404193 0.085940
vt 0.404193 0.425410
vt 0.404193 0.128373
vt 0.404193 0.467843
vt 0.404193 0.170807
vt 0.404193 0.510277
vt 0.404193 0.213241
vt 0.404193 0.552711
vt 0.404193 0.255675
vt 0.404193 0.595145
vt 0.404193 0.298108
vt 0.404193 0.637578
vt 0.393584 0.001072
vt 0.393584 0.680012
vt 0.425410 0.510277
vt 0.425410 0.552711
vt 0.425410 0.213241
vt 0.425410 0.255675
vt 0.425410 0.595145
vt 0.425410 0.298108
vt 0.425410 0.637578
vt 0.425410 0.340542
vt 0.414801 0.001072
vt 0.425410 0.043506
vt 0.414801 0.680012
vt 0.425410 0.382976
vt 0.425410 0.085940
vt 0.425410 0.425410
vt 0.425410 0.128373
vt 0.425410 0.467843
vt 0.425410 0.170807
vt 0.446626 0.382976
vt 0.446626 0.425410
vt 0.446626 0.085940
vt 0.446627 0.128373
vt 0.446626 0.467843
vt 0.446627 0.170807
vt 0.446626 0.510277
vt 0.446626 0.213241
vt 0.446627 0.552711
vt 0.446626 0.255675
vt 0.446626 0.595145
vt 0.446626 0.298108
vt 0.446627 0.637578
vt 0.446627 0.340542
vt 0.436018 0.001072
vt 0.446627 0.043506
vt 0.436018 0.680012
vt 0.467843 0.552711
vt 0.467843 0.595145
vt 0.467843 0.255675
vt 0.467843 0.298108
vt 0.467843 0.637578
vt 0.467843 0.340542
vt 0.457235 0.001072
vt 0.467843 0.043506
vt 0.457235 0.680012
vt 0.467843 0.382976
vt 0.467843 0.085940
vt 0.467843 0.425410
vt 0.467843 0.128373
vt 0.467843 0.467843
vt 0.467843 0.170807
vt 0.467843 0.510277
vt 0.467843 0.213241
vt 0.489060 0.085940
vt 0.489060 0.128373
vt 0.489060 0.425410
vt 0.489060 0.467843
vt 0.489060 0.170807
vt 0.489060 0.510277
vt 0.489060 0.213241
vt 0.489060 0.552711
vt 0.489060 0.255675
vt 0.489060 0.595145
vt 0.489060 0.298108
vt 0.489060 0.637578
vt 0.489060 0.340542
vt 0.478452 0.001072
vt 0.489060 0.043506
vt 0.478452 0.680012
vt 0.489060 0.382976
vt 0.510277 0.255675
vt 0.510277 0.298108
vt 0.510277 0.595145
vt 0.510277 0.637578
vt 0.510277 0.340542
vt 0.499669 0.001072
vt 0.510277 0.043506
vt 0.499669 0.680012
vt 0.510277 0.382976
vt 0.510277 0.085940
vt 0.510277 0.425410
vt 0.510277 0.128373
vt 0.510277 0.467843
vt 0.510277 0.170807
vt 0.510277 0.510277
vt 0.510277 0.213241
vt 0.510277 0.552711
vt 0.531494 0.425410
vt 0.531494 0.467843
vt 0.531494 0.128373
vt 0.531494 0.170807
vt 0.531494 0.510277
vt 0.531494 0.213241
vt 0.531494 0.552711
vt 0.531494 0.255675
vt 0.531494 0.595145
vt 0.531494 0.298108
vt 0.531494 0.637578
vt 0.531494 0.340542
vt 0.520885 0.001072
vt 0.531494 0.043506
vt 0.520886 0.680012
vt 0.531494 0.382976
vt 0.531494 0.085940
vt 0.552711 0.595145
vt 0.552711 0.637578
vt 0.552711 0.298108
vt 0.552711 0.340542
vt 0.542102 0.001072
vt 0.552711 0.043506
vt 0.542103 0.680012
vt 0.552711 0.382976
vt 0.552711 0.085940
vt 0.552711 0.425410
vt 0.552711 0.128373
vt 0.552711 0.467843
vt 0.552711 0.170807
vt 0.552711 0.510277
vt 0.552711 0.213241
vt 0.552711 0.552711
vt 0.552711 0.255675
vt 0.573928 0.128373
vt 0.573928 0.170807
vt 0.573928 0.467843
vt 0.573928 0.510277
vt 0.573928 0.213241
vt 0.573928 0.552711
vt 0.573928 0.255675
vt 0.573928 0.595145
vt 0.573928 0.298108
vt 0.573928 0.637578
vt 0.573928 0.340542
vt 0.563319 0.001072
vt 0.573928 0.043506
vt 0.563319 0.680012
vt 0.573928 0.382976
vt 0.573928 0.085940
vt 0.573928 0.425410
vt 0.595145 0.298108
vt 0.595145 0.340542
vt 0.584536 0.001072
vt 0.595145 0.043506
vt 0.584536 0.680012
vt 0.595145 0.637578
vt 0.595145 0.382976
vt 0.595145 0.085940
vt 0.595145 0.425410
vt 0.595145 0.128373
vt 0.595145 0.467843
vt 0.595145 0.170807
vt 0.595145 0.510277
vt 0.595145 0.213241
vt 0.595145 0.552711
vt 0.595145 0.255675
vt 0.595145 0.595145
vt 0.616361 0.467843
vt 0.616361 0.510277
vt 0.616361 0.170807
vt 0.616361 0.213241
vt 0.616361 0.552711
vt 0.616361 0.255675
vt 0.616361 0.595145
vt 0.616361 0.298108
vt 0.616361 0.637578
vt 0.616361 0.340542
vt 0.605753 0.001072
vt 0.616361 0.043506
vt 0.605753 0.680012
vt 0.616361 0.382976
vt 0.616361 0.085940
vt 0.616361 0.425410
vt 0.616361 0.128373
vt 0.626970 0.680012
vt 0.637578 0.637578
vt 0.637578 0.340542
vt 0.637578 0.382976
vt 0.637578 0.043506
vt 0.637578 0.085940
vt 0.637578 0.425410
vt 0.637578 0.128373
vt 0.637578 0.467843
vt 0.637578 0.170807
vt 0.637578 0.510277
vt 0.637578 0.213241
vt 0.637578 0.552711
vt 0.637578 0.255675
vt 0.637578 0.595145
vt 0.637578 0.298108
vt 0.626970 0.001072
vt 0.658795 0.510277
vt 0.658795 0.552711
vt 0.658795 0.213241
vt 0.658795 0.255675
vt 0.658795 0.595145
vt 0.658795 0.298108
vt 0.658795 0.637578
vt 0.658795 0.340542
vt 0.648187 0.001072
vt 0.658795 0.043506
vt 0.648187 0.680012
vt 0.658795 0.382976
vt 0.658795 0.085940
vt 0.658795 0.425410
vt 0.658795 0.128373
vt 0.658795 0.467843
vt 0.658795 0.170807
vt 0.680012 0.043506
vt 0.680012 0.085940
vt 0.680012 0.382976
vt 0.680012 0.425410
vt 0.680012 0.128373
vt 0.680012 0.467843
vt 0.680012 0.170807
vt 0.680012 0.510277
vt 0.680012 0.213241
vt 0.680012 0.552711
vt 0.680012 0.255675
vt 0.680012 0.595145
vt 0.680012 0.298108
vt 0.680012 0.637578
vt 0.680012 0.340542
vt 0.669404 0.001072
vt 0.669404 0.680012
vt 0.001072 0.255675
vt 0.001072 0.213241
vt 0.022289 0.213241
vt 0.022289 0.255675
vt 0.001072 0.595145
vt 0.001072 0.552711
vt 0.022289 0.552711
vt 0.022289 0.595145
vt 0.001072 0.298108
vt 0.022289 0.298108
vt 0.001072 0.637578
vt 0.022289 0.637578
vt 0.001072 0.340542
vt 0.022289 0.340542
vt 0.001072 0.043506
vt 0.011681 0.001072
vt 0.022289 0.043506
vt 0.011681 0.680012
vt 0.001072 0.382976
vt 0.022289 0.382976
vt 0.001072 0.085940
vt 0.022289 0.085940
vt 0.001072 0.425410
vt 0.022289 0.425410
vt 0.001072 0.128373
vt 0.022289 0.128373
vt 0.001072 0.467843
vt 0.022289 0.467843
vt 0.001072 0.170807
vt 0.022289 0.170807
vt 0.001072 0.510277
vt 0.022289 0.510277
vt 0.043506 0.382976
vt 0.043506 0.425410
vt 0.043506 0.085940
vt 0.043506 0.128373
vt 0.043506 0.467843
vt 0.043506 0.170807
vt 0.043506 0.510277
vt 0.043506 0.213241
vt 0.043506 0.552711
vt 0.043506 0.255675
vt 0.043506 0.595145
vt 0.043506 0.298108
vt 0.043506 0.637578
vt 0.043506 0.340542
vt 0.032898 0.001072
vt 0.043506 0.043506
vt 0.032898 0.680012
vt 0.064723 0.552711
vt 0.064723 0.595145
vt 0.064723 0.255675
vt 0.064723 0.298108
vt 0.064723 0.637578
vt 0.064723 0.340542
vt 0.054114 0.001072
vt 0.064723 0.043506
vt 0.054115 0.680012
vt 0.064723 0.382976
vt 0.064723 0.085940
vt 0.064723 0.425410
vt 0.064723 0.128373
vt 0.064723 0.467843
vt 0.064723 0.170807
vt 0.064723 0.510277
vt 0.064723 0.213241
vt 0.085940 0.085940
vt 0.085940 0.128373
vt 0.085940 0.425410
vt 0.085940 0.467843
vt 0.085940 0.170807
vt 0.085940 0.510277
vt 0.085940 0.213241
vt 0.085940 0.552711
vt 0.085940 0.255675
vt 0.085940 0.595145
vt 0.085940 0.298108
vt 0.085940 0.637578
vt 0.085940 0.340542
vt 0.075331 0.001072
vt 0.085940 0.043506
vt 0.075331 0.680012
vt 0.085940 0.382976
vt 0.107157 0.255675
vt 0.107157 0.298108
vt 0.107157 0.595145
vt 0.107157 0.637578
vt 0.107157 0.340542
vt 0.096548 0.001072
vt 0.107157 0.043506
vt 0.096548 0.680012
vt 0.107157 0.382976
vt 0.107157 0.085940
vt 0.107157 0.425410
vt 0.107157 0.128373
vt 0.107157 0.467843
vt 0.107157 0.170807
vt 0.107157 0.510277
vt 0.107157 0.213241
vt 0.107157 0.552711
vt 0.128374 0.425410
vt 0.128374 0.467843
vt 0.128374 0.128373
vt 0.128374 0.170807
vt 0.128374 0.510277
vt 0.128374 0.213241
vt 0.128374 0.552711
vt 0.128374 0.255675
vt 0.128374 0.595145
vt 0.128374 0.298108
vt 0.128374 0.637578
vt 0.128374 0.340542
vt 0.117765 0.001072
vt 0.128374 0.043506
vt 0.117765 0.680012
vt 0.128374 0.382976
vt 0.128374 0.085940
vt 0.149590 0.595145
vt 0.149590 0.637578
vt 0.149590 0.298108
vt 0.149590 0.340542
vt 0.138982 0.001072
vt 0.149590 0.043506
vt 0.138982 0.680012
vt 0.149590 0.382976
vt 0.149590 0.085940
vt 0.149590 0.425410
vt 0.149590 0.128373
vt 0.149590 0.467843
vt 0.149590 0.170807
vt 0.149590 0.510277
vt 0.149590 0.213241
vt 0.149590 0.552711
vt 0.149590 0.255675
vt 0.160199 0.001072
vt 0.160199 0.680012
vt 0.950405 0.913754
vt 0.980834 0.907668
vt 0.986920 0.938097
vt 0.956491 0.944183
vt 0.676541 0.968527
vt 0.706971 0.962441
vt 0.713056 0.992870
vt 0.682627 0.998956
vt 0.767829 0.950269
vt 0.773915 0.980698
vt 0.828688 0.938097
vt 0.840860 0.998956
vt 0.889546 0.925926
vt 0.895632 0.956355
vt 0.834774 0.652062
vt 0.895632 0.639890
vt 0.901718 0.670319
vt 0.840860 0.682491
vt 0.767829 0.633804
vt 0.780001 0.694663
vt 0.713056 0.676405
vt 0.719142 0.706834
vt 0.652198 0.688577
vt 0.658284 0.719006
vt 0.621768 0.694663
vt 0.627854 0.725092
vt 0.670455 0.779865
vt 0.640026 0.785951
vt 0.682627 0.840724
vt 0.621768 0.852895
vt 0.694799 0.901582
vt 0.664369 0.907668
vt 0.926062 0.633804
vt 0.932148 0.664233
vt 0.944319 0.725092
vt 0.913890 0.731178
vt 0.986920 0.779865
vt 0.926062 0.792037
vt 0.968663 0.846809
vt 0.938233 0.852895
s 1
usemtl Material.015
f 1182/698/605 707/699/605 715/700/605 716/701/605
f 1185/702/606 712/703/606 723/704/606 724/705/606
f 708/706/607 1182/698/607 716/701/607 717/707/607
f 1186/708/608 1185/702/608 724/705/608 725/709/608
f 1183/710/609 708/706/609 717/707/609 718/711/609
f 1187/712/610 1186/708/610 725/709/610 726/713/610
f 709/714/611 1183/710/611 718/711/611 719/715/611
f 1188/716/612 1187/712/612 726/713/612 727/717/612
f 710/718/613 709/714/613 719/715/613 720/719/613
f 1180/720/614 788/721/614 713/722/614
f 1014/723/615 1188/716/615 727/717/615
f 711/724/616 710/718/616 720/719/616 721/725/616
f 1181/726/617 1180/720/617 713/722/617 714/727/617
f 1184/728/618 711/724/618 721/725/618 722/729/618
f 707/699/619 1181/726/619 714/727/619 715/700/619
f 712/703/620 1184/728/620 722/729/620 723/704/620
f 722/729/621 721/725/621 736/730/621 737/731/621
f 715/700/622 714/727/622 729/732/622 730/733/622
f 723/704/623 722/729/623 737/731/623 738/734/623
f 716/701/624 715/700/624 730/733/624 731/735/624
f 724/705/625 723/704/625 738/734/625 739/736/625
f 717/707/626 716/701/626 731/735/626 732/737/626
f 725/709/627 724/705/627 739/736/627 740/738/627
f 718/711/628 717/707/628 732/737/628 733/739/628
f 726/713/629 725/709/629 740/738/629 741/740/629
f 719/715/630 718/711/630 733/739/630 734/741/630
f 727/717/631 726/713/631 741/740/631 742/742/631
f 720/719/632 719/715/632 734/741/632 735/743/632
f 713/722/633 788/744/633 728/745/633
f 1014/746/634 727/717/634 742/742/634
f 721/725/635 720/719/635 735/743/635 736/730/635
f 714/727/636 713/722/636 728/745/636 729/732/636
f 741/740/637 740/738/637 755/747/637 756/748/637
f 734/741/638 733/739/638 748/749/638 749/750/638
f 742/742/639 741/740/639 756/748/639 757/751/639
f 735/743/640 734/741/640 749/750/640 750/752/640
f 728/745/641 788/753/641 743/754/641
f 1014/755/642 742/742/642 757/751/642
f 736/730/643 735/743/643 750/752/643 751/756/643
f 729/732/644 728/745/644 743/754/644 744/757/644
f 737/731/645 736/730/645 751/756/645 752/758/645
f 730/733/646 729/732/646 744/757/646 745/759/646
f 738/734/647 737/731/647 752/758/647 753/760/647
f 731/735/648 730/733/648 745/759/648 746/761/648
f 739/736/649 738/734/649 753/760/649 754/762/649
f 732/737/650 731/735/650 746/761/650 747/763/650
f 740/738/651 739/736/651 754/762/651 755/747/651
f 733/739/652 732/737/652 747/763/652 748/749/652
f 753/760/653 752/758/653 767/764/653 768/765/653
f 746/761/654 745/759/654 760/766/654 761/767/654
f 754/762/655 753/760/655 768/765/655 769/768/655
f 747/763/656 746/761/656 761/767/656 762/769/656
f 755/747/657 754/762/657 769/768/657 770/770/657
f 748/749/658 747/763/658 762/769/658 763/771/658
f 756/748/659 755/747/659 770/770/659 771/772/659
f 749/750/660 748/749/660 763/771/660 764/773/660
f 757/751/661 756/748/661 771/772/661 772/774/661
f 750/752/662 749/750/662 764/773/662 765/775/662
f 743/754/663 788/776/663 758/777/663
f 1014/778/664 757/751/664 772/774/664
f 751/756/665 750/752/665 765/775/665 766/779/665
f 744/757/666 743/754/666 758/777/666 759/780/666
f 752/758/667 751/756/667 766/779/667 767/764/667
f 745/759/668 744/757/668 759/780/668 760/766/668
f 772/774/669 771/772/669 786/781/669 787/782/669
f 765/775/670 764/773/670 779/783/670 780/784/670
f 758/777/671 788/785/671 773/786/671
f 1014/787/672 772/774/672 787/782/672
f 766/779/673 765/775/673 780/784/673 781/788/673
f 759/780/674 758/777/674 773/786/674 774/789/674
f 767/764/675 766/779/675 781/788/675 782/790/675
f 760/766/676 759/780/676 774/789/676 775/791/676
f 768/765/677 767/764/677 782/790/677 783/792/677
f 761/767/678 760/766/678 775/791/678 776/793/678
f 769/768/679 768/765/679 783/792/679 784/794/679
f 762/769/680 761/767/680 776/793/680 777/795/680
f 770/770/681 769/768/681 784/794/681 785/796/681
f 763/771/682 762/769/682 777/795/682 778/797/682
f 771/772/683 770/770/683 785/796/683 786/781/683
f 764/773/684 763/771/684 778/797/684 779/783/684
f 776/793/685 775/791/685 791/798/685 792/799/685
f 784/794/686 783/792/686 799/800/686 800/801/686
f 777/795/687 776/793/687 792/799/687 793/802/687
f 785/796/688 784/794/688 800/801/688 801/803/688
f 778/797/689 777/795/689 793/802/689 794/804/689
f 786/781/690 785/796/690 801/803/690 802/805/690
f 779/783/691 778/797/691 794/804/691 795/806/691
f 787/782/692 786/781/692 802/805/692 803/807/692
f 780/784/693 779/783/693 795/806/693 796/808/693
f 773/786/694 788/809/694 789/810/694
f 1014/811/695 787/782/695 803/807/695
f 781/788/696 780/784/696 796/808/696 797/812/696
f 774/789/697 773/786/697 789/810/697 790/813/697
f 782/790/698 781/788/698 797/812/698 798/814/698
f 775/791/699 774/789/699 790/813/699 791/798/699
f 783/792/700 782/790/700 798/814/700 799/800/700
f 796/808/701 795/806/701 810/815/701 811/816/701
f 789/810/702 788/817/702 804/818/702
f 1014/819/703 803/807/703 818/820/703
f 797/812/704 796/808/704 811/816/704 812/821/704
f 790/813/705 789/810/705 804/818/705 805/822/705
f 798/814/706 797/812/706 812/821/706 813/823/706
f 791/798/707 790/813/707 805/822/707 806/824/707
f 799/800/708 798/814/708 813/823/708 814/825/708
f 792/799/709 791/798/709 806/824/709 807/826/709
f 800/801/710 799/800/710 814/825/710 815/827/710
f 793/802/711 792/799/711 807/826/711 808/828/711
f 801/803/712 800/801/712 815/827/712 816/829/712
f 794/804/713 793/802/713 808/828/713 809/830/713
f 802/805/714 801/803/714 816/829/714 817/831/714
f 795/806/715 794/804/715 809/830/715 810/815/715
f 803/807/716 802/805/716 817/831/716 818/820/716
f 815/827/717 814/825/717 829/832/717 830/833/717
f 808/828/718 807/826/718 822/834/718 823/835/718
f 816/829/719 815/827/719 830/833/719 831/836/719
f 809/830/720 808/828/720 823/835/720 824/837/720
f 817/831/721 816/829/721 831/836/721 832/838/721
f 810/815/722 809/830/722 824/837/722 825/839/722
f 818/820/723 817/831/723 832/838/723 833/840/723
f 811/816/724 810/815/724 825/839/724 826/841/724
f 804/818/725 788/842/725 819/843/725
f 1014/844/726 818/820/726 833/840/726
f 812/821/727 811/816/727 826/841/727 827/845/727
f 805/822/728 804/818/728 819/843/728 820/846/728
f 813/823/729 812/821/729 827/845/729 828/847/729
f 806/824/730 805/822/730 820/846/730 821/848/730
f 814/825/731 813/823/731 828/847/731 829/832/731
f 807/826/732 806/824/732 821/848/732 822/834/732
f 819/843/733 788/849/733 834/850/733
f 1014/851/734 833/840/734 848/852/734
f 827/845/735 826/841/735 841/853/735 842/854/735
f 820/846/736 819/843/736 834/850/736 835/855/736
f 828/847/737 827/845/737 842/854/737 843/856/737
f 821/848/738 820/846/738 835/855/738 836/857/738
f 829/832/739 828/847/739 843/856/739 844/858/739
f 822/834/740 821/848/740 836/857/740 837/859/740
f 830/833/741 829/832/741 844/858/741 845/860/741
f 823/835/742 822/834/742 837/859/742 838/861/742
f 831/836/743 830/833/743 845/860/743 846/862/743
f 824/837/744 823/835/744 838/861/744 839/863/744
f 832/838/745 831/836/745 846/862/745 847/864/745
f 825/839/746 824/837/746 839/863/746 840/865/746
f 833/840/747 832/838/747 847/864/747 848/852/747
f 826/841/748 825/839/748 840/865/748 841/853/748
f 838/861/749 837/859/749 852/866/749 853/867/749
f 846/862/750 845/860/750 860/868/750 861/869/750
f 839/863/751 838/861/751 853/867/751 854/870/751
f 847/864/752 846/862/752 861/869/752 862/871/752
f 840/865/753 839/863/753 854/870/753 855/872/753
f 848/852/754 847/864/754 862/871/754 863/873/754
f 841/853/755 840/865/755 855/872/755 856/874/755
f 834/850/756 788/875/756 849/876/756
f 1014/877/757 848/852/757 863/873/757
f 842/854/758 841/853/758 856/874/758 857/878/758
f 835/855/759 834/850/759 849/876/759 850/879/759
f 843/856/760 842/854/760 857/878/760 858/880/760
f 836/857/761 835/855/761 850/879/761 851/881/761
f 844/858/762 843/856/762 858/880/762 859/882/762
f 837/859/763 836/857/763 851/881/763 852/866/763
f 845/860/764 844/858/764 859/882/764 860/868/764
f 857/878/765 856/874/765 871/883/765 872/884/765
f 850/879/766 849/876/766 864/885/766 865/886/766
f 858/880/767 857/878/767 872/884/767 873/887/767
f 851/881/768 850/879/768 865/886/768 866/888/768
f 859/882/769 858/880/769 873/887/769 874/889/769
f 852/866/770 851/881/770 866/888/770 867/890/770
f 860/868/771 859/882/771 874/889/771 875/891/771
f 853/867/772 852/866/772 867/890/772 868/892/772
f 861/869/773 860/868/773 875/891/773 876/893/773
f 854/870/774 853/867/774 868/892/774 869/894/774
f 862/871/775 861/869/775 876/893/775 877/895/775
f 855/872/776 854/870/776 869/894/776 870/896/776
f 863/873/777 862/871/777 877/895/777 878/897/777
f 856/874/778 855/872/778 870/896/778 871/883/778
f 849/876/779 788/898/779 864/885/779
f 1014/899/780 863/873/780 878/897/780
f 876/893/781 875/891/781 890/900/781 891/901/781
f 869/894/782 868/892/782 883/902/782 884/903/782
f 877/895/783 876/893/783 891/901/783 892/904/783
f 870/896/784 869/894/784 884/903/784 885/905/784
f 878/897/785 877/895/785 892/904/785 893/906/785
f 871/883/786 870/896/786 885/905/786 886/907/786
f 864/885/787 788/908/787 879/909/787
f 1014/910/788 878/897/788 893/906/788
f 872/884/789 871/883/789 886/907/789 887/911/789
f 865/886/790 864/885/790 879/909/790 880/912/790
f 873/887/791 872/884/791 887/911/791 888/913/791
f 866/888/792 865/886/792 880/912/792 881/914/792
f 874/889/793 873/887/793 888/913/793 889/915/793
f 867/890/794 866/888/794 881/914/794 882/916/794
f 875/891/795 874/889/795 889/915/795 890/900/795
f 868/892/796 867/890/796 882/916/796 883/902/796
f 888/913/797 887/911/797 902/917/797 903/918/797
f 881/914/798 880/912/798 895/919/798 896/920/798
f 889/915/799 888/913/799 903/918/799 904/921/799
f 882/916/800 881/914/800 896/920/800 897/922/800
f 890/900/801 889/915/801 904/921/801 905/923/801
f 883/902/802 882/916/802 897/922/802 898/924/802
f 891/901/803 890/900/803 905/923/803 906/925/803
f 884/903/804 883/902/804 898/924/804 899/926/804
f 892/904/805 891/901/805 906/925/805 907/927/805
f 885/905/806 884/903/806 899/926/806 900/928/806
f 893/906/807 892/904/807 907/927/807 908/929/807
f 886/907/808 885/905/808 900/928/808 901/930/808
f 879/909/809 788/931/809 894/932/809
f 1014/933/810 893/906/810 908/929/810
f 887/911/811 886/907/811 901/930/811 902/917/811
f 880/912/812 879/909/812 894/932/812 895/919/812
f 907/927/813 906/925/813 921/934/813 922/935/813
f 900/928/814 899/926/814 914/936/814 915/937/814
f 908/929/815 907/927/815 922/935/815 923/938/815
f 901/930/816 900/928/816 915/937/816 916/939/816
f 894/932/817 788/940/817 909/941/817
f 1014/942/818 908/929/818 923/938/818
f 902/917/819 901/930/819 916/939/819 917/943/819
f 895/919/820 894/932/820 909/941/820 910/944/820
f 903/918/821 902/917/821 917/943/821 918/945/821
f 896/920/822 895/919/822 910/944/822 911/946/822
f 904/921/823 903/918/823 918/945/823 919/947/823
f 897/922/824 896/920/824 911/946/824 912/948/824
f 905/923/825 904/921/825 919/947/825 920/949/825
f 898/924/826 897/922/826 912/948/826 913/950/826
f 906/925/827 905/923/827 920/949/827 921/934/827
f 899/926/828 898/924/828 913/950/828 914/936/828
f 911/946/829 910/944/829 925/951/829 926/952/829
f 919/947/830 918/945/830 933/953/830 934/954/830
f 912/948/831 911/946/831 926/952/831 927/955/831
f 920/949/832 919/947/832 934/954/832 935/956/832
f 913/950/833 912/948/833 927/955/833 928/957/833
f 921/934/834 920/949/834 935/956/834 936/958/834
f 914/936/835 913/950/835 928/957/835 929/959/835
f 922/935/836 921/934/836 936/958/836 937/960/836
f 915/937/837 914/936/837 929/959/837 930/961/837
f 923/938/838 922/935/838 937/960/838 938/962/838
f 916/939/839 915/937/839 930/961/839 931/963/839
f 909/941/840 788/964/840 924/965/840
f 1014/966/841 923/938/841 938/962/841
f 917/943/842 916/939/842 931/963/842 932/967/842
f 910/944/843 909/941/843 924/965/843 925/951/843
f 918/945/844 917/943/844 932/967/844 933/953/844
f 930/961/845 929/959/845 944/968/845 945/969/845
f 938/962/846 937/960/846 952/970/846 953/971/846
f 931/963/847 930/961/847 945/969/847 946/972/847
f 924/965/848 788/973/848 939/974/848
f 1014/975/849 938/962/849 953/971/849
f 932/967/850 931/963/850 946/972/850 947/976/850
f 925/951/851 924/965/851 939/974/851 940/977/851
f 933/953/852 932/967/852 947/976/852 948/978/852
f 926/952/853 925/951/853 940/977/853 941/979/853
f 934/954/854 933/953/854 948/978/854 949/980/854
f 927/955/855 926/952/855 941/979/855 942/981/855
f 935/956/856 934/954/856 949/980/856 950/982/856
f 928/957/857 927/955/857 942/981/857 943/983/857
f 936/958/858 935/956/858 950/982/858 951/984/858
f 929/959/859 928/957/859 943/983/859 944/968/859
f 937/960/860 936/958/860 951/984/860 952/970/860
f 949/980/861 948/978/861 963/985/861 964/986/861
f 942/981/862 941/979/862 956/987/862 957/988/862
f 950/982/863 949/980/863 964/986/863 965/989/863
f 943/983/864 942/981/864 957/988/864 958/990/864
f 951/984/865 950/982/865 965/989/865 966/991/865
f 944/968/866 943/983/866 958/990/866 959/992/866
f 952/970/867 951/984/867 966/991/867 967/993/867
f 945/969/868 944/968/868 959/992/868 960/994/868
f 953/971/869 952/970/869 967/993/869 968/995/869
f 946/972/870 945/969/870 960/994/870 961/996/870
f 939/974/871 788/997/871 954/998/871
f 1014/999/872 953/971/872 968/995/872
f 947/976/873 946/972/873 961/996/873 962/1000/873
f 940/977/874 939/974/874 954/998/874 955/1001/874
f 948/978/875 947/976/875 962/1000/875 963/985/875
f 941/979/876 940/977/876 955/1001/876 956/987/876
f 968/995/877 967/993/877 982/1002/877 983/1003/877
f 961/996/878 960/994/878 975/1004/878 976/1005/878
f 954/998/879 788/1006/879 969/1007/879
f 1014/1008/880 968/995/880 983/1003/880
f 962/1000/881 961/996/881 976/1005/881 977/1009/881
f 955/1001/882 954/998/882 969/1007/882 970/1010/882
f 963/985/883 962/1000/883 977/1009/883 978/1011/883
f 956/987/884 955/1001/884 970/1010/884 971/1012/884
f 964/986/885 963/985/885 978/1011/885 979/1013/885
f 957/988/886 956/987/886 971/1012/886 972/1014/886
f 965/989/887 964/986/887 979/1013/887 980/1015/887
f 958/990/888 957/988/888 972/1014/888 973/1016/888
f 966/991/889 965/989/889 980/1015/889 981/1017/889
f 959/992/890 958/990/890 973/1016/890 974/1018/890
f 967/993/891 966/991/891 981/1017/891 982/1002/891
f 960/994/892 959/992/892 974/1018/892 975/1004/892
f 972/1014/893 971/1012/893 986/1019/893 987/1020/893
f 980/1015/894 979/1013/894 994/1021/894 995/1022/894
f 973/1016/895 972/1014/895 987/1020/895 988/1023/895
f 981/1017/896 980/1015/896 995/1022/896 996/1024/896
f 974/1018/897 973/1016/897 988/1023/897 989/1025/897
f 982/1002/898 981/1017/898 996/1024/898 997/1026/898
f 975/1004/899 974/1018/899 989/1025/899 990/1027/899
f 983/1003/900 982/1002/900 997/1026/900 998/1028/900
f 976/1005/901 975/1004/901 990/1027/901 991/1029/901
f 969/1007/902 788/1030/902 984/1031/902
f 1014/1032/903 983/1003/903 998/1028/903
f 977/1009/904 976/1005/904 991/1029/904 992/1033/904
f 970/1010/905 969/1007/905 984/1031/905 985/1034/905
f 978/1011/906 977/1009/906 992/1033/906 993/1035/906
f 971/1012/907 970/1010/907 985/1034/907 986/1019/907
f 979/1013/908 978/1011/908 993/1035/908 994/1021/908
f 991/1029/909 990/1027/909 1005/1036/909 1006/1037/909
f 984/1031/910 788/1038/910 999/1039/910
f 1014/1040/911 998/1028/911 1013/1041/911
f 992/1033/912 991/1029/912 1006/1037/912 1007/1042/912
f 985/1034/913 984/1031/913 999/1039/913 1000/1043/913
f 993/1035/914 992/1033/914 1007/1042/914 1008/1044/914
f 986/1019/915 985/1034/915 1000/1043/915 1001/1045/915
f 994/1021/916 993/1035/916 1008/1044/916 1009/1046/916
f 987/1020/917 986/1019/917 1001/1045/917 1002/1047/917
f 995/1022/918 994/1021/918 1009/1046/918 1010/1048/918
f 988/1023/919 987/1020/919 1002/1047/919 1003/1049/919
f 996/1024/920 995/1022/920 1010/1048/920 1011/1050/920
f 989/1025/921 988/1023/921 1003/1049/921 1004/1051/921
f 997/1026/922 996/1024/922 1011/1050/922 1012/1052/922
f 990/1027/923 989/1025/923 1004/1051/923 1005/1036/923
f 998/1028/924 997/1026/924 1012/1052/924 1013/1041/924
f 1010/1048/925 1009/1046/925 1025/1053/925 1026/1054/925
f 1003/1049/926 1002/1047/926 1018/1055/926 1019/1056/926
f 1011/1050/927 1010/1048/927 1026/1054/927 1027/1057/927
f 1004/1051/928 1003/1049/928 1019/1056/928 1020/1058/928
f 1012/1052/929 1011/1050/929 1027/1057/929 1028/1059/929
f 1005/1036/930 1004/1051/930 1020/1058/930 1021/1060/930
f 1013/1041/931 1012/1052/931 1028/1059/931 1029/1061/931
f 1006/1037/932 1005/1036/932 1021/1060/932 1022/1062/932
f 999/1039/933 788/1063/933 1015/1064/933
f 1014/1065/934 1013/1041/934 1029/1061/934
f 1007/1042/935 1006/1037/935 1022/1062/935 1023/1066/935
f 1000/1043/936 999/1039/936 1015/1064/936 1016/1067/936
f 1008/1044/937 1007/1042/937 1023/1066/937 1024/1068/937
f 1001/1045/938 1000/1043/938 1016/1067/938 1017/1069/938
f 1009/1046/939 1008/1044/939 1024/1068/939 1025/1053/939
f 1002/1047/940 1001/1045/940 1017/1069/940 1018/1055/940
f 1014/1070/941 1029/1061/941 1044/1071/941
f 1023/1066/942 1022/1062/942 1037/1072/942 1038/1073/942
f 1016/1067/943 1015/1064/943 1030/1074/943 1031/1075/943
f 1024/1068/944 1023/1066/944 1038/1073/944 1039/1076/944
f 1017/1069/945 1016/1067/945 1031/1075/945 1032/1077/945
f 1025/1053/946 1024/1068/946 1039/1076/946 1040/1078/946
f 1018/1055/947 1017/1069/947 1032/1077/947 1033/1079/947
f 1026/1054/948 1025/1053/948 1040/1078/948 1041/1080/948
f 1019/1056/949 1018/1055/949 1033/1079/949 1034/1081/949
f 1027/1057/950 1026/1054/950 1041/1080/950 1042/1082/950
f 1020/1058/951 1019/1056/951 1034/1081/951 1035/1083/951
f 1028/1059/952 1027/1057/952 1042/1082/952 1043/1084/952
f 1021/1060/953 1020/1058/953 1035/1083/953 1036/1085/953
f 1029/1061/954 1028/1059/954 1043/1084/954 1044/1071/954
f 1022/1062/955 1021/1060/955 1036/1085/955 1037/1072/955
f 1015/1064/956 788/1086/956 1030/1074/956
f 1042/1082/957 1041/1080/957 1056/1087/957 1057/1088/957
f 1035/1083/958 1034/1081/958 1049/1089/958 1050/1090/958
f 1043/1084/959 1042/1082/959 1057/1088/959 1058/1091/959
f 1036/1085/960 1035/1083/960 1050/1090/960 1051/1092/960
f 1044/1071/961 1043/1084/961 1058/1091/961 1059/1093/961
f 1037/1072/962 1036/1085/962 1051/1092/962 1052/1094/962
f 1030/1074/963 788/1095/963 1045/1096/963
f 1014/1097/964 1044/1071/964 1059/1093/964
f 1038/1073/965 1037/1072/965 1052/1094/965 1053/1098/965
f 1031/1075/966 1030/1074/966 1045/1096/966 1046/1099/966
f 1039/1076/967 1038/1073/967 1053/1098/967 1054/1100/967
f 1032/1077/968 1031/1075/968 1046/1099/968 1047/1101/968
f 1040/1078/969 1039/1076/969 1054/1100/969 1055/1102/969
f 1033/1079/970 1032/1077/970 1047/1101/970 1048/1103/970
f 1041/1080/971 1040/1078/971 1055/1102/971 1056/1087/971
f 1034/1081/972 1033/1079/972 1048/1103/972 1049/1089/972
f 1046/1099/973 1045/1096/973 1060/1104/973 1061/1105/973
f 1054/1100/974 1053/1098/974 1068/1106/974 1069/1107/974
f 1047/1101/975 1046/1099/975 1061/1105/975 1062/1108/975
f 1055/1102/976 1054/1100/976 1069/1107/976 1070/1109/976
f 1048/1103/977 1047/1101/977 1062/1108/977 1063/1110/977
f 1056/1087/978 1055/1102/978 1070/1109/978 1071/1111/978
f 1049/1089/979 1048/1103/979 1063/1110/979 1064/1112/979
f 1057/1088/980 1056/1087/980 1071/1111/980 1072/1113/980
f 1050/1090/981 1049/1089/981 1064/1112/981 1065/1114/981
f 1058/1091/982 1057/1088/982 1072/1113/982 1073/1115/982
f 1051/1092/983 1050/1090/983 1065/1114/983 1066/1116/983
f 1059/1093/984 1058/1091/984 1073/1115/984 1074/1117/984
f 1052/1094/985 1051/1092/985 1066/1116/985 1067/1118/985
f 1045/1096/986 788/1119/986 1060/1104/986
f 1014/1120/987 1059/1093/987 1074/1117/987
f 1053/1098/988 1052/1094/988 1067/1118/988 1068/1106/988
f 1065/1121/989 1064/1122/989 1079/1123/989 1080/1124/989
f 1073/1125/990 1072/1126/990 1087/1127/990 1088/1128/990
f 1066/1129/991 1065/1121/991 1080/1124/991 1081/1130/991
f 1074/1131/992 1073/1125/992 1088/1128/992 1089/1132/992
f 1067/1133/993 1066/1129/993 1081/1130/993 1082/1134/993
f 1060/1135/994 788/1136/994 1075/1137/994
f 1014/1138/995 1074/1131/995 1089/1132/995
f 1068/1139/996 1067/1133/996 1082/1134/996 1083/1140/996
f 1061/1141/997 1060/1135/997 1075/1137/997 1076/1142/997
f 1069/1143/998 1068/1139/998 1083/1140/998 1084/1144/998
f 1062/1145/999 1061/1141/999 1076/1142/999 1077/1146/999
f 1070/1147/1000 1069/1143/1000 1084/1144/1000 1085/1148/1000
f 1063/1149/1001 1062/1145/1001 1077/1146/1001 1078/1150/1001
f 1071/1151/1002 1070/1147/1002 1085/1148/1002 1086/1152/1002
f 1064/1122/1003 1063/1149/1003 1078/1150/1003 1079/1123/1003
f 1072/1126/1004 1071/1151/1004 1086/1152/1004 1087/1127/1004
f 1084/1144/1005 1083/1140/1005 1098/1153/1005 1099/1154/1005
f 1077/1146/1006 1076/1142/1006 1091/1155/1006 1092/1156/1006
f 1085/1148/1007 1084/1144/1007 1099/1154/1007 1100/1157/1007
f 1078/1150/1008 1077/1146/1008 1092/1156/1008 1093/1158/1008
f 1086/1152/1009 1085/1148/1009 1100/1157/1009 1101/1159/1009
f 1079/1123/1010 1078/1150/1010 1093/1158/1010 1094/1160/1010
f 1087/1127/1011 1086/1152/1011 1101/1159/1011 1102/1161/1011
f 1080/1124/1012 1079/1123/1012 1094/1160/1012 1095/1162/1012
f 1088/1128/1013 1087/1127/1013 1102/1161/1013 1103/1163/1013
f 1081/1130/1014 1080/1124/1014 1095/1162/1014 1096/1164/1014
f 1089/1132/1015 1088/1128/1015 1103/1163/1015 1104/1165/1015
f 1082/1134/1016 1081/1130/1016 1096/1164/1016 1097/1166/1016
f 1075/1137/1017 788/1167/1017 1090/1168/1017
f 1014/1169/1018 1089/1132/1018 1104/1165/1018
f 1083/1140/1019 1082/1134/1019 1097/1166/1019 1098/1153/1019
f 1076/1142/1020 1075/1137/1020 1090/1168/1020 1091/1155/1020
f 1103/1163/1021 1102/1161/1021 1117/1170/1021 1118/1171/1021
f 1096/1164/1022 1095/1162/1022 1110/1172/1022 1111/1173/1022
f 1104/1165/1023 1103/1163/1023 1118/1171/1023 1119/1174/1023
f 1097/1166/1024 1096/1164/1024 1111/1173/1024 1112/1175/1024
f 1090/1168/1025 788/1176/1025 1105/1177/1025
f 1014/1178/1026 1104/1165/1026 1119/1174/1026
f 1098/1153/1027 1097/1166/1027 1112/1175/1027 1113/1179/1027
f 1091/1155/1028 1090/1168/1028 1105/1177/1028 1106/1180/1028
f 1099/1154/1029 1098/1153/1029 1113/1179/1029 1114/1181/1029
f 1092/1156/1030 1091/1155/1030 1106/1180/1030 1107/1182/1030
f 1100/1157/1031 1099/1154/1031 1114/1181/1031 1115/1183/1031
f 1093/1158/1032 1092/1156/1032 1107/1182/1032 1108/1184/1032
f 1101/1159/1033 1100/1157/1033 1115/1183/1033 1116/1185/1033
f 1094/1160/1034 1093/1158/1034 1108/1184/1034 1109/1186/1034
f 1102/1161/1035 1101/1159/1035 1116/1185/1035 1117/1170/1035
f 1095/1162/1036 1094/1160/1036 1109/1186/1036 1110/1172/1036
f 1107/1182/1037 1106/1180/1037 1121/1187/1037 1122/1188/1037
f 1115/1183/1038 1114/1181/1038 1129/1189/1038 1130/1190/1038
f 1108/1184/1039 1107/1182/1039 1122/1188/1039 1123/1191/1039
f 1116/1185/1040 1115/1183/1040 1130/1190/1040 1131/1192/1040
f 1109/1186/1041 1108/1184/1041 1123/1191/1041 1124/1193/1041
f 1117/1170/1042 1116/1185/1042 1131/1192/1042 1132/1194/1042
f 1110/1172/1043 1109/1186/1043 1124/1193/1043 1125/1195/1043
f 1118/1171/1044 1117/1170/1044 1132/1194/1044 1133/1196/1044
f 1111/1173/1045 1110/1172/1045 1125/1195/1045 1126/1197/1045
f 1119/1174/1046 1118/1171/1046 1133/1196/1046 1134/1198/1046
f 1112/1175/1047 1111/1173/1047 1126/1197/1047 1127/1199/1047
f 1105/1177/1048 788/1200/1048 1120/1201/1048
f 1014/1202/1049 1119/1174/1049 1134/1198/1049
f 1113/1179/1050 1112/1175/1050 1127/1199/1050 1128/1203/1050
f 1106/1180/1051 1105/1177/1051 1120/1201/1051 1121/1187/1051
f 1114/1181/1052 1113/1179/1052 1128/1203/1052 1129/1189/1052
f 1126/1197/1053 1125/1195/1053 1140/1204/1053 1141/1205/1053
f 1134/1198/1054 1133/1196/1054 1148/1206/1054 1149/1207/1054
f 1127/1199/1055 1126/1197/1055 1141/1205/1055 1142/1208/1055
f 1120/1201/1056 788/1209/1056 1135/1210/1056
f 1014/1211/1057 1134/1198/1057 1149/1207/1057
f 1128/1203/1058 1127/1199/1058 1142/1208/1058 1143/1212/1058
f 1121/1187/1059 1120/1201/1059 1135/1210/1059 1136/1213/1059
f 1129/1189/1060 1128/1203/1060 1143/1212/1060 1144/1214/1060
f 1122/1188/1061 1121/1187/1061 1136/1213/1061 1137/1215/1061
f 1130/1190/1062 1129/1189/1062 1144/1214/1062 1145/1216/1062
f 1123/1191/1063 1122/1188/1063 1137/1215/1063 1138/1217/1063
f 1131/1192/1064 1130/1190/1064 1145/1216/1064 1146/1218/1064
f 1124/1193/1065 1123/1191/1065 1138/1217/1065 1139/1219/1065
f 1132/1194/1066 1131/1192/1066 1146/1218/1066 1147/1220/1066
f 1125/1195/1067 1124/1193/1067 1139/1219/1067 1140/1204/1067
f 1133/1196/1068 1132/1194/1068 1147/1220/1068 1148/1206/1068
f 1145/1216/1069 1144/1214/1069 1159/1221/1069 1160/1222/1069
f 1138/1217/1070 1137/1215/1070 1152/1223/1070 1153/1224/1070
f 1146/1218/1071 1145/1216/1071 1160/1222/1071 1161/1225/1071
f 1139/1219/1072 1138/1217/1072 1153/1224/1072 1154/1226/1072
f 1147/1220/1073 1146/1218/1073 1161/1225/1073 1162/1227/1073
f 1140/1204/1074 1139/1219/1074 1154/1226/1074 1155/1228/1074
f 1148/1206/1075 1147/1220/1075 1162/1227/1075 1163/1229/1075
f 1141/1205/1076 1140/1204/1076 1155/1228/1076 1156/1230/1076
f 1149/1207/1077 1148/1206/1077 1163/1229/1077 1164/1231/1077
f 1142/1208/1078 1141/1205/1078 1156/1230/1078 1157/1232/1078
f 1135/1210/1079 788/1233/1079 1150/1234/1079
f 1014/1235/1080 1149/1207/1080 1164/1231/1080
f 1143/1212/1081 1142/1208/1081 1157/1232/1081 1158/1236/1081
f 1136/1213/1082 1135/1210/1082 1150/1234/1082 1151/1237/1082
f 1144/1214/1083 1143/1212/1083 1158/1236/1083 1159/1221/1083
f 1137/1215/1084 1136/1213/1084 1151/1237/1084 1152/1223/1084
f 1164/1231/1085 1163/1229/1085 1178/1238/1085 1179/1239/1085
f 1157/1232/1086 1156/1230/1086 1171/1240/1086 1172/1241/1086
f 1150/1234/1087 788/1242/1087 1165/1243/1087
f 1014/1244/1088 1164/1231/1088 1179/1239/1088
f 1158/1236/1089 1157/1232/1089 1172/1241/1089 1173/1245/1089
f 1151/1237/1090 1150/1234/1090 1165/1243/1090 1166/1246/1090
f 1159/1221/1091 1158/1236/1091 1173/1245/1091 1174/1247/1091
f 1152/1223/1092 1151/1237/1092 1166/1246/1092 1167/1248/1092
f 1160/1222/1093 1159/1221/1093 1174/1247/1093 1175/1249/1093
f 1153/1224/1094 1152/1223/1094 1167/1248/1094 1168/1250/1094
f 1161/1225/1095 1160/1222/1095 1175/1249/1095 1176/1251/1095
f 1154/1226/1096 1153/1224/1096 1168/1250/1096 1169/1252/1096
f 1162/1227/1097 1161/1225/1097 1176/1251/1097 1177/1253/1097
f 1155/1228/1098 1154/1226/1098 1169/1252/1098 1170/1254/1098
f 1163/1229/1099 1162/1227/1099 1177/1253/1099 1178/1238/1099
f 1156/1230/1100 1155/1228/1100 1170/1254/1100 1171/1240/1100
f 1176/1251/1101 1175/1249/1101 712/703/1101 1185/702/1101
f 1169/1252/1102 1168/1250/1102 1182/698/1102 708/706/1102
f 1177/1253/1103 1176/1251/1103 1185/702/1103 1186/708/1103
f 1170/1254/1104 1169/1252/1104 708/706/1104 1183/710/1104
f 1178/1238/1105 1177/1253/1105 1186/708/1105 1187/712/1105
f 1171/1240/1106 1170/1254/1106 1183/710/1106 709/714/1106
f 1179/1239/1107 1178/1238/1107 1187/712/1107 1188/716/1107
f 1172/1241/1108 1171/1240/1108 709/714/1108 710/718/1108
f 1165/1243/1109 788/1255/1109 1180/720/1109
f 1014/1256/1110 1179/1239/1110 1188/716/1110
f 1173/1245/1111 1172/1241/1111 710/718/1111 711/724/1111
f 1166/1246/1112 1165/1243/1112 1180/720/1112 1181/726/1112
f 1174/1247/1113 1173/1245/1113 711/724/1113 1184/728/1113
f 1167/1248/1114 1166/1246/1114 1181/726/1114 707/699/1114
f 1175/1249/1115 1174/1247/1115 1184/728/1115 712/703/1115
f 1168/1250/1116 1167/1248/1116 707/699/1116 1182/698/1116
f 1228/1257/1117 1212/1258/1117 1192/1259/1117 1198/1260/1117
f 1203/1261/1118 1217/1262/1118 1202/1263/1118 1191/1264/1118
f 1217/1262/1119 1219/1265/1119 1201/1266/1119 1202/1263/1119
f 1219/1265/1120 1221/1267/1120 1200/1268/1120 1201/1266/1120
f 1221/1267/1121 1223/1269/1121 1199/1270/1121 1200/1268/1121
f 1223/1269/1119 1228/1257/1119 1198/1260/1119 1199/1270/1119
f 1196/1271/1122 1197/1272/1122 1224/1273/1122 1222/1274/1122
f 1195/1275/1123 1196/1271/1123 1222/1274/1123 1220/1276/1123
f 1194/1277/1124 1195/1275/1124 1220/1276/1124 1218/1278/1124
f 1193/1279/1122 1194/1277/1122 1218/1278/1122 1213/1280/1122
f 1189/1281/1125 1193/1279/1125 1213/1280/1125 1207/1282/1125
f 1207/1282/1126 1213/1280/1126 1214/1283/1126 1206/1284/1126
f 1206/1284/1127 1214/1283/1127 1215/1285/1127 1205/1286/1127
f 1205/1286/1128 1215/1285/1128 1216/1287/1128 1204/1288/1128
f 1204/1288/1126 1216/1287/1126 1217/1262/1126 1203/1261/1126
f 1197/1272/1129 1190/1289/1129 1208/1290/1129 1224/1273/1129
f 1224/1273/1130 1208/1290/1130 1209/1291/1130 1225/1292/1130
f 1225/1292/1131 1209/1291/1131 1210/1293/1131 1226/1294/1131
f 1226/1294/1132 1210/1293/1132 1211/1295/1132 1227/1296/1132
f 1227/1296/1130 1211/1295/1130 1212/1258/1130 1228/1257/1130
f 1222/1274/1133 1224/1273/1133 1225/1292/1133 1226/1294/1133 1227/1296/1133 1228/1257/1133 1223/1269/1133 1221/1267/1133 1219/1265/1133 1217/1262/1133 1216/1287/1133 1215/1285/1133 1214/1283/1133 1213/1280/1133 1218/1278/1133 1220/1276/1133
f 1268/1257/1134 1238/1260/1134 1232/1259/1134 1252/1258/1134
f 1243/1261/1135 1231/1264/1135 1242/1263/1135 1257/1262/1135
f 1257/1262/1136 1242/1263/1136 1241/1266/1136 1259/1265/1136
f 1259/1265/1137 1241/1266/1137 1240/1268/1137 1261/1267/1137
f 1261/1267/1138 1240/1268/1138 1239/1270/1138 1263/1269/1138
f 1263/1269/1136 1239/1270/1136 1238/1260/1136 1268/1257/1136
f 1236/1271/1139 1262/1274/1139 1264/1273/1139 1237/1272/1139
f 1235/1275/1140 1260/1276/1140 1262/1274/1140 1236/1271/1140
f 1234/1277/1141 1258/1278/1141 1260/1276/1141 1235/1275/1141
f 1233/1279/1139 1253/1280/1139 1258/1278/1139 1234/1277/1139
f 1229/1281/1142 1247/1282/1142 1253/1280/1142 1233/1279/1142
f 1247/1282/1143 1246/1284/1143 1254/1283/1143 1253/1280/1143
f 1246/1284/1144 1245/1286/1144 1255/1285/1144 1254/1283/1144
f 1245/1286/1145 1244/1288/1145 1256/1287/1145 1255/1285/1145
f 1244/1288/1143 1243/1261/1143 1257/1262/1143 1256/1287/1143
f 1237/1272/1146 1264/1273/1146 1248/1290/1146 1230/1289/1146
f 1264/1273/1147 1265/1292/1147 1249/1291/1147 1248/1290/1147
f 1265/1292/1148 1266/1294/1148 1250/1293/1148 1249/1291/1148
f 1266/1294/1149 1267/1296/1149 1251/1295/1149 1250/1293/1149
f 1267/1296/1147 1268/1257/1147 1252/1258/1147 1251/1295/1147
f 1262/1274/1150 1260/1276/1150 1258/1278/1150 1253/1280/1150 1254/1283/1150 1255/1285/1150 1256/1287/1150 1257/1262/1150 1259/1265/1150 1261/1267/1150 1263/1269/1150 1268/1257/1150 1267/1296/1150 1266/1294/1150 1265/1292/1150 1264/1273/1150
f 1189/1281/1151 1207/1282/1151 1247/1282/1151 1229/1281/1151
f 1190/1289/1152 1197/1272/1152 1237/1272/1152 1230/1289/1152
f 1192/1259/1153 1212/1258/1153 1252/1258/1153 1232/1259/1153
f 1191/1264/1154 1202/1263/1154 1242/1263/1154 1231/1264/1154
f 1193/1279/1152 1189/1281/1152 1229/1281/1152 1233/1279/1152
f 1194/1277/1152 1193/1279/1152 1233/1279/1152 1234/1277/1152
f 1195/1275/1155 1194/1277/1155 1234/1277/1155 1235/1275/1155
f 1196/1271/1156 1195/1275/1156 1235/1275/1156 1236/1271/1156
f 1197/1272/1152 1196/1271/1152 1236/1271/1152 1237/1272/1152
f 1198/1260/1154 1192/1259/1154 1232/1259/1154 1238/1260/1154
f 1199/1270/1154 1198/1260/1154 1238/1260/1154 1239/1270/1154
f 1200/1268/1157 1199/1270/1157 1239/1270/1157 1240/1268/1157
f 1201/1266/1158 1200/1268/1158 1240/1268/1158 1241/1266/1158
f 1202/1263/1154 1201/1266/1154 1241/1266/1154 1242/1263/1154
f 1203/1261/1151 1191/1264/1151 1231/1264/1151 1243/1261/1151
f 1204/1288/1151 1203/1261/1151 1243/1261/1151 1244/1288/1151
f 1205/1286/1159 1204/1288/1159 1244/1288/1159 1245/1286/1159
f 1206/1284/1160 1205/1286/1160 1245/1286/1160 1246/1284/1160
f 1207/1282/1151 1206/1284/1151 1246/1284/1151 1247/1282/1151
f 1208/1290/1153 1190/1289/1153 1230/1289/1153 1248/1290/1153
f 1209/1291/1153 1208/1290/1153 1248/1290/1153 1249/1291/1153
f 1210/1293/1161 1209/1291/1161 1249/1291/1161 1250/1293/1161
f 1211/1295/1162 1210/1293/1162 1250/1293/1162 1251/1295/1162
f 1212/1258/1153 1211/1295/1153 1251/1295/1153 1252/1258/1153
o StageObjectSpawn.001
v -16.000000 37.685963 0.458345
v -16.000000 37.458344 0.685962
v -16.000000 37.160950 0.809148
v -16.000000 37.000000 0.825000
v -16.000000 36.839050 0.809148
v -16.000000 36.541656 0.685962
v -16.031401 37.809147 0.157857
v -16.061592 37.762199 0.309648
v -16.089418 37.685963 0.449538
v -16.113808 37.583363 0.572154
v -16.133825 37.458344 0.672782
v -16.148699 37.315716 0.747555
v -16.157858 37.160950 0.793600
v -16.160950 37.000000 0.809148
v -16.157858 36.839050 0.793600
v -16.148699 36.684284 0.747555
v -16.133825 36.541656 0.672782
v -16.113808 36.416637 0.572154
v -16.089418 36.314037 0.449538
v -16.061592 36.237801 0.309648
v -16.031401 36.190853 0.157857
v -16.061592 37.809147 0.148698
v -16.120817 37.762199 0.291682
v -16.175402 37.685963 0.423456
v -16.223244 37.583363 0.538957
v -16.262506 37.458344 0.633747
v -16.291681 37.315716 0.704181
v -16.309647 37.160950 0.747555
v -16.315714 37.000000 0.762201
v -16.309647 36.839050 0.747555
v -16.291681 36.684284 0.704181
v -16.262506 36.541656 0.633747
v -16.223244 36.416637 0.538957
v -16.175402 36.314037 0.423456
v -16.120817 36.237801 0.291682
v -16.061592 36.190853 0.148698
v -16.089418 37.809147 0.133825
v -16.175402 37.762199 0.262506
v -16.254642 37.685963 0.381100
v -16.324099 37.583363 0.485049
v -16.381100 37.458344 0.570357
v -16.423456 37.315716 0.633747
v -16.449537 37.160950 0.672782
v -16.458345 37.000000 0.685962
v -16.449537 36.839050 0.672782
v -16.423456 36.684284 0.633747
v -16.381100 36.541656 0.570357
v -16.324099 36.416637 0.485049
v -16.254642 36.314037 0.381100
v -16.175402 36.237801 0.262506
v -16.089418 36.190853 0.133825
v -16.113808 37.809147 0.113808
v -16.223244 37.762199 0.223243
v -16.324099 37.685963 0.324099
v -16.412500 37.583363 0.412500
v -16.485048 37.458344 0.485049
v -16.538958 37.315716 0.538957
v -16.572155 37.160950 0.572154
v -16.583363 37.000000 0.583363
v -16.572155 36.839050 0.572154
v -16.538958 36.684284 0.538957
v -16.485048 36.541656 0.485049
v -16.412500 36.416637 0.412500
v -16.324099 36.314037 0.324099
v -16.223244 36.237801 0.223243
v -16.113808 36.190853 0.113808
v -16.133825 37.809147 0.089419
v -16.262506 37.762199 0.175401
v -16.381100 37.685963 0.254643
v -16.485048 37.583363 0.324099
v -16.570356 37.458344 0.381100
v -16.633747 37.315716 0.423456
v -16.672783 37.160950 0.449538
v -16.685963 37.000000 0.458345
v -16.672783 36.839050 0.449538
v -16.633747 36.684284 0.423456
v -16.570356 36.541656 0.381100
v -16.485048 36.416637 0.324099
v -16.381100 36.314037 0.254643
v -16.262506 36.237801 0.175401
v -16.133825 36.190853 0.089419
v -16.000000 37.825001 -0.000000
v -16.148699 37.809147 0.061593
v -16.291681 37.762199 0.120818
v -16.423456 37.685963 0.175401
v -16.538958 37.583363 0.223243
v -16.633747 37.458344 0.262506
v -16.704182 37.315716 0.291682
v -16.747555 37.160950 0.309647
v -16.762199 37.000000 0.315714
v -16.747555 36.839050 0.309647
v -16.704182 36.684284 0.291682
v -16.633747 36.541656 0.262506
v -16.538958 36.416637 0.223243
v -16.423456 36.314037 0.175401
v -16.291681 36.237801 0.120818
v -16.148699 36.190853 0.061593
v -16.157858 37.809147 0.031400
v -16.309647 37.762199 0.061593
v -16.449537 37.685963 0.089419
v -16.572153 37.583363 0.113809
v -16.672783 37.458344 0.133825
v -16.747555 37.315716 0.148698
v -16.793600 37.160950 0.157857
v -16.809149 37.000000 0.160949
v -16.793600 36.839050 0.157857
v -16.747555 36.684284 0.148698
v -16.672783 36.541656 0.133825
v -16.572153 36.416637 0.113809
v -16.449537 36.314037 0.089419
v -16.309647 36.237801 0.061593
v -16.157858 36.190853 0.031400
v -16.160950 37.809147 -0.000000
v -16.315714 37.762199 -0.000000
v -16.458345 37.685963 -0.000000
v -16.583363 37.583363 -0.000000
v -16.685963 37.458344 -0.000000
v -16.762201 37.315716 -0.000000
v -16.809149 37.160950 -0.000000
v -16.825001 37.000000 -0.000000
v -16.809149 36.839050 -0.000000
v -16.762201 36.684284 -0.000000
v -16.685963 36.541656 -0.000000
v -16.583363 36.416637 -0.000000
v -16.458345 36.314037 0.000000
v -16.315714 36.237801 0.000000
v -16.160950 36.190853 0.000000
v -16.157858 37.809147 -0.031400
v -16.309647 37.762199 -0.061593
v -16.449537 37.685963 -0.089419
v -16.572153 37.583363 -0.113808
v -16.672783 37.458344 -0.133825
v -16.747555 37.315716 -0.148698
v -16.793600 37.160950 -0.157857
v -16.809149 37.000000 -0.160950
v -16.793600 36.839050 -0.157857
v -16.747555 36.684284 -0.148698
v -16.672783 36.541656 -0.133825
v -16.572153 36.416637 -0.113808
v -16.449537 36.314037 -0.089419
v -16.309647 36.237801 -0.061593
v -16.157858 36.190853 -0.031400
v -16.148699 37.809147 -0.061593
v -16.291681 37.762199 -0.120818
v -16.423456 37.685963 -0.175401
v -16.538958 37.583363 -0.223243
v -16.633745 37.458344 -0.262506
v -16.704182 37.315716 -0.291681
v -16.747555 37.160950 -0.309648
v -16.762199 37.000000 -0.315714
v -16.747555 36.839050 -0.309648
v -16.704182 36.684284 -0.291681
v -16.633745 36.541656 -0.262506
v -16.538958 36.416637 -0.223243
v -16.423456 36.314037 -0.175401
v -16.291681 36.237801 -0.120818
v -16.148699 36.190853 -0.061593
v -16.133825 37.809147 -0.089419
v -16.262506 37.762199 -0.175401
v -16.381100 37.685963 -0.254643
v -16.485048 37.583363 -0.324099
v -16.570356 37.458344 -0.381100
v -16.633747 37.315716 -0.423456
v -16.672783 37.160950 -0.449538
v -16.685963 37.000000 -0.458345
v -16.672783 36.839050 -0.449538
v -16.633747 36.684284 -0.423456
v -16.570356 36.541656 -0.381100
v -16.485048 36.416637 -0.324099
v -16.381100 36.314037 -0.254643
v -16.262506 36.237801 -0.175401
v -16.133825 36.190853 -0.089419
v -16.113808 37.809147 -0.113808
v -16.223244 37.762199 -0.223243
v -16.324099 37.685963 -0.324099
v -16.412500 37.583363 -0.412500
v -16.485048 37.458344 -0.485049
v -16.538958 37.315716 -0.538957
v -16.572153 37.160950 -0.572154
v -16.583363 37.000000 -0.583363
v -16.572153 36.839050 -0.572154
v -16.538958 36.684284 -0.538957
v -16.485048 36.541656 -0.485049
v -16.412500 36.416637 -0.412500
v -16.324099 36.314037 -0.324099
v -16.223244 36.237801 -0.223243
v -16.113808 36.190853 -0.113808
v -16.089418 37.809147 -0.133825
v -16.175402 37.762199 -0.262506
v -16.254642 37.685963 -0.381100
v -16.324099 37.583363 -0.485049
v -16.381100 37.458344 -0.570357
v -16.423456 37.315716 -0.633747
v -16.449537 37.160950 -0.672782
v -16.458345 37.000000 -0.685962
v -16.449537 36.839050 -0.672782
v -16.423456 36.684284 -0.633747
v -16.381100 36.541656 -0.570357
v -16.324099 36.416637 -0.485049
v -16.254642 36.314037 -0.381100
v -16.175402 36.237801 -0.262506
v -16.089418 36.190853 -0.133825
v -16.061592 37.809147 -0.148698
v -16.120817 37.762199 -0.291681
v -16.175402 37.685963 -0.423456
v -16.223244 37.583363 -0.538957
v -16.262506 37.458344 -0.633746
v -16.291681 37.315716 -0.704181
v -16.309647 37.160950 -0.747555
v -16.315712 37.000000 -0.762200
v -16.309647 36.839050 -0.747555
v -16.291681 36.684284 -0.704181
v -16.262506 36.541656 -0.633746
v -16.223244 36.416637 -0.538957
v -16.175402 36.314037 -0.423456
v -16.120817 36.237801 -0.291681
v -16.061592 36.190853 -0.148698
v -16.031401 37.809147 -0.157857
v -16.061592 37.762199 -0.309647
v -16.089418 37.685963 -0.449538
v -16.113808 37.583363 -0.572154
v -16.133823 37.458344 -0.672782
v -16.148699 37.315716 -0.747555
v -16.157856 37.160950 -0.793600
v -16.160950 37.000000 -0.809147
v -16.157856 36.839050 -0.793600
v -16.148699 36.684284 -0.747555
v -16.133823 36.541656 -0.672782
v -16.113808 36.416637 -0.572154
v -16.089418 36.314037 -0.449538
v -16.061592 36.237801 -0.309647
v -16.031401 36.190853 -0.157857
v -16.000000 37.809147 -0.160949
v -16.000000 37.762199 -0.315714
v -16.000000 37.685963 -0.458345
v -16.000000 37.583363 -0.583363
v -16.000000 37.458344 -0.685962
v -16.000000 37.315716 -0.762200
v -16.000000 37.160950 -0.809148
v -16.000000 37.000000 -0.824999
v -16.000000 36.839050 -0.809148
v -16.000000 36.684284 -0.762200
v -16.000000 36.541656 -0.685962
v -16.000000 36.416637 -0.583363
v -16.000000 36.314037 -0.458345
v -16.000000 36.237801 -0.315714
v -16.000000 36.190853 -0.160949
v -15.968600 37.809147 -0.157857
v -15.938407 37.762199 -0.309647
v -15.910581 37.685963 -0.449538
v -15.886192 37.583363 -0.572154
v -15.866175 37.458344 -0.672782
v -15.851302 37.315716 -0.747555
v -15.842143 37.160950 -0.793600
v -15.839050 37.000000 -0.809147
v -15.842143 36.839050 -0.793600
v -15.851302 36.684284 -0.747555
v -15.866175 36.541656 -0.672782
v -15.886192 36.416637 -0.572154
v -15.910581 36.314037 -0.449538
v -15.938407 36.237801 -0.309647
v -15.968600 36.190853 -0.157857
v -15.938407 37.809147 -0.148698
v -15.879182 37.762199 -0.291681
v -15.824599 37.685963 -0.423456
v -15.776757 37.583363 -0.538957
v -15.737494 37.458344 -0.633746
v -15.708319 37.315716 -0.704181
v -15.690353 37.160950 -0.747555
v -15.684286 37.000000 -0.762200
v -15.690353 36.839050 -0.747555
v -15.708319 36.684284 -0.704181
v -15.737494 36.541656 -0.633746
v -15.776757 36.416637 -0.538957
v -15.824599 36.314037 -0.423456
v -15.879182 36.237801 -0.291681
v -15.938407 36.190853 -0.148698
v -15.910581 37.809147 -0.133825
v -15.824599 37.762199 -0.262506
v -15.745357 37.685963 -0.381100
v -15.675901 37.583363 -0.485049
v -15.618900 37.458344 -0.570357
v -15.576544 37.315716 -0.633746
v -15.550462 37.160950 -0.672782
v -15.541655 37.000000 -0.685962
v -15.550462 36.839050 -0.672782
v -15.576544 36.684284 -0.633746
v -15.618900 36.541656 -0.570357
v -15.675901 36.416637 -0.485049
v -15.745357 36.314037 -0.381100
v -15.824599 36.237801 -0.262506
v -15.910581 36.190853 -0.133825
v -15.886192 37.809147 -0.113808
v -15.776757 37.762199 -0.223243
v -15.675901 37.685963 -0.324099
v -15.587500 37.583363 -0.412500
v -15.514951 37.458344 -0.485048
v -15.461043 37.315716 -0.538957
v -15.427846 37.160950 -0.572154
v -15.416637 37.000000 -0.583362
v -15.427846 36.839050 -0.572154
v -15.461043 36.684284 -0.538957
v -15.514951 36.541656 -0.485048
v -15.587500 36.416637 -0.412500
v -15.675901 36.314037 -0.324099
v -15.776757 36.237801 -0.223243
v -15.886192 36.190853 -0.113808
v -16.000000 36.174999 0.000000
v -15.866175 37.809147 -0.089419
v -15.737494 37.762199 -0.175401
v -15.618900 37.685963 -0.254643
v -15.514951 37.583363 -0.324099
v -15.429643 37.458344 -0.381100
v -15.366254 37.315716 -0.423456
v -15.327218 37.160950 -0.449538
v -15.314038 37.000000 -0.458345
v -15.327218 36.839050 -0.449538
v -15.366254 36.684284 -0.423456
v -15.429643 36.541656 -0.381100
v -15.514951 36.416637 -0.324099
v -15.618900 36.314037 -0.254643
v -15.737494 36.237801 -0.175401
v -15.866175 36.190853 -0.089419
v -15.851302 37.809147 -0.061593
v -15.708319 37.762199 -0.120818
v -15.576544 37.685963 -0.175401
v -15.461043 37.583363 -0.223243
v -15.366254 37.458344 -0.262506
v -15.295819 37.315716 -0.291681
v -15.252445 37.160950 -0.309647
v -15.237800 37.000000 -0.315713
v -15.252445 36.839050 -0.309647
v -15.295819 36.684284 -0.291681
v -15.366254 36.541656 -0.262506
v -15.461043 36.416637 -0.223243
v -15.576544 36.314037 -0.175401
v -15.708319 36.237801 -0.120818
v -15.851302 36.190853 -0.061593
v -15.842143 37.809147 -0.031400
v -15.690353 37.762199 -0.061593
v -15.550462 37.685963 -0.089419
v -15.427846 37.583363 -0.113808
v -15.327218 37.458344 -0.133824
v -15.252445 37.315716 -0.148698
v -15.206400 37.160950 -0.157857
v -15.190853 37.000000 -0.160949
v -15.206400 36.839050 -0.157857
v -15.252445 36.684284 -0.148698
v -15.327218 36.541656 -0.133824
v -15.427846 36.416637 -0.113808
v -15.550462 36.314037 -0.089419
v -15.690353 36.237801 -0.061593
v -15.842143 36.190853 -0.031400
v -15.839051 37.809147 -0.000000
v -15.684286 37.762199 -0.000000
v -15.541655 37.685963 -0.000000
v -15.416637 37.583363 0.000000
v -15.314038 37.458344 0.000000
v -15.237800 37.315716 0.000000
v -15.190853 37.160950 0.000000
v -15.175001 37.000000 0.000000
v -15.190853 36.839050 0.000000
v -15.237800 36.684284 0.000000
v -15.314038 36.541656 0.000000
v -15.416637 36.416637 0.000000
v -15.541655 36.314037 0.000000
v -15.684286 36.237801 0.000000
v -15.839051 36.190853 0.000000
v -15.842143 37.809147 0.031400
v -15.690353 37.762199 0.061593
v -15.550462 37.685963 0.089419
v -15.427846 37.583363 0.113808
v -15.327219 37.458344 0.133825
v -15.252445 37.315716 0.148698
v -15.206400 37.160950 0.157857
v -15.190853 37.000000 0.160950
v -15.206400 36.839050 0.157857
v -15.252445 36.684284 0.148698
v -15.327219 36.541656 0.133825
v -15.427846 36.416637 0.113808
v -15.550462 36.314037 0.089419
v -15.690353 36.237801 0.061593
v -15.842143 36.190853 0.031400
v -15.851302 37.809147 0.061593
v -15.708319 37.762199 0.120818
v -15.576544 37.685963 0.175401
v -15.461043 37.583363 0.223243
v -15.366254 37.458344 0.262506
v -15.295819 37.315716 0.291681
v -15.252445 37.160950 0.309648
v -15.237800 37.000000 0.315714
v -15.252445 36.839050 0.309648
v -15.295819 36.684284 0.291681
v -15.366254 36.541656 0.262506
v -15.461043 36.416637 0.223243
v -15.576544 36.314037 0.175401
v -15.708319 36.237801 0.120818
v -15.851302 36.190853 0.061593
v -15.866176 37.809147 0.089419
v -15.737494 37.762199 0.175401
v -15.618900 37.685963 0.254643
v -15.514951 37.583363 0.324099
v -15.429644 37.458344 0.381100
v -15.366254 37.315716 0.423456
v -15.327219 37.160950 0.449538
v -15.314039 37.000000 0.458345
v -15.327219 36.839050 0.449538
v -15.366254 36.684284 0.423456
v -15.429644 36.541656 0.381100
v -15.514951 36.416637 0.324099
v -15.618900 36.314037 0.254643
v -15.737494 36.237801 0.175401
v -15.866176 36.190853 0.089419
v -15.886192 37.809147 0.113808
v -15.776757 37.762199 0.223243
v -15.675901 37.685963 0.324099
v -15.587500 37.583363 0.412500
v -15.514952 37.458344 0.485048
v -15.461043 37.315716 0.538957
v -15.427847 37.160950 0.572154
v -15.416638 37.000000 0.583363
v -15.427847 36.839050 0.572154
v -15.461043 36.684284 0.538957
v -15.514952 36.541656 0.485048
v -15.587500 36.416637 0.412500
v -15.675901 36.314037 0.324099
v -15.776757 36.237801 0.223243
v -15.886192 36.190853 0.113808
v -15.910581 37.809147 0.133824
v -15.824599 37.762199 0.262506
v -15.745358 37.685963 0.381100
v -15.675901 37.583363 0.485049
v -15.618900 37.458344 0.570357
v -15.576544 37.315716 0.633746
v -15.550462 37.160950 0.672782
v -15.541655 37.000000 0.685962
v -15.550462 36.839050 0.672782
v -15.576544 36.684284 0.633746
v -15.618900 36.541656 0.570357
v -15.675901 36.416637 0.485049
v -15.745358 36.314037 0.381100
v -15.824599 36.237801 0.262506
v -15.910581 36.190853 0.133824
v -15.938407 37.809147 0.148698
v -15.879182 37.762199 0.291681
v -15.824599 37.685963 0.423456
v -15.776757 37.583363 0.538957
v -15.737494 37.458344 0.633746
v -15.708319 37.315716 0.704181
v -15.690353 37.160950 0.747555
v -15.684287 37.000000 0.762200
v -15.690353 36.839050 0.747555
v -15.708319 36.684284 0.704181
v -15.737494 36.541656 0.633746
v -15.776757 36.416637 0.538957
v -15.824599 36.314037 0.423456
v -15.879182 36.237801 0.291681
v -15.938407 36.190853 0.148698
v -15.968600 37.809147 0.157857
v -15.938407 37.762199 0.309647
v -15.910582 37.685963 0.449538
v -15.886192 37.583363 0.572154
v -15.866176 37.458344 0.672781
v -15.851302 37.315716 0.747555
v -15.842143 37.160950 0.793600
v -15.839051 37.000000 0.809147
v -15.842143 36.839050 0.793600
v -15.851302 36.684284 0.747555
v -15.866176 36.541656 0.672781
v -15.886192 36.416637 0.572154
v -15.910582 36.314037 0.449538
v -15.938407 36.237801 0.309647
v -15.968600 36.190853 0.157857
v -16.000000 37.809147 0.160949
v -16.000000 37.762199 0.315714
v -16.000000 37.583363 0.583363
v -16.000000 37.315716 0.762200
v -16.000000 36.684284 0.762200
v -16.000000 36.416637 0.583363
v -16.000000 36.314037 0.458345
v -16.000000 36.237801 0.315714
v -16.000000 36.190853 0.160949
v -15.241000 36.241001 -0.024750
v -16.759001 36.241001 -0.024750
v -15.241000 37.758999 -0.024750
v -16.759001 37.758999 -0.024750
v -15.340000 36.241001 -0.024750
v -15.670000 36.241001 -0.024750
v -16.000000 36.009998 -0.024750
v -16.330000 36.241001 -0.024750
v -16.660000 36.241001 -0.024750
v -16.660000 37.758999 -0.024750
v -16.330000 37.758999 -0.024750
v -16.000000 37.990002 -0.024750
v -15.670000 37.758999 -0.024750
v -15.340000 37.758999 -0.024750
v -15.241000 37.660000 -0.024750
v -15.241000 37.330002 -0.024750
v -15.010000 37.000000 -0.024750
v -15.241000 36.669998 -0.024750
v -15.241000 36.340000 -0.024750
v -16.759001 36.340000 -0.024750
v -16.759001 36.669998 -0.024750
v -16.990000 37.000000 -0.024750
v -16.759001 37.330002 -0.024750
v -16.759001 37.660000 -0.024750
v -15.340000 36.340000 -0.123750
v -15.340000 36.669998 -0.123750
v -15.340000 37.000000 -0.123750
v -15.340000 37.330002 -0.123750
v -15.340000 37.660000 -0.123750
v -15.670000 36.340000 -0.123750
v -15.670000 37.660000 -0.123750
v -16.000000 36.340000 -0.123750
v -16.000000 37.660000 -0.123750
v -16.330000 36.340000 -0.123750
v -16.330000 37.660000 -0.123750
v -16.660000 36.340000 -0.123750
v -16.660000 36.669998 -0.123750
v -16.660000 37.000000 -0.123750
v -16.660000 37.330002 -0.123750
v -16.660000 37.660000 -0.123750
v -15.241000 36.241001 0.024750
v -16.759001 36.241001 0.024750
v -15.241000 37.758999 0.024750
v -16.759001 37.758999 0.024750
v -15.340000 36.241001 0.024750
v -15.670000 36.241001 0.024750
v -16.000000 36.009998 0.024750
v -16.330000 36.241001 0.024750
v -16.660000 36.241001 0.024750
v -16.660000 37.758999 0.024750
v -16.330000 37.758999 0.024750
v -16.000000 37.990002 0.024750
v -15.670000 37.758999 0.024750
v -15.340000 37.758999 0.024750
v -15.241000 37.660000 0.024750
v -15.241000 37.330002 0.024750
v -15.010000 37.000000 0.024750
v -15.241000 36.669998 0.024750
v -15.241000 36.340000 0.024750
v -16.759001 36.340000 0.024750
v -16.759001 36.669998 0.024750
v -16.990000 37.000000 0.024750
v -16.759001 37.330002 0.024750
v -16.759001 37.660000 0.024750
v -15.340000 36.340000 0.123750
v -15.340000 36.669998 0.123750
v -15.340000 37.000000 0.123750
v -15.340000 37.330002 0.123750
v -15.340000 37.660000 0.123750
v -15.670000 36.340000 0.123750
v -15.670000 37.660000 0.123750
v -16.000000 36.340000 0.123750
v -16.000000 37.660000 0.123750
v -16.330000 36.340000 0.123750
v -16.330000 37.660000 0.123750
v -16.660000 36.340000 0.123750
v -16.660000 36.669998 0.123750
v -16.660000 37.000000 0.123750
v -16.660000 37.330002 0.123750
v -16.660000 37.660000 0.123750
vn -0.0624 0.7715 0.6332
vn -0.0759 -0.6326 0.7708
vn -0.0759 0.6326 0.7708
vn -0.0624 -0.7715 0.6332
vn -0.0865 0.4696 0.8786
vn -0.0464 -0.8810 0.4709
vn -0.0938 0.2890 0.9527
vn -0.0286 -0.9566 0.2902
vn -0.0976 0.0976 0.9904
vn -0.0097 0.9951 0.0980
vn -0.0097 -0.9951 0.0980
vn -0.0976 -0.0976 0.9904
vn -0.0286 0.9566 0.2902
vn -0.0938 -0.2890 0.9527
vn -0.0464 0.8810 0.4709
vn -0.0865 -0.4696 0.8786
vn -0.2779 -0.2890 0.9161
vn -0.1374 0.8810 0.4528
vn -0.2563 -0.4696 0.8448
vn -0.1847 0.7715 0.6088
vn -0.2248 -0.6326 0.7412
vn -0.2248 0.6326 0.7412
vn -0.1847 -0.7715 0.6088
vn -0.2563 0.4696 0.8448
vn -0.1374 -0.8810 0.4528
vn -0.2779 0.2890 0.9161
vn -0.0846 -0.9566 0.2790
vn -0.2889 0.0976 0.9524
vn -0.0286 0.9951 0.0942
vn -0.0286 -0.9951 0.0942
vn -0.2889 -0.0976 0.9524
vn -0.0846 0.9566 0.2790
vn -0.2231 -0.8810 0.4173
vn -0.4513 0.2890 0.8443
vn -0.1374 -0.9565 0.2571
vn -0.4692 0.0976 0.8777
vn -0.0464 0.9951 0.0869
vn -0.0464 -0.9951 0.0869
vn -0.4692 -0.0976 0.8777
vn -0.1374 0.9565 0.2571
vn -0.4513 -0.2890 0.8443
vn -0.2231 0.8810 0.4173
vn -0.4162 -0.4696 0.7786
vn -0.2999 0.7715 0.5611
vn -0.3651 -0.6326 0.6831
vn -0.3651 0.6326 0.6831
vn -0.2999 -0.7715 0.5611
vn -0.4162 0.4696 0.7786
vn -0.5601 -0.4696 0.6825
vn -0.4036 0.7715 0.4918
vn -0.4913 -0.6326 0.5987
vn -0.4913 0.6326 0.5987
vn -0.4036 -0.7715 0.4918
vn -0.5601 0.4696 0.6825
vn -0.3002 -0.8810 0.3658
vn -0.6073 0.2890 0.7400
vn -0.1850 -0.9565 0.2254
vn -0.6314 0.0975 0.7693
vn -0.0625 0.9951 0.0761
vn -0.0625 -0.9951 0.0761
vn -0.6314 -0.0975 0.7693
vn -0.1850 0.9565 0.2254
vn -0.6073 -0.2890 0.7400
vn -0.3002 0.8810 0.3658
vn -0.2254 -0.9565 0.1850
vn -0.7693 0.0975 0.6314
vn -0.0761 0.9951 0.0625
vn -0.0761 -0.9951 0.0625
vn -0.7693 -0.0975 0.6314
vn -0.2254 0.9565 0.1850
vn -0.7400 -0.2890 0.6073
vn -0.3658 0.8810 0.3002
vn -0.6825 -0.4696 0.5601
vn -0.4918 0.7715 0.4036
vn -0.5987 -0.6326 0.4913
vn -0.5987 0.6326 0.4913
vn -0.4918 -0.7715 0.4036
vn -0.6825 0.4696 0.5601
vn -0.3658 -0.8810 0.3002
vn -0.7400 0.2890 0.6073
vn -0.5611 0.7715 0.2999
vn -0.6831 -0.6326 0.3651
vn -0.6831 0.6326 0.3651
vn -0.5611 -0.7715 0.2999
vn -0.7786 0.4696 0.4162
vn -0.4173 -0.8810 0.2231
vn -0.8443 0.2890 0.4513
vn -0.2571 -0.9565 0.1374
vn -0.8777 0.0975 0.4691
vn -0.0869 0.9951 0.0464
vn -0.0869 -0.9951 0.0464
vn -0.8777 -0.0975 0.4691
vn -0.2571 0.9565 0.1374
vn -0.8443 -0.2890 0.4513
vn -0.4173 0.8810 0.2231
vn -0.7786 -0.4696 0.4162
vn -0.9524 0.0975 0.2889
vn -0.0942 0.9951 0.0286
vn -0.0942 -0.9951 0.0286
vn -0.9524 -0.0975 0.2889
vn -0.2790 0.9565 0.0846
vn -0.9161 -0.2890 0.2779
vn -0.4528 0.8810 0.1374
vn -0.8448 -0.4696 0.2563
vn -0.6088 0.7715 0.1847
vn -0.7412 -0.6326 0.2248
vn -0.7412 0.6326 0.2248
vn -0.6088 -0.7715 0.1847
vn -0.8448 0.4696 0.2563
vn -0.4528 -0.8810 0.1374
vn -0.9161 0.2890 0.2779
vn -0.2790 -0.9565 0.0846
vn -0.7708 -0.6326 0.0759
vn -0.7708 0.6326 0.0759
vn -0.6332 -0.7715 0.0624
vn -0.8786 0.4696 0.0865
vn -0.4709 -0.8810 0.0464
vn -0.9527 0.2890 0.0938
vn -0.2902 -0.9565 0.0286
vn -0.9904 0.0976 0.0976
vn -0.0980 0.9951 0.0097
vn -0.0980 -0.9951 0.0097
vn -0.9904 -0.0976 0.0976
vn -0.2902 0.9565 0.0286
vn -0.9527 -0.2890 0.0938
vn -0.4709 0.8810 0.0464
vn -0.8786 -0.4696 0.0865
vn -0.6332 0.7715 0.0624
vn -0.0980 0.9951 -0.0097
vn -0.0980 -0.9951 -0.0097
vn -0.9904 -0.0976 -0.0976
vn -0.2902 0.9565 -0.0286
vn -0.9527 -0.2890 -0.0938
vn -0.4709 0.8810 -0.0464
vn -0.8786 -0.4696 -0.0865
vn -0.6332 0.7715 -0.0624
vn -0.7708 -0.6326 -0.0759
vn -0.7708 0.6326 -0.0759
vn -0.6332 -0.7715 -0.0624
vn -0.8786 0.4696 -0.0865
vn -0.4709 -0.8810 -0.0464
vn -0.9527 0.2890 -0.0938
vn -0.2902 -0.9565 -0.0286
vn -0.9904 0.0976 -0.0976
vn -0.7412 0.6326 -0.2248
vn -0.6088 -0.7715 -0.1847
vn -0.8448 0.4696 -0.2563
vn -0.4528 -0.8810 -0.1374
vn -0.9161 0.2890 -0.2779
vn -0.2790 -0.9565 -0.0846
vn -0.9524 0.0975 -0.2889
vn -0.0942 0.9951 -0.0286
vn -0.0942 -0.9951 -0.0286
vn -0.9524 -0.0975 -0.2889
vn -0.2790 0.9565 -0.0846
vn -0.9161 -0.2890 -0.2779
vn -0.4528 0.8810 -0.1374
vn -0.8448 -0.4696 -0.2563
vn -0.6088 0.7715 -0.1847
vn -0.7412 -0.6326 -0.2248
vn -0.8777 -0.0975 -0.4691
vn -0.2571 0.9565 -0.1374
vn -0.8443 -0.2890 -0.4513
vn -0.4173 0.8810 -0.2231
vn -0.7786 -0.4696 -0.4162
vn -0.5611 0.7715 -0.2999
vn -0.6831 -0.6326 -0.3651
vn -0.6831 0.6326 -0.3651
vn -0.5611 -0.7715 -0.2999
vn -0.7786 0.4696 -0.4162
vn -0.4173 -0.8810 -0.2231
vn -0.8443 0.2890 -0.4513
vn -0.2571 -0.9565 -0.1374
vn -0.8777 0.0975 -0.4692
vn -0.0869 0.9951 -0.0464
vn -0.0869 -0.9951 -0.0464
vn -0.4918 -0.7715 -0.4036
vn -0.6825 0.4696 -0.5601
vn -0.3658 -0.8810 -0.3002
vn -0.7400 0.2890 -0.6073
vn -0.2254 -0.9565 -0.1850
vn -0.7693 0.0975 -0.6314
vn -0.0761 0.9951 -0.0625
vn -0.0761 -0.9951 -0.0625
vn -0.7693 -0.0975 -0.6314
vn -0.2254 0.9565 -0.1850
vn -0.7400 -0.2890 -0.6073
vn -0.3658 0.8810 -0.3002
vn -0.6825 -0.4696 -0.5601
vn -0.4918 0.7715 -0.4036
vn -0.5987 -0.6326 -0.4913
vn -0.5987 0.6326 -0.4913
vn -0.6073 -0.2890 -0.7400
vn -0.3002 0.8810 -0.3658
vn -0.5601 -0.4696 -0.6825
vn -0.4036 0.7715 -0.4918
vn -0.4913 -0.6326 -0.5987
vn -0.4913 0.6326 -0.5987
vn -0.4036 -0.7715 -0.4918
vn -0.5601 0.4696 -0.6825
vn -0.3002 -0.8810 -0.3658
vn -0.6073 0.2890 -0.7400
vn -0.1850 -0.9565 -0.2254
vn -0.6314 0.0975 -0.7693
vn -0.0625 0.9951 -0.0761
vn -0.0625 -0.9951 -0.0761
vn -0.6314 -0.0975 -0.7693
vn -0.1850 0.9565 -0.2254
vn -0.2231 -0.8810 -0.4173
vn -0.4513 0.2890 -0.8443
vn -0.1374 -0.9565 -0.2571
vn -0.4691 0.0975 -0.8777
vn -0.0464 0.9951 -0.0869
vn -0.0464 -0.9951 -0.0869
vn -0.4691 -0.0975 -0.8777
vn -0.1374 0.9565 -0.2571
vn -0.4513 -0.2890 -0.8443
vn -0.2231 0.8810 -0.4173
vn -0.4162 -0.4696 -0.7786
vn -0.2999 0.7715 -0.5611
vn -0.3651 -0.6326 -0.6831
vn -0.3651 0.6326 -0.6831
vn -0.2999 -0.7715 -0.5611
vn -0.4162 0.4696 -0.7786
vn -0.1374 0.8810 -0.4528
vn -0.2563 -0.4696 -0.8448
vn -0.1847 0.7715 -0.6088
vn -0.2248 -0.6326 -0.7412
vn -0.2248 0.6326 -0.7412
vn -0.1847 -0.7715 -0.6088
vn -0.2563 0.4696 -0.8448
vn -0.1374 -0.8810 -0.4528
vn -0.2779 0.2890 -0.9161
vn -0.0846 -0.9565 -0.2790
vn -0.2889 0.0975 -0.9524
vn -0.0286 0.9951 -0.0942
vn -0.0286 -0.9951 -0.0942
vn -0.2889 -0.0975 -0.9524
vn -0.0846 0.9565 -0.2790
vn -0.2779 -0.2890 -0.9161
vn -0.0938 0.2890 -0.9527
vn -0.0286 -0.9565 -0.2902
vn -0.0976 0.0975 -0.9904
vn -0.0097 0.9951 -0.0980
vn -0.0097 -0.9951 -0.0980
vn -0.0976 -0.0975 -0.9904
vn -0.0286 0.9565 -0.2902
vn -0.0938 -0.2890 -0.9527
vn -0.0464 0.8810 -0.4709
vn -0.0865 -0.4696 -0.8786
vn -0.0624 0.7715 -0.6332
vn -0.0759 -0.6326 -0.7708
vn -0.0759 0.6326 -0.7708
vn -0.0624 -0.7715 -0.6332
vn -0.0865 0.4696 -0.8786
vn -0.0464 -0.8810 -0.4709
vn 0.0865 -0.4696 -0.8786
vn 0.0624 0.7715 -0.6332
vn 0.0759 -0.6326 -0.7708
vn 0.0759 0.6326 -0.7708
vn 0.0624 -0.7715 -0.6332
vn 0.0865 0.4696 -0.8786
vn 0.0464 -0.8810 -0.4709
vn 0.0938 0.2890 -0.9527
vn 0.0286 -0.9565 -0.2902
vn 0.0976 0.0975 -0.9904
vn 0.0097 0.9951 -0.0980
vn 0.0097 -0.9951 -0.0980
vn 0.0976 -0.0975 -0.9904
vn 0.0286 0.9565 -0.2902
vn 0.0938 -0.2890 -0.9527
vn 0.0464 0.8810 -0.4709
vn 0.0846 -0.9565 -0.2790
vn 0.2889 0.0975 -0.9524
vn 0.0286 0.9951 -0.0942
vn 0.0286 -0.9951 -0.0942
vn 0.2889 -0.0975 -0.9524
vn 0.0846 0.9565 -0.2790
vn 0.2779 -0.2890 -0.9161
vn 0.1374 0.8810 -0.4528
vn 0.2563 -0.4696 -0.8448
vn 0.1847 0.7715 -0.6088
vn 0.2248 -0.6326 -0.7412
vn 0.2248 0.6326 -0.7412
vn 0.1847 -0.7715 -0.6088
vn 0.2563 0.4696 -0.8448
vn 0.1374 -0.8810 -0.4528
vn 0.2779 0.2890 -0.9161
vn 0.2999 0.7715 -0.5611
vn 0.3651 -0.6326 -0.6831
vn 0.3651 0.6326 -0.6831
vn 0.2999 -0.7715 -0.5611
vn 0.4162 0.4696 -0.7786
vn 0.2231 -0.8810 -0.4173
vn 0.4513 0.2890 -0.8443
vn 0.1374 -0.9565 -0.2571
vn 0.4691 0.0975 -0.8777
vn 0.0464 0.9951 -0.0869
vn 0.0464 -0.9951 -0.0869
vn 0.4691 -0.0975 -0.8777
vn 0.1374 0.9565 -0.2571
vn 0.4513 -0.2890 -0.8443
vn 0.2231 0.8810 -0.4173
vn 0.4162 -0.4696 -0.7786
vn 0.6314 0.0975 -0.7693
vn 0.0625 0.9951 -0.0761
vn 0.0625 -0.9951 -0.0761
vn 0.6314 -0.0975 -0.7693
vn 0.1850 0.9565 -0.2254
vn 0.6073 -0.2890 -0.7400
vn 0.3002 0.8810 -0.3658
vn 0.5601 -0.4696 -0.6825
vn 0.4036 0.7715 -0.4918
vn 0.4913 -0.6326 -0.5987
vn 0.4913 0.6326 -0.5987
vn 0.4036 -0.7715 -0.4918
vn 0.5601 0.4696 -0.6825
vn 0.3002 -0.8810 -0.3658
vn 0.6073 0.2890 -0.7400
vn 0.1850 -0.9565 -0.2254
vn 0.5987 -0.6326 -0.4913
vn 0.5987 0.6326 -0.4913
vn 0.4918 -0.7715 -0.4036
vn 0.6825 0.4696 -0.5601
vn 0.3658 -0.8810 -0.3002
vn 0.7400 0.2890 -0.6073
vn 0.2254 -0.9565 -0.1850
vn 0.7693 0.0975 -0.6314
vn 0.0761 0.9951 -0.0625
vn 0.0761 -0.9951 -0.0625
vn 0.7693 -0.0975 -0.6314
vn 0.2254 0.9565 -0.1850
vn 0.7400 -0.2890 -0.6073
vn 0.3658 0.8810 -0.3002
vn 0.6825 -0.4696 -0.5601
vn 0.4918 0.7715 -0.4036
vn 0.0869 -0.9951 -0.0464
vn 0.8777 -0.0975 -0.4691
vn 0.2571 0.9565 -0.1374
vn 0.8443 -0.2890 -0.4513
vn 0.4173 0.8810 -0.2231
vn 0.7786 -0.4696 -0.4162
vn 0.5611 0.7715 -0.2999
vn 0.6831 -0.6326 -0.3651
vn 0.6831 0.6326 -0.3651
vn 0.5611 -0.7715 -0.2999
vn 0.7786 0.4696 -0.4162
vn 0.4173 -0.8810 -0.2231
vn 0.8443 0.2890 -0.4513
vn 0.2571 -0.9565 -0.1374
vn 0.8777 0.0975 -0.4691
vn 0.0869 0.9951 -0.0464
vn 0.6088 -0.7715 -0.1847
vn 0.8448 0.4696 -0.2563
vn 0.4528 -0.8810 -0.1374
vn 0.9161 0.2890 -0.2779
vn 0.2790 -0.9565 -0.0846
vn 0.9524 0.0975 -0.2889
vn 0.0942 0.9951 -0.0286
vn 0.0942 -0.9951 -0.0286
vn 0.9524 -0.0975 -0.2889
vn 0.2790 0.9565 -0.0846
vn 0.9161 -0.2890 -0.2779
vn 0.4528 0.8810 -0.1374
vn 0.8448 -0.4696 -0.2563
vn 0.6088 0.7715 -0.1847
vn 0.7412 -0.6326 -0.2248
vn 0.7412 0.6326 -0.2248
vn 0.2902 0.9565 -0.0286
vn 0.9527 -0.2890 -0.0938
vn 0.4709 0.8810 -0.0464
vn 0.8786 -0.4696 -0.0865
vn 0.6332 0.7715 -0.0624
vn 0.7708 -0.6326 -0.0759
vn 0.7708 0.6326 -0.0759
vn 0.6332 -0.7715 -0.0624
vn 0.8786 0.4696 -0.0865
vn 0.4709 -0.8810 -0.0464
vn 0.9527 0.2890 -0.0938
vn 0.2902 -0.9565 -0.0286
vn 0.9904 0.0975 -0.0975
vn 0.0980 0.9951 -0.0097
vn 0.0980 -0.9951 -0.0097
vn 0.9904 -0.0975 -0.0975
vn 0.8786 0.4696 0.0865
vn 0.4709 -0.8810 0.0464
vn 0.9527 0.2890 0.0938
vn 0.2902 -0.9565 0.0286
vn 0.9904 0.0975 0.0975
vn 0.0980 0.9951 0.0097
vn 0.0980 -0.9951 0.0097
vn 0.9904 -0.0975 0.0975
vn 0.2902 0.9565 0.0286
vn 0.9527 -0.2890 0.0938
vn 0.4709 0.8810 0.0464
vn 0.8786 -0.4696 0.0865
vn 0.6332 0.7715 0.0624
vn 0.7708 -0.6326 0.0759
vn 0.7708 0.6326 0.0759
vn 0.6332 -0.7715 0.0624
vn 0.9161 -0.2890 0.2779
vn 0.4528 0.8810 0.1374
vn 0.8448 -0.4696 0.2563
vn 0.6088 0.7715 0.1847
vn 0.7412 -0.6326 0.2248
vn 0.7412 0.6326 0.2248
vn 0.6088 -0.7715 0.1847
vn 0.8448 0.4696 0.2563
vn 0.4528 -0.8810 0.1374
vn 0.9161 0.2890 0.2779
vn 0.2790 -0.9565 0.0846
vn 0.9524 0.0975 0.2889
vn 0.0942 0.9951 0.0286
vn 0.0942 -0.9951 0.0286
vn 0.9524 -0.0975 0.2889
vn 0.2790 0.9565 0.0846
vn 0.4173 -0.8810 0.2231
vn 0.8443 0.2890 0.4513
vn 0.2571 -0.9565 0.1374
vn 0.8777 0.0975 0.4692
vn 0.0869 0.9951 0.0464
vn 0.0869 -0.9951 0.0464
vn 0.8777 -0.0975 0.4692
vn 0.2571 0.9565 0.1374
vn 0.8443 -0.2890 0.4513
vn 0.4173 0.8810 0.2231
vn 0.7786 -0.4696 0.4162
vn 0.5611 0.7715 0.2999
vn 0.6831 -0.6326 0.3651
vn 0.6831 0.6326 0.3651
vn 0.5611 -0.7715 0.2999
vn 0.7786 0.4696 0.4162
vn 0.3658 0.8810 0.3002
vn 0.6825 -0.4696 0.5601
vn 0.4918 0.7715 0.4036
vn 0.5987 -0.6326 0.4913
vn 0.5987 0.6326 0.4913
vn 0.4918 -0.7715 0.4036
vn 0.6825 0.4696 0.5601
vn 0.3658 -0.8810 0.3002
vn 0.7400 0.2890 0.6073
vn 0.2254 -0.9566 0.1850
vn 0.7693 0.0975 0.6314
vn 0.0761 0.9951 0.0625
vn 0.0761 -0.9951 0.0625
vn 0.7693 -0.0975 0.6314
vn 0.2254 0.9565 0.1850
vn 0.7400 -0.2890 0.6073
vn 0.6073 0.2890 0.7400
vn 0.1850 -0.9565 0.2254
vn 0.6314 0.0975 0.7693
vn 0.0625 0.9951 0.0761
vn 0.0625 -0.9951 0.0761
vn 0.6314 -0.0975 0.7693
vn 0.1850 0.9565 0.2254
vn 0.6073 -0.2890 0.7400
vn 0.3002 0.8810 0.3658
vn 0.5601 -0.4696 0.6825
vn 0.4036 0.7715 0.4918
vn 0.4913 -0.6326 0.5987
vn 0.4913 0.6326 0.5987
vn 0.4036 -0.7715 0.4918
vn 0.5601 0.4696 0.6825
vn 0.3002 -0.8810 0.3658
vn 0.4162 -0.4696 0.7786
vn 0.2999 0.7715 0.5611
vn 0.3651 -0.6326 0.6831
vn 0.3651 0.6326 0.6831
vn 0.2999 -0.7715 0.5611
vn 0.4162 0.4696 0.7786
vn 0.2231 -0.8810 0.4173
vn 0.4513 0.2890 0.8443
vn 0.1374 -0.9565 0.2571
vn 0.4691 0.0975 0.8777
vn 0.0464 0.9951 0.0869
vn 0.0464 -0.9951 0.0869
vn 0.4691 -0.0975 0.8777
vn 0.1374 0.9565 0.2571
vn 0.4513 -0.2890 0.8443
vn 0.2231 0.8810 0.4173
vn 0.0846 -0.9565 0.2790
vn 0.2889 0.0975 0.9524
vn 0.0286 0.9951 0.0942
vn 0.0286 -0.9951 0.0942
vn 0.2889 -0.0975 0.9524
vn 0.0846 0.9565 0.2790
vn 0.2779 -0.2890 0.9161
vn 0.1374 0.8810 0.4528
vn 0.2563 -0.4696 0.8448
vn 0.1847 0.7715 0.6088
vn 0.2248 -0.6326 0.7412
vn 0.2248 0.6326 0.7412
vn 0.1847 -0.7715 0.6088
vn 0.2563 0.4696 0.8448
vn 0.1374 -0.8810 0.4528
vn 0.2779 0.2890 0.9161
vn 0.0759 -0.6326 0.7708
vn 0.0759 0.6326 0.7708
vn 0.0624 -0.7715 0.6332
vn 0.0865 0.4696 0.8786
vn 0.0464 -0.8810 0.4709
vn 0.0938 0.2890 0.9527
vn 0.0286 -0.9565 0.2902
vn 0.0976 0.0975 0.9904
vn 0.0097 0.9951 0.0980
vn 0.0097 -0.9951 0.0980
vn 0.0976 -0.0975 0.9904
vn 0.0286 0.9565 0.2902
vn 0.0938 -0.2890 0.9527
vn 0.0464 0.8810 0.4709
vn 0.0865 -0.4696 0.8786
vn 0.0624 0.7715 0.6332
vn -0.4082 0.4082 -0.8165
vn 0.4082 0.4082 -0.8165
vn -0.0000 0.7071 -0.7071
vn 0.1451 0.4146 -0.8983
vn -0.1451 0.4146 -0.8983
vn -0.0000 -0.7071 -0.7071
vn -0.1451 -0.4146 -0.8983
vn 0.1451 -0.4146 -0.8983
vn 0.4082 -0.4082 -0.8165
vn 0.7071 -0.0000 -0.7071
vn 0.4146 -0.1451 -0.8983
vn 0.4146 0.1451 -0.8983
vn -0.4082 -0.4082 -0.8165
vn -0.7071 -0.0000 -0.7071
vn -0.4146 -0.1451 -0.8983
vn -0.4146 0.1451 -0.8983
vn -0.0000 -0.0000 -1.0000
vn -0.4082 0.4082 0.8165
vn 0.4082 0.4082 0.8165
vn -0.0000 0.7071 0.7071
vn 0.1451 0.4146 0.8983
vn -0.1451 0.4146 0.8983
vn -0.0000 -0.7071 0.7071
vn -0.1451 -0.4146 0.8983
vn 0.1451 -0.4146 0.8983
vn 0.4082 -0.4082 0.8165
vn 0.7071 -0.0000 0.7071
vn 0.4146 -0.1451 0.8983
vn 0.4146 0.1451 0.8983
vn -0.4082 -0.4082 0.8165
vn -0.7071 -0.0000 0.7071
vn -0.4146 -0.1451 0.8983
vn -0.4146 0.1451 0.8983
vn -0.0000 -0.0000 1.0000
vn 1.0000 -0.0000 -0.0000
vn -0.0000 -1.0000 -0.0000
vn -1.0000 -0.0000 -0.0000
vn -0.0000 1.0000 -0.0000
vn 0.5735 -0.8192 -0.0000
vn -0.5735 -0.8192 -0.0000
vn -0.5735 0.8192 -0.0000
vn 0.5735 0.8192 -0.0000
vn 0.8192 0.5735 -0.0000
vn 0.8192 -0.5735 -0.0000
vn -0.8192 -0.5735 -0.0000
vn -0.8192 0.5735 -0.0000
vt 0.170807 0.170807
vt 0.170807 0.128374
vt 0.192024 0.128374
vt 0.192024 0.170807
vt 0.170807 0.510277
vt 0.170807 0.467843
vt 0.192024 0.467843
vt 0.192024 0.510277
vt 0.170807 0.213241
vt 0.192024 0.213241
vt 0.170807 0.552711
vt 0.192024 0.552711
vt 0.170807 0.255675
vt 0.192024 0.255675
vt 0.170807 0.595145
vt 0.192024 0.595145
vt 0.170807 0.298108
vt 0.192024 0.298108
vt 0.170807 0.637578
vt 0.192024 0.637578
vt 0.170807 0.340542
vt 0.192024 0.340542
vt 0.170807 0.043506
vt 0.181416 0.001072
vt 0.192024 0.043506
vt 0.181416 0.680012
vt 0.170807 0.382976
vt 0.192024 0.382976
vt 0.170807 0.085940
vt 0.192024 0.085940
vt 0.170807 0.425410
vt 0.192024 0.425410
vt 0.213241 0.382976
vt 0.213241 0.425410
vt 0.213241 0.085940
vt 0.213241 0.128374
vt 0.213241 0.467843
vt 0.213241 0.170807
vt 0.213241 0.510277
vt 0.213241 0.213241
vt 0.213241 0.552711
vt 0.213241 0.255675
vt 0.213241 0.595145
vt 0.213241 0.298108
vt 0.213241 0.637578
vt 0.213241 0.340542
vt 0.202633 0.001072
vt 0.213241 0.043506
vt 0.202633 0.680012
vt 0.234458 0.552711
vt 0.234458 0.595145
vt 0.234458 0.255675
vt 0.234458 0.298108
vt 0.234458 0.637578
vt 0.234458 0.340542
vt 0.223849 0.001072
vt 0.234458 0.043506
vt 0.223850 0.680012
vt 0.234458 0.382976
vt 0.234458 0.085940
vt 0.234458 0.425410
vt 0.234458 0.128374
vt 0.234458 0.467843
vt 0.234458 0.170807
vt 0.234458 0.510277
vt 0.234458 0.213241
vt 0.255675 0.425410
vt 0.255675 0.467843
vt 0.255675 0.128374
vt 0.255675 0.170807
vt 0.255675 0.510277
vt 0.255675 0.213241
vt 0.255675 0.552711
vt 0.255675 0.255675
vt 0.255675 0.595145
vt 0.255675 0.298108
vt 0.255675 0.637578
vt 0.255675 0.340542
vt 0.245066 0.001072
vt 0.255675 0.043506
vt 0.245066 0.680012
vt 0.255675 0.382976
vt 0.255675 0.085940
vt 0.276892 0.595145
vt 0.276892 0.637578
vt 0.276892 0.298108
vt 0.276892 0.340542
vt 0.266283 0.001072
vt 0.276892 0.043506
vt 0.266283 0.680012
vt 0.276892 0.382976
vt 0.276892 0.085940
vt 0.276892 0.425410
vt 0.276892 0.128374
vt 0.276892 0.467843
vt 0.276892 0.170807
vt 0.276892 0.510277
vt 0.276892 0.213241
vt 0.276892 0.552711
vt 0.276892 0.255675
vt 0.298108 0.128374
vt 0.298108 0.170807
vt 0.298108 0.467843
vt 0.298108 0.510277
vt 0.298108 0.213241
vt 0.298108 0.552711
vt 0.298108 0.255675
vt 0.298108 0.595145
vt 0.298108 0.298108
vt 0.298109 0.637578
vt 0.298108 0.340542
vt 0.287500 0.001072
vt 0.298108 0.043506
vt 0.287500 0.680012
vt 0.298108 0.382976
vt 0.298108 0.085940
vt 0.298108 0.425410
vt 0.319325 0.298108
vt 0.319325 0.340542
vt 0.308717 0.001072
vt 0.319325 0.043506
vt 0.308717 0.680012
vt 0.319325 0.637578
vt 0.319325 0.382976
vt 0.319325 0.085940
vt 0.319325 0.425410
vt 0.319325 0.128374
vt 0.319325 0.467843
vt 0.319325 0.170807
vt 0.319325 0.510277
vt 0.319325 0.213241
vt 0.319325 0.552711
vt 0.319325 0.255675
vt 0.319325 0.595145
vt 0.340542 0.467843
vt 0.340542 0.510277
vt 0.340542 0.170807
vt 0.340542 0.213241
vt 0.340542 0.552711
vt 0.340542 0.255675
vt 0.340542 0.595145
vt 0.340542 0.298108
vt 0.340542 0.637578
vt 0.340542 0.340542
vt 0.329934 0.001072
vt 0.340542 0.043506
vt 0.329934 0.680012
vt 0.340542 0.382976
vt 0.340542 0.085940
vt 0.340542 0.425410
vt 0.340542 0.128374
vt 0.351151 0.001072
vt 0.361759 0.043506
vt 0.351151 0.680012
vt 0.361759 0.637578
vt 0.361759 0.340542
vt 0.361759 0.382976
vt 0.361759 0.085940
vt 0.361759 0.425410
vt 0.361759 0.128374
vt 0.361759 0.467843
vt 0.361759 0.170807
vt 0.361759 0.510277
vt 0.361759 0.213241
vt 0.361759 0.552711
vt 0.361759 0.255675
vt 0.361759 0.595145
vt 0.361759 0.298108
vt 0.382976 0.170807
vt 0.382976 0.213241
vt 0.382976 0.510277
vt 0.382976 0.552711
vt 0.382976 0.255675
vt 0.382976 0.595145
vt 0.382976 0.298108
vt 0.382976 0.637578
vt 0.382976 0.340542
vt 0.372368 0.001072
vt 0.382976 0.043506
vt 0.372368 0.680012
vt 0.382976 0.382976
vt 0.382976 0.085940
vt 0.382976 0.425410
vt 0.382976 0.128373
vt 0.382976 0.467843
vt 0.404193 0.340542
vt 0.404193 0.382976
vt 0.404193 0.043506
vt 0.404193 0.085940
vt 0.404193 0.425410
vt 0.404193 0.128373
vt 0.404193 0.467843
vt 0.404193 0.170807
vt 0.404193 0.510277
vt 0.404193 0.213241
vt 0.404193 0.552711
vt 0.404193 0.255675
vt 0.404193 0.595145
vt 0.404193 0.298108
vt 0.404193 0.637578
vt 0.393584 0.001072
vt 0.393584 0.680012
vt 0.425410 0.510277
vt 0.425410 0.552711
vt 0.425410 0.213241
vt 0.425410 0.255675
vt 0.425410 0.595145
vt 0.425410 0.298108
vt 0.425410 0.637578
vt 0.425410 0.340542
vt 0.414801 0.001072
vt 0.425410 0.043506
vt 0.414801 0.680012
vt 0.425410 0.382976
vt 0.425410 0.085940
vt 0.425410 0.425410
vt 0.425410 0.128373
vt 0.425410 0.467843
vt 0.425410 0.170807
vt 0.446626 0.382976
vt 0.446626 0.425410
vt 0.446626 0.085940
vt 0.446627 0.128373
vt 0.446626 0.467843
vt 0.446627 0.170807
vt 0.446626 0.510277
vt 0.446626 0.213241
vt 0.446627 0.552711
vt 0.446626 0.255675
vt 0.446626 0.595145
vt 0.446626 0.298108
vt 0.446627 0.637578
vt 0.446627 0.340542
vt 0.436018 0.001072
vt 0.446627 0.043506
vt 0.436018 0.680012
vt 0.467843 0.552711
vt 0.467843 0.595145
vt 0.467843 0.255675
vt 0.467843 0.298108
vt 0.467843 0.637578
vt 0.467843 0.340542
vt 0.457235 0.001072
vt 0.467843 0.043506
vt 0.457235 0.680012
vt 0.467843 0.382976
vt 0.467843 0.085940
vt 0.467843 0.425410
vt 0.467843 0.128373
vt 0.467843 0.467843
vt 0.467843 0.170807
vt 0.467843 0.510277
vt 0.467843 0.213241
vt 0.489060 0.085940
vt 0.489060 0.128373
vt 0.489060 0.425410
vt 0.489060 0.467843
vt 0.489060 0.170807
vt 0.489060 0.510277
vt 0.489060 0.213241
vt 0.489060 0.552711
vt 0.489060 0.255675
vt 0.489060 0.595145
vt 0.489060 0.298108
vt 0.489060 0.637578
vt 0.489060 0.340542
vt 0.478452 0.001072
vt 0.489060 0.043506
vt 0.478452 0.680012
vt 0.489060 0.382976
vt 0.510277 0.255675
vt 0.510277 0.298108
vt 0.510277 0.595145
vt 0.510277 0.637578
vt 0.510277 0.340542
vt 0.499669 0.001072
vt 0.510277 0.043506
vt 0.499669 0.680012
vt 0.510277 0.382976
vt 0.510277 0.085940
vt 0.510277 0.425410
vt 0.510277 0.128373
vt 0.510277 0.467843
vt 0.510277 0.170807
vt 0.510277 0.510277
vt 0.510277 0.213241
vt 0.510277 0.552711
vt 0.531494 0.425410
vt 0.531494 0.467843
vt 0.531494 0.128373
vt 0.531494 0.170807
vt 0.531494 0.510277
vt 0.531494 0.213241
vt 0.531494 0.552711
vt 0.531494 0.255675
vt 0.531494 0.595145
vt 0.531494 0.298108
vt 0.531494 0.637578
vt 0.531494 0.340542
vt 0.520885 0.001072
vt 0.531494 0.043506
vt 0.520886 0.680012
vt 0.531494 0.382976
vt 0.531494 0.085940
vt 0.552711 0.595145
vt 0.552711 0.637578
vt 0.552711 0.298108
vt 0.552711 0.340542
vt 0.542102 0.001072
vt 0.552711 0.043506
vt 0.542103 0.680012
vt 0.552711 0.382976
vt 0.552711 0.085940
vt 0.552711 0.425410
vt 0.552711 0.128373
vt 0.552711 0.467843
vt 0.552711 0.170807
vt 0.552711 0.510277
vt 0.552711 0.213241
vt 0.552711 0.552711
vt 0.552711 0.255675
vt 0.573928 0.128373
vt 0.573928 0.170807
vt 0.573928 0.467843
vt 0.573928 0.510277
vt 0.573928 0.213241
vt 0.573928 0.552711
vt 0.573928 0.255675
vt 0.573928 0.595145
vt 0.573928 0.298108
vt 0.573928 0.637578
vt 0.573928 0.340542
vt 0.563319 0.001072
vt 0.573928 0.043506
vt 0.563319 0.680012
vt 0.573928 0.382976
vt 0.573928 0.085940
vt 0.573928 0.425410
vt 0.595145 0.298108
vt 0.595145 0.340542
vt 0.584536 0.001072
vt 0.595145 0.043506
vt 0.584536 0.680012
vt 0.595145 0.637578
vt 0.595145 0.382976
vt 0.595145 0.085940
vt 0.595145 0.425410
vt 0.595145 0.128373
vt 0.595145 0.467843
vt 0.595145 0.170807
vt 0.595145 0.510277
vt 0.595145 0.213241
vt 0.595145 0.552711
vt 0.595145 0.255675
vt 0.595145 0.595145
vt 0.616361 0.467843
vt 0.616361 0.510277
vt 0.616361 0.170807
vt 0.616361 0.213241
vt 0.616361 0.552711
vt 0.616361 0.255675
vt 0.616361 0.595145
vt 0.616361 0.298108
vt 0.616361 0.637578
vt 0.616361 0.340542
vt 0.605753 0.001072
vt 0.616361 0.043506
vt 0.605753 0.680012
vt 0.616361 0.382976
vt 0.616361 0.085940
vt 0.616361 0.425410
vt 0.616361 0.128373
vt 0.626970 0.680012
vt 0.637578 0.637578
vt 0.637578 0.340542
vt 0.637578 0.382976
vt 0.637578 0.043506
vt 0.637578 0.085940
vt 0.637578 0.425410
vt 0.637578 0.128373
vt 0.637578 0.467843
vt 0.637578 0.170807
vt 0.637578 0.510277
vt 0.637578 0.213241
vt 0.637578 0.552711
vt 0.637578 0.255675
vt 0.637578 0.595145
vt 0.637578 0.298108
vt 0.626970 0.001072
vt 0.658795 0.510277
vt 0.658795 0.552711
vt 0.658795 0.213241
vt 0.658795 0.255675
vt 0.658795 0.595145
vt 0.658795 0.298108
vt 0.658795 0.637578
vt 0.658795 0.340542
vt 0.648187 0.001072
vt 0.658795 0.043506
vt 0.648187 0.680012
vt 0.658795 0.382976
vt 0.658795 0.085940
vt 0.658795 0.425410
vt 0.658795 0.128373
vt 0.658795 0.467843
vt 0.658795 0.170807
vt 0.680012 0.043506
vt 0.680012 0.085940
vt 0.680012 0.382976
vt 0.680012 0.425410
vt 0.680012 0.128373
vt 0.680012 0.467843
vt 0.680012 0.170807
vt 0.680012 0.510277
vt 0.680012 0.213241
vt 0.680012 0.552711
vt 0.680012 0.255675
vt 0.680012 0.595145
vt 0.680012 0.298108
vt 0.680012 0.637578
vt 0.680012 0.340542
vt 0.669404 0.001072
vt 0.669404 0.680012
vt 0.001072 0.255675
vt 0.001072 0.213241
vt 0.022289 0.213241
vt 0.022289 0.255675
vt 0.001072 0.595145
vt 0.001072 0.552711
vt 0.022289 0.552711
vt 0.022289 0.595145
vt 0.001072 0.298108
vt 0.022289 0.298108
vt 0.001072 0.637578
vt 0.022289 0.637578
vt 0.001072 0.340542
vt 0.022289 0.340542
vt 0.001072 0.043506
vt 0.011681 0.001072
vt 0.022289 0.043506
vt 0.011681 0.680012
vt 0.001072 0.382976
vt 0.022289 0.382976
vt 0.001072 0.085940
vt 0.022289 0.085940
vt 0.001072 0.425410
vt 0.022289 0.425410
vt 0.001072 0.128373
vt 0.022289 0.128373
vt 0.001072 0.467843
vt 0.022289 0.467843
vt 0.001072 0.170807
vt 0.022289 0.170807
vt 0.001072 0.510277
vt 0.022289 0.510277
vt 0.043506 0.382976
vt 0.043506 0.425410
vt 0.043506 0.085940
vt 0.043506 0.128373
vt 0.043506 0.467843
vt 0.043506 0.170807
vt 0.043506 0.510277
vt 0.043506 0.213241
vt 0.043506 0.552711
vt 0.043506 0.255675
vt 0.043506 0.595145
vt 0.043506 0.298108
vt 0.043506 0.637578
vt 0.043506 0.340542
vt 0.032898 0.001072
vt 0.043506 0.043506
vt 0.032898 0.680012
vt 0.064723 0.552711
vt 0.064723 0.595145
vt 0.064723 0.255675
vt 0.064723 0.298108
vt 0.064723 0.637578
vt 0.064723 0.340542
vt 0.054114 0.001072
vt 0.064723 0.043506
vt 0.054115 0.680012
vt 0.064723 0.382976
vt 0.064723 0.085940
vt 0.064723 0.425410
vt 0.064723 0.128373
vt 0.064723 0.467843
vt 0.064723 0.170807
vt 0.064723 0.510277
vt 0.064723 0.213241
vt 0.085940 0.085940
vt 0.085940 0.128373
vt 0.085940 0.425410
vt 0.085940 0.467843
vt 0.085940 0.170807
vt 0.085940 0.510277
vt 0.085940 0.213241
vt 0.085940 0.552711
vt 0.085940 0.255675
vt 0.085940 0.595145
vt 0.085940 0.298108
vt 0.085940 0.637578
vt 0.085940 0.340542
vt 0.075331 0.001072
vt 0.085940 0.043506
vt 0.075331 0.680012
vt 0.085940 0.382976
vt 0.107157 0.255675
vt 0.107157 0.298108
vt 0.107157 0.595145
vt 0.107157 0.637578
vt 0.107157 0.340542
vt 0.096548 0.001072
vt 0.107157 0.043506
vt 0.096548 0.680012
vt 0.107157 0.382976
vt 0.107157 0.085940
vt 0.107157 0.425410
vt 0.107157 0.128373
vt 0.107157 0.467843
vt 0.107157 0.170807
vt 0.107157 0.510277
vt 0.107157 0.213241
vt 0.107157 0.552711
vt 0.128374 0.425410
vt 0.128374 0.467843
vt 0.128374 0.128373
vt 0.128374 0.170807
vt 0.128374 0.510277
vt 0.128374 0.213241
vt 0.128374 0.552711
vt 0.128374 0.255675
vt 0.128374 0.595145
vt 0.128374 0.298108
vt 0.128374 0.637578
vt 0.128374 0.340542
vt 0.117765 0.001072
vt 0.128374 0.043506
vt 0.117765 0.680012
vt 0.128374 0.382976
vt 0.128374 0.085940
vt 0.149590 0.595145
vt 0.149590 0.637578
vt 0.149590 0.298108
vt 0.149590 0.340542
vt 0.138982 0.001072
vt 0.149590 0.043506
vt 0.138982 0.680012
vt 0.149590 0.382976
vt 0.149590 0.085940
vt 0.149590 0.425410
vt 0.149590 0.128373
vt 0.149590 0.467843
vt 0.149590 0.170807
vt 0.149590 0.510277
vt 0.149590 0.213241
vt 0.149590 0.552711
vt 0.149590 0.255675
vt 0.160199 0.001072
vt 0.160199 0.680012
vt 0.950405 0.913754
vt 0.980834 0.907668
vt 0.986920 0.938097
vt 0.956491 0.944183
vt 0.676541 0.968527
vt 0.706971 0.962441
vt 0.713056 0.992870
vt 0.682627 0.998956
vt 0.767829 0.950269
vt 0.773915 0.980698
vt 0.828688 0.938097
vt 0.840860 0.998956
vt 0.889546 0.925926
vt 0.895632 0.956355
vt 0.834774 0.652062
vt 0.895632 0.639890
vt 0.901718 0.670319
vt 0.840860 0.682491
vt 0.767829 0.633804
vt 0.780001 0.694663
vt 0.713056 0.676405
vt 0.719142 0.706834
vt 0.652198 0.688577
vt 0.658284 0.719006
vt 0.621768 0.694663
vt 0.627854 0.725092
vt 0.670455 0.779865
vt 0.640026 0.785951
vt 0.682627 0.840724
vt 0.621768 0.852895
vt 0.694799 0.901582
vt 0.664369 0.907668
vt 0.926062 0.633804
vt 0.932148 0.664233
vt 0.944319 0.725092
vt 0.913890 0.731178
vt 0.986920 0.779865
vt 0.926062 0.792037
vt 0.968663 0.846809
vt 0.938233 0.852895
s 1
usemtl Material.016
f 1744/1297/1163 1269/1298/1163 1277/1299/1163 1278/1300/1163
f 1747/1301/1164 1274/1302/1164 1285/1303/1164 1286/1304/1164
f 1270/1305/1165 1744/1297/1165 1278/1300/1165 1279/1306/1165
f 1748/1307/1166 1747/1301/1166 1286/1304/1166 1287/1308/1166
f 1745/1309/1167 1270/1305/1167 1279/1306/1167 1280/1310/1167
f 1749/1311/1168 1748/1307/1168 1287/1308/1168 1288/1312/1168
f 1271/1313/1169 1745/1309/1169 1280/1310/1169 1281/1314/1169
f 1750/1315/1170 1749/1311/1170 1288/1312/1170 1289/1316/1170
f 1272/1317/1171 1271/1313/1171 1281/1314/1171 1282/1318/1171
f 1742/1319/1172 1350/1320/1172 1275/1321/1172
f 1576/1322/1173 1750/1315/1173 1289/1316/1173
f 1273/1323/1174 1272/1317/1174 1282/1318/1174 1283/1324/1174
f 1743/1325/1175 1742/1319/1175 1275/1321/1175 1276/1326/1175
f 1746/1327/1176 1273/1323/1176 1283/1324/1176 1284/1328/1176
f 1269/1298/1177 1743/1325/1177 1276/1326/1177 1277/1299/1177
f 1274/1302/1178 1746/1327/1178 1284/1328/1178 1285/1303/1178
f 1284/1328/1179 1283/1324/1179 1298/1329/1179 1299/1330/1179
f 1277/1299/1180 1276/1326/1180 1291/1331/1180 1292/1332/1180
f 1285/1303/1181 1284/1328/1181 1299/1330/1181 1300/1333/1181
f 1278/1300/1182 1277/1299/1182 1292/1332/1182 1293/1334/1182
f 1286/1304/1183 1285/1303/1183 1300/1333/1183 1301/1335/1183
f 1279/1306/1184 1278/1300/1184 1293/1334/1184 1294/1336/1184
f 1287/1308/1185 1286/1304/1185 1301/1335/1185 1302/1337/1185
f 1280/1310/1186 1279/1306/1186 1294/1336/1186 1295/1338/1186
f 1288/1312/1187 1287/1308/1187 1302/1337/1187 1303/1339/1187
f 1281/1314/1188 1280/1310/1188 1295/1338/1188 1296/1340/1188
f 1289/1316/1189 1288/1312/1189 1303/1339/1189 1304/1341/1189
f 1282/1318/1190 1281/1314/1190 1296/1340/1190 1297/1342/1190
f 1275/1321/1191 1350/1343/1191 1290/1344/1191
f 1576/1345/1192 1289/1316/1192 1304/1341/1192
f 1283/1324/1193 1282/1318/1193 1297/1342/1193 1298/1329/1193
f 1276/1326/1194 1275/1321/1194 1290/1344/1194 1291/1331/1194
f 1303/1339/1195 1302/1337/1195 1317/1346/1195 1318/1347/1195
f 1296/1340/1196 1295/1338/1196 1310/1348/1196 1311/1349/1196
f 1304/1341/1197 1303/1339/1197 1318/1347/1197 1319/1350/1197
f 1297/1342/1198 1296/1340/1198 1311/1349/1198 1312/1351/1198
f 1290/1344/1199 1350/1352/1199 1305/1353/1199
f 1576/1354/1200 1304/1341/1200 1319/1350/1200
f 1298/1329/1201 1297/1342/1201 1312/1351/1201 1313/1355/1201
f 1291/1331/1202 1290/1344/1202 1305/1353/1202 1306/1356/1202
f 1299/1330/1203 1298/1329/1203 1313/1355/1203 1314/1357/1203
f 1292/1332/1204 1291/1331/1204 1306/1356/1204 1307/1358/1204
f 1300/1333/1205 1299/1330/1205 1314/1357/1205 1315/1359/1205
f 1293/1334/1206 1292/1332/1206 1307/1358/1206 1308/1360/1206
f 1301/1335/1207 1300/1333/1207 1315/1359/1207 1316/1361/1207
f 1294/1336/1208 1293/1334/1208 1308/1360/1208 1309/1362/1208
f 1302/1337/1209 1301/1335/1209 1316/1361/1209 1317/1346/1209
f 1295/1338/1210 1294/1336/1210 1309/1362/1210 1310/1348/1210
f 1315/1359/1211 1314/1357/1211 1329/1363/1211 1330/1364/1211
f 1308/1360/1212 1307/1358/1212 1322/1365/1212 1323/1366/1212
f 1316/1361/1213 1315/1359/1213 1330/1364/1213 1331/1367/1213
f 1309/1362/1214 1308/1360/1214 1323/1366/1214 1324/1368/1214
f 1317/1346/1215 1316/1361/1215 1331/1367/1215 1332/1369/1215
f 1310/1348/1216 1309/1362/1216 1324/1368/1216 1325/1370/1216
f 1318/1347/1217 1317/1346/1217 1332/1369/1217 1333/1371/1217
f 1311/1349/1218 1310/1348/1218 1325/1370/1218 1326/1372/1218
f 1319/1350/1219 1318/1347/1219 1333/1371/1219 1334/1373/1219
f 1312/1351/1220 1311/1349/1220 1326/1372/1220 1327/1374/1220
f 1305/1353/1221 1350/1375/1221 1320/1376/1221
f 1576/1377/1222 1319/1350/1222 1334/1373/1222
f 1313/1355/1223 1312/1351/1223 1327/1374/1223 1328/1378/1223
f 1306/1356/1224 1305/1353/1224 1320/1376/1224 1321/1379/1224
f 1314/1357/1225 1313/1355/1225 1328/1378/1225 1329/1363/1225
f 1307/1358/1226 1306/1356/1226 1321/1379/1226 1322/1365/1226
f 1334/1373/1227 1333/1371/1227 1348/1380/1227 1349/1381/1227
f 1327/1374/1228 1326/1372/1228 1341/1382/1228 1342/1383/1228
f 1320/1376/1229 1350/1384/1229 1335/1385/1229
f 1576/1386/1230 1334/1373/1230 1349/1381/1230
f 1328/1378/1231 1327/1374/1231 1342/1383/1231 1343/1387/1231
f 1321/1379/1232 1320/1376/1232 1335/1385/1232 1336/1388/1232
f 1329/1363/1233 1328/1378/1233 1343/1387/1233 1344/1389/1233
f 1322/1365/1234 1321/1379/1234 1336/1388/1234 1337/1390/1234
f 1330/1364/1235 1329/1363/1235 1344/1389/1235 1345/1391/1235
f 1323/1366/1236 1322/1365/1236 1337/1390/1236 1338/1392/1236
f 1331/1367/1237 1330/1364/1237 1345/1391/1237 1346/1393/1237
f 1324/1368/1238 1323/1366/1238 1338/1392/1238 1339/1394/1238
f 1332/1369/1239 1331/1367/1239 1346/1393/1239 1347/1395/1239
f 1325/1370/1240 1324/1368/1240 1339/1394/1240 1340/1396/1240
f 1333/1371/1241 1332/1369/1241 1347/1395/1241 1348/1380/1241
f 1326/1372/1242 1325/1370/1242 1340/1396/1242 1341/1382/1242
f 1338/1392/1243 1337/1390/1243 1353/1397/1243 1354/1398/1243
f 1346/1393/1244 1345/1391/1244 1361/1399/1244 1362/1400/1244
f 1339/1394/1245 1338/1392/1245 1354/1398/1245 1355/1401/1245
f 1347/1395/1246 1346/1393/1246 1362/1400/1246 1363/1402/1246
f 1340/1396/1247 1339/1394/1247 1355/1401/1247 1356/1403/1247
f 1348/1380/1248 1347/1395/1248 1363/1402/1248 1364/1404/1248
f 1341/1382/1249 1340/1396/1249 1356/1403/1249 1357/1405/1249
f 1349/1381/1250 1348/1380/1250 1364/1404/1250 1365/1406/1250
f 1342/1383/1251 1341/1382/1251 1357/1405/1251 1358/1407/1251
f 1335/1385/1252 1350/1408/1252 1351/1409/1252
f 1576/1410/1253 1349/1381/1253 1365/1406/1253
f 1343/1387/1254 1342/1383/1254 1358/1407/1254 1359/1411/1254
f 1336/1388/1255 1335/1385/1255 1351/1409/1255 1352/1412/1255
f 1344/1389/1256 1343/1387/1256 1359/1411/1256 1360/1413/1256
f 1337/1390/1257 1336/1388/1257 1352/1412/1257 1353/1397/1257
f 1345/1391/1258 1344/1389/1258 1360/1413/1258 1361/1399/1258
f 1358/1407/1259 1357/1405/1259 1372/1414/1259 1373/1415/1259
f 1351/1409/1260 1350/1416/1260 1366/1417/1260
f 1576/1418/1261 1365/1406/1261 1380/1419/1261
f 1359/1411/1262 1358/1407/1262 1373/1415/1262 1374/1420/1262
f 1352/1412/1263 1351/1409/1263 1366/1417/1263 1367/1421/1263
f 1360/1413/1264 1359/1411/1264 1374/1420/1264 1375/1422/1264
f 1353/1397/1265 1352/1412/1265 1367/1421/1265 1368/1423/1265
f 1361/1399/1266 1360/1413/1266 1375/1422/1266 1376/1424/1266
f 1354/1398/1267 1353/1397/1267 1368/1423/1267 1369/1425/1267
f 1362/1400/1268 1361/1399/1268 1376/1424/1268 1377/1426/1268
f 1355/1401/1269 1354/1398/1269 1369/1425/1269 1370/1427/1269
f 1363/1402/1270 1362/1400/1270 1377/1426/1270 1378/1428/1270
f 1356/1403/1271 1355/1401/1271 1370/1427/1271 1371/1429/1271
f 1364/1404/1272 1363/1402/1272 1378/1428/1272 1379/1430/1272
f 1357/1405/1273 1356/1403/1273 1371/1429/1273 1372/1414/1273
f 1365/1406/1274 1364/1404/1274 1379/1430/1274 1380/1419/1274
f 1377/1426/1275 1376/1424/1275 1391/1431/1275 1392/1432/1275
f 1370/1427/1276 1369/1425/1276 1384/1433/1276 1385/1434/1276
f 1378/1428/1277 1377/1426/1277 1392/1432/1277 1393/1435/1277
f 1371/1429/1278 1370/1427/1278 1385/1434/1278 1386/1436/1278
f 1379/1430/1279 1378/1428/1279 1393/1435/1279 1394/1437/1279
f 1372/1414/1280 1371/1429/1280 1386/1436/1280 1387/1438/1280
f 1380/1419/1281 1379/1430/1281 1394/1437/1281 1395/1439/1281
f 1373/1415/1282 1372/1414/1282 1387/1438/1282 1388/1440/1282
f 1366/1417/1283 1350/1441/1283 1381/1442/1283
f 1576/1443/1284 1380/1419/1284 1395/1439/1284
f 1374/1420/1285 1373/1415/1285 1388/1440/1285 1389/1444/1285
f 1367/1421/1286 1366/1417/1286 1381/1442/1286 1382/1445/1286
f 1375/1422/1287 1374/1420/1287 1389/1444/1287 1390/1446/1287
f 1368/1423/1288 1367/1421/1288 1382/1445/1288 1383/1447/1288
f 1376/1424/1289 1375/1422/1289 1390/1446/1289 1391/1431/1289
f 1369/1425/1290 1368/1423/1290 1383/1447/1290 1384/1433/1290
f 1381/1442/1291 1350/1448/1291 1396/1449/1291
f 1576/1450/1292 1395/1439/1292 1410/1451/1292
f 1389/1444/1293 1388/1440/1293 1403/1452/1293 1404/1453/1293
f 1382/1445/1294 1381/1442/1294 1396/1449/1294 1397/1454/1294
f 1390/1446/1295 1389/1444/1295 1404/1453/1295 1405/1455/1295
f 1383/1447/1296 1382/1445/1296 1397/1454/1296 1398/1456/1296
f 1391/1431/1297 1390/1446/1297 1405/1455/1297 1406/1457/1297
f 1384/1433/1298 1383/1447/1298 1398/1456/1298 1399/1458/1298
f 1392/1432/1299 1391/1431/1299 1406/1457/1299 1407/1459/1299
f 1385/1434/1300 1384/1433/1300 1399/1458/1300 1400/1460/1300
f 1393/1435/1301 1392/1432/1301 1407/1459/1301 1408/1461/1301
f 1386/1436/1302 1385/1434/1302 1400/1460/1302 1401/1462/1302
f 1394/1437/1303 1393/1435/1303 1408/1461/1303 1409/1463/1303
f 1387/1438/1304 1386/1436/1304 1401/1462/1304 1402/1464/1304
f 1395/1439/1305 1394/1437/1305 1409/1463/1305 1410/1451/1305
f 1388/1440/1306 1387/1438/1306 1402/1464/1306 1403/1452/1306
f 1400/1460/1307 1399/1458/1307 1414/1465/1307 1415/1466/1307
f 1408/1461/1308 1407/1459/1308 1422/1467/1308 1423/1468/1308
f 1401/1462/1309 1400/1460/1309 1415/1466/1309 1416/1469/1309
f 1409/1463/1310 1408/1461/1310 1423/1468/1310 1424/1470/1310
f 1402/1464/1311 1401/1462/1311 1416/1469/1311 1417/1471/1311
f 1410/1451/1312 1409/1463/1312 1424/1470/1312 1425/1472/1312
f 1403/1452/1313 1402/1464/1313 1417/1471/1313 1418/1473/1313
f 1396/1449/1314 1350/1474/1314 1411/1475/1314
f 1576/1476/1315 1410/1451/1315 1425/1472/1315
f 1404/1453/1316 1403/1452/1316 1418/1473/1316 1419/1477/1316
f 1397/1454/1317 1396/1449/1317 1411/1475/1317 1412/1478/1317
f 1405/1455/1318 1404/1453/1318 1419/1477/1318 1420/1479/1318
f 1398/1456/1319 1397/1454/1319 1412/1478/1319 1413/1480/1319
f 1406/1457/1320 1405/1455/1320 1420/1479/1320 1421/1481/1320
f 1399/1458/1321 1398/1456/1321 1413/1480/1321 1414/1465/1321
f 1407/1459/1322 1406/1457/1322 1421/1481/1322 1422/1467/1322
f 1419/1477/1323 1418/1473/1323 1433/1482/1323 1434/1483/1323
f 1412/1478/1324 1411/1475/1324 1426/1484/1324 1427/1485/1324
f 1420/1479/1325 1419/1477/1325 1434/1483/1325 1435/1486/1325
f 1413/1480/1326 1412/1478/1326 1427/1485/1326 1428/1487/1326
f 1421/1481/1327 1420/1479/1327 1435/1486/1327 1436/1488/1327
f 1414/1465/1328 1413/1480/1328 1428/1487/1328 1429/1489/1328
f 1422/1467/1329 1421/1481/1329 1436/1488/1329 1437/1490/1329
f 1415/1466/1330 1414/1465/1330 1429/1489/1330 1430/1491/1330
f 1423/1468/1331 1422/1467/1331 1437/1490/1331 1438/1492/1331
f 1416/1469/1332 1415/1466/1332 1430/1491/1332 1431/1493/1332
f 1424/1470/1333 1423/1468/1333 1438/1492/1333 1439/1494/1333
f 1417/1471/1334 1416/1469/1334 1431/1493/1334 1432/1495/1334
f 1425/1472/1335 1424/1470/1335 1439/1494/1335 1440/1496/1335
f 1418/1473/1336 1417/1471/1336 1432/1495/1336 1433/1482/1336
f 1411/1475/1337 1350/1497/1337 1426/1484/1337
f 1576/1498/1338 1425/1472/1338 1440/1496/1338
f 1438/1492/1339 1437/1490/1339 1452/1499/1339 1453/1500/1339
f 1431/1493/1340 1430/1491/1340 1445/1501/1340 1446/1502/1340
f 1439/1494/1341 1438/1492/1341 1453/1500/1341 1454/1503/1341
f 1432/1495/1342 1431/1493/1342 1446/1502/1342 1447/1504/1342
f 1440/1496/1343 1439/1494/1343 1454/1503/1343 1455/1505/1343
f 1433/1482/1344 1432/1495/1344 1447/1504/1344 1448/1506/1344
f 1426/1484/1345 1350/1507/1345 1441/1508/1345
f 1576/1509/1346 1440/1496/1346 1455/1505/1346
f 1434/1483/1347 1433/1482/1347 1448/1506/1347 1449/1510/1347
f 1427/1485/1348 1426/1484/1348 1441/1508/1348 1442/1511/1348
f 1435/1486/1349 1434/1483/1349 1449/1510/1349 1450/1512/1349
f 1428/1487/1350 1427/1485/1350 1442/1511/1350 1443/1513/1350
f 1436/1488/1351 1435/1486/1351 1450/1512/1351 1451/1514/1351
f 1429/1489/1352 1428/1487/1352 1443/1513/1352 1444/1515/1352
f 1437/1490/1353 1436/1488/1353 1451/1514/1353 1452/1499/1353
f 1430/1491/1354 1429/1489/1354 1444/1515/1354 1445/1501/1354
f 1450/1512/1355 1449/1510/1355 1464/1516/1355 1465/1517/1355
f 1443/1513/1356 1442/1511/1356 1457/1518/1356 1458/1519/1356
f 1451/1514/1357 1450/1512/1357 1465/1517/1357 1466/1520/1357
f 1444/1515/1358 1443/1513/1358 1458/1519/1358 1459/1521/1358
f 1452/1499/1359 1451/1514/1359 1466/1520/1359 1467/1522/1359
f 1445/1501/1360 1444/1515/1360 1459/1521/1360 1460/1523/1360
f 1453/1500/1361 1452/1499/1361 1467/1522/1361 1468/1524/1361
f 1446/1502/1362 1445/1501/1362 1460/1523/1362 1461/1525/1362
f 1454/1503/1363 1453/1500/1363 1468/1524/1363 1469/1526/1363
f 1447/1504/1364 1446/1502/1364 1461/1525/1364 1462/1527/1364
f 1455/1505/1365 1454/1503/1365 1469/1526/1365 1470/1528/1365
f 1448/1506/1366 1447/1504/1366 1462/1527/1366 1463/1529/1366
f 1441/1508/1367 1350/1530/1367 1456/1531/1367
f 1576/1532/1368 1455/1505/1368 1470/1528/1368
f 1449/1510/1369 1448/1506/1369 1463/1529/1369 1464/1516/1369
f 1442/1511/1370 1441/1508/1370 1456/1531/1370 1457/1518/1370
f 1469/1526/1371 1468/1524/1371 1483/1533/1371 1484/1534/1371
f 1462/1527/1372 1461/1525/1372 1476/1535/1372 1477/1536/1372
f 1470/1528/1373 1469/1526/1373 1484/1534/1373 1485/1537/1373
f 1463/1529/1374 1462/1527/1374 1477/1536/1374 1478/1538/1374
f 1456/1531/1375 1350/1539/1375 1471/1540/1375
f 1576/1541/1376 1470/1528/1376 1485/1537/1376
f 1464/1516/1377 1463/1529/1377 1478/1538/1377 1479/1542/1377
f 1457/1518/1378 1456/1531/1378 1471/1540/1378 1472/1543/1378
f 1465/1517/1379 1464/1516/1379 1479/1542/1379 1480/1544/1379
f 1458/1519/1380 1457/1518/1380 1472/1543/1380 1473/1545/1380
f 1466/1520/1381 1465/1517/1381 1480/1544/1381 1481/1546/1381
f 1459/1521/1382 1458/1519/1382 1473/1545/1382 1474/1547/1382
f 1467/1522/1383 1466/1520/1383 1481/1546/1383 1482/1548/1383
f 1460/1523/1384 1459/1521/1384 1474/1547/1384 1475/1549/1384
f 1468/1524/1385 1467/1522/1385 1482/1548/1385 1483/1533/1385
f 1461/1525/1386 1460/1523/1386 1475/1549/1386 1476/1535/1386
f 1473/1545/1387 1472/1543/1387 1487/1550/1387 1488/1551/1387
f 1481/1546/1388 1480/1544/1388 1495/1552/1388 1496/1553/1388
f 1474/1547/1389 1473/1545/1389 1488/1551/1389 1489/1554/1389
f 1482/1548/1390 1481/1546/1390 1496/1553/1390 1497/1555/1390
f 1475/1549/1391 1474/1547/1391 1489/1554/1391 1490/1556/1391
f 1483/1533/1392 1482/1548/1392 1497/1555/1392 1498/1557/1392
f 1476/1535/1393 1475/1549/1393 1490/1556/1393 1491/1558/1393
f 1484/1534/1394 1483/1533/1394 1498/1557/1394 1499/1559/1394
f 1477/1536/1395 1476/1535/1395 1491/1558/1395 1492/1560/1395
f 1485/1537/1396 1484/1534/1396 1499/1559/1396 1500/1561/1396
f 1478/1538/1397 1477/1536/1397 1492/1560/1397 1493/1562/1397
f 1471/1540/1398 1350/1563/1398 1486/1564/1398
f 1576/1565/1399 1485/1537/1399 1500/1561/1399
f 1479/1542/1400 1478/1538/1400 1493/1562/1400 1494/1566/1400
f 1472/1543/1401 1471/1540/1401 1486/1564/1401 1487/1550/1401
f 1480/1544/1402 1479/1542/1402 1494/1566/1402 1495/1552/1402
f 1492/1560/1403 1491/1558/1403 1506/1567/1403 1507/1568/1403
f 1500/1561/1404 1499/1559/1404 1514/1569/1404 1515/1570/1404
f 1493/1562/1405 1492/1560/1405 1507/1568/1405 1508/1571/1405
f 1486/1564/1406 1350/1572/1406 1501/1573/1406
f 1576/1574/1407 1500/1561/1407 1515/1570/1407
f 1494/1566/1408 1493/1562/1408 1508/1571/1408 1509/1575/1408
f 1487/1550/1409 1486/1564/1409 1501/1573/1409 1502/1576/1409
f 1495/1552/1410 1494/1566/1410 1509/1575/1410 1510/1577/1410
f 1488/1551/1411 1487/1550/1411 1502/1576/1411 1503/1578/1411
f 1496/1553/1412 1495/1552/1412 1510/1577/1412 1511/1579/1412
f 1489/1554/1413 1488/1551/1413 1503/1578/1413 1504/1580/1413
f 1497/1555/1414 1496/1553/1414 1511/1579/1414 1512/1581/1414
f 1490/1556/1415 1489/1554/1415 1504/1580/1415 1505/1582/1415
f 1498/1557/1416 1497/1555/1416 1512/1581/1416 1513/1583/1416
f 1491/1558/1417 1490/1556/1417 1505/1582/1417 1506/1567/1417
f 1499/1559/1418 1498/1557/1418 1513/1583/1418 1514/1569/1418
f 1511/1579/1419 1510/1577/1419 1525/1584/1419 1526/1585/1419
f 1504/1580/1420 1503/1578/1420 1518/1586/1420 1519/1587/1420
f 1512/1581/1421 1511/1579/1421 1526/1585/1421 1527/1588/1421
f 1505/1582/1422 1504/1580/1422 1519/1587/1422 1520/1589/1422
f 1513/1583/1423 1512/1581/1423 1527/1588/1423 1528/1590/1423
f 1506/1567/1424 1505/1582/1424 1520/1589/1424 1521/1591/1424
f 1514/1569/1425 1513/1583/1425 1528/1590/1425 1529/1592/1425
f 1507/1568/1426 1506/1567/1426 1521/1591/1426 1522/1593/1426
f 1515/1570/1427 1514/1569/1427 1529/1592/1427 1530/1594/1427
f 1508/1571/1428 1507/1568/1428 1522/1593/1428 1523/1595/1428
f 1501/1573/1429 1350/1596/1429 1516/1597/1429
f 1576/1598/1430 1515/1570/1430 1530/1594/1430
f 1509/1575/1431 1508/1571/1431 1523/1595/1431 1524/1599/1431
f 1502/1576/1432 1501/1573/1432 1516/1597/1432 1517/1600/1432
f 1510/1577/1433 1509/1575/1433 1524/1599/1433 1525/1584/1433
f 1503/1578/1434 1502/1576/1434 1517/1600/1434 1518/1586/1434
f 1530/1594/1435 1529/1592/1435 1544/1601/1435 1545/1602/1435
f 1523/1595/1436 1522/1593/1436 1537/1603/1436 1538/1604/1436
f 1516/1597/1437 1350/1605/1437 1531/1606/1437
f 1576/1607/1438 1530/1594/1438 1545/1602/1438
f 1524/1599/1439 1523/1595/1439 1538/1604/1439 1539/1608/1439
f 1517/1600/1440 1516/1597/1440 1531/1606/1440 1532/1609/1440
f 1525/1584/1441 1524/1599/1441 1539/1608/1441 1540/1610/1441
f 1518/1586/1442 1517/1600/1442 1532/1609/1442 1533/1611/1442
f 1526/1585/1443 1525/1584/1443 1540/1610/1443 1541/1612/1443
f 1519/1587/1444 1518/1586/1444 1533/1611/1444 1534/1613/1444
f 1527/1588/1445 1526/1585/1445 1541/1612/1445 1542/1614/1445
f 1520/1589/1446 1519/1587/1446 1534/1613/1446 1535/1615/1446
f 1528/1590/1447 1527/1588/1447 1542/1614/1447 1543/1616/1447
f 1521/1591/1448 1520/1589/1448 1535/1615/1448 1536/1617/1448
f 1529/1592/1449 1528/1590/1449 1543/1616/1449 1544/1601/1449
f 1522/1593/1450 1521/1591/1450 1536/1617/1450 1537/1603/1450
f 1534/1613/1451 1533/1611/1451 1548/1618/1451 1549/1619/1451
f 1542/1614/1452 1541/1612/1452 1556/1620/1452 1557/1621/1452
f 1535/1615/1453 1534/1613/1453 1549/1619/1453 1550/1622/1453
f 1543/1616/1454 1542/1614/1454 1557/1621/1454 1558/1623/1454
f 1536/1617/1455 1535/1615/1455 1550/1622/1455 1551/1624/1455
f 1544/1601/1456 1543/1616/1456 1558/1623/1456 1559/1625/1456
f 1537/1603/1457 1536/1617/1457 1551/1624/1457 1552/1626/1457
f 1545/1602/1458 1544/1601/1458 1559/1625/1458 1560/1627/1458
f 1538/1604/1459 1537/1603/1459 1552/1626/1459 1553/1628/1459
f 1531/1606/1460 1350/1629/1460 1546/1630/1460
f 1576/1631/1461 1545/1602/1461 1560/1627/1461
f 1539/1608/1462 1538/1604/1462 1553/1628/1462 1554/1632/1462
f 1532/1609/1463 1531/1606/1463 1546/1630/1463 1547/1633/1463
f 1540/1610/1464 1539/1608/1464 1554/1632/1464 1555/1634/1464
f 1533/1611/1465 1532/1609/1465 1547/1633/1465 1548/1618/1465
f 1541/1612/1466 1540/1610/1466 1555/1634/1466 1556/1620/1466
f 1553/1628/1467 1552/1626/1467 1567/1635/1467 1568/1636/1467
f 1546/1630/1468 1350/1637/1468 1561/1638/1468
f 1576/1639/1469 1560/1627/1469 1575/1640/1469
f 1554/1632/1470 1553/1628/1470 1568/1636/1470 1569/1641/1470
f 1547/1633/1471 1546/1630/1471 1561/1638/1471 1562/1642/1471
f 1555/1634/1472 1554/1632/1472 1569/1641/1472 1570/1643/1472
f 1548/1618/1473 1547/1633/1473 1562/1642/1473 1563/1644/1473
f 1556/1620/1474 1555/1634/1474 1570/1643/1474 1571/1645/1474
f 1549/1619/1475 1548/1618/1475 1563/1644/1475 1564/1646/1475
f 1557/1621/1476 1556/1620/1476 1571/1645/1476 1572/1647/1476
f 1550/1622/1477 1549/1619/1477 1564/1646/1477 1565/1648/1477
f 1558/1623/1478 1557/1621/1478 1572/1647/1478 1573/1649/1478
f 1551/1624/1479 1550/1622/1479 1565/1648/1479 1566/1650/1479
f 1559/1625/1480 1558/1623/1480 1573/1649/1480 1574/1651/1480
f 1552/1626/1481 1551/1624/1481 1566/1650/1481 1567/1635/1481
f 1560/1627/1482 1559/1625/1482 1574/1651/1482 1575/1640/1482
f 1572/1647/1483 1571/1645/1483 1587/1652/1483 1588/1653/1483
f 1565/1648/1484 1564/1646/1484 1580/1654/1484 1581/1655/1484
f 1573/1649/1485 1572/1647/1485 1588/1653/1485 1589/1656/1485
f 1566/1650/1486 1565/1648/1486 1581/1655/1486 1582/1657/1486
f 1574/1651/1487 1573/1649/1487 1589/1656/1487 1590/1658/1487
f 1567/1635/1488 1566/1650/1488 1582/1657/1488 1583/1659/1488
f 1575/1640/1489 1574/1651/1489 1590/1658/1489 1591/1660/1489
f 1568/1636/1490 1567/1635/1490 1583/1659/1490 1584/1661/1490
f 1561/1638/1491 1350/1662/1491 1577/1663/1491
f 1576/1664/1492 1575/1640/1492 1591/1660/1492
f 1569/1641/1493 1568/1636/1493 1584/1661/1493 1585/1665/1493
f 1562/1642/1494 1561/1638/1494 1577/1663/1494 1578/1666/1494
f 1570/1643/1495 1569/1641/1495 1585/1665/1495 1586/1667/1495
f 1563/1644/1496 1562/1642/1496 1578/1666/1496 1579/1668/1496
f 1571/1645/1497 1570/1643/1497 1586/1667/1497 1587/1652/1497
f 1564/1646/1498 1563/1644/1498 1579/1668/1498 1580/1654/1498
f 1576/1669/1499 1591/1660/1499 1606/1670/1499
f 1585/1665/1500 1584/1661/1500 1599/1671/1500 1600/1672/1500
f 1578/1666/1501 1577/1663/1501 1592/1673/1501 1593/1674/1501
f 1586/1667/1502 1585/1665/1502 1600/1672/1502 1601/1675/1502
f 1579/1668/1503 1578/1666/1503 1593/1674/1503 1594/1676/1503
f 1587/1652/1504 1586/1667/1504 1601/1675/1504 1602/1677/1504
f 1580/1654/1505 1579/1668/1505 1594/1676/1505 1595/1678/1505
f 1588/1653/1506 1587/1652/1506 1602/1677/1506 1603/1679/1506
f 1581/1655/1507 1580/1654/1507 1595/1678/1507 1596/1680/1507
f 1589/1656/1508 1588/1653/1508 1603/1679/1508 1604/1681/1508
f 1582/1657/1509 1581/1655/1509 1596/1680/1509 1597/1682/1509
f 1590/1658/1510 1589/1656/1510 1604/1681/1510 1605/1683/1510
f 1583/1659/1511 1582/1657/1511 1597/1682/1511 1598/1684/1511
f 1591/1660/1512 1590/1658/1512 1605/1683/1512 1606/1670/1512
f 1584/1661/1513 1583/1659/1513 1598/1684/1513 1599/1671/1513
f 1577/1663/1514 1350/1685/1514 1592/1673/1514
f 1604/1681/1515 1603/1679/1515 1618/1686/1515 1619/1687/1515
f 1597/1682/1516 1596/1680/1516 1611/1688/1516 1612/1689/1516
f 1605/1683/1517 1604/1681/1517 1619/1687/1517 1620/1690/1517
f 1598/1684/1518 1597/1682/1518 1612/1689/1518 1613/1691/1518
f 1606/1670/1519 1605/1683/1519 1620/1690/1519 1621/1692/1519
f 1599/1671/1520 1598/1684/1520 1613/1691/1520 1614/1693/1520
f 1592/1673/1521 1350/1694/1521 1607/1695/1521
f 1576/1696/1522 1606/1670/1522 1621/1692/1522
f 1600/1672/1523 1599/1671/1523 1614/1693/1523 1615/1697/1523
f 1593/1674/1524 1592/1673/1524 1607/1695/1524 1608/1698/1524
f 1601/1675/1525 1600/1672/1525 1615/1697/1525 1616/1699/1525
f 1594/1676/1526 1593/1674/1526 1608/1698/1526 1609/1700/1526
f 1602/1677/1527 1601/1675/1527 1616/1699/1527 1617/1701/1527
f 1595/1678/1528 1594/1676/1528 1609/1700/1528 1610/1702/1528
f 1603/1679/1529 1602/1677/1529 1617/1701/1529 1618/1686/1529
f 1596/1680/1530 1595/1678/1530 1610/1702/1530 1611/1688/1530
f 1608/1698/1531 1607/1695/1531 1622/1703/1531 1623/1704/1531
f 1616/1699/1532 1615/1697/1532 1630/1705/1532 1631/1706/1532
f 1609/1700/1533 1608/1698/1533 1623/1704/1533 1624/1707/1533
f 1617/1701/1534 1616/1699/1534 1631/1706/1534 1632/1708/1534
f 1610/1702/1535 1609/1700/1535 1624/1707/1535 1625/1709/1535
f 1618/1686/1536 1617/1701/1536 1632/1708/1536 1633/1710/1536
f 1611/1688/1537 1610/1702/1537 1625/1709/1537 1626/1711/1537
f 1619/1687/1538 1618/1686/1538 1633/1710/1538 1634/1712/1538
f 1612/1689/1539 1611/1688/1539 1626/1711/1539 1627/1713/1539
f 1620/1690/1540 1619/1687/1540 1634/1712/1540 1635/1714/1540
f 1613/1691/1541 1612/1689/1541 1627/1713/1541 1628/1715/1541
f 1621/1692/1542 1620/1690/1542 1635/1714/1542 1636/1716/1542
f 1614/1693/1543 1613/1691/1543 1628/1715/1543 1629/1717/1543
f 1607/1695/1544 1350/1718/1544 1622/1703/1544
f 1576/1719/1545 1621/1692/1545 1636/1716/1545
f 1615/1697/1546 1614/1693/1546 1629/1717/1546 1630/1705/1546
f 1627/1720/1547 1626/1721/1547 1641/1722/1547 1642/1723/1547
f 1635/1724/1548 1634/1725/1548 1649/1726/1548 1650/1727/1548
f 1628/1728/1549 1627/1720/1549 1642/1723/1549 1643/1729/1549
f 1636/1730/1550 1635/1724/1550 1650/1727/1550 1651/1731/1550
f 1629/1732/1551 1628/1728/1551 1643/1729/1551 1644/1733/1551
f 1622/1734/1552 1350/1735/1552 1637/1736/1552
f 1576/1737/1553 1636/1730/1553 1651/1731/1553
f 1630/1738/1554 1629/1732/1554 1644/1733/1554 1645/1739/1554
f 1623/1740/1555 1622/1734/1555 1637/1736/1555 1638/1741/1555
f 1631/1742/1556 1630/1738/1556 1645/1739/1556 1646/1743/1556
f 1624/1744/1557 1623/1740/1557 1638/1741/1557 1639/1745/1557
f 1632/1746/1558 1631/1742/1558 1646/1743/1558 1647/1747/1558
f 1625/1748/1559 1624/1744/1559 1639/1745/1559 1640/1749/1559
f 1633/1750/1560 1632/1746/1560 1647/1747/1560 1648/1751/1560
f 1626/1721/1561 1625/1748/1561 1640/1749/1561 1641/1722/1561
f 1634/1725/1562 1633/1750/1562 1648/1751/1562 1649/1726/1562
f 1646/1743/1563 1645/1739/1563 1660/1752/1563 1661/1753/1563
f 1639/1745/1564 1638/1741/1564 1653/1754/1564 1654/1755/1564
f 1647/1747/1565 1646/1743/1565 1661/1753/1565 1662/1756/1565
f 1640/1749/1566 1639/1745/1566 1654/1755/1566 1655/1757/1566
f 1648/1751/1567 1647/1747/1567 1662/1756/1567 1663/1758/1567
f 1641/1722/1568 1640/1749/1568 1655/1757/1568 1656/1759/1568
f 1649/1726/1569 1648/1751/1569 1663/1758/1569 1664/1760/1569
f 1642/1723/1570 1641/1722/1570 1656/1759/1570 1657/1761/1570
f 1650/1727/1571 1649/1726/1571 1664/1760/1571 1665/1762/1571
f 1643/1729/1572 1642/1723/1572 1657/1761/1572 1658/1763/1572
f 1651/1731/1573 1650/1727/1573 1665/1762/1573 1666/1764/1573
f 1644/1733/1574 1643/1729/1574 1658/1763/1574 1659/1765/1574
f 1637/1736/1575 1350/1766/1575 1652/1767/1575
f 1576/1768/1576 1651/1731/1576 1666/1764/1576
f 1645/1739/1577 1644/1733/1577 1659/1765/1577 1660/1752/1577
f 1638/1741/1578 1637/1736/1578 1652/1767/1578 1653/1754/1578
f 1665/1762/1579 1664/1760/1579 1679/1769/1579 1680/1770/1579
f 1658/1763/1580 1657/1761/1580 1672/1771/1580 1673/1772/1580
f 1666/1764/1581 1665/1762/1581 1680/1770/1581 1681/1773/1581
f 1659/1765/1582 1658/1763/1582 1673/1772/1582 1674/1774/1582
f 1652/1767/1583 1350/1775/1583 1667/1776/1583
f 1576/1777/1584 1666/1764/1584 1681/1773/1584
f 1660/1752/1585 1659/1765/1585 1674/1774/1585 1675/1778/1585
f 1653/1754/1586 1652/1767/1586 1667/1776/1586 1668/1779/1586
f 1661/1753/1587 1660/1752/1587 1675/1778/1587 1676/1780/1587
f 1654/1755/1588 1653/1754/1588 1668/1779/1588 1669/1781/1588
f 1662/1756/1589 1661/1753/1589 1676/1780/1589 1677/1782/1589
f 1655/1757/1590 1654/1755/1590 1669/1781/1590 1670/1783/1590
f 1663/1758/1591 1662/1756/1591 1677/1782/1591 1678/1784/1591
f 1656/1759/1592 1655/1757/1592 1670/1783/1592 1671/1785/1592
f 1664/1760/1593 1663/1758/1593 1678/1784/1593 1679/1769/1593
f 1657/1761/1594 1656/1759/1594 1671/1785/1594 1672/1771/1594
f 1669/1781/1595 1668/1779/1595 1683/1786/1595 1684/1787/1595
f 1677/1782/1596 1676/1780/1596 1691/1788/1596 1692/1789/1596
f 1670/1783/1597 1669/1781/1597 1684/1787/1597 1685/1790/1597
f 1678/1784/1598 1677/1782/1598 1692/1789/1598 1693/1791/1598
f 1671/1785/1599 1670/1783/1599 1685/1790/1599 1686/1792/1599
f 1679/1769/1600 1678/1784/1600 1693/1791/1600 1694/1793/1600
f 1672/1771/1601 1671/1785/1601 1686/1792/1601 1687/1794/1601
f 1680/1770/1602 1679/1769/1602 1694/1793/1602 1695/1795/1602
f 1673/1772/1603 1672/1771/1603 1687/1794/1603 1688/1796/1603
f 1681/1773/1604 1680/1770/1604 1695/1795/1604 1696/1797/1604
f 1674/1774/1605 1673/1772/1605 1688/1796/1605 1689/1798/1605
f 1667/1776/1606 1350/1799/1606 1682/1800/1606
f 1576/1801/1607 1681/1773/1607 1696/1797/1607
f 1675/1778/1608 1674/1774/1608 1689/1798/1608 1690/1802/1608
f 1668/1779/1609 1667/1776/1609 1682/1800/1609 1683/1786/1609
f 1676/1780/1610 1675/1778/1610 1690/1802/1610 1691/1788/1610
f 1688/1796/1611 1687/1794/1611 1702/1803/1611 1703/1804/1611
f 1696/1797/1612 1695/1795/1612 1710/1805/1612 1711/1806/1612
f 1689/1798/1613 1688/1796/1613 1703/1804/1613 1704/1807/1613
f 1682/1800/1614 1350/1808/1614 1697/1809/1614
f 1576/1810/1615 1696/1797/1615 1711/1806/1615
f 1690/1802/1616 1689/1798/1616 1704/1807/1616 1705/1811/1616
f 1683/1786/1617 1682/1800/1617 1697/1809/1617 1698/1812/1617
f 1691/1788/1618 1690/1802/1618 1705/1811/1618 1706/1813/1618
f 1684/1787/1619 1683/1786/1619 1698/1812/1619 1699/1814/1619
f 1692/1789/1620 1691/1788/1620 1706/1813/1620 1707/1815/1620
f 1685/1790/1621 1684/1787/1621 1699/1814/1621 1700/1816/1621
f 1693/1791/1622 1692/1789/1622 1707/1815/1622 1708/1817/1622
f 1686/1792/1623 1685/1790/1623 1700/1816/1623 1701/1818/1623
f 1694/1793/1624 1693/1791/1624 1708/1817/1624 1709/1819/1624
f 1687/1794/1625 1686/1792/1625 1701/1818/1625 1702/1803/1625
f 1695/1795/1626 1694/1793/1626 1709/1819/1626 1710/1805/1626
f 1707/1815/1627 1706/1813/1627 1721/1820/1627 1722/1821/1627
f 1700/1816/1628 1699/1814/1628 1714/1822/1628 1715/1823/1628
f 1708/1817/1629 1707/1815/1629 1722/1821/1629 1723/1824/1629
f 1701/1818/1630 1700/1816/1630 1715/1823/1630 1716/1825/1630
f 1709/1819/1631 1708/1817/1631 1723/1824/1631 1724/1826/1631
f 1702/1803/1632 1701/1818/1632 1716/1825/1632 1717/1827/1632
f 1710/1805/1633 1709/1819/1633 1724/1826/1633 1725/1828/1633
f 1703/1804/1634 1702/1803/1634 1717/1827/1634 1718/1829/1634
f 1711/1806/1635 1710/1805/1635 1725/1828/1635 1726/1830/1635
f 1704/1807/1636 1703/1804/1636 1718/1829/1636 1719/1831/1636
f 1697/1809/1637 1350/1832/1637 1712/1833/1637
f 1576/1834/1638 1711/1806/1638 1726/1830/1638
f 1705/1811/1639 1704/1807/1639 1719/1831/1639 1720/1835/1639
f 1698/1812/1640 1697/1809/1640 1712/1833/1640 1713/1836/1640
f 1706/1813/1641 1705/1811/1641 1720/1835/1641 1721/1820/1641
f 1699/1814/1642 1698/1812/1642 1713/1836/1642 1714/1822/1642
f 1726/1830/1643 1725/1828/1643 1740/1837/1643 1741/1838/1643
f 1719/1831/1644 1718/1829/1644 1733/1839/1644 1734/1840/1644
f 1712/1833/1645 1350/1841/1645 1727/1842/1645
f 1576/1843/1646 1726/1830/1646 1741/1838/1646
f 1720/1835/1647 1719/1831/1647 1734/1840/1647 1735/1844/1647
f 1713/1836/1648 1712/1833/1648 1727/1842/1648 1728/1845/1648
f 1721/1820/1649 1720/1835/1649 1735/1844/1649 1736/1846/1649
f 1714/1822/1650 1713/1836/1650 1728/1845/1650 1729/1847/1650
f 1722/1821/1651 1721/1820/1651 1736/1846/1651 1737/1848/1651
f 1715/1823/1652 1714/1822/1652 1729/1847/1652 1730/1849/1652
f 1723/1824/1653 1722/1821/1653 1737/1848/1653 1738/1850/1653
f 1716/1825/1654 1715/1823/1654 1730/1849/1654 1731/1851/1654
f 1724/1826/1655 1723/1824/1655 1738/1850/1655 1739/1852/1655
f 1717/1827/1656 1716/1825/1656 1731/1851/1656 1732/1853/1656
f 1725/1828/1657 1724/1826/1657 1739/1852/1657 1740/1837/1657
f 1718/1829/1658 1717/1827/1658 1732/1853/1658 1733/1839/1658
f 1738/1850/1659 1737/1848/1659 1274/1302/1659 1747/1301/1659
f 1731/1851/1660 1730/1849/1660 1744/1297/1660 1270/1305/1660
f 1739/1852/1661 1738/1850/1661 1747/1301/1661 1748/1307/1661
f 1732/1853/1662 1731/1851/1662 1270/1305/1662 1745/1309/1662
f 1740/1837/1663 1739/1852/1663 1748/1307/1663 1749/1311/1663
f 1733/1839/1664 1732/1853/1664 1745/1309/1664 1271/1313/1664
f 1741/1838/1665 1740/1837/1665 1749/1311/1665 1750/1315/1665
f 1734/1840/1666 1733/1839/1666 1271/1313/1666 1272/1317/1666
f 1727/1842/1667 1350/1854/1667 1742/1319/1667
f 1576/1855/1668 1741/1838/1668 1750/1315/1668
f 1735/1844/1669 1734/1840/1669 1272/1317/1669 1273/1323/1669
f 1728/1845/1670 1727/1842/1670 1742/1319/1670 1743/1325/1670
f 1736/1846/1671 1735/1844/1671 1273/1323/1671 1746/1327/1671
f 1729/1847/1672 1728/1845/1672 1743/1325/1672 1269/1298/1672
f 1737/1848/1673 1736/1846/1673 1746/1327/1673 1274/1302/1673
f 1730/1849/1674 1729/1847/1674 1269/1298/1674 1744/1297/1674
f 1790/1856/1675 1774/1857/1675 1754/1858/1675 1760/1859/1675
f 1765/1860/1676 1779/1861/1676 1764/1862/1676 1753/1863/1676
f 1779/1861/1677 1781/1864/1677 1763/1865/1677 1764/1862/1677
f 1781/1864/1678 1783/1866/1678 1762/1867/1678 1763/1865/1678
f 1783/1866/1679 1785/1868/1679 1761/1869/1679 1762/1867/1679
f 1785/1868/1677 1790/1856/1677 1760/1859/1677 1761/1869/1677
f 1758/1870/1680 1759/1871/1680 1786/1872/1680 1784/1873/1680
f 1757/1874/1681 1758/1870/1681 1784/1873/1681 1782/1875/1681
f 1756/1876/1682 1757/1874/1682 1782/1875/1682 1780/1877/1682
f 1755/1878/1680 1756/1876/1680 1780/1877/1680 1775/1879/1680
f 1751/1880/1683 1755/1878/1683 1775/1879/1683 1769/1881/1683
f 1769/1881/1684 1775/1879/1684 1776/1882/1684 1768/1883/1684
f 1768/1883/1685 1776/1882/1685 1777/1884/1685 1767/1885/1685
f 1767/1885/1686 1777/1884/1686 1778/1886/1686 1766/1887/1686
f 1766/1887/1684 1778/1886/1684 1779/1861/1684 1765/1860/1684
f 1759/1871/1687 1752/1888/1687 1770/1889/1687 1786/1872/1687
f 1786/1872/1688 1770/1889/1688 1771/1890/1688 1787/1891/1688
f 1787/1891/1689 1771/1890/1689 1772/1892/1689 1788/1893/1689
f 1788/1893/1690 1772/1892/1690 1773/1894/1690 1789/1895/1690
f 1789/1895/1688 1773/1894/1688 1774/1857/1688 1790/1856/1688
f 1784/1873/1691 1786/1872/1691 1787/1891/1691 1788/1893/1691 1789/1895/1691 1790/1856/1691 1785/1868/1691 1783/1866/1691 1781/1864/1691 1779/1861/1691 1778/1886/1691 1777/1884/1691 1776/1882/1691 1775/1879/1691 1780/1877/1691 1782/1875/1691
f 1830/1856/1692 1800/1859/1692 1794/1858/1692 1814/1857/1692
f 1805/1860/1693 1793/1863/1693 1804/1862/1693 1819/1861/1693
f 1819/1861/1694 1804/1862/1694 1803/1865/1694 1821/1864/1694
f 1821/1864/1695 1803/1865/1695 1802/1867/1695 1823/1866/1695
f 1823/1866/1696 1802/1867/1696 1801/1869/1696 1825/1868/1696
f 1825/1868/1694 1801/1869/1694 1800/1859/1694 1830/1856/1694
f 1798/1870/1697 1824/1873/1697 1826/1872/1697 1799/1871/1697
f 1797/1874/1698 1822/1875/1698 1824/1873/1698 1798/1870/1698
f 1796/1876/1699 1820/1877/1699 1822/1875/1699 1797/1874/1699
f 1795/1878/1697 1815/1879/1697 1820/1877/1697 1796/1876/1697
f 1791/1880/1700 1809/1881/1700 1815/1879/1700 1795/1878/1700
f 1809/1881/1701 1808/1883/1701 1816/1882/1701 1815/1879/1701
f 1808/1883/1702 1807/1885/1702 1817/1884/1702 1816/1882/1702
f 1807/1885/1703 1806/1887/1703 1818/1886/1703 1817/1884/1703
f 1806/1887/1701 1805/1860/1701 1819/1861/1701 1818/1886/1701
f 1799/1871/1704 1826/1872/1704 1810/1889/1704 1792/1888/1704
f 1826/1872/1705 1827/1891/1705 1811/1890/1705 1810/1889/1705
f 1827/1891/1706 1828/1893/1706 1812/1892/1706 1811/1890/1706
f 1828/1893/1707 1829/1895/1707 1813/1894/1707 1812/1892/1707
f 1829/1895/1705 1830/1856/1705 1814/1857/1705 1813/1894/1705
f 1824/1873/1708 1822/1875/1708 1820/1877/1708 1815/1879/1708 1816/1882/1708 1817/1884/1708 1818/1886/1708 1819/1861/1708 1821/1864/1708 1823/1866/1708 1825/1868/1708 1830/1856/1708 1829/1895/1708 1828/1893/1708 1827/1891/1708 1826/1872/1708
f 1751/1880/1709 1769/1881/1709 1809/1881/1709 1791/1880/1709
f 1752/1888/1710 1759/1871/1710 1799/1871/1710 1792/1888/1710
f 1754/1858/1711 1774/1857/1711 1814/1857/1711 1794/1858/1711
f 1753/1863/1712 1764/1862/1712 1804/1862/1712 1793/1863/1712
f 1755/1878/1710 1751/1880/1710 1791/1880/1710 1795/1878/1710
f 1756/1876/1710 1755/1878/1710 1795/1878/1710 1796/1876/1710
f 1757/1874/1713 1756/1876/1713 1796/1876/1713 1797/1874/1713
f 1758/1870/1714 1757/1874/1714 1797/1874/1714 1798/1870/1714
f 1759/1871/1710 1758/1870/1710 1798/1870/1710 1799/1871/1710
f 1760/1859/1712 1754/1858/1712 1794/1858/1712 1800/1859/1712
f 1761/1869/1712 1760/1859/1712 1800/1859/1712 1801/1869/1712
f 1762/1867/1715 1761/1869/1715 1801/1869/1715 1802/1867/1715
f 1763/1865/1716 1762/1867/1716 1802/1867/1716 1803/1865/1716
f 1764/1862/1712 1763/1865/1712 1803/1865/1712 1804/1862/1712
f 1765/1860/1709 1753/1863/1709 1793/1863/1709 1805/1860/1709
f 1766/1887/1709 1765/1860/1709 1805/1860/1709 1806/1887/1709
f 1767/1885/1717 1766/1887/1717 1806/1887/1717 1807/1885/1717
f 1768/1883/1718 1767/1885/1718 1807/1885/1718 1808/1883/1718
f 1769/1881/1709 1768/1883/1709 1808/1883/1709 1809/1881/1709
f 1770/1889/1711 1752/1888/1711 1792/1888/1711 1810/1889/1711
f 1771/1890/1711 1770/1889/1711 1810/1889/1711 1811/1890/1711
f 1772/1892/1719 1771/1890/1719 1811/1890/1719 1812/1892/1719
f 1773/1894/1720 1772/1892/1720 1812/1892/1720 1813/1894/1720
f 1774/1857/1711 1773/1894/1711 1813/1894/1711 1814/1857/1711
o StageObjectSpawn.005
v -3.000000 27.057886 1.375035
v -3.000000 26.375034 2.057886
v -3.000000 25.482851 2.427444
v -3.000000 25.000000 2.475000
v -3.000000 24.517151 2.427444
v -3.000000 23.624966 2.057886
v -3.094200 27.427444 0.473571
v -3.184779 27.286602 0.928944
v -3.268257 27.057886 1.348614
v -3.341424 26.750090 1.716462
v -3.401475 26.375034 2.018346
v -3.446094 25.947142 2.242665
v -3.473571 25.482851 2.380800
v -3.482850 25.000000 2.427444
v -3.473571 24.517151 2.380800
v -3.446094 24.052858 2.242665
v -3.401475 23.624966 2.018346
v -3.341424 23.249910 1.716462
v -3.268257 22.942114 1.348614
v -3.184779 22.713398 0.928944
v -3.094200 22.572556 0.473571
v -3.184779 27.427444 0.446094
v -3.362454 27.286602 0.875046
v -3.526203 27.057886 1.270368
v -3.669729 26.750090 1.616871
v -3.787518 26.375034 1.901241
v -3.875046 25.947142 2.112543
v -3.928941 25.482851 2.242665
v -3.947142 25.000000 2.286603
v -3.928941 24.517151 2.242665
v -3.875046 24.052858 2.112543
v -3.787518 23.624966 1.901241
v -3.669729 23.249910 1.616871
v -3.526203 22.942114 1.270368
v -3.362454 22.713398 0.875046
v -3.184779 22.572556 0.446094
v -3.268257 27.427444 0.401475
v -3.526203 27.286602 0.787518
v -3.763929 27.057886 1.143300
v -3.972297 26.750090 1.455147
v -4.143300 26.375034 1.711071
v -4.270368 25.947142 1.901241
v -4.348614 25.482851 2.018346
v -4.375035 25.000000 2.057886
v -4.348614 24.517151 2.018346
v -4.270368 24.052858 1.901241
v -4.143300 23.624966 1.711071
v -3.972297 23.249910 1.455147
v -3.763929 22.942114 1.143300
v -3.526203 22.713398 0.787518
v -3.268257 22.572556 0.401475
v -3.341424 27.427444 0.341424
v -3.669729 27.286602 0.669729
v -3.972297 27.057886 0.972297
v -4.237500 26.750090 1.237500
v -4.455147 26.375034 1.455147
v -4.616871 25.947142 1.616871
v -4.716462 25.482851 1.716462
v -4.750089 25.000000 1.750089
v -4.716462 24.517151 1.716462
v -4.616871 24.052858 1.616871
v -4.455147 23.624966 1.455147
v -4.237500 23.249910 1.237500
v -3.972297 22.942114 0.972297
v -3.669729 22.713398 0.669729
v -3.341424 22.572556 0.341424
v -3.401475 27.427444 0.268257
v -3.787518 27.286602 0.526203
v -4.143300 27.057886 0.763929
v -4.455147 26.750090 0.972297
v -4.711071 26.375034 1.143300
v -4.901241 25.947142 1.270368
v -5.018346 25.482851 1.348614
v -5.057886 25.000000 1.375035
v -5.018346 24.517151 1.348614
v -4.901241 24.052858 1.270368
v -4.711071 23.624966 1.143300
v -4.455147 23.249910 0.972297
v -4.143300 22.942114 0.763929
v -3.787518 22.713398 0.526203
v -3.401475 22.572556 0.268257
v -3.000000 27.475000 -0.000000
v -3.446094 27.427444 0.184779
v -3.875046 27.286602 0.362454
v -4.270368 27.057886 0.526203
v -4.616871 26.750090 0.669729
v -4.901241 26.375034 0.787518
v -5.112543 25.947142 0.875046
v -5.242665 25.482851 0.928941
v -5.286600 25.000000 0.947142
v -5.242665 24.517151 0.928941
v -5.112543 24.052858 0.875046
v -4.901241 23.624966 0.787518
v -4.616871 23.249910 0.669729
v -4.270368 22.942114 0.526203
v -3.875046 22.713398 0.362454
v -3.446094 22.572556 0.184779
v -3.473571 27.427444 0.094200
v -3.928941 27.286602 0.184779
v -4.348614 27.057886 0.268257
v -4.716462 26.750090 0.341427
v -5.018346 26.375034 0.401475
v -5.242665 25.947142 0.446094
v -5.380800 25.482849 0.473571
v -5.427444 25.000000 0.482847
v -5.380800 24.517151 0.473571
v -5.242665 24.052858 0.446094
v -5.018346 23.624966 0.401475
v -4.716462 23.249910 0.341427
v -4.348614 22.942114 0.268257
v -3.928941 22.713398 0.184779
v -3.473571 22.572556 0.094200
v -3.482847 27.427444 -0.000000
v -3.947142 27.286602 -0.000000
v -4.375035 27.057886 -0.000000
v -4.750089 26.750090 -0.000000
v -5.057886 26.375034 -0.000000
v -5.286603 25.947142 -0.000000
v -5.427444 25.482849 -0.000000
v -5.475000 25.000000 -0.000000
v -5.427444 24.517151 -0.000000
v -5.286603 24.052858 -0.000000
v -5.057886 23.624966 -0.000000
v -4.750089 23.249910 -0.000000
v -4.375035 22.942114 0.000000
v -3.947142 22.713398 0.000000
v -3.482847 22.572556 0.000000
v -3.473571 27.427444 -0.094200
v -3.928941 27.286602 -0.184779
v -4.348614 27.057886 -0.268257
v -4.716462 26.750090 -0.341424
v -5.018346 26.375034 -0.401475
v -5.242665 25.947142 -0.446094
v -5.380800 25.482849 -0.473571
v -5.427444 25.000000 -0.482850
v -5.380800 24.517151 -0.473571
v -5.242665 24.052858 -0.446094
v -5.018346 23.624966 -0.401475
v -4.716462 23.249910 -0.341424
v -4.348614 22.942114 -0.268257
v -3.928941 22.713398 -0.184779
v -3.473571 22.572556 -0.094200
v -3.446094 27.427444 -0.184779
v -3.875046 27.286602 -0.362454
v -4.270368 27.057886 -0.526203
v -4.616871 26.750090 -0.669729
v -4.901238 26.375034 -0.787518
v -5.112543 25.947142 -0.875043
v -5.242665 25.482849 -0.928944
v -5.286600 25.000000 -0.947142
v -5.242665 24.517149 -0.928944
v -5.112543 24.052858 -0.875043
v -4.901238 23.624966 -0.787518
v -4.616871 23.249910 -0.669729
v -4.270368 22.942114 -0.526203
v -3.875046 22.713398 -0.362454
v -3.446094 22.572556 -0.184779
v -3.401475 27.427444 -0.268257
v -3.787518 27.286602 -0.526203
v -4.143300 27.057886 -0.763929
v -4.455147 26.750090 -0.972297
v -4.711071 26.375034 -1.143300
v -4.901241 25.947142 -1.270368
v -5.018346 25.482849 -1.348614
v -5.057886 25.000000 -1.375035
v -5.018346 24.517149 -1.348614
v -4.901241 24.052858 -1.270368
v -4.711071 23.624966 -1.143300
v -4.455147 23.249910 -0.972297
v -4.143300 22.942114 -0.763929
v -3.787518 22.713398 -0.526203
v -3.401475 22.572556 -0.268257
v -3.341424 27.427444 -0.341424
v -3.669729 27.286602 -0.669729
v -3.972297 27.057886 -0.972297
v -4.237500 26.750090 -1.237500
v -4.455144 26.375034 -1.455147
v -4.616871 25.947142 -1.616871
v -4.716462 25.482849 -1.716462
v -4.750089 25.000000 -1.750089
v -4.716462 24.517149 -1.716462
v -4.616871 24.052858 -1.616871
v -4.455144 23.624966 -1.455147
v -4.237500 23.249910 -1.237500
v -3.972297 22.942114 -0.972297
v -3.669729 22.713398 -0.669729
v -3.341424 22.572556 -0.341424
v -3.268257 27.427444 -0.401475
v -3.526203 27.286602 -0.787518
v -3.763929 27.057886 -1.143300
v -3.972297 26.750090 -1.455147
v -4.143300 26.375034 -1.711071
v -4.270368 25.947142 -1.901241
v -4.348614 25.482849 -2.018346
v -4.375035 25.000000 -2.057886
v -4.348614 24.517149 -2.018346
v -4.270368 24.052858 -1.901241
v -4.143300 23.624966 -1.711071
v -3.972297 23.249910 -1.455147
v -3.763929 22.942114 -1.143300
v -3.526203 22.713398 -0.787518
v -3.268257 22.572556 -0.401475
v -3.184779 27.427444 -0.446094
v -3.362454 27.286602 -0.875043
v -3.526203 27.057886 -1.270368
v -3.669729 26.750090 -1.616871
v -3.787518 26.375034 -1.901238
v -3.875046 25.947142 -2.112543
v -3.928941 25.482849 -2.242665
v -3.947139 25.000000 -2.286600
v -3.928941 24.517149 -2.242665
v -3.875046 24.052858 -2.112543
v -3.787518 23.624966 -1.901238
v -3.669729 23.249910 -1.616871
v -3.526203 22.942114 -1.270368
v -3.362454 22.713398 -0.875043
v -3.184779 22.572556 -0.446094
v -3.094200 27.427444 -0.473571
v -3.184779 27.286602 -0.928941
v -3.268257 27.057886 -1.348614
v -3.341424 26.750090 -1.716462
v -3.401472 26.375034 -2.018346
v -3.446094 25.947142 -2.242665
v -3.473571 25.482849 -2.380800
v -3.482847 25.000000 -2.427441
v -3.473571 24.517149 -2.380800
v -3.446094 24.052858 -2.242665
v -3.401472 23.624966 -2.018346
v -3.341424 23.249910 -1.716462
v -3.268257 22.942114 -1.348614
v -3.184779 22.713398 -0.928941
v -3.094200 22.572556 -0.473571
v -3.000000 27.427444 -0.482847
v -3.000000 27.286602 -0.947142
v -3.000000 27.057886 -1.375035
v -3.000000 26.750090 -1.750089
v -3.000000 26.375034 -2.057886
v -3.000000 25.947142 -2.286600
v -3.000000 25.482849 -2.427444
v -3.000000 25.000000 -2.474997
v -3.000000 24.517149 -2.427444
v -3.000000 24.052858 -2.286600
v -3.000000 23.624966 -2.057886
v -3.000000 23.249910 -1.750089
v -3.000000 22.942114 -1.375035
v -3.000000 22.713398 -0.947142
v -3.000000 22.572556 -0.482847
v -2.905800 27.427444 -0.473571
v -2.815221 27.286602 -0.928941
v -2.731743 27.057886 -1.348614
v -2.658576 26.750090 -1.716462
v -2.598525 26.375034 -2.018346
v -2.553906 25.947142 -2.242665
v -2.526429 25.482849 -2.380800
v -2.517150 25.000000 -2.427441
v -2.526429 24.517149 -2.380800
v -2.553906 24.052858 -2.242665
v -2.598525 23.624966 -2.018346
v -2.658576 23.249910 -1.716462
v -2.731743 22.942114 -1.348614
v -2.815221 22.713398 -0.928941
v -2.905800 22.572556 -0.473571
v -2.815221 27.427444 -0.446094
v -2.637546 27.286602 -0.875043
v -2.473797 27.057886 -1.270368
v -2.330271 26.750090 -1.616871
v -2.212482 26.375034 -1.901238
v -2.124957 25.947142 -2.112543
v -2.071059 25.482849 -2.242665
v -2.052858 25.000000 -2.286600
v -2.071059 24.517149 -2.242665
v -2.124957 24.052858 -2.112543
v -2.212482 23.624966 -1.901238
v -2.330271 23.249910 -1.616871
v -2.473797 22.942114 -1.270368
v -2.637546 22.713398 -0.875043
v -2.815221 22.572556 -0.446094
v -2.731743 27.427444 -0.401475
v -2.473797 27.286602 -0.787518
v -2.236071 27.057886 -1.143300
v -2.027703 26.750090 -1.455147
v -1.856700 26.375034 -1.711071
v -1.729632 25.947142 -1.901238
v -1.651386 25.482849 -2.018346
v -1.624965 25.000000 -2.057886
v -1.651386 24.517149 -2.018346
v -1.729632 24.052858 -1.901238
v -1.856700 23.624966 -1.711071
v -2.027703 23.249910 -1.455147
v -2.236071 22.942114 -1.143300
v -2.473797 22.713398 -0.787518
v -2.731743 22.572556 -0.401475
v -2.658576 27.427444 -0.341424
v -2.330271 27.286602 -0.669729
v -2.027703 27.057886 -0.972297
v -1.762500 26.750090 -1.237500
v -1.544853 26.375034 -1.455144
v -1.383129 25.947142 -1.616871
v -1.283538 25.482849 -1.716462
v -1.249911 25.000000 -1.750086
v -1.283538 24.517149 -1.716462
v -1.383129 24.052858 -1.616871
v -1.544853 23.624966 -1.455144
v -1.762500 23.249910 -1.237500
v -2.027703 22.942114 -0.972297
v -2.330271 22.713398 -0.669729
v -2.658576 22.572556 -0.341424
v -3.000000 22.525000 0.000000
v -2.598525 27.427444 -0.268257
v -2.212482 27.286602 -0.526203
v -1.856700 27.057886 -0.763929
v -1.544853 26.750090 -0.972297
v -1.288929 26.375034 -1.143300
v -1.098762 25.947142 -1.270368
v -0.981654 25.482849 -1.348614
v -0.942114 25.000000 -1.375035
v -0.981654 24.517149 -1.348614
v -1.098762 24.052858 -1.270368
v -1.288929 23.624966 -1.143300
v -1.544853 23.249910 -0.972297
v -1.856700 22.942114 -0.763929
v -2.212482 22.713398 -0.526203
v -2.598525 22.572556 -0.268257
v -2.553906 27.427444 -0.184779
v -2.124957 27.286602 -0.362454
v -1.729632 27.057886 -0.526203
v -1.383129 26.750090 -0.669729
v -1.098762 26.375034 -0.787518
v -0.887457 25.947142 -0.875043
v -0.757335 25.482849 -0.928941
v -0.713400 25.000000 -0.947139
v -0.757335 24.517149 -0.928941
v -0.887457 24.052858 -0.875043
v -1.098762 23.624966 -0.787518
v -1.383129 23.249910 -0.669729
v -1.729632 22.942114 -0.526203
v -2.124957 22.713398 -0.362454
v -2.553906 22.572556 -0.184779
v -2.526429 27.427444 -0.094200
v -2.071059 27.286602 -0.184779
v -1.651386 27.057886 -0.268257
v -1.283538 26.750090 -0.341424
v -0.981654 26.375034 -0.401472
v -0.757335 25.947142 -0.446094
v -0.619200 25.482849 -0.473571
v -0.572559 25.000000 -0.482847
v -0.619200 24.517151 -0.473571
v -0.757335 24.052858 -0.446094
v -0.981654 23.624966 -0.401472
v -1.283538 23.249910 -0.341424
v -1.651386 22.942114 -0.268257
v -2.071059 22.713398 -0.184779
v -2.526429 22.572556 -0.094200
v -2.517153 27.427444 -0.000000
v -2.052858 27.286602 -0.000000
v -1.624965 27.057886 -0.000000
v -1.249911 26.750090 0.000000
v -0.942114 26.375034 0.000000
v -0.713400 25.947142 0.000000
v -0.572559 25.482849 0.000000
v -0.525003 25.000000 0.000000
v -0.572559 24.517151 0.000000
v -0.713400 24.052858 0.000000
v -0.942114 23.624966 0.000000
v -1.249911 23.249910 0.000000
v -1.624965 22.942114 0.000000
v -2.052858 22.713398 0.000000
v -2.517153 22.572556 0.000000
v -2.526429 27.427444 0.094200
v -2.071059 27.286602 0.184779
v -1.651386 27.057886 0.268257
v -1.283538 26.750090 0.341424
v -0.981657 26.375034 0.401475
v -0.757335 25.947142 0.446094
v -0.619200 25.482849 0.473571
v -0.572559 25.000000 0.482850
v -0.619200 24.517151 0.473571
v -0.757335 24.052858 0.446094
v -0.981657 23.624966 0.401475
v -1.283538 23.249910 0.341424
v -1.651386 22.942114 0.268257
v -2.071059 22.713398 0.184779
v -2.526429 22.572556 0.094200
v -2.553906 27.427444 0.184779
v -2.124957 27.286602 0.362454
v -1.729632 27.057886 0.526203
v -1.383129 26.750090 0.669729
v -1.098762 26.375034 0.787518
v -0.887457 25.947142 0.875043
v -0.757335 25.482851 0.928944
v -0.713400 25.000000 0.947142
v -0.757335 24.517151 0.928944
v -0.887457 24.052858 0.875043
v -1.098762 23.624966 0.787518
v -1.383129 23.249910 0.669729
v -1.729632 22.942114 0.526203
v -2.124957 22.713398 0.362454
v -2.553906 22.572556 0.184779
v -2.598528 27.427444 0.268257
v -2.212482 27.286602 0.526203
v -1.856700 27.057886 0.763929
v -1.544853 26.750090 0.972297
v -1.288932 26.375034 1.143300
v -1.098762 25.947142 1.270368
v -0.981657 25.482851 1.348614
v -0.942117 25.000000 1.375035
v -0.981657 24.517151 1.348614
v -1.098762 24.052858 1.270368
v -1.288932 23.624966 1.143300
v -1.544853 23.249910 0.972297
v -1.856700 22.942114 0.763929
v -2.212482 22.713398 0.526203
v -2.598528 22.572556 0.268257
v -2.658576 27.427444 0.341424
v -2.330271 27.286602 0.669729
v -2.027703 27.057886 0.972297
v -1.762500 26.750090 1.237500
v -1.544856 26.375034 1.455144
v -1.383129 25.947142 1.616871
v -1.283541 25.482851 1.716462
v -1.249914 25.000000 1.750089
v -1.283541 24.517151 1.716462
v -1.383129 24.052858 1.616871
v -1.544856 23.624966 1.455144
v -1.762500 23.249910 1.237500
v -2.027703 22.942114 0.972297
v -2.330271 22.713398 0.669729
v -2.658576 22.572556 0.341424
v -2.731743 27.427444 0.401472
v -2.473797 27.286602 0.787518
v -2.236071 27.057886 1.143300
v -2.027703 26.750090 1.455147
v -1.856700 26.375034 1.711071
v -1.729632 25.947142 1.901238
v -1.651386 25.482851 2.018346
v -1.624965 25.000000 2.057886
v -1.651386 24.517151 2.018346
v -1.729632 24.052858 1.901238
v -1.856700 23.624966 1.711071
v -2.027703 23.249910 1.455147
v -2.236071 22.942114 1.143300
v -2.473797 22.713398 0.787518
v -2.731743 22.572556 0.401472
v -2.815221 27.427444 0.446094
v -2.637546 27.286602 0.875043
v -2.473797 27.057886 1.270368
v -2.330271 26.750090 1.616871
v -2.212482 26.375034 1.901238
v -2.124957 25.947142 2.112543
v -2.071059 25.482851 2.242665
v -2.052861 25.000000 2.286600
v -2.071059 24.517151 2.242665
v -2.124957 24.052858 2.112543
v -2.212482 23.624966 1.901238
v -2.330271 23.249910 1.616871
v -2.473797 22.942114 1.270368
v -2.637546 22.713398 0.875043
v -2.815221 22.572556 0.446094
v -2.905800 27.427444 0.473571
v -2.815221 27.286602 0.928941
v -2.731746 27.057886 1.348614
v -2.658576 26.750090 1.716462
v -2.598528 26.375034 2.018343
v -2.553906 25.947142 2.242665
v -2.526429 25.482851 2.380800
v -2.517153 25.000000 2.427441
v -2.526429 24.517151 2.380800
v -2.553906 24.052858 2.242665
v -2.598528 23.624966 2.018343
v -2.658576 23.249910 1.716462
v -2.731746 22.942114 1.348614
v -2.815221 22.713398 0.928941
v -2.905800 22.572556 0.473571
v -3.000000 27.427444 0.482847
v -3.000000 27.286602 0.947142
v -3.000000 26.750090 1.750089
v -3.000000 25.947142 2.286600
v -3.000000 24.052858 2.286600
v -3.000000 23.249910 1.750089
v -3.000000 22.942114 1.375035
v -3.000000 22.713398 0.947142
v -3.000000 22.572556 0.482847
v -0.723000 22.723000 -0.074250
v -5.277000 22.723000 -0.074250
v -0.723000 27.277000 -0.074250
v -5.277000 27.277000 -0.074250
v -1.020000 22.723000 -0.074250
v -2.010000 22.723000 -0.074250
v -3.000000 22.030001 -0.074250
v -3.990000 22.723000 -0.074250
v -4.980000 22.723000 -0.074250
v -4.980000 27.277000 -0.074250
v -3.990000 27.277000 -0.074250
v -3.000000 27.969999 -0.074250
v -2.010000 27.277000 -0.074250
v -1.020000 27.277000 -0.074250
v -0.723000 26.980000 -0.074250
v -0.723000 25.990000 -0.074250
v -0.030000 25.000000 -0.074250
v -0.723000 24.010000 -0.074250
v -0.723000 23.020000 -0.074250
v -5.277000 23.020000 -0.074250
v -5.277000 24.010000 -0.074250
v -5.970000 25.000000 -0.074250
v -5.277000 25.990000 -0.074250
v -5.277000 26.980000 -0.074250
v -1.020000 23.020000 -0.371250
v -1.020000 24.010000 -0.371250
v -1.020000 25.000000 -0.371250
v -1.020000 25.990000 -0.371250
v -1.020000 26.980000 -0.371250
v -2.010000 23.020000 -0.371250
v -2.010000 26.980000 -0.371250
v -3.000000 23.020000 -0.371250
v -3.000000 26.980000 -0.371250
v -3.990000 23.020000 -0.371250
v -3.990000 26.980000 -0.371250
v -4.980000 23.020000 -0.371250
v -4.980000 24.010000 -0.371250
v -4.980000 25.000000 -0.371250
v -4.980000 25.990000 -0.371250
v -4.980000 26.980000 -0.371250
v -0.723000 22.723000 0.074250
v -5.277000 22.723000 0.074250
v -0.723000 27.277000 0.074250
v -5.277000 27.277000 0.074250
v -1.020000 22.723000 0.074250
v -2.010000 22.723000 0.074250
v -3.000000 22.030001 0.074250
v -3.990000 22.723000 0.074250
v -4.980000 22.723000 0.074250
v -4.980000 27.277000 0.074250
v -3.990000 27.277000 0.074250
v -3.000000 27.969999 0.074250
v -2.010000 27.277000 0.074250
v -1.020000 27.277000 0.074250
v -0.723000 26.980000 0.074250
v -0.723000 25.990000 0.074250
v -0.030000 25.000000 0.074250
v -0.723000 24.010000 0.074250
v -0.723000 23.020000 0.074250
v -5.277000 23.020000 0.074250
v -5.277000 24.010000 0.074250
v -5.970000 25.000000 0.074250
v -5.277000 25.990000 0.074250
v -5.277000 26.980000 0.074250
v -1.020000 23.020000 0.371250
v -1.020000 24.010000 0.371250
v -1.020000 25.000000 0.371250
v -1.020000 25.990000 0.371250
v -1.020000 26.980000 0.371250
v -2.010000 23.020000 0.371250
v -2.010000 26.980000 0.371250
v -3.000000 23.020000 0.371250
v -3.000000 26.980000 0.371250
v -3.990000 23.020000 0.371250
v -3.990000 26.980000 0.371250
v -4.980000 23.020000 0.371250
v -4.980000 24.010000 0.371250
v -4.980000 25.000000 0.371250
v -4.980000 25.990000 0.371250
v -4.980000 26.980000 0.371250
vn -0.0624 0.7715 0.6332
vn -0.0759 -0.6326 0.7708
vn -0.0759 0.6326 0.7708
vn -0.0624 -0.7715 0.6332
vn -0.0865 0.4696 0.8786
vn -0.0464 -0.8810 0.4709
vn -0.0938 0.2890 0.9527
vn -0.0286 -0.9566 0.2902
vn -0.0976 0.0976 0.9904
vn -0.0097 0.9951 0.0980
vn -0.0097 -0.9951 0.0980
vn -0.0976 -0.0976 0.9904
vn -0.0286 0.9566 0.2902
vn -0.0938 -0.2890 0.9527
vn -0.0464 0.8810 0.4709
vn -0.0865 -0.4696 0.8786
vn -0.2779 -0.2890 0.9161
vn -0.1374 0.8810 0.4528
vn -0.2563 -0.4696 0.8448
vn -0.1847 0.7715 0.6088
vn -0.2248 -0.6326 0.7412
vn -0.2248 0.6326 0.7412
vn -0.1847 -0.7715 0.6088
vn -0.2563 0.4696 0.8448
vn -0.1374 -0.8810 0.4528
vn -0.2779 0.2890 0.9161
vn -0.0846 -0.9566 0.2790
vn -0.2889 0.0976 0.9524
vn -0.0286 0.9951 0.0942
vn -0.0286 -0.9951 0.0942
vn -0.2889 -0.0976 0.9524
vn -0.0846 0.9566 0.2790
vn -0.2231 -0.8810 0.4173
vn -0.4513 0.2890 0.8443
vn -0.1374 -0.9565 0.2571
vn -0.4692 0.0976 0.8777
vn -0.0464 0.9951 0.0869
vn -0.0464 -0.9951 0.0869
vn -0.4692 -0.0976 0.8777
vn -0.1374 0.9565 0.2571
vn -0.4513 -0.2890 0.8443
vn -0.2231 0.8810 0.4173
vn -0.4162 -0.4696 0.7786
vn -0.2999 0.7715 0.5611
vn -0.3651 -0.6326 0.6831
vn -0.3651 0.6326 0.6831
vn -0.2999 -0.7715 0.5611
vn -0.4162 0.4696 0.7786
vn -0.5601 -0.4696 0.6825
vn -0.4036 0.7715 0.4918
vn -0.4913 -0.6326 0.5987
vn -0.4913 0.6326 0.5987
vn -0.4036 -0.7715 0.4918
vn -0.5601 0.4696 0.6825
vn -0.3002 -0.8810 0.3658
vn -0.6073 0.2890 0.7400
vn -0.1850 -0.9565 0.2254
vn -0.6314 0.0975 0.7693
vn -0.0625 0.9951 0.0761
vn -0.0625 -0.9951 0.0761
vn -0.6314 -0.0975 0.7693
vn -0.1850 0.9565 0.2254
vn -0.6073 -0.2890 0.7400
vn -0.3002 0.8810 0.3658
vn -0.2254 -0.9565 0.1850
vn -0.7693 0.0975 0.6314
vn -0.0761 0.9951 0.0625
vn -0.0761 -0.9951 0.0625
vn -0.7693 -0.0975 0.6314
vn -0.2254 0.9565 0.1850
vn -0.7400 -0.2890 0.6073
vn -0.3658 0.8810 0.3002
vn -0.6825 -0.4696 0.5601
vn -0.4918 0.7715 0.4036
vn -0.5987 -0.6326 0.4913
vn -0.5987 0.6326 0.4913
vn -0.4918 -0.7715 0.4036
vn -0.6825 0.4696 0.5601
vn -0.3658 -0.8810 0.3002
vn -0.7400 0.2890 0.6073
vn -0.5611 0.7715 0.2999
vn -0.6831 -0.6326 0.3651
vn -0.6831 0.6326 0.3651
vn -0.5611 -0.7715 0.2999
vn -0.7786 0.4696 0.4162
vn -0.4173 -0.8810 0.2231
vn -0.8443 0.2890 0.4513
vn -0.2571 -0.9565 0.1374
vn -0.8777 0.0975 0.4691
vn -0.0869 0.9951 0.0464
vn -0.0869 -0.9951 0.0464
vn -0.8777 -0.0975 0.4691
vn -0.2571 0.9565 0.1374
vn -0.8443 -0.2890 0.4513
vn -0.4173 0.8810 0.2231
vn -0.7786 -0.4696 0.4162
vn -0.9524 0.0975 0.2889
vn -0.0942 0.9951 0.0286
vn -0.0942 -0.9951 0.0286
vn -0.9524 -0.0975 0.2889
vn -0.2790 0.9565 0.0846
vn -0.9161 -0.2890 0.2779
vn -0.4528 0.8810 0.1374
vn -0.8448 -0.4696 0.2563
vn -0.6088 0.7715 0.1847
vn -0.7412 -0.6326 0.2248
vn -0.7412 0.6326 0.2248
vn -0.6088 -0.7715 0.1847
vn -0.8448 0.4696 0.2563
vn -0.4528 -0.8810 0.1374
vn -0.9161 0.2890 0.2779
vn -0.2790 -0.9565 0.0846
vn -0.7708 -0.6326 0.0759
vn -0.7708 0.6326 0.0759
vn -0.6332 -0.7715 0.0624
vn -0.8786 0.4696 0.0865
vn -0.4709 -0.8810 0.0464
vn -0.9527 0.2890 0.0938
vn -0.2902 -0.9565 0.0286
vn -0.9904 0.0976 0.0976
vn -0.0980 0.9951 0.0097
vn -0.0980 -0.9951 0.0097
vn -0.9904 -0.0976 0.0976
vn -0.2902 0.9565 0.0286
vn -0.9527 -0.2890 0.0938
vn -0.4709 0.8810 0.0464
vn -0.8786 -0.4696 0.0865
vn -0.6332 0.7715 0.0624
vn -0.0980 0.9951 -0.0097
vn -0.0980 -0.9951 -0.0097
vn -0.9904 -0.0976 -0.0976
vn -0.2902 0.9565 -0.0286
vn -0.9527 -0.2890 -0.0938
vn -0.4709 0.8810 -0.0464
vn -0.8786 -0.4696 -0.0865
vn -0.6332 0.7715 -0.0624
vn -0.7708 -0.6326 -0.0759
vn -0.7708 0.6326 -0.0759
vn -0.6332 -0.7715 -0.0624
vn -0.8786 0.4696 -0.0865
vn -0.4709 -0.8810 -0.0464
vn -0.9527 0.2890 -0.0938
vn -0.2902 -0.9565 -0.0286
vn -0.9904 0.0976 -0.0976
vn -0.7412 0.6326 -0.2248
vn -0.6088 -0.7715 -0.1847
vn -0.8448 0.4696 -0.2563
vn -0.4528 -0.8810 -0.1374
vn -0.9161 0.2890 -0.2779
vn -0.2790 -0.9565 -0.0846
vn -0.9524 0.0975 -0.2889
vn -0.0942 0.9951 -0.0286
vn -0.0942 -0.9951 -0.0286
vn -0.9524 -0.0975 -0.2889
vn -0.2790 0.9565 -0.0846
vn -0.9161 -0.2890 -0.2779
vn -0.4528 0.8810 -0.1374
vn -0.8448 -0.4696 -0.2563
vn -0.6088 0.7715 -0.1847
vn -0.7412 -0.6326 -0.2248
vn -0.8777 -0.0975 -0.4691
vn -0.2571 0.9565 -0.1374
vn -0.8443 -0.2890 -0.4513
vn -0.4173 0.8810 -0.2231
vn -0.7786 -0.4696 -0.4162
vn -0.5611 0.7715 -0.2999
vn -0.6831 -0.6326 -0.3651
vn -0.6831 0.6326 -0.3651
vn -0.5611 -0.7715 -0.2999
vn -0.7786 0.4696 -0.4162
vn -0.4173 -0.8810 -0.2231
vn -0.8443 0.2890 -0.4513
vn -0.2571 -0.9565 -0.1374
vn -0.8777 0.0975 -0.4692
vn -0.0869 0.9951 -0.0464
vn -0.0869 -0.9951 -0.0464
vn -0.4918 -0.7715 -0.4036
vn -0.6825 0.4696 -0.5601
vn -0.3658 -0.8810 -0.3002
vn -0.7400 0.2890 -0.6073
vn -0.2254 -0.9565 -0.1850
vn -0.7693 0.0975 -0.6314
vn -0.0761 0.9951 -0.0625
vn -0.0761 -0.9951 -0.0625
vn -0.7693 -0.0975 -0.6314
vn -0.2254 0.9565 -0.1850
vn -0.7400 -0.2890 -0.6073
vn -0.3658 0.8810 -0.3002
vn -0.6825 -0.4696 -0.5601
vn -0.4918 0.7715 -0.4036
vn -0.5987 -0.6326 -0.4913
vn -0.5987 0.6326 -0.4913
vn -0.6073 -0.2890 -0.7400
vn -0.3002 0.8810 -0.3658
vn -0.5601 -0.4696 -0.6825
vn -0.4036 0.7715 -0.4918
vn -0.4913 -0.6326 -0.5987
vn -0.4913 0.6326 -0.5987
vn -0.4036 -0.7715 -0.4918
vn -0.5601 0.4696 -0.6825
vn -0.3002 -0.8810 -0.3658
vn -0.6073 0.2890 -0.7400
vn -0.1850 -0.9565 -0.2254
vn -0.6314 0.0975 -0.7693
vn -0.0625 0.9951 -0.0761
vn -0.0625 -0.9951 -0.0761
vn -0.6314 -0.0975 -0.7693
vn -0.1850 0.9565 -0.2254
vn -0.2231 -0.8810 -0.4173
vn -0.4513 0.2890 -0.8443
vn -0.1374 -0.9565 -0.2571
vn -0.4691 0.0975 -0.8777
vn -0.0464 0.9951 -0.0869
vn -0.0464 -0.9951 -0.0869
vn -0.4691 -0.0975 -0.8777
vn -0.1374 0.9565 -0.2571
vn -0.4513 -0.2890 -0.8443
vn -0.2231 0.8810 -0.4173
vn -0.4162 -0.4696 -0.7786
vn -0.2999 0.7715 -0.5611
vn -0.3651 -0.6326 -0.6831
vn -0.3651 0.6326 -0.6831
vn -0.2999 -0.7715 -0.5611
vn -0.4162 0.4696 -0.7786
vn -0.1374 0.8810 -0.4528
vn -0.2563 -0.4696 -0.8448
vn -0.1847 0.7715 -0.6088
vn -0.2248 -0.6326 -0.7412
vn -0.2248 0.6326 -0.7412
vn -0.1847 -0.7715 -0.6088
vn -0.2563 0.4696 -0.8448
vn -0.1374 -0.8810 -0.4528
vn -0.2779 0.2890 -0.9161
vn -0.0846 -0.9565 -0.2790
vn -0.2889 0.0975 -0.9524
vn -0.0286 0.9951 -0.0942
vn -0.0286 -0.9951 -0.0942
vn -0.2889 -0.0975 -0.9524
vn -0.0846 0.9565 -0.2790
vn -0.2779 -0.2890 -0.9161
vn -0.0938 0.2890 -0.9527
vn -0.0286 -0.9565 -0.2902
vn -0.0976 0.0975 -0.9904
vn -0.0097 0.9951 -0.0980
vn -0.0097 -0.9951 -0.0980
vn -0.0976 -0.0975 -0.9904
vn -0.0286 0.9565 -0.2902
vn -0.0938 -0.2890 -0.9527
vn -0.0464 0.8810 -0.4709
vn -0.0865 -0.4696 -0.8786
vn -0.0624 0.7715 -0.6332
vn -0.0759 -0.6326 -0.7708
vn -0.0759 0.6326 -0.7708
vn -0.0624 -0.7715 -0.6332
vn -0.0865 0.4696 -0.8786
vn -0.0464 -0.8810 -0.4709
vn 0.0865 -0.4696 -0.8786
vn 0.0624 0.7715 -0.6332
vn 0.0759 -0.6326 -0.7708
vn 0.0759 0.6326 -0.7708
vn 0.0624 -0.7715 -0.6332
vn 0.0865 0.4696 -0.8786
vn 0.0464 -0.8810 -0.4709
vn 0.0938 0.2890 -0.9527
vn 0.0286 -0.9565 -0.2902
vn 0.0976 0.0975 -0.9904
vn 0.0097 0.9951 -0.0980
vn 0.0097 -0.9951 -0.0980
vn 0.0976 -0.0975 -0.9904
vn 0.0286 0.9565 -0.2902
vn 0.0938 -0.2890 -0.9527
vn 0.0464 0.8810 -0.4709
vn 0.0846 -0.9565 -0.2790
vn 0.2889 0.0975 -0.9524
vn 0.0286 0.9951 -0.0942
vn 0.0286 -0.9951 -0.0942
vn 0.2889 -0.0975 -0.9524
vn 0.0846 0.9565 -0.2790
vn 0.2779 -0.2890 -0.9161
vn 0.1374 0.8810 -0.4528
vn 0.2563 -0.4696 -0.8448
vn 0.1847 0.7715 -0.6088
vn 0.2248 -0.6326 -0.7412
vn 0.2248 0.6326 -0.7412
vn 0.1847 -0.7715 -0.6088
vn 0.2563 0.4696 -0.8448
vn 0.1374 -0.8810 -0.4528
vn 0.2779 0.2890 -0.9161
vn 0.2999 0.7715 -0.5611
vn 0.3651 -0.6326 -0.6831
vn 0.3651 0.6326 -0.6831
vn 0.2999 -0.7715 -0.5611
vn 0.4162 0.4696 -0.7786
vn 0.2231 -0.8810 -0.4173
vn 0.4513 0.2890 -0.8443
vn 0.1374 -0.9565 -0.2571
vn 0.4691 0.0975 -0.8777
vn 0.0464 0.9951 -0.0869
vn 0.0464 -0.9951 -0.0869
vn 0.4691 -0.0975 -0.8777
vn 0.1374 0.9565 -0.2571
vn 0.4513 -0.2890 -0.8443
vn 0.2231 0.8810 -0.4173
vn 0.4162 -0.4696 -0.7786
vn 0.6314 0.0975 -0.7693
vn 0.0625 0.9951 -0.0761
vn 0.0625 -0.9951 -0.0761
vn 0.6314 -0.0975 -0.7693
vn 0.1850 0.9565 -0.2254
vn 0.6073 -0.2890 -0.7400
vn 0.3002 0.8810 -0.3658
vn 0.5601 -0.4696 -0.6825
vn 0.4036 0.7715 -0.4918
vn 0.4913 -0.6326 -0.5987
vn 0.4913 0.6326 -0.5987
vn 0.4036 -0.7715 -0.4918
vn 0.5601 0.4696 -0.6825
vn 0.3002 -0.8810 -0.3658
vn 0.6073 0.2890 -0.7400
vn 0.1850 -0.9565 -0.2254
vn 0.5987 -0.6326 -0.4913
vn 0.5987 0.6326 -0.4913
vn 0.4918 -0.7715 -0.4036
vn 0.6825 0.4696 -0.5601
vn 0.3658 -0.8810 -0.3002
vn 0.7400 0.2890 -0.6073
vn 0.2254 -0.9565 -0.1850
vn 0.7693 0.0975 -0.6314
vn 0.0761 0.9951 -0.0625
vn 0.0761 -0.9951 -0.0625
vn 0.7693 -0.0975 -0.6314
vn 0.2254 0.9565 -0.1850
vn 0.7400 -0.2890 -0.6073
vn 0.3658 0.8810 -0.3002
vn 0.6825 -0.4696 -0.5601
vn 0.4918 0.7715 -0.4036
vn 0.0869 -0.9951 -0.0464
vn 0.8777 -0.0975 -0.4691
vn 0.2571 0.9565 -0.1374
vn 0.8443 -0.2890 -0.4513
vn 0.4173 0.8810 -0.2231
vn 0.7786 -0.4696 -0.4162
vn 0.5611 0.7715 -0.2999
vn 0.6831 -0.6326 -0.3651
vn 0.6831 0.6326 -0.3651
vn 0.5611 -0.7715 -0.2999
vn 0.7786 0.4696 -0.4162
vn 0.4173 -0.8810 -0.2231
vn 0.8443 0.2890 -0.4513
vn 0.2571 -0.9565 -0.1374
vn 0.8777 0.0975 -0.4691
vn 0.0869 0.9951 -0.0464
vn 0.6088 -0.7715 -0.1847
vn 0.8448 0.4696 -0.2563
vn 0.4528 -0.8810 -0.1374
vn 0.9161 0.2890 -0.2779
vn 0.2790 -0.9565 -0.0846
vn 0.9524 0.0975 -0.2889
vn 0.0942 0.9951 -0.0286
vn 0.0942 -0.9951 -0.0286
vn 0.9524 -0.0975 -0.2889
vn 0.2790 0.9565 -0.0846
vn 0.9161 -0.2890 -0.2779
vn 0.4528 0.8810 -0.1374
vn 0.8448 -0.4696 -0.2563
vn 0.6088 0.7715 -0.1847
vn 0.7412 -0.6326 -0.2248
vn 0.7412 0.6326 -0.2248
vn 0.2902 0.9565 -0.0286
vn 0.9527 -0.2890 -0.0938
vn 0.4709 0.8810 -0.0464
vn 0.8786 -0.4696 -0.0865
vn 0.6332 0.7715 -0.0624
vn 0.7708 -0.6326 -0.0759
vn 0.7708 0.6326 -0.0759
vn 0.6332 -0.7715 -0.0624
vn 0.8786 0.4696 -0.0865
vn 0.4709 -0.8810 -0.0464
vn 0.9527 0.2890 -0.0938
vn 0.2902 -0.9565 -0.0286
vn 0.9904 0.0975 -0.0975
vn 0.0980 0.9951 -0.0097
vn 0.0980 -0.9951 -0.0097
vn 0.9904 -0.0975 -0.0975
vn 0.8786 0.4696 0.0865
vn 0.4709 -0.8810 0.0464
vn 0.9527 0.2890 0.0938
vn 0.2902 -0.9565 0.0286
vn 0.9904 0.0975 0.0975
vn 0.0980 0.9951 0.0097
vn 0.0980 -0.9951 0.0097
vn 0.9904 -0.0975 0.0975
vn 0.2902 0.9565 0.0286
vn 0.9527 -0.2890 0.0938
vn 0.4709 0.8810 0.0464
vn 0.8786 -0.4696 0.0865
vn 0.6332 0.7715 0.0624
vn 0.7708 -0.6326 0.0759
vn 0.7708 0.6326 0.0759
vn 0.6332 -0.7715 0.0624
vn 0.9161 -0.2890 0.2779
vn 0.4528 0.8810 0.1374
vn 0.8448 -0.4696 0.2563
vn 0.6088 0.7715 0.1847
vn 0.7412 -0.6326 0.2248
vn 0.7412 0.6326 0.2248
vn 0.6088 -0.7715 0.1847
vn 0.8448 0.4696 0.2563
vn 0.4528 -0.8810 0.1374
vn 0.9161 0.2890 0.2779
vn 0.2790 -0.9565 0.0846
vn 0.9524 0.0975 0.2889
vn 0.0942 0.9951 0.0286
vn 0.0942 -0.9951 0.0286
vn 0.9524 -0.0975 0.2889
vn 0.2790 0.9565 0.0846
vn 0.4173 -0.8810 0.2231
vn 0.8443 0.2890 0.4513
vn 0.2571 -0.9565 0.1374
vn 0.8777 0.0975 0.4692
vn 0.0869 0.9951 0.0464
vn 0.0869 -0.9951 0.0464
vn 0.8777 -0.0975 0.4692
vn 0.2571 0.9565 0.1374
vn 0.8443 -0.2890 0.4513
vn 0.4173 0.8810 0.2231
vn 0.7786 -0.4696 0.4162
vn 0.5611 0.7715 0.2999
vn 0.6831 -0.6326 0.3651
vn 0.6831 0.6326 0.3651
vn 0.5611 -0.7715 0.2999
vn 0.7786 0.4696 0.4162
vn 0.3658 0.8810 0.3002
vn 0.6825 -0.4696 0.5601
vn 0.4918 0.7715 0.4036
vn 0.5987 -0.6326 0.4913
vn 0.5987 0.6326 0.4913
vn 0.4918 -0.7715 0.4036
vn 0.6825 0.4696 0.5601
vn 0.3658 -0.8810 0.3002
vn 0.7400 0.2890 0.6073
vn 0.2254 -0.9566 0.1850
vn 0.7693 0.0975 0.6314
vn 0.0761 0.9951 0.0625
vn 0.0761 -0.9951 0.0625
vn 0.7693 -0.0975 0.6314
vn 0.2254 0.9565 0.1850
vn 0.7400 -0.2890 0.6073
vn 0.6073 0.2890 0.7400
vn 0.1850 -0.9565 0.2254
vn 0.6314 0.0975 0.7693
vn 0.0625 0.9951 0.0761
vn 0.0625 -0.9951 0.0761
vn 0.6314 -0.0975 0.7693
vn 0.1850 0.9565 0.2254
vn 0.6073 -0.2890 0.7400
vn 0.3002 0.8810 0.3658
vn 0.5601 -0.4696 0.6825
vn 0.4036 0.7715 0.4918
vn 0.4913 -0.6326 0.5987
vn 0.4913 0.6326 0.5987
vn 0.4036 -0.7715 0.4918
vn 0.5601 0.4696 0.6825
vn 0.3002 -0.8810 0.3658
vn 0.4162 -0.4696 0.7786
vn 0.2999 0.7715 0.5611
vn 0.3651 -0.6326 0.6831
vn 0.3651 0.6326 0.6831
vn 0.2999 -0.7715 0.5611
vn 0.4162 0.4696 0.7786
vn 0.2231 -0.8810 0.4173
vn 0.4513 0.2890 0.8443
vn 0.1374 -0.9565 0.2571
vn 0.4691 0.0975 0.8777
vn 0.0464 0.9951 0.0869
vn 0.0464 -0.9951 0.0869
vn 0.4691 -0.0975 0.8777
vn 0.1374 0.9565 0.2571
vn 0.4513 -0.2890 0.8443
vn 0.2231 0.8810 0.4173
vn 0.0846 -0.9565 0.2790
vn 0.2889 0.0975 0.9524
vn 0.0286 0.9951 0.0942
vn 0.0286 -0.9951 0.0942
vn 0.2889 -0.0975 0.9524
vn 0.0846 0.9565 0.2790
vn 0.2779 -0.2890 0.9161
vn 0.1374 0.8810 0.4528
vn 0.2563 -0.4696 0.8448
vn 0.1847 0.7715 0.6088
vn 0.2248 -0.6326 0.7412
vn 0.2248 0.6326 0.7412
vn 0.1847 -0.7715 0.6088
vn 0.2563 0.4696 0.8448
vn 0.1374 -0.8810 0.4528
vn 0.2779 0.2890 0.9161
vn 0.0759 -0.6326 0.7708
vn 0.0759 0.6326 0.7708
vn 0.0624 -0.7715 0.6332
vn 0.0865 0.4696 0.8786
vn 0.0464 -0.8810 0.4709
vn 0.0938 0.2890 0.9527
vn 0.0286 -0.9565 0.2902
vn 0.0976 0.0975 0.9904
vn 0.0097 0.9951 0.0980
vn 0.0097 -0.9951 0.0980
vn 0.0976 -0.0975 0.9904
vn 0.0286 0.9565 0.2902
vn 0.0938 -0.2890 0.9527
vn 0.0464 0.8810 0.4709
vn 0.0865 -0.4696 0.8786
vn 0.0624 0.7715 0.6332
vn -0.4082 0.4082 -0.8165
vn 0.4082 0.4082 -0.8165
vn -0.0000 0.7071 -0.7071
vn 0.1451 0.4146 -0.8983
vn -0.1451 0.4146 -0.8983
vn -0.0000 -0.7071 -0.7071
vn -0.1451 -0.4146 -0.8983
vn 0.1451 -0.4146 -0.8983
vn 0.4082 -0.4082 -0.8165
vn 0.7071 -0.0000 -0.7071
vn 0.4146 -0.1451 -0.8983
vn 0.4146 0.1451 -0.8983
vn -0.4082 -0.4082 -0.8165
vn -0.7071 -0.0000 -0.7071
vn -0.4146 -0.1451 -0.8983
vn -0.4146 0.1451 -0.8983
vn -0.0000 -0.0000 -1.0000
vn -0.4082 0.4082 0.8165
vn 0.4082 0.4082 0.8165
vn -0.0000 0.7071 0.7071
vn 0.1451 0.4146 0.8983
vn -0.1451 0.4146 0.8983
vn -0.0000 -0.7071 0.7071
vn -0.1451 -0.4146 0.8983
vn 0.1451 -0.4146 0.8983
vn 0.4082 -0.4082 0.8165
vn 0.7071 -0.0000 0.7071
vn 0.4146 -0.1451 0.8983
vn 0.4146 0.1451 0.8983
vn -0.4082 -0.4082 0.8165
vn -0.7071 -0.0000 0.7071
vn -0.4146 -0.1451 0.8983
vn -0.4146 0.1451 0.8983
vn -0.0000 -0.0000 1.0000
vn 1.0000 -0.0000 -0.0000
vn -0.0000 -1.0000 -0.0000
vn -1.0000 -0.0000 -0.0000
vn -0.0000 1.0000 -0.0000
vn 0.5735 -0.8192 -0.0000
vn -0.5735 -0.8192 -0.0000
vn -0.5735 0.8192 -0.0000
vn 0.5735 0.8192 -0.0000
vn 0.8192 0.5735 -0.0000
vn 0.8192 -0.5735 -0.0000
vn -0.8192 -0.5735 -0.0000
vn -0.8192 0.5735 -0.0000
vt 0.170807 0.170807
vt 0.170807 0.128374
vt 0.192024 0.128374
vt 0.192024 0.170807
vt 0.170807 0.510277
vt 0.170807 0.467843
vt 0.192024 0.467843
vt 0.192024 0.510277
vt 0.170807 0.213241
vt 0.192024 0.213241
vt 0.170807 0.552711
vt 0.192024 0.552711
vt 0.170807 0.255675
vt 0.192024 0.255675
vt 0.170807 0.595145
vt 0.192024 0.595145
vt 0.170807 0.298108
vt 0.192024 0.298108
vt 0.170807 0.637578
vt 0.192024 0.637578
vt 0.170807 0.340542
vt 0.192024 0.340542
vt 0.170807 0.043506
vt 0.181416 0.001072
vt 0.192024 0.043506
vt 0.181416 0.680012
vt 0.170807 0.382976
vt 0.192024 0.382976
vt 0.170807 0.085940
vt 0.192024 0.085940
vt 0.170807 0.425410
vt 0.192024 0.425410
vt 0.213241 0.382976
vt 0.213241 0.425410
vt 0.213241 0.085940
vt 0.213241 0.128374
vt 0.213241 0.467843
vt 0.213241 0.170807
vt 0.213241 0.510277
vt 0.213241 0.213241
vt 0.213241 0.552711
vt 0.213241 0.255675
vt 0.213241 0.595145
vt 0.213241 0.298108
vt 0.213241 0.637578
vt 0.213241 0.340542
vt 0.202633 0.001072
vt 0.213241 0.043506
vt 0.202633 0.680012
vt 0.234458 0.552711
vt 0.234458 0.595145
vt 0.234458 0.255675
vt 0.234458 0.298108
vt 0.234458 0.637578
vt 0.234458 0.340542
vt 0.223849 0.001072
vt 0.234458 0.043506
vt 0.223850 0.680012
vt 0.234458 0.382976
vt 0.234458 0.085940
vt 0.234458 0.425410
vt 0.234458 0.128374
vt 0.234458 0.467843
vt 0.234458 0.170807
vt 0.234458 0.510277
vt 0.234458 0.213241
vt 0.255675 0.425410
vt 0.255675 0.467843
vt 0.255675 0.128374
vt 0.255675 0.170807
vt 0.255675 0.510277
vt 0.255675 0.213241
vt 0.255675 0.552711
vt 0.255675 0.255675
vt 0.255675 0.595145
vt 0.255675 0.298108
vt 0.255675 0.637578
vt 0.255675 0.340542
vt 0.245066 0.001072
vt 0.255675 0.043506
vt 0.245066 0.680012
vt 0.255675 0.382976
vt 0.255675 0.085940
vt 0.276892 0.595145
vt 0.276892 0.637578
vt 0.276892 0.298108
vt 0.276892 0.340542
vt 0.266283 0.001072
vt 0.276892 0.043506
vt 0.266283 0.680012
vt 0.276892 0.382976
vt 0.276892 0.085940
vt 0.276892 0.425410
vt 0.276892 0.128374
vt 0.276892 0.467843
vt 0.276892 0.170807
vt 0.276892 0.510277
vt 0.276892 0.213241
vt 0.276892 0.552711
vt 0.276892 0.255675
vt 0.298108 0.128374
vt 0.298108 0.170807
vt 0.298108 0.467843
vt 0.298108 0.510277
vt 0.298108 0.213241
vt 0.298108 0.552711
vt 0.298108 0.255675
vt 0.298108 0.595145
vt 0.298108 0.298108
vt 0.298109 0.637578
vt 0.298108 0.340542
vt 0.287500 0.001072
vt 0.298108 0.043506
vt 0.287500 0.680012
vt 0.298108 0.382976
vt 0.298108 0.085940
vt 0.298108 0.425410
vt 0.319325 0.298108
vt 0.319325 0.340542
vt 0.308717 0.001072
vt 0.319325 0.043506
vt 0.308717 0.680012
vt 0.319325 0.637578
vt 0.319325 0.382976
vt 0.319325 0.085940
vt 0.319325 0.425410
vt 0.319325 0.128374
vt 0.319325 0.467843
vt 0.319325 0.170807
vt 0.319325 0.510277
vt 0.319325 0.213241
vt 0.319325 0.552711
vt 0.319325 0.255675
vt 0.319325 0.595145
vt 0.340542 0.467843
vt 0.340542 0.510277
vt 0.340542 0.170807
vt 0.340542 0.213241
vt 0.340542 0.552711
vt 0.340542 0.255675
vt 0.340542 0.595145
vt 0.340542 0.298108
vt 0.340542 0.637578
vt 0.340542 0.340542
vt 0.329934 0.001072
vt 0.340542 0.043506
vt 0.329934 0.680012
vt 0.340542 0.382976
vt 0.340542 0.085940
vt 0.340542 0.425410
vt 0.340542 0.128374
vt 0.351151 0.001072
vt 0.361759 0.043506
vt 0.351151 0.680012
vt 0.361759 0.637578
vt 0.361759 0.340542
vt 0.361759 0.382976
vt 0.361759 0.085940
vt 0.361759 0.425410
vt 0.361759 0.128374
vt 0.361759 0.467843
vt 0.361759 0.170807
vt 0.361759 0.510277
vt 0.361759 0.213241
vt 0.361759 0.552711
vt 0.361759 0.255675
vt 0.361759 0.595145
vt 0.361759 0.298108
vt 0.382976 0.170807
vt 0.382976 0.213241
vt 0.382976 0.510277
vt 0.382976 0.552711
vt 0.382976 0.255675
vt 0.382976 0.595145
vt 0.382976 0.298108
vt 0.382976 0.637578
vt 0.382976 0.340542
vt 0.372368 0.001072
vt 0.382976 0.043506
vt 0.372368 0.680012
vt 0.382976 0.382976
vt 0.382976 0.085940
vt 0.382976 0.425410
vt 0.382976 0.128373
vt 0.382976 0.467843
vt 0.404193 0.340542
vt 0.404193 0.382976
vt 0.404193 0.043506
vt 0.404193 0.085940
vt 0.404193 0.425410
vt 0.404193 0.128373
vt 0.404193 0.467843
vt 0.404193 0.170807
vt 0.404193 0.510277
vt 0.404193 0.213241
vt 0.404193 0.552711
vt 0.404193 0.255675
vt 0.404193 0.595145
vt 0.404193 0.298108
vt 0.404193 0.637578
vt 0.393584 0.001072
vt 0.393584 0.680012
vt 0.425410 0.510277
vt 0.425410 0.552711
vt 0.425410 0.213241
vt 0.425410 0.255675
vt 0.425410 0.595145
vt 0.425410 0.298108
vt 0.425410 0.637578
vt 0.425410 0.340542
vt 0.414801 0.001072
vt 0.425410 0.043506
vt 0.414801 0.680012
vt 0.425410 0.382976
vt 0.425410 0.085940
vt 0.425410 0.425410
vt 0.425410 0.128373
vt 0.425410 0.467843
vt 0.425410 0.170807
vt 0.446626 0.382976
vt 0.446626 0.425410
vt 0.446626 0.085940
vt 0.446627 0.128373
vt 0.446626 0.467843
vt 0.446627 0.170807
vt 0.446626 0.510277
vt 0.446626 0.213241
vt 0.446627 0.552711
vt 0.446626 0.255675
vt 0.446626 0.595145
vt 0.446626 0.298108
vt 0.446627 0.637578
vt 0.446627 0.340542
vt 0.436018 0.001072
vt 0.446627 0.043506
vt 0.436018 0.680012
vt 0.467843 0.552711
vt 0.467843 0.595145
vt 0.467843 0.255675
vt 0.467843 0.298108
vt 0.467843 0.637578
vt 0.467843 0.340542
vt 0.457235 0.001072
vt 0.467843 0.043506
vt 0.457235 0.680012
vt 0.467843 0.382976
vt 0.467843 0.085940
vt 0.467843 0.425410
vt 0.467843 0.128373
vt 0.467843 0.467843
vt 0.467843 0.170807
vt 0.467843 0.510277
vt 0.467843 0.213241
vt 0.489060 0.085940
vt 0.489060 0.128373
vt 0.489060 0.425410
vt 0.489060 0.467843
vt 0.489060 0.170807
vt 0.489060 0.510277
vt 0.489060 0.213241
vt 0.489060 0.552711
vt 0.489060 0.255675
vt 0.489060 0.595145
vt 0.489060 0.298108
vt 0.489060 0.637578
vt 0.489060 0.340542
vt 0.478452 0.001072
vt 0.489060 0.043506
vt 0.478452 0.680012
vt 0.489060 0.382976
vt 0.510277 0.255675
vt 0.510277 0.298108
vt 0.510277 0.595145
vt 0.510277 0.637578
vt 0.510277 0.340542
vt 0.499669 0.001072
vt 0.510277 0.043506
vt 0.499669 0.680012
vt 0.510277 0.382976
vt 0.510277 0.085940
vt 0.510277 0.425410
vt 0.510277 0.128373
vt 0.510277 0.467843
vt 0.510277 0.170807
vt 0.510277 0.510277
vt 0.510277 0.213241
vt 0.510277 0.552711
vt 0.531494 0.425410
vt 0.531494 0.467843
vt 0.531494 0.128373
vt 0.531494 0.170807
vt 0.531494 0.510277
vt 0.531494 0.213241
vt 0.531494 0.552711
vt 0.531494 0.255675
vt 0.531494 0.595145
vt 0.531494 0.298108
vt 0.531494 0.637578
vt 0.531494 0.340542
vt 0.520885 0.001072
vt 0.531494 0.043506
vt 0.520886 0.680012
vt 0.531494 0.382976
vt 0.531494 0.085940
vt 0.552711 0.595145
vt 0.552711 0.637578
vt 0.552711 0.298108
vt 0.552711 0.340542
vt 0.542102 0.001072
vt 0.552711 0.043506
vt 0.542103 0.680012
vt 0.552711 0.382976
vt 0.552711 0.085940
vt 0.552711 0.425410
vt 0.552711 0.128373
vt 0.552711 0.467843
vt 0.552711 0.170807
vt 0.552711 0.510277
vt 0.552711 0.213241
vt 0.552711 0.552711
vt 0.552711 0.255675
vt 0.573928 0.128373
vt 0.573928 0.170807
vt 0.573928 0.467843
vt 0.573928 0.510277
vt 0.573928 0.213241
vt 0.573928 0.552711
vt 0.573928 0.255675
vt 0.573928 0.595145
vt 0.573928 0.298108
vt 0.573928 0.637578
vt 0.573928 0.340542
vt 0.563319 0.001072
vt 0.573928 0.043506
vt 0.563319 0.680012
vt 0.573928 0.382976
vt 0.573928 0.085940
vt 0.573928 0.425410
vt 0.595145 0.298108
vt 0.595145 0.340542
vt 0.584536 0.001072
vt 0.595145 0.043506
vt 0.584536 0.680012
vt 0.595145 0.637578
vt 0.595145 0.382976
vt 0.595145 0.085940
vt 0.595145 0.425410
vt 0.595145 0.128373
vt 0.595145 0.467843
vt 0.595145 0.170807
vt 0.595145 0.510277
vt 0.595145 0.213241
vt 0.595145 0.552711
vt 0.595145 0.255675
vt 0.595145 0.595145
vt 0.616361 0.467843
vt 0.616361 0.510277
vt 0.616361 0.170807
vt 0.616361 0.213241
vt 0.616361 0.552711
vt 0.616361 0.255675
vt 0.616361 0.595145
vt 0.616361 0.298108
vt 0.616361 0.637578
vt 0.616361 0.340542
vt 0.605753 0.001072
vt 0.616361 0.043506
vt 0.605753 0.680012
vt 0.616361 0.382976
vt 0.616361 0.085940
vt 0.616361 0.425410
vt 0.616361 0.128373
vt 0.626970 0.680012
vt 0.637578 0.637578
vt 0.637578 0.340542
vt 0.637578 0.382976
vt 0.637578 0.043506
vt 0.637578 0.085940
vt 0.637578 0.425410
vt 0.637578 0.128373
vt 0.637578 0.467843
vt 0.637578 0.170807
vt 0.637578 0.510277
vt 0.637578 0.213241
vt 0.637578 0.552711
vt 0.637578 0.255675
vt 0.637578 0.595145
vt 0.637578 0.298108
vt 0.626970 0.001072
vt 0.658795 0.510277
vt 0.658795 0.552711
vt 0.658795 0.213241
vt 0.658795 0.255675
vt 0.658795 0.595145
vt 0.658795 0.298108
vt 0.658795 0.637578
vt 0.658795 0.340542
vt 0.648187 0.001072
vt 0.658795 0.043506
vt 0.648187 0.680012
vt 0.658795 0.382976
vt 0.658795 0.085940
vt 0.658795 0.425410
vt 0.658795 0.128373
vt 0.658795 0.467843
vt 0.658795 0.170807
vt 0.680012 0.043506
vt 0.680012 0.085940
vt 0.680012 0.382976
vt 0.680012 0.425410
vt 0.680012 0.128373
vt 0.680012 0.467843
vt 0.680012 0.170807
vt 0.680012 0.510277
vt 0.680012 0.213241
vt 0.680012 0.552711
vt 0.680012 0.255675
vt 0.680012 0.595145
vt 0.680012 0.298108
vt 0.680012 0.637578
vt 0.680012 0.340542
vt 0.669404 0.001072
vt 0.669404 0.680012
vt 0.001072 0.255675
vt 0.001072 0.213241
vt 0.022289 0.213241
vt 0.022289 0.255675
vt 0.001072 0.595145
vt 0.001072 0.552711
vt 0.022289 0.552711
vt 0.022289 0.595145
vt 0.001072 0.298108
vt 0.022289 0.298108
vt 0.001072 0.637578
vt 0.022289 0.637578
vt 0.001072 0.340542
vt 0.022289 0.340542
vt 0.001072 0.043506
vt 0.011681 0.001072
vt 0.022289 0.043506
vt 0.011681 0.680012
vt 0.001072 0.382976
vt 0.022289 0.382976
vt 0.001072 0.085940
vt 0.022289 0.085940
vt 0.001072 0.425410
vt 0.022289 0.425410
vt 0.001072 0.128373
vt 0.022289 0.128373
vt 0.001072 0.467843
vt 0.022289 0.467843
vt 0.001072 0.170807
vt 0.022289 0.170807
vt 0.001072 0.510277
vt 0.022289 0.510277
vt 0.043506 0.382976
vt 0.043506 0.425410
vt 0.043506 0.085940
vt 0.043506 0.128373
vt 0.043506 0.467843
vt 0.043506 0.170807
vt 0.043506 0.510277
vt 0.043506 0.213241
vt 0.043506 0.552711
vt 0.043506 0.255675
vt 0.043506 0.595145
vt 0.043506 0.298108
vt 0.043506 0.637578
vt 0.043506 0.340542
vt 0.032898 0.001072
vt 0.043506 0.043506
vt 0.032898 0.680012
vt 0.064723 0.552711
vt 0.064723 0.595145
vt 0.064723 0.255675
vt 0.064723 0.298108
vt 0.064723 0.637578
vt 0.064723 0.340542
vt 0.054114 0.001072
vt 0.064723 0.043506
vt 0.054115 0.680012
vt 0.064723 0.382976
vt 0.064723 0.085940
vt 0.064723 0.425410
vt 0.064723 0.128373
vt 0.064723 0.467843
vt 0.064723 0.170807
vt 0.064723 0.510277
vt 0.064723 0.213241
vt 0.085940 0.085940
vt 0.085940 0.128373
vt 0.085940 0.425410
vt 0.085940 0.467843
vt 0.085940 0.170807
vt 0.085940 0.510277
vt 0.085940 0.213241
vt 0.085940 0.552711
vt 0.085940 0.255675
vt 0.085940 0.595145
vt 0.085940 0.298108
vt 0.085940 0.637578
vt 0.085940 0.340542
vt 0.075331 0.001072
vt 0.085940 0.043506
vt 0.075331 0.680012
vt 0.085940 0.382976
vt 0.107157 0.255675
vt 0.107157 0.298108
vt 0.107157 0.595145
vt 0.107157 0.637578
vt 0.107157 0.340542
vt 0.096548 0.001072
vt 0.107157 0.043506
vt 0.096548 0.680012
vt 0.107157 0.382976
vt 0.107157 0.085940
vt 0.107157 0.425410
vt 0.107157 0.128373
vt 0.107157 0.467843
vt 0.107157 0.170807
vt 0.107157 0.510277
vt 0.107157 0.213241
vt 0.107157 0.552711
vt 0.128374 0.425410
vt 0.128374 0.467843
vt 0.128374 0.128373
vt 0.128374 0.170807
vt 0.128374 0.510277
vt 0.128374 0.213241
vt 0.128374 0.552711
vt 0.128374 0.255675
vt 0.128374 0.595145
vt 0.128374 0.298108
vt 0.128374 0.637578
vt 0.128374 0.340542
vt 0.117765 0.001072
vt 0.128374 0.043506
vt 0.117765 0.680012
vt 0.128374 0.382976
vt 0.128374 0.085940
vt 0.149590 0.595145
vt 0.149590 0.637578
vt 0.149590 0.298108
vt 0.149590 0.340542
vt 0.138982 0.001072
vt 0.149590 0.043506
vt 0.138982 0.680012
vt 0.149590 0.382976
vt 0.149590 0.085940
vt 0.149590 0.425410
vt 0.149590 0.128373
vt 0.149590 0.467843
vt 0.149590 0.170807
vt 0.149590 0.510277
vt 0.149590 0.213241
vt 0.149590 0.552711
vt 0.149590 0.255675
vt 0.160199 0.001072
vt 0.160199 0.680012
vt 0.950405 0.913754
vt 0.980834 0.907668
vt 0.986920 0.938097
vt 0.956491 0.944183
vt 0.676541 0.968527
vt 0.706971 0.962441
vt 0.713056 0.992870
vt 0.682627 0.998956
vt 0.767829 0.950269
vt 0.773915 0.980698
vt 0.828688 0.938097
vt 0.840860 0.998956
vt 0.889546 0.925926
vt 0.895632 0.956355
vt 0.834774 0.652062
vt 0.895632 0.639890
vt 0.901718 0.670319
vt 0.840860 0.682491
vt 0.767829 0.633804
vt 0.780001 0.694663
vt 0.713056 0.676405
vt 0.719142 0.706834
vt 0.652198 0.688577
vt 0.658284 0.719006
vt 0.621768 0.694663
vt 0.627854 0.725092
vt 0.670455 0.779865
vt 0.640026 0.785951
vt 0.682627 0.840724
vt 0.621768 0.852895
vt 0.694799 0.901582
vt 0.664369 0.907668
vt 0.926062 0.633804
vt 0.932148 0.664233
vt 0.944319 0.725092
vt 0.913890 0.731178
vt 0.986920 0.779865
vt 0.926062 0.792037
vt 0.968663 0.846809
vt 0.938233 0.852895
s 1
usemtl Material.019
f 2306/1896/1721 1831/1897/1721 1839/1898/1721 1840/1899/1721
f 2309/1900/1722 1836/1901/1722 1847/1902/1722 1848/1903/1722
f 1832/1904/1723 2306/1896/1723 1840/1899/1723 1841/1905/1723
f 2310/1906/1724 2309/1900/1724 1848/1903/1724 1849/1907/1724
f 2307/1908/1725 1832/1904/1725 1841/1905/1725 1842/1909/1725
f 2311/1910/1726 2310/1906/1726 1849/1907/1726 1850/1911/1726
f 1833/1912/1727 2307/1908/1727 1842/1909/1727 1843/1913/1727
f 2312/1914/1728 2311/1910/1728 1850/1911/1728 1851/1915/1728
f 1834/1916/1729 1833/1912/1729 1843/1913/1729 1844/1917/1729
f 2304/1918/1730 1912/1919/1730 1837/1920/1730
f 2138/1921/1731 2312/1914/1731 1851/1915/1731
f 1835/1922/1732 1834/1916/1732 1844/1917/1732 1845/1923/1732
f 2305/1924/1733 2304/1918/1733 1837/1920/1733 1838/1925/1733
f 2308/1926/1734 1835/1922/1734 1845/1923/1734 1846/1927/1734
f 1831/1897/1735 2305/1924/1735 1838/1925/1735 1839/1898/1735
f 1836/1901/1736 2308/1926/1736 1846/1927/1736 1847/1902/1736
f 1846/1927/1737 1845/1923/1737 1860/1928/1737 1861/1929/1737
f 1839/1898/1738 1838/1925/1738 1853/1930/1738 1854/1931/1738
f 1847/1902/1739 1846/1927/1739 1861/1929/1739 1862/1932/1739
f 1840/1899/1740 1839/1898/1740 1854/1931/1740 1855/1933/1740
f 1848/1903/1741 1847/1902/1741 1862/1932/1741 1863/1934/1741
f 1841/1905/1742 1840/1899/1742 1855/1933/1742 1856/1935/1742
f 1849/1907/1743 1848/1903/1743 1863/1934/1743 1864/1936/1743
f 1842/1909/1744 1841/1905/1744 1856/1935/1744 1857/1937/1744
f 1850/1911/1745 1849/1907/1745 1864/1936/1745 1865/1938/1745
f 1843/1913/1746 1842/1909/1746 1857/1937/1746 1858/1939/1746
f 1851/1915/1747 1850/1911/1747 1865/1938/1747 1866/1940/1747
f 1844/1917/1748 1843/1913/1748 1858/1939/1748 1859/1941/1748
f 1837/1920/1749 1912/1942/1749 1852/1943/1749
f 2138/1944/1750 1851/1915/1750 1866/1940/1750
f 1845/1923/1751 1844/1917/1751 1859/1941/1751 1860/1928/1751
f 1838/1925/1752 1837/1920/1752 1852/1943/1752 1853/1930/1752
f 1865/1938/1753 1864/1936/1753 1879/1945/1753 1880/1946/1753
f 1858/1939/1754 1857/1937/1754 1872/1947/1754 1873/1948/1754
f 1866/1940/1755 1865/1938/1755 1880/1946/1755 1881/1949/1755
f 1859/1941/1756 1858/1939/1756 1873/1948/1756 1874/1950/1756
f 1852/1943/1757 1912/1951/1757 1867/1952/1757
f 2138/1953/1758 1866/1940/1758 1881/1949/1758
f 1860/1928/1759 1859/1941/1759 1874/1950/1759 1875/1954/1759
f 1853/1930/1760 1852/1943/1760 1867/1952/1760 1868/1955/1760
f 1861/1929/1761 1860/1928/1761 1875/1954/1761 1876/1956/1761
f 1854/1931/1762 1853/1930/1762 1868/1955/1762 1869/1957/1762
f 1862/1932/1763 1861/1929/1763 1876/1956/1763 1877/1958/1763
f 1855/1933/1764 1854/1931/1764 1869/1957/1764 1870/1959/1764
f 1863/1934/1765 1862/1932/1765 1877/1958/1765 1878/1960/1765
f 1856/1935/1766 1855/1933/1766 1870/1959/1766 1871/1961/1766
f 1864/1936/1767 1863/1934/1767 1878/1960/1767 1879/1945/1767
f 1857/1937/1768 1856/1935/1768 1871/1961/1768 1872/1947/1768
f 1877/1958/1769 1876/1956/1769 1891/1962/1769 1892/1963/1769
f 1870/1959/1770 1869/1957/1770 1884/1964/1770 1885/1965/1770
f 1878/1960/1771 1877/1958/1771 1892/1963/1771 1893/1966/1771
f 1871/1961/1772 1870/1959/1772 1885/1965/1772 1886/1967/1772
f 1879/1945/1773 1878/1960/1773 1893/1966/1773 1894/1968/1773
f 1872/1947/1774 1871/1961/1774 1886/1967/1774 1887/1969/1774
f 1880/1946/1775 1879/1945/1775 1894/1968/1775 1895/1970/1775
f 1873/1948/1776 1872/1947/1776 1887/1969/1776 1888/1971/1776
f 1881/1949/1777 1880/1946/1777 1895/1970/1777 1896/1972/1777
f 1874/1950/1778 1873/1948/1778 1888/1971/1778 1889/1973/1778
f 1867/1952/1779 1912/1974/1779 1882/1975/1779
f 2138/1976/1780 1881/1949/1780 1896/1972/1780
f 1875/1954/1781 1874/1950/1781 1889/1973/1781 1890/1977/1781
f 1868/1955/1782 1867/1952/1782 1882/1975/1782 1883/1978/1782
f 1876/1956/1783 1875/1954/1783 1890/1977/1783 1891/1962/1783
f 1869/1957/1784 1868/1955/1784 1883/1978/1784 1884/1964/1784
f 1896/1972/1785 1895/1970/1785 1910/1979/1785 1911/1980/1785
f 1889/1973/1786 1888/1971/1786 1903/1981/1786 1904/1982/1786
f 1882/1975/1787 1912/1983/1787 1897/1984/1787
f 2138/1985/1788 1896/1972/1788 1911/1980/1788
f 1890/1977/1789 1889/1973/1789 1904/1982/1789 1905/1986/1789
f 1883/1978/1790 1882/1975/1790 1897/1984/1790 1898/1987/1790
f 1891/1962/1791 1890/1977/1791 1905/1986/1791 1906/1988/1791
f 1884/1964/1792 1883/1978/1792 1898/1987/1792 1899/1989/1792
f 1892/1963/1793 1891/1962/1793 1906/1988/1793 1907/1990/1793
f 1885/1965/1794 1884/1964/1794 1899/1989/1794 1900/1991/1794
f 1893/1966/1795 1892/1963/1795 1907/1990/1795 1908/1992/1795
f 1886/1967/1796 1885/1965/1796 1900/1991/1796 1901/1993/1796
f 1894/1968/1797 1893/1966/1797 1908/1992/1797 1909/1994/1797
f 1887/1969/1798 1886/1967/1798 1901/1993/1798 1902/1995/1798
f 1895/1970/1799 1894/1968/1799 1909/1994/1799 1910/1979/1799
f 1888/1971/1800 1887/1969/1800 1902/1995/1800 1903/1981/1800
f 1900/1991/1801 1899/1989/1801 1915/1996/1801 1916/1997/1801
f 1908/1992/1802 1907/1990/1802 1923/1998/1802 1924/1999/1802
f 1901/1993/1803 1900/1991/1803 1916/1997/1803 1917/2000/1803
f 1909/1994/1804 1908/1992/1804 1924/1999/1804 1925/2001/1804
f 1902/1995/1805 1901/1993/1805 1917/2000/1805 1918/2002/1805
f 1910/1979/1806 1909/1994/1806 1925/2001/1806 1926/2003/1806
f 1903/1981/1807 1902/1995/1807 1918/2002/1807 1919/2004/1807
f 1911/1980/1808 1910/1979/1808 1926/2003/1808 1927/2005/1808
f 1904/1982/1809 1903/1981/1809 1919/2004/1809 1920/2006/1809
f 1897/1984/1810 1912/2007/1810 1913/2008/1810
f 2138/2009/1811 1911/1980/1811 1927/2005/1811
f 1905/1986/1812 1904/1982/1812 1920/2006/1812 1921/2010/1812
f 1898/1987/1813 1897/1984/1813 1913/2008/1813 1914/2011/1813
f 1906/1988/1814 1905/1986/1814 1921/2010/1814 1922/2012/1814
f 1899/1989/1815 1898/1987/1815 1914/2011/1815 1915/1996/1815
f 1907/1990/1816 1906/1988/1816 1922/2012/1816 1923/1998/1816
f 1920/2006/1817 1919/2004/1817 1934/2013/1817 1935/2014/1817
f 1913/2008/1818 1912/2015/1818 1928/2016/1818
f 2138/2017/1819 1927/2005/1819 1942/2018/1819
f 1921/2010/1820 1920/2006/1820 1935/2014/1820 1936/2019/1820
f 1914/2011/1821 1913/2008/1821 1928/2016/1821 1929/2020/1821
f 1922/2012/1822 1921/2010/1822 1936/2019/1822 1937/2021/1822
f 1915/1996/1823 1914/2011/1823 1929/2020/1823 1930/2022/1823
f 1923/1998/1824 1922/2012/1824 1937/2021/1824 1938/2023/1824
f 1916/1997/1825 1915/1996/1825 1930/2022/1825 1931/2024/1825
f 1924/1999/1826 1923/1998/1826 1938/2023/1826 1939/2025/1826
f 1917/2000/1827 1916/1997/1827 1931/2024/1827 1932/2026/1827
f 1925/2001/1828 1924/1999/1828 1939/2025/1828 1940/2027/1828
f 1918/2002/1829 1917/2000/1829 1932/2026/1829 1933/2028/1829
f 1926/2003/1830 1925/2001/1830 1940/2027/1830 1941/2029/1830
f 1919/2004/1831 1918/2002/1831 1933/2028/1831 1934/2013/1831
f 1927/2005/1832 1926/2003/1832 1941/2029/1832 1942/2018/1832
f 1939/2025/1833 1938/2023/1833 1953/2030/1833 1954/2031/1833
f 1932/2026/1834 1931/2024/1834 1946/2032/1834 1947/2033/1834
f 1940/2027/1835 1939/2025/1835 1954/2031/1835 1955/2034/1835
f 1933/2028/1836 1932/2026/1836 1947/2033/1836 1948/2035/1836
f 1941/2029/1837 1940/2027/1837 1955/2034/1837 1956/2036/1837
f 1934/2013/1838 1933/2028/1838 1948/2035/1838 1949/2037/1838
f 1942/2018/1839 1941/2029/1839 1956/2036/1839 1957/2038/1839
f 1935/2014/1840 1934/2013/1840 1949/2037/1840 1950/2039/1840
f 1928/2016/1841 1912/2040/1841 1943/2041/1841
f 2138/2042/1842 1942/2018/1842 1957/2038/1842
f 1936/2019/1843 1935/2014/1843 1950/2039/1843 1951/2043/1843
f 1929/2020/1844 1928/2016/1844 1943/2041/1844 1944/2044/1844
f 1937/2021/1845 1936/2019/1845 1951/2043/1845 1952/2045/1845
f 1930/2022/1846 1929/2020/1846 1944/2044/1846 1945/2046/1846
f 1938/2023/1847 1937/2021/1847 1952/2045/1847 1953/2030/1847
f 1931/2024/1848 1930/2022/1848 1945/2046/1848 1946/2032/1848
f 1943/2041/1849 1912/2047/1849 1958/2048/1849
f 2138/2049/1850 1957/2038/1850 1972/2050/1850
f 1951/2043/1851 1950/2039/1851 1965/2051/1851 1966/2052/1851
f 1944/2044/1852 1943/2041/1852 1958/2048/1852 1959/2053/1852
f 1952/2045/1853 1951/2043/1853 1966/2052/1853 1967/2054/1853
f 1945/2046/1854 1944/2044/1854 1959/2053/1854 1960/2055/1854
f 1953/2030/1855 1952/2045/1855 1967/2054/1855 1968/2056/1855
f 1946/2032/1856 1945/2046/1856 1960/2055/1856 1961/2057/1856
f 1954/2031/1857 1953/2030/1857 1968/2056/1857 1969/2058/1857
f 1947/2033/1858 1946/2032/1858 1961/2057/1858 1962/2059/1858
f 1955/2034/1859 1954/2031/1859 1969/2058/1859 1970/2060/1859
f 1948/2035/1860 1947/2033/1860 1962/2059/1860 1963/2061/1860
f 1956/2036/1861 1955/2034/1861 1970/2060/1861 1971/2062/1861
f 1949/2037/1862 1948/2035/1862 1963/2061/1862 1964/2063/1862
f 1957/2038/1863 1956/2036/1863 1971/2062/1863 1972/2050/1863
f 1950/2039/1864 1949/2037/1864 1964/2063/1864 1965/2051/1864
f 1962/2059/1865 1961/2057/1865 1976/2064/1865 1977/2065/1865
f 1970/2060/1866 1969/2058/1866 1984/2066/1866 1985/2067/1866
f 1963/2061/1867 1962/2059/1867 1977/2065/1867 1978/2068/1867
f 1971/2062/1868 1970/2060/1868 1985/2067/1868 1986/2069/1868
f 1964/2063/1869 1963/2061/1869 1978/2068/1869 1979/2070/1869
f 1972/2050/1870 1971/2062/1870 1986/2069/1870 1987/2071/1870
f 1965/2051/1871 1964/2063/1871 1979/2070/1871 1980/2072/1871
f 1958/2048/1872 1912/2073/1872 1973/2074/1872
f 2138/2075/1873 1972/2050/1873 1987/2071/1873
f 1966/2052/1874 1965/2051/1874 1980/2072/1874 1981/2076/1874
f 1959/2053/1875 1958/2048/1875 1973/2074/1875 1974/2077/1875
f 1967/2054/1876 1966/2052/1876 1981/2076/1876 1982/2078/1876
f 1960/2055/1877 1959/2053/1877 1974/2077/1877 1975/2079/1877
f 1968/2056/1878 1967/2054/1878 1982/2078/1878 1983/2080/1878
f 1961/2057/1879 1960/2055/1879 1975/2079/1879 1976/2064/1879
f 1969/2058/1880 1968/2056/1880 1983/2080/1880 1984/2066/1880
f 1981/2076/1881 1980/2072/1881 1995/2081/1881 1996/2082/1881
f 1974/2077/1882 1973/2074/1882 1988/2083/1882 1989/2084/1882
f 1982/2078/1883 1981/2076/1883 1996/2082/1883 1997/2085/1883
f 1975/2079/1884 1974/2077/1884 1989/2084/1884 1990/2086/1884
f 1983/2080/1885 1982/2078/1885 1997/2085/1885 1998/2087/1885
f 1976/2064/1886 1975/2079/1886 1990/2086/1886 1991/2088/1886
f 1984/2066/1887 1983/2080/1887 1998/2087/1887 1999/2089/1887
f 1977/2065/1888 1976/2064/1888 1991/2088/1888 1992/2090/1888
f 1985/2067/1889 1984/2066/1889 1999/2089/1889 2000/2091/1889
f 1978/2068/1890 1977/2065/1890 1992/2090/1890 1993/2092/1890
f 1986/2069/1891 1985/2067/1891 2000/2091/1891 2001/2093/1891
f 1979/2070/1892 1978/2068/1892 1993/2092/1892 1994/2094/1892
f 1987/2071/1893 1986/2069/1893 2001/2093/1893 2002/2095/1893
f 1980/2072/1894 1979/2070/1894 1994/2094/1894 1995/2081/1894
f 1973/2074/1895 1912/2096/1895 1988/2083/1895
f 2138/2097/1896 1987/2071/1896 2002/2095/1896
f 2000/2091/1897 1999/2089/1897 2014/2098/1897 2015/2099/1897
f 1993/2092/1898 1992/2090/1898 2007/2100/1898 2008/2101/1898
f 2001/2093/1899 2000/2091/1899 2015/2099/1899 2016/2102/1899
f 1994/2094/1900 1993/2092/1900 2008/2101/1900 2009/2103/1900
f 2002/2095/1901 2001/2093/1901 2016/2102/1901 2017/2104/1901
f 1995/2081/1902 1994/2094/1902 2009/2103/1902 2010/2105/1902
f 1988/2083/1903 1912/2106/1903 2003/2107/1903
f 2138/2108/1904 2002/2095/1904 2017/2104/1904
f 1996/2082/1905 1995/2081/1905 2010/2105/1905 2011/2109/1905
f 1989/2084/1906 1988/2083/1906 2003/2107/1906 2004/2110/1906
f 1997/2085/1907 1996/2082/1907 2011/2109/1907 2012/2111/1907
f 1990/2086/1908 1989/2084/1908 2004/2110/1908 2005/2112/1908
f 1998/2087/1909 1997/2085/1909 2012/2111/1909 2013/2113/1909
f 1991/2088/1910 1990/2086/1910 2005/2112/1910 2006/2114/1910
f 1999/2089/1911 1998/2087/1911 2013/2113/1911 2014/2098/1911
f 1992/2090/1912 1991/2088/1912 2006/2114/1912 2007/2100/1912
f 2012/2111/1913 2011/2109/1913 2026/2115/1913 2027/2116/1913
f 2005/2112/1914 2004/2110/1914 2019/2117/1914 2020/2118/1914
f 2013/2113/1915 2012/2111/1915 2027/2116/1915 2028/2119/1915
f 2006/2114/1916 2005/2112/1916 2020/2118/1916 2021/2120/1916
f 2014/2098/1917 2013/2113/1917 2028/2119/1917 2029/2121/1917
f 2007/2100/1918 2006/2114/1918 2021/2120/1918 2022/2122/1918
f 2015/2099/1919 2014/2098/1919 2029/2121/1919 2030/2123/1919
f 2008/2101/1920 2007/2100/1920 2022/2122/1920 2023/2124/1920
f 2016/2102/1921 2015/2099/1921 2030/2123/1921 2031/2125/1921
f 2009/2103/1922 2008/2101/1922 2023/2124/1922 2024/2126/1922
f 2017/2104/1923 2016/2102/1923 2031/2125/1923 2032/2127/1923
f 2010/2105/1924 2009/2103/1924 2024/2126/1924 2025/2128/1924
f 2003/2107/1925 1912/2129/1925 2018/2130/1925
f 2138/2131/1926 2017/2104/1926 2032/2127/1926
f 2011/2109/1927 2010/2105/1927 2025/2128/1927 2026/2115/1927
f 2004/2110/1928 2003/2107/1928 2018/2130/1928 2019/2117/1928
f 2031/2125/1929 2030/2123/1929 2045/2132/1929 2046/2133/1929
f 2024/2126/1930 2023/2124/1930 2038/2134/1930 2039/2135/1930
f 2032/2127/1931 2031/2125/1931 2046/2133/1931 2047/2136/1931
f 2025/2128/1932 2024/2126/1932 2039/2135/1932 2040/2137/1932
f 2018/2130/1933 1912/2138/1933 2033/2139/1933
f 2138/2140/1934 2032/2127/1934 2047/2136/1934
f 2026/2115/1935 2025/2128/1935 2040/2137/1935 2041/2141/1935
f 2019/2117/1936 2018/2130/1936 2033/2139/1936 2034/2142/1936
f 2027/2116/1937 2026/2115/1937 2041/2141/1937 2042/2143/1937
f 2020/2118/1938 2019/2117/1938 2034/2142/1938 2035/2144/1938
f 2028/2119/1939 2027/2116/1939 2042/2143/1939 2043/2145/1939
f 2021/2120/1940 2020/2118/1940 2035/2144/1940 2036/2146/1940
f 2029/2121/1941 2028/2119/1941 2043/2145/1941 2044/2147/1941
f 2022/2122/1942 2021/2120/1942 2036/2146/1942 2037/2148/1942
f 2030/2123/1943 2029/2121/1943 2044/2147/1943 2045/2132/1943
f 2023/2124/1944 2022/2122/1944 2037/2148/1944 2038/2134/1944
f 2035/2144/1945 2034/2142/1945 2049/2149/1945 2050/2150/1945
f 2043/2145/1946 2042/2143/1946 2057/2151/1946 2058/2152/1946
f 2036/2146/1947 2035/2144/1947 2050/2150/1947 2051/2153/1947
f 2044/2147/1948 2043/2145/1948 2058/2152/1948 2059/2154/1948
f 2037/2148/1949 2036/2146/1949 2051/2153/1949 2052/2155/1949
f 2045/2132/1950 2044/2147/1950 2059/2154/1950 2060/2156/1950
f 2038/2134/1951 2037/2148/1951 2052/2155/1951 2053/2157/1951
f 2046/2133/1952 2045/2132/1952 2060/2156/1952 2061/2158/1952
f 2039/2135/1953 2038/2134/1953 2053/2157/1953 2054/2159/1953
f 2047/2136/1954 2046/2133/1954 2061/2158/1954 2062/2160/1954
f 2040/2137/1955 2039/2135/1955 2054/2159/1955 2055/2161/1955
f 2033/2139/1956 1912/2162/1956 2048/2163/1956
f 2138/2164/1957 2047/2136/1957 2062/2160/1957
f 2041/2141/1958 2040/2137/1958 2055/2161/1958 2056/2165/1958
f 2034/2142/1959 2033/2139/1959 2048/2163/1959 2049/2149/1959
f 2042/2143/1960 2041/2141/1960 2056/2165/1960 2057/2151/1960
f 2054/2159/1961 2053/2157/1961 2068/2166/1961 2069/2167/1961
f 2062/2160/1962 2061/2158/1962 2076/2168/1962 2077/2169/1962
f 2055/2161/1963 2054/2159/1963 2069/2167/1963 2070/2170/1963
f 2048/2163/1964 1912/2171/1964 2063/2172/1964
f 2138/2173/1965 2062/2160/1965 2077/2169/1965
f 2056/2165/1966 2055/2161/1966 2070/2170/1966 2071/2174/1966
f 2049/2149/1967 2048/2163/1967 2063/2172/1967 2064/2175/1967
f 2057/2151/1968 2056/2165/1968 2071/2174/1968 2072/2176/1968
f 2050/2150/1969 2049/2149/1969 2064/2175/1969 2065/2177/1969
f 2058/2152/1970 2057/2151/1970 2072/2176/1970 2073/2178/1970
f 2051/2153/1971 2050/2150/1971 2065/2177/1971 2066/2179/1971
f 2059/2154/1972 2058/2152/1972 2073/2178/1972 2074/2180/1972
f 2052/2155/1973 2051/2153/1973 2066/2179/1973 2067/2181/1973
f 2060/2156/1974 2059/2154/1974 2074/2180/1974 2075/2182/1974
f 2053/2157/1975 2052/2155/1975 2067/2181/1975 2068/2166/1975
f 2061/2158/1976 2060/2156/1976 2075/2182/1976 2076/2168/1976
f 2073/2178/1977 2072/2176/1977 2087/2183/1977 2088/2184/1977
f 2066/2179/1978 2065/2177/1978 2080/2185/1978 2081/2186/1978
f 2074/2180/1979 2073/2178/1979 2088/2184/1979 2089/2187/1979
f 2067/2181/1980 2066/2179/1980 2081/2186/1980 2082/2188/1980
f 2075/2182/1981 2074/2180/1981 2089/2187/1981 2090/2189/1981
f 2068/2166/1982 2067/2181/1982 2082/2188/1982 2083/2190/1982
f 2076/2168/1983 2075/2182/1983 2090/2189/1983 2091/2191/1983
f 2069/2167/1984 2068/2166/1984 2083/2190/1984 2084/2192/1984
f 2077/2169/1985 2076/2168/1985 2091/2191/1985 2092/2193/1985
f 2070/2170/1986 2069/2167/1986 2084/2192/1986 2085/2194/1986
f 2063/2172/1987 1912/2195/1987 2078/2196/1987
f 2138/2197/1988 2077/2169/1988 2092/2193/1988
f 2071/2174/1989 2070/2170/1989 2085/2194/1989 2086/2198/1989
f 2064/2175/1990 2063/2172/1990 2078/2196/1990 2079/2199/1990
f 2072/2176/1991 2071/2174/1991 2086/2198/1991 2087/2183/1991
f 2065/2177/1992 2064/2175/1992 2079/2199/1992 2080/2185/1992
f 2092/2193/1993 2091/2191/1993 2106/2200/1993 2107/2201/1993
f 2085/2194/1994 2084/2192/1994 2099/2202/1994 2100/2203/1994
f 2078/2196/1995 1912/2204/1995 2093/2205/1995
f 2138/2206/1996 2092/2193/1996 2107/2201/1996
f 2086/2198/1997 2085/2194/1997 2100/2203/1997 2101/2207/1997
f 2079/2199/1998 2078/2196/1998 2093/2205/1998 2094/2208/1998
f 2087/2183/1999 2086/2198/1999 2101/2207/1999 2102/2209/1999
f 2080/2185/2000 2079/2199/2000 2094/2208/2000 2095/2210/2000
f 2088/2184/2001 2087/2183/2001 2102/2209/2001 2103/2211/2001
f 2081/2186/2002 2080/2185/2002 2095/2210/2002 2096/2212/2002
f 2089/2187/2003 2088/2184/2003 2103/2211/2003 2104/2213/2003
f 2082/2188/2004 2081/2186/2004 2096/2212/2004 2097/2214/2004
f 2090/2189/2005 2089/2187/2005 2104/2213/2005 2105/2215/2005
f 2083/2190/2006 2082/2188/2006 2097/2214/2006 2098/2216/2006
f 2091/2191/2007 2090/2189/2007 2105/2215/2007 2106/2200/2007
f 2084/2192/2008 2083/2190/2008 2098/2216/2008 2099/2202/2008
f 2096/2212/2009 2095/2210/2009 2110/2217/2009 2111/2218/2009
f 2104/2213/2010 2103/2211/2010 2118/2219/2010 2119/2220/2010
f 2097/2214/2011 2096/2212/2011 2111/2218/2011 2112/2221/2011
f 2105/2215/2012 2104/2213/2012 2119/2220/2012 2120/2222/2012
f 2098/2216/2013 2097/2214/2013 2112/2221/2013 2113/2223/2013
f 2106/2200/2014 2105/2215/2014 2120/2222/2014 2121/2224/2014
f 2099/2202/2015 2098/2216/2015 2113/2223/2015 2114/2225/2015
f 2107/2201/2016 2106/2200/2016 2121/2224/2016 2122/2226/2016
f 2100/2203/2017 2099/2202/2017 2114/2225/2017 2115/2227/2017
f 2093/2205/2018 1912/2228/2018 2108/2229/2018
f 2138/2230/2019 2107/2201/2019 2122/2226/2019
f 2101/2207/2020 2100/2203/2020 2115/2227/2020 2116/2231/2020
f 2094/2208/2021 2093/2205/2021 2108/2229/2021 2109/2232/2021
f 2102/2209/2022 2101/2207/2022 2116/2231/2022 2117/2233/2022
f 2095/2210/2023 2094/2208/2023 2109/2232/2023 2110/2217/2023
f 2103/2211/2024 2102/2209/2024 2117/2233/2024 2118/2219/2024
f 2115/2227/2025 2114/2225/2025 2129/2234/2025 2130/2235/2025
f 2108/2229/2026 1912/2236/2026 2123/2237/2026
f 2138/2238/2027 2122/2226/2027 2137/2239/2027
f 2116/2231/2028 2115/2227/2028 2130/2235/2028 2131/2240/2028
f 2109/2232/2029 2108/2229/2029 2123/2237/2029 2124/2241/2029
f 2117/2233/2030 2116/2231/2030 2131/2240/2030 2132/2242/2030
f 2110/2217/2031 2109/2232/2031 2124/2241/2031 2125/2243/2031
f 2118/2219/2032 2117/2233/2032 2132/2242/2032 2133/2244/2032
f 2111/2218/2033 2110/2217/2033 2125/2243/2033 2126/2245/2033
f 2119/2220/2034 2118/2219/2034 2133/2244/2034 2134/2246/2034
f 2112/2221/2035 2111/2218/2035 2126/2245/2035 2127/2247/2035
f 2120/2222/2036 2119/2220/2036 2134/2246/2036 2135/2248/2036
f 2113/2223/2037 2112/2221/2037 2127/2247/2037 2128/2249/2037
f 2121/2224/2038 2120/2222/2038 2135/2248/2038 2136/2250/2038
f 2114/2225/2039 2113/2223/2039 2128/2249/2039 2129/2234/2039
f 2122/2226/2040 2121/2224/2040 2136/2250/2040 2137/2239/2040
f 2134/2246/2041 2133/2244/2041 2149/2251/2041 2150/2252/2041
f 2127/2247/2042 2126/2245/2042 2142/2253/2042 2143/2254/2042
f 2135/2248/2043 2134/2246/2043 2150/2252/2043 2151/2255/2043
f 2128/2249/2044 2127/2247/2044 2143/2254/2044 2144/2256/2044
f 2136/2250/2045 2135/2248/2045 2151/2255/2045 2152/2257/2045
f 2129/2234/2046 2128/2249/2046 2144/2256/2046 2145/2258/2046
f 2137/2239/2047 2136/2250/2047 2152/2257/2047 2153/2259/2047
f 2130/2235/2048 2129/2234/2048 2145/2258/2048 2146/2260/2048
f 2123/2237/2049 1912/2261/2049 2139/2262/2049
f 2138/2263/2050 2137/2239/2050 2153/2259/2050
f 2131/2240/2051 2130/2235/2051 2146/2260/2051 2147/2264/2051
f 2124/2241/2052 2123/2237/2052 2139/2262/2052 2140/2265/2052
f 2132/2242/2053 2131/2240/2053 2147/2264/2053 2148/2266/2053
f 2125/2243/2054 2124/2241/2054 2140/2265/2054 2141/2267/2054
f 2133/2244/2055 2132/2242/2055 2148/2266/2055 2149/2251/2055
f 2126/2245/2056 2125/2243/2056 2141/2267/2056 2142/2253/2056
f 2138/2268/2057 2153/2259/2057 2168/2269/2057
f 2147/2264/2058 2146/2260/2058 2161/2270/2058 2162/2271/2058
f 2140/2265/2059 2139/2262/2059 2154/2272/2059 2155/2273/2059
f 2148/2266/2060 2147/2264/2060 2162/2271/2060 2163/2274/2060
f 2141/2267/2061 2140/2265/2061 2155/2273/2061 2156/2275/2061
f 2149/2251/2062 2148/2266/2062 2163/2274/2062 2164/2276/2062
f 2142/2253/2063 2141/2267/2063 2156/2275/2063 2157/2277/2063
f 2150/2252/2064 2149/2251/2064 2164/2276/2064 2165/2278/2064
f 2143/2254/2065 2142/2253/2065 2157/2277/2065 2158/2279/2065
f 2151/2255/2066 2150/2252/2066 2165/2278/2066 2166/2280/2066
f 2144/2256/2067 2143/2254/2067 2158/2279/2067 2159/2281/2067
f 2152/2257/2068 2151/2255/2068 2166/2280/2068 2167/2282/2068
f 2145/2258/2069 2144/2256/2069 2159/2281/2069 2160/2283/2069
f 2153/2259/2070 2152/2257/2070 2167/2282/2070 2168/2269/2070
f 2146/2260/2071 2145/2258/2071 2160/2283/2071 2161/2270/2071
f 2139/2262/2072 1912/2284/2072 2154/2272/2072
f 2166/2280/2073 2165/2278/2073 2180/2285/2073 2181/2286/2073
f 2159/2281/2074 2158/2279/2074 2173/2287/2074 2174/2288/2074
f 2167/2282/2075 2166/2280/2075 2181/2286/2075 2182/2289/2075
f 2160/2283/2076 2159/2281/2076 2174/2288/2076 2175/2290/2076
f 2168/2269/2077 2167/2282/2077 2182/2289/2077 2183/2291/2077
f 2161/2270/2078 2160/2283/2078 2175/2290/2078 2176/2292/2078
f 2154/2272/2079 1912/2293/2079 2169/2294/2079
f 2138/2295/2080 2168/2269/2080 2183/2291/2080
f 2162/2271/2081 2161/2270/2081 2176/2292/2081 2177/2296/2081
f 2155/2273/2082 2154/2272/2082 2169/2294/2082 2170/2297/2082
f 2163/2274/2083 2162/2271/2083 2177/2296/2083 2178/2298/2083
f 2156/2275/2084 2155/2273/2084 2170/2297/2084 2171/2299/2084
f 2164/2276/2085 2163/2274/2085 2178/2298/2085 2179/2300/2085
f 2157/2277/2086 2156/2275/2086 2171/2299/2086 2172/2301/2086
f 2165/2278/2087 2164/2276/2087 2179/2300/2087 2180/2285/2087
f 2158/2279/2088 2157/2277/2088 2172/2301/2088 2173/2287/2088
f 2170/2297/2089 2169/2294/2089 2184/2302/2089 2185/2303/2089
f 2178/2298/2090 2177/2296/2090 2192/2304/2090 2193/2305/2090
f 2171/2299/2091 2170/2297/2091 2185/2303/2091 2186/2306/2091
f 2179/2300/2092 2178/2298/2092 2193/2305/2092 2194/2307/2092
f 2172/2301/2093 2171/2299/2093 2186/2306/2093 2187/2308/2093
f 2180/2285/2094 2179/2300/2094 2194/2307/2094 2195/2309/2094
f 2173/2287/2095 2172/2301/2095 2187/2308/2095 2188/2310/2095
f 2181/2286/2096 2180/2285/2096 2195/2309/2096 2196/2311/2096
f 2174/2288/2097 2173/2287/2097 2188/2310/2097 2189/2312/2097
f 2182/2289/2098 2181/2286/2098 2196/2311/2098 2197/2313/2098
f 2175/2290/2099 2174/2288/2099 2189/2312/2099 2190/2314/2099
f 2183/2291/2100 2182/2289/2100 2197/2313/2100 2198/2315/2100
f 2176/2292/2101 2175/2290/2101 2190/2314/2101 2191/2316/2101
f 2169/2294/2102 1912/2317/2102 2184/2302/2102
f 2138/2318/2103 2183/2291/2103 2198/2315/2103
f 2177/2296/2104 2176/2292/2104 2191/2316/2104 2192/2304/2104
f 2189/2319/2105 2188/2320/2105 2203/2321/2105 2204/2322/2105
f 2197/2323/2106 2196/2324/2106 2211/2325/2106 2212/2326/2106
f 2190/2327/2107 2189/2319/2107 2204/2322/2107 2205/2328/2107
f 2198/2329/2108 2197/2323/2108 2212/2326/2108 2213/2330/2108
f 2191/2331/2109 2190/2327/2109 2205/2328/2109 2206/2332/2109
f 2184/2333/2110 1912/2334/2110 2199/2335/2110
f 2138/2336/2111 2198/2329/2111 2213/2330/2111
f 2192/2337/2112 2191/2331/2112 2206/2332/2112 2207/2338/2112
f 2185/2339/2113 2184/2333/2113 2199/2335/2113 2200/2340/2113
f 2193/2341/2114 2192/2337/2114 2207/2338/2114 2208/2342/2114
f 2186/2343/2115 2185/2339/2115 2200/2340/2115 2201/2344/2115
f 2194/2345/2116 2193/2341/2116 2208/2342/2116 2209/2346/2116
f 2187/2347/2117 2186/2343/2117 2201/2344/2117 2202/2348/2117
f 2195/2349/2118 2194/2345/2118 2209/2346/2118 2210/2350/2118
f 2188/2320/2119 2187/2347/2119 2202/2348/2119 2203/2321/2119
f 2196/2324/2120 2195/2349/2120 2210/2350/2120 2211/2325/2120
f 2208/2342/2121 2207/2338/2121 2222/2351/2121 2223/2352/2121
f 2201/2344/2122 2200/2340/2122 2215/2353/2122 2216/2354/2122
f 2209/2346/2123 2208/2342/2123 2223/2352/2123 2224/2355/2123
f 2202/2348/2124 2201/2344/2124 2216/2354/2124 2217/2356/2124
f 2210/2350/2125 2209/2346/2125 2224/2355/2125 2225/2357/2125
f 2203/2321/2126 2202/2348/2126 2217/2356/2126 2218/2358/2126
f 2211/2325/2127 2210/2350/2127 2225/2357/2127 2226/2359/2127
f 2204/2322/2128 2203/2321/2128 2218/2358/2128 2219/2360/2128
f 2212/2326/2129 2211/2325/2129 2226/2359/2129 2227/2361/2129
f 2205/2328/2130 2204/2322/2130 2219/2360/2130 2220/2362/2130
f 2213/2330/2131 2212/2326/2131 2227/2361/2131 2228/2363/2131
f 2206/2332/2132 2205/2328/2132 2220/2362/2132 2221/2364/2132
f 2199/2335/2133 1912/2365/2133 2214/2366/2133
f 2138/2367/2134 2213/2330/2134 2228/2363/2134
f 2207/2338/2135 2206/2332/2135 2221/2364/2135 2222/2351/2135
f 2200/2340/2136 2199/2335/2136 2214/2366/2136 2215/2353/2136
f 2227/2361/2137 2226/2359/2137 2241/2368/2137 2242/2369/2137
f 2220/2362/2138 2219/2360/2138 2234/2370/2138 2235/2371/2138
f 2228/2363/2139 2227/2361/2139 2242/2369/2139 2243/2372/2139
f 2221/2364/2140 2220/2362/2140 2235/2371/2140 2236/2373/2140
f 2214/2366/2141 1912/2374/2141 2229/2375/2141
f 2138/2376/2142 2228/2363/2142 2243/2372/2142
f 2222/2351/2143 2221/2364/2143 2236/2373/2143 2237/2377/2143
f 2215/2353/2144 2214/2366/2144 2229/2375/2144 2230/2378/2144
f 2223/2352/2145 2222/2351/2145 2237/2377/2145 2238/2379/2145
f 2216/2354/2146 2215/2353/2146 2230/2378/2146 2231/2380/2146
f 2224/2355/2147 2223/2352/2147 2238/2379/2147 2239/2381/2147
f 2217/2356/2148 2216/2354/2148 2231/2380/2148 2232/2382/2148
f 2225/2357/2149 2224/2355/2149 2239/2381/2149 2240/2383/2149
f 2218/2358/2150 2217/2356/2150 2232/2382/2150 2233/2384/2150
f 2226/2359/2151 2225/2357/2151 2240/2383/2151 2241/2368/2151
f 2219/2360/2152 2218/2358/2152 2233/2384/2152 2234/2370/2152
f 2231/2380/2153 2230/2378/2153 2245/2385/2153 2246/2386/2153
f 2239/2381/2154 2238/2379/2154 2253/2387/2154 2254/2388/2154
f 2232/2382/2155 2231/2380/2155 2246/2386/2155 2247/2389/2155
f 2240/2383/2156 2239/2381/2156 2254/2388/2156 2255/2390/2156
f 2233/2384/2157 2232/2382/2157 2247/2389/2157 2248/2391/2157
f 2241/2368/2158 2240/2383/2158 2255/2390/2158 2256/2392/2158
f 2234/2370/2159 2233/2384/2159 2248/2391/2159 2249/2393/2159
f 2242/2369/2160 2241/2368/2160 2256/2392/2160 2257/2394/2160
f 2235/2371/2161 2234/2370/2161 2249/2393/2161 2250/2395/2161
f 2243/2372/2162 2242/2369/2162 2257/2394/2162 2258/2396/2162
f 2236/2373/2163 2235/2371/2163 2250/2395/2163 2251/2397/2163
f 2229/2375/2164 1912/2398/2164 2244/2399/2164
f 2138/2400/2165 2243/2372/2165 2258/2396/2165
f 2237/2377/2166 2236/2373/2166 2251/2397/2166 2252/2401/2166
f 2230/2378/2167 2229/2375/2167 2244/2399/2167 2245/2385/2167
f 2238/2379/2168 2237/2377/2168 2252/2401/2168 2253/2387/2168
f 2250/2395/2169 2249/2393/2169 2264/2402/2169 2265/2403/2169
f 2258/2396/2170 2257/2394/2170 2272/2404/2170 2273/2405/2170
f 2251/2397/2171 2250/2395/2171 2265/2403/2171 2266/2406/2171
f 2244/2399/2172 1912/2407/2172 2259/2408/2172
f 2138/2409/2173 2258/2396/2173 2273/2405/2173
f 2252/2401/2174 2251/2397/2174 2266/2406/2174 2267/2410/2174
f 2245/2385/2175 2244/2399/2175 2259/2408/2175 2260/2411/2175
f 2253/2387/2176 2252/2401/2176 2267/2410/2176 2268/2412/2176
f 2246/2386/2177 2245/2385/2177 2260/2411/2177 2261/2413/2177
f 2254/2388/2178 2253/2387/2178 2268/2412/2178 2269/2414/2178
f 2247/2389/2179 2246/2386/2179 2261/2413/2179 2262/2415/2179
f 2255/2390/2180 2254/2388/2180 2269/2414/2180 2270/2416/2180
f 2248/2391/2181 2247/2389/2181 2262/2415/2181 2263/2417/2181
f 2256/2392/2182 2255/2390/2182 2270/2416/2182 2271/2418/2182
f 2249/2393/2183 2248/2391/2183 2263/2417/2183 2264/2402/2183
f 2257/2394/2184 2256/2392/2184 2271/2418/2184 2272/2404/2184
f 2269/2414/2185 2268/2412/2185 2283/2419/2185 2284/2420/2185
f 2262/2415/2186 2261/2413/2186 2276/2421/2186 2277/2422/2186
f 2270/2416/2187 2269/2414/2187 2284/2420/2187 2285/2423/2187
f 2263/2417/2188 2262/2415/2188 2277/2422/2188 2278/2424/2188
f 2271/2418/2189 2270/2416/2189 2285/2423/2189 2286/2425/2189
f 2264/2402/2190 2263/2417/2190 2278/2424/2190 2279/2426/2190
f 2272/2404/2191 2271/2418/2191 2286/2425/2191 2287/2427/2191
f 2265/2403/2192 2264/2402/2192 2279/2426/2192 2280/2428/2192
f 2273/2405/2193 2272/2404/2193 2287/2427/2193 2288/2429/2193
f 2266/2406/2194 2265/2403/2194 2280/2428/2194 2281/2430/2194
f 2259/2408/2195 1912/2431/2195 2274/2432/2195
f 2138/2433/2196 2273/2405/2196 2288/2429/2196
f 2267/2410/2197 2266/2406/2197 2281/2430/2197 2282/2434/2197
f 2260/2411/2198 2259/2408/2198 2274/2432/2198 2275/2435/2198
f 2268/2412/2199 2267/2410/2199 2282/2434/2199 2283/2419/2199
f 2261/2413/2200 2260/2411/2200 2275/2435/2200 2276/2421/2200
f 2288/2429/2201 2287/2427/2201 2302/2436/2201 2303/2437/2201
f 2281/2430/2202 2280/2428/2202 2295/2438/2202 2296/2439/2202
f 2274/2432/2203 1912/2440/2203 2289/2441/2203
f 2138/2442/2204 2288/2429/2204 2303/2437/2204
f 2282/2434/2205 2281/2430/2205 2296/2439/2205 2297/2443/2205
f 2275/2435/2206 2274/2432/2206 2289/2441/2206 2290/2444/2206
f 2283/2419/2207 2282/2434/2207 2297/2443/2207 2298/2445/2207
f 2276/2421/2208 2275/2435/2208 2290/2444/2208 2291/2446/2208
f 2284/2420/2209 2283/2419/2209 2298/2445/2209 2299/2447/2209
f 2277/2422/2210 2276/2421/2210 2291/2446/2210 2292/2448/2210
f 2285/2423/2211 2284/2420/2211 2299/2447/2211 2300/2449/2211
f 2278/2424/2212 2277/2422/2212 2292/2448/2212 2293/2450/2212
f 2286/2425/2213 2285/2423/2213 2300/2449/2213 2301/2451/2213
f 2279/2426/2214 2278/2424/2214 2293/2450/2214 2294/2452/2214
f 2287/2427/2215 2286/2425/2215 2301/2451/2215 2302/2436/2215
f 2280/2428/2216 2279/2426/2216 2294/2452/2216 2295/2438/2216
f 2300/2449/2217 2299/2447/2217 1836/1901/2217 2309/1900/2217
f 2293/2450/2218 2292/2448/2218 2306/1896/2218 1832/1904/2218
f 2301/2451/2219 2300/2449/2219 2309/1900/2219 2310/1906/2219
f 2294/2452/2220 2293/2450/2220 1832/1904/2220 2307/1908/2220
f 2302/2436/2221 2301/2451/2221 2310/1906/2221 2311/1910/2221
f 2295/2438/2222 2294/2452/2222 2307/1908/2222 1833/1912/2222
f 2303/2437/2223 2302/2436/2223 2311/1910/2223 2312/1914/2223
f 2296/2439/2224 2295/2438/2224 1833/1912/2224 1834/1916/2224
f 2289/2441/2225 1912/2453/2225 2304/1918/2225
f 2138/2454/2226 2303/2437/2226 2312/1914/2226
f 2297/2443/2227 2296/2439/2227 1834/1916/2227 1835/1922/2227
f 2290/2444/2228 2289/2441/2228 2304/1918/2228 2305/1924/2228
f 2298/2445/2229 2297/2443/2229 1835/1922/2229 2308/1926/2229
f 2291/2446/2230 2290/2444/2230 2305/1924/2230 1831/1897/2230
f 2299/2447/2231 2298/2445/2231 2308/1926/2231 1836/1901/2231
f 2292/2448/2232 2291/2446/2232 1831/1897/2232 2306/1896/2232
f 2352/2455/2233 2336/2456/2233 2316/2457/2233 2322/2458/2233
f 2327/2459/2234 2341/2460/2234 2326/2461/2234 2315/2462/2234
f 2341/2460/2235 2343/2463/2235 2325/2464/2235 2326/2461/2235
f 2343/2463/2236 2345/2465/2236 2324/2466/2236 2325/2464/2236
f 2345/2465/2237 2347/2467/2237 2323/2468/2237 2324/2466/2237
f 2347/2467/2235 2352/2455/2235 2322/2458/2235 2323/2468/2235
f 2320/2469/2238 2321/2470/2238 2348/2471/2238 2346/2472/2238
f 2319/2473/2239 2320/2469/2239 2346/2472/2239 2344/2474/2239
f 2318/2475/2240 2319/2473/2240 2344/2474/2240 2342/2476/2240
f 2317/2477/2238 2318/2475/2238 2342/2476/2238 2337/2478/2238
f 2313/2479/2241 2317/2477/2241 2337/2478/2241 2331/2480/2241
f 2331/2480/2242 2337/2478/2242 2338/2481/2242 2330/2482/2242
f 2330/2482/2243 2338/2481/2243 2339/2483/2243 2329/2484/2243
f 2329/2484/2244 2339/2483/2244 2340/2485/2244 2328/2486/2244
f 2328/2486/2242 2340/2485/2242 2341/2460/2242 2327/2459/2242
f 2321/2470/2245 2314/2487/2245 2332/2488/2245 2348/2471/2245
f 2348/2471/2246 2332/2488/2246 2333/2489/2246 2349/2490/2246
f 2349/2490/2247 2333/2489/2247 2334/2491/2247 2350/2492/2247
f 2350/2492/2248 2334/2491/2248 2335/2493/2248 2351/2494/2248
f 2351/2494/2246 2335/2493/2246 2336/2456/2246 2352/2455/2246
f 2346/2472/2249 2348/2471/2249 2349/2490/2249 2350/2492/2249 2351/2494/2249 2352/2455/2249 2347/2467/2249 2345/2465/2249 2343/2463/2249 2341/2460/2249 2340/2485/2249 2339/2483/2249 2338/2481/2249 2337/2478/2249 2342/2476/2249 2344/2474/2249
f 2392/2455/2250 2362/2458/2250 2356/2457/2250 2376/2456/2250
f 2367/2459/2251 2355/2462/2251 2366/2461/2251 2381/2460/2251
f 2381/2460/2252 2366/2461/2252 2365/2464/2252 2383/2463/2252
f 2383/2463/2253 2365/2464/2253 2364/2466/2253 2385/2465/2253
f 2385/2465/2254 2364/2466/2254 2363/2468/2254 2387/2467/2254
f 2387/2467/2252 2363/2468/2252 2362/2458/2252 2392/2455/2252
f 2360/2469/2255 2386/2472/2255 2388/2471/2255 2361/2470/2255
f 2359/2473/2256 2384/2474/2256 2386/2472/2256 2360/2469/2256
f 2358/2475/2257 2382/2476/2257 2384/2474/2257 2359/2473/2257
f 2357/2477/2255 2377/2478/2255 2382/2476/2255 2358/2475/2255
f 2353/2479/2258 2371/2480/2258 2377/2478/2258 2357/2477/2258
f 2371/2480/2259 2370/2482/2259 2378/2481/2259 2377/2478/2259
f 2370/2482/2260 2369/2484/2260 2379/2483/2260 2378/2481/2260
f 2369/2484/2261 2368/2486/2261 2380/2485/2261 2379/2483/2261
f 2368/2486/2259 2367/2459/2259 2381/2460/2259 2380/2485/2259
f 2361/2470/2262 2388/2471/2262 2372/2488/2262 2354/2487/2262
f 2388/2471/2263 2389/2490/2263 2373/2489/2263 2372/2488/2263
f 2389/2490/2264 2390/2492/2264 2374/2491/2264 2373/2489/2264
f 2390/2492/2265 2391/2494/2265 2375/2493/2265 2374/2491/2265
f 2391/2494/2263 2392/2455/2263 2376/2456/2263 2375/2493/2263
f 2386/2472/2266 2384/2474/2266 2382/2476/2266 2377/2478/2266 2378/2481/2266 2379/2483/2266 2380/2485/2266 2381/2460/2266 2383/2463/2266 2385/2465/2266 2387/2467/2266 2392/2455/2266 2391/2494/2266 2390/2492/2266 2389/2490/2266 2388/2471/2266
f 2313/2479/2267 2331/2480/2267 2371/2480/2267 2353/2479/2267
f 2314/2487/2268 2321/2470/2268 2361/2470/2268 2354/2487/2268
f 2316/2457/2269 2336/2456/2269 2376/2456/2269 2356/2457/2269
f 2315/2462/2270 2326/2461/2270 2366/2461/2270 2355/2462/2270
f 2317/2477/2268 2313/2479/2268 2353/2479/2268 2357/2477/2268
f 2318/2475/2268 2317/2477/2268 2357/2477/2268 2358/2475/2268
f 2319/2473/2271 2318/2475/2271 2358/2475/2271 2359/2473/2271
f 2320/2469/2272 2319/2473/2272 2359/2473/2272 2360/2469/2272
f 2321/2470/2268 2320/2469/2268 2360/2469/2268 2361/2470/2268
f 2322/2458/2270 2316/2457/2270 2356/2457/2270 2362/2458/2270
f 2323/2468/2270 2322/2458/2270 2362/2458/2270 2363/2468/2270
f 2324/2466/2273 2323/2468/2273 2363/2468/2273 2364/2466/2273
f 2325/2464/2274 2324/2466/2274 2364/2466/2274 2365/2464/2274
f 2326/2461/2270 2325/2464/2270 2365/2464/2270 2366/2461/2270
f 2327/2459/2267 2315/2462/2267 2355/2462/2267 2367/2459/2267
f 2328/2486/2267 2327/2459/2267 2367/2459/2267 2368/2486/2267
f 2329/2484/2275 2328/2486/2275 2368/2486/2275 2369/2484/2275
f 2330/2482/2276 2329/2484/2276 2369/2484/2276 2370/2482/2276
f 2331/2480/2267 2330/2482/2267 2370/2482/2267 2371/2480/2267
f 2332/2488/2269 2314/2487/2269 2354/2487/2269 2372/2488/2269
f 2333/2489/2269 2332/2488/2269 2372/2488/2269 2373/2489/2269
f 2334/2491/2277 2333/2489/2277 2373/2489/2277 2374/2491/2277
f 2335/2493/2278 2334/2491/2278 2374/2491/2278 2375/2493/2278
f 2336/2456/2269 2335/2493/2269 2375/2493/2269 2376/2456/2269
o StageObjectSpawn.006
v -16.000000 4.685962 0.458345
v -16.000000 4.458345 0.685962
v -16.000000 4.160950 0.809148
v -16.000000 4.000000 0.825000
v -16.000000 3.839050 0.809148
v -16.000000 3.541655 0.685962
v -16.031401 4.809148 0.157857
v -16.061592 4.762201 0.309648
v -16.089418 4.685962 0.449538
v -16.113808 4.583363 0.572154
v -16.133825 4.458345 0.672782
v -16.148699 4.315714 0.747555
v -16.157858 4.160950 0.793600
v -16.160950 4.000000 0.809148
v -16.157858 3.839050 0.793600
v -16.148699 3.684286 0.747555
v -16.133825 3.541655 0.672782
v -16.113808 3.416637 0.572154
v -16.089418 3.314038 0.449538
v -16.061592 3.237799 0.309648
v -16.031401 3.190852 0.157857
v -16.061592 4.809148 0.148698
v -16.120817 4.762201 0.291682
v -16.175402 4.685962 0.423456
v -16.223244 4.583363 0.538957
v -16.262506 4.458345 0.633747
v -16.291681 4.315714 0.704181
v -16.309647 4.160950 0.747555
v -16.315714 4.000000 0.762201
v -16.309647 3.839050 0.747555
v -16.291681 3.684286 0.704181
v -16.262506 3.541655 0.633747
v -16.223244 3.416637 0.538957
v -16.175402 3.314038 0.423456
v -16.120817 3.237799 0.291682
v -16.061592 3.190852 0.148698
v -16.089418 4.809148 0.133825
v -16.175402 4.762201 0.262506
v -16.254642 4.685962 0.381100
v -16.324099 4.583363 0.485049
v -16.381100 4.458345 0.570357
v -16.423456 4.315714 0.633747
v -16.449537 4.160950 0.672782
v -16.458345 4.000000 0.685962
v -16.449537 3.839050 0.672782
v -16.423456 3.684286 0.633747
v -16.381100 3.541655 0.570357
v -16.324099 3.416637 0.485049
v -16.254642 3.314038 0.381100
v -16.175402 3.237799 0.262506
v -16.089418 3.190852 0.133825
v -16.113808 4.809148 0.113808
v -16.223244 4.762201 0.223243
v -16.324099 4.685962 0.324099
v -16.412500 4.583363 0.412500
v -16.485048 4.458345 0.485049
v -16.538958 4.315714 0.538957
v -16.572155 4.160950 0.572154
v -16.583363 4.000000 0.583363
v -16.572155 3.839050 0.572154
v -16.538958 3.684286 0.538957
v -16.485048 3.541655 0.485049
v -16.412500 3.416637 0.412500
v -16.324099 3.314038 0.324099
v -16.223244 3.237799 0.223243
v -16.113808 3.190852 0.113808
v -16.133825 4.809148 0.089419
v -16.262506 4.762201 0.175401
v -16.381100 4.685962 0.254643
v -16.485048 4.583363 0.324099
v -16.570356 4.458345 0.381100
v -16.633747 4.315714 0.423456
v -16.672783 4.160950 0.449538
v -16.685963 4.000000 0.458345
v -16.672783 3.839050 0.449538
v -16.633747 3.684286 0.423456
v -16.570356 3.541655 0.381100
v -16.485048 3.416637 0.324099
v -16.381100 3.314038 0.254643
v -16.262506 3.237799 0.175401
v -16.133825 3.190852 0.089419
v -16.000000 4.825000 -0.000000
v -16.148699 4.809148 0.061593
v -16.291681 4.762201 0.120818
v -16.423456 4.685962 0.175401
v -16.538958 4.583363 0.223243
v -16.633747 4.458345 0.262506
v -16.704182 4.315714 0.291682
v -16.747555 4.160950 0.309647
v -16.762199 4.000000 0.315714
v -16.747555 3.839050 0.309647
v -16.704182 3.684286 0.291682
v -16.633747 3.541655 0.262506
v -16.538958 3.416637 0.223243
v -16.423456 3.314038 0.175401
v -16.291681 3.237799 0.120818
v -16.148699 3.190852 0.061593
v -16.157858 4.809148 0.031400
v -16.309647 4.762201 0.061593
v -16.449537 4.685962 0.089419
v -16.572153 4.583363 0.113809
v -16.672783 4.458345 0.133825
v -16.747555 4.315714 0.148698
v -16.793600 4.160950 0.157857
v -16.809149 4.000000 0.160949
v -16.793600 3.839050 0.157857
v -16.747555 3.684286 0.148698
v -16.672783 3.541655 0.133825
v -16.572153 3.416637 0.113809
v -16.449537 3.314038 0.089419
v -16.309647 3.237799 0.061593
v -16.157858 3.190852 0.031400
v -16.160950 4.809148 -0.000000
v -16.315714 4.762201 -0.000000
v -16.458345 4.685962 -0.000000
v -16.583363 4.583363 -0.000000
v -16.685963 4.458345 -0.000000
v -16.762201 4.315714 -0.000000
v -16.809149 4.160950 -0.000000
v -16.825001 4.000000 -0.000000
v -16.809149 3.839050 -0.000000
v -16.762201 3.684286 -0.000000
v -16.685963 3.541655 -0.000000
v -16.583363 3.416637 -0.000000
v -16.458345 3.314038 0.000000
v -16.315714 3.237799 0.000000
v -16.160950 3.190852 0.000000
v -16.157858 4.809148 -0.031400
v -16.309647 4.762201 -0.061593
v -16.449537 4.685962 -0.089419
v -16.572153 4.583363 -0.113808
v -16.672783 4.458345 -0.133825
v -16.747555 4.315714 -0.148698
v -16.793600 4.160950 -0.157857
v -16.809149 4.000000 -0.160950
v -16.793600 3.839050 -0.157857
v -16.747555 3.684286 -0.148698
v -16.672783 3.541655 -0.133825
v -16.572153 3.416637 -0.113808
v -16.449537 3.314038 -0.089419
v -16.309647 3.237799 -0.061593
v -16.157858 3.190852 -0.031400
v -16.148699 4.809148 -0.061593
v -16.291681 4.762201 -0.120818
v -16.423456 4.685962 -0.175401
v -16.538958 4.583363 -0.223243
v -16.633745 4.458345 -0.262506
v -16.704182 4.315714 -0.291681
v -16.747555 4.160950 -0.309648
v -16.762199 4.000000 -0.315714
v -16.747555 3.839050 -0.309648
v -16.704182 3.684286 -0.291681
v -16.633745 3.541655 -0.262506
v -16.538958 3.416637 -0.223243
v -16.423456 3.314038 -0.175401
v -16.291681 3.237799 -0.120818
v -16.148699 3.190852 -0.061593
v -16.133825 4.809148 -0.089419
v -16.262506 4.762201 -0.175401
v -16.381100 4.685962 -0.254643
v -16.485048 4.583363 -0.324099
v -16.570356 4.458345 -0.381100
v -16.633747 4.315714 -0.423456
v -16.672783 4.160950 -0.449538
v -16.685963 4.000000 -0.458345
v -16.672783 3.839050 -0.449538
v -16.633747 3.684286 -0.423456
v -16.570356 3.541655 -0.381100
v -16.485048 3.416637 -0.324099
v -16.381100 3.314038 -0.254643
v -16.262506 3.237799 -0.175401
v -16.133825 3.190852 -0.089419
v -16.113808 4.809148 -0.113808
v -16.223244 4.762201 -0.223243
v -16.324099 4.685962 -0.324099
v -16.412500 4.583363 -0.412500
v -16.485048 4.458345 -0.485049
v -16.538958 4.315714 -0.538957
v -16.572153 4.160950 -0.572154
v -16.583363 4.000000 -0.583363
v -16.572153 3.839050 -0.572154
v -16.538958 3.684286 -0.538957
v -16.485048 3.541655 -0.485049
v -16.412500 3.416637 -0.412500
v -16.324099 3.314038 -0.324099
v -16.223244 3.237799 -0.223243
v -16.113808 3.190852 -0.113808
v -16.089418 4.809148 -0.133825
v -16.175402 4.762201 -0.262506
v -16.254642 4.685962 -0.381100
v -16.324099 4.583363 -0.485049
v -16.381100 4.458345 -0.570357
v -16.423456 4.315714 -0.633747
v -16.449537 4.160950 -0.672782
v -16.458345 4.000000 -0.685962
v -16.449537 3.839050 -0.672782
v -16.423456 3.684286 -0.633747
v -16.381100 3.541655 -0.570357
v -16.324099 3.416637 -0.485049
v -16.254642 3.314038 -0.381100
v -16.175402 3.237799 -0.262506
v -16.089418 3.190852 -0.133825
v -16.061592 4.809148 -0.148698
v -16.120817 4.762201 -0.291681
v -16.175402 4.685962 -0.423456
v -16.223244 4.583363 -0.538957
v -16.262506 4.458345 -0.633746
v -16.291681 4.315714 -0.704181
v -16.309647 4.160950 -0.747555
v -16.315712 4.000000 -0.762200
v -16.309647 3.839050 -0.747555
v -16.291681 3.684286 -0.704181
v -16.262506 3.541655 -0.633746
v -16.223244 3.416637 -0.538957
v -16.175402 3.314038 -0.423456
v -16.120817 3.237799 -0.291681
v -16.061592 3.190852 -0.148698
v -16.031401 4.809148 -0.157857
v -16.061592 4.762201 -0.309647
v -16.089418 4.685962 -0.449538
v -16.113808 4.583363 -0.572154
v -16.133823 4.458345 -0.672782
v -16.148699 4.315714 -0.747555
v -16.157856 4.160950 -0.793600
v -16.160950 4.000000 -0.809147
v -16.157856 3.839050 -0.793600
v -16.148699 3.684286 -0.747555
v -16.133823 3.541655 -0.672782
v -16.113808 3.416637 -0.572154
v -16.089418 3.314038 -0.449538
v -16.061592 3.237799 -0.309647
v -16.031401 3.190852 -0.157857
v -16.000000 4.809148 -0.160949
v -16.000000 4.762201 -0.315714
v -16.000000 4.685962 -0.458345
v -16.000000 4.583363 -0.583363
v -16.000000 4.458345 -0.685962
v -16.000000 4.315714 -0.762200
v -16.000000 4.160950 -0.809148
v -16.000000 4.000000 -0.824999
v -16.000000 3.839050 -0.809148
v -16.000000 3.684286 -0.762200
v -16.000000 3.541655 -0.685962
v -16.000000 3.416637 -0.583363
v -16.000000 3.314038 -0.458345
v -16.000000 3.237799 -0.315714
v -16.000000 3.190852 -0.160949
v -15.968600 4.809148 -0.157857
v -15.938407 4.762201 -0.309647
v -15.910581 4.685962 -0.449538
v -15.886192 4.583363 -0.572154
v -15.866175 4.458345 -0.672782
v -15.851302 4.315714 -0.747555
v -15.842143 4.160950 -0.793600
v -15.839050 4.000000 -0.809147
v -15.842143 3.839050 -0.793600
v -15.851302 3.684286 -0.747555
v -15.866175 3.541655 -0.672782
v -15.886192 3.416637 -0.572154
v -15.910581 3.314038 -0.449538
v -15.938407 3.237799 -0.309647
v -15.968600 3.190852 -0.157857
v -15.938407 4.809148 -0.148698
v -15.879182 4.762201 -0.291681
v -15.824599 4.685962 -0.423456
v -15.776757 4.583363 -0.538957
v -15.737494 4.458345 -0.633746
v -15.708319 4.315714 -0.704181
v -15.690353 4.160950 -0.747555
v -15.684286 4.000000 -0.762200
v -15.690353 3.839050 -0.747555
v -15.708319 3.684286 -0.704181
v -15.737494 3.541655 -0.633746
v -15.776757 3.416637 -0.538957
v -15.824599 3.314038 -0.423456
v -15.879182 3.237799 -0.291681
v -15.938407 3.190852 -0.148698
v -15.910581 4.809148 -0.133825
v -15.824599 4.762201 -0.262506
v -15.745357 4.685962 -0.381100
v -15.675901 4.583363 -0.485049
v -15.618900 4.458345 -0.570357
v -15.576544 4.315714 -0.633746
v -15.550462 4.160950 -0.672782
v -15.541655 4.000000 -0.685962
v -15.550462 3.839050 -0.672782
v -15.576544 3.684286 -0.633746
v -15.618900 3.541655 -0.570357
v -15.675901 3.416637 -0.485049
v -15.745357 3.314038 -0.381100
v -15.824599 3.237799 -0.262506
v -15.910581 3.190852 -0.133825
v -15.886192 4.809148 -0.113808
v -15.776757 4.762201 -0.223243
v -15.675901 4.685962 -0.324099
v -15.587500 4.583363 -0.412500
v -15.514951 4.458345 -0.485048
v -15.461043 4.315714 -0.538957
v -15.427846 4.160950 -0.572154
v -15.416637 4.000000 -0.583362
v -15.427846 3.839050 -0.572154
v -15.461043 3.684286 -0.538957
v -15.514951 3.541655 -0.485048
v -15.587500 3.416637 -0.412500
v -15.675901 3.314038 -0.324099
v -15.776757 3.237799 -0.223243
v -15.886192 3.190852 -0.113808
v -16.000000 3.175000 0.000000
v -15.866175 4.809148 -0.089419
v -15.737494 4.762201 -0.175401
v -15.618900 4.685962 -0.254643
v -15.514951 4.583363 -0.324099
v -15.429643 4.458345 -0.381100
v -15.366254 4.315714 -0.423456
v -15.327218 4.160950 -0.449538
v -15.314038 4.000000 -0.458345
v -15.327218 3.839050 -0.449538
v -15.366254 3.684286 -0.423456
v -15.429643 3.541655 -0.381100
v -15.514951 3.416637 -0.324099
v -15.618900 3.314038 -0.254643
v -15.737494 3.237799 -0.175401
v -15.866175 3.190852 -0.089419
v -15.851302 4.809148 -0.061593
v -15.708319 4.762201 -0.120818
v -15.576544 4.685962 -0.175401
v -15.461043 4.583363 -0.223243
v -15.366254 4.458345 -0.262506
v -15.295819 4.315714 -0.291681
v -15.252445 4.160950 -0.309647
v -15.237800 4.000000 -0.315713
v -15.252445 3.839050 -0.309647
v -15.295819 3.684286 -0.291681
v -15.366254 3.541655 -0.262506
v -15.461043 3.416637 -0.223243
v -15.576544 3.314038 -0.175401
v -15.708319 3.237799 -0.120818
v -15.851302 3.190852 -0.061593
v -15.842143 4.809148 -0.031400
v -15.690353 4.762201 -0.061593
v -15.550462 4.685962 -0.089419
v -15.427846 4.583363 -0.113808
v -15.327218 4.458345 -0.133824
v -15.252445 4.315714 -0.148698
v -15.206400 4.160950 -0.157857
v -15.190853 4.000000 -0.160949
v -15.206400 3.839050 -0.157857
v -15.252445 3.684286 -0.148698
v -15.327218 3.541655 -0.133824
v -15.427846 3.416637 -0.113808
v -15.550462 3.314038 -0.089419
v -15.690353 3.237799 -0.061593
v -15.842143 3.190852 -0.031400
v -15.839051 4.809148 -0.000000
v -15.684286 4.762201 -0.000000
v -15.541655 4.685962 -0.000000
v -15.416637 4.583363 0.000000
v -15.314038 4.458345 0.000000
v -15.237800 4.315714 0.000000
v -15.190853 4.160950 0.000000
v -15.175001 4.000000 0.000000
v -15.190853 3.839050 0.000000
v -15.237800 3.684286 0.000000
v -15.314038 3.541655 0.000000
v -15.416637 3.416637 0.000000
v -15.541655 3.314038 0.000000
v -15.684286 3.237799 0.000000
v -15.839051 3.190852 0.000000
v -15.842143 4.809148 0.031400
v -15.690353 4.762201 0.061593
v -15.550462 4.685962 0.089419
v -15.427846 4.583363 0.113808
v -15.327219 4.458345 0.133825
v -15.252445 4.315714 0.148698
v -15.206400 4.160950 0.157857
v -15.190853 4.000000 0.160950
v -15.206400 3.839050 0.157857
v -15.252445 3.684286 0.148698
v -15.327219 3.541655 0.133825
v -15.427846 3.416637 0.113808
v -15.550462 3.314038 0.089419
v -15.690353 3.237799 0.061593
v -15.842143 3.190852 0.031400
v -15.851302 4.809148 0.061593
v -15.708319 4.762201 0.120818
v -15.576544 4.685962 0.175401
v -15.461043 4.583363 0.223243
v -15.366254 4.458345 0.262506
v -15.295819 4.315714 0.291681
v -15.252445 4.160950 0.309648
v -15.237800 4.000000 0.315714
v -15.252445 3.839050 0.309648
v -15.295819 3.684286 0.291681
v -15.366254 3.541655 0.262506
v -15.461043 3.416637 0.223243
v -15.576544 3.314038 0.175401
v -15.708319 3.237799 0.120818
v -15.851302 3.190852 0.061593
v -15.866176 4.809148 0.089419
v -15.737494 4.762201 0.175401
v -15.618900 4.685962 0.254643
v -15.514951 4.583363 0.324099
v -15.429644 4.458345 0.381100
v -15.366254 4.315714 0.423456
v -15.327219 4.160950 0.449538
v -15.314039 4.000000 0.458345
v -15.327219 3.839050 0.449538
v -15.366254 3.684286 0.423456
v -15.429644 3.541655 0.381100
v -15.514951 3.416637 0.324099
v -15.618900 3.314038 0.254643
v -15.737494 3.237799 0.175401
v -15.866176 3.190852 0.089419
v -15.886192 4.809148 0.113808
v -15.776757 4.762201 0.223243
v -15.675901 4.685962 0.324099
v -15.587500 4.583363 0.412500
v -15.514952 4.458345 0.485048
v -15.461043 4.315714 0.538957
v -15.427847 4.160950 0.572154
v -15.416638 4.000000 0.583363
v -15.427847 3.839050 0.572154
v -15.461043 3.684286 0.538957
v -15.514952 3.541655 0.485048
v -15.587500 3.416637 0.412500
v -15.675901 3.314038 0.324099
v -15.776757 3.237799 0.223243
v -15.886192 3.190852 0.113808
v -15.910581 4.809148 0.133824
v -15.824599 4.762201 0.262506
v -15.745358 4.685962 0.381100
v -15.675901 4.583363 0.485049
v -15.618900 4.458345 0.570357
v -15.576544 4.315714 0.633746
v -15.550462 4.160950 0.672782
v -15.541655 4.000000 0.685962
v -15.550462 3.839050 0.672782
v -15.576544 3.684286 0.633746
v -15.618900 3.541655 0.570357
v -15.675901 3.416637 0.485049
v -15.745358 3.314038 0.381100
v -15.824599 3.237799 0.262506
v -15.910581 3.190852 0.133824
v -15.938407 4.809148 0.148698
v -15.879182 4.762201 0.291681
v -15.824599 4.685962 0.423456
v -15.776757 4.583363 0.538957
v -15.737494 4.458345 0.633746
v -15.708319 4.315714 0.704181
v -15.690353 4.160950 0.747555
v -15.684287 4.000000 0.762200
v -15.690353 3.839050 0.747555
v -15.708319 3.684286 0.704181
v -15.737494 3.541655 0.633746
v -15.776757 3.416637 0.538957
v -15.824599 3.314038 0.423456
v -15.879182 3.237799 0.291681
v -15.938407 3.190852 0.148698
v -15.968600 4.809148 0.157857
v -15.938407 4.762201 0.309647
v -15.910582 4.685962 0.449538
v -15.886192 4.583363 0.572154
v -15.866176 4.458345 0.672781
v -15.851302 4.315714 0.747555
v -15.842143 4.160950 0.793600
v -15.839051 4.000000 0.809147
v -15.842143 3.839050 0.793600
v -15.851302 3.684286 0.747555
v -15.866176 3.541655 0.672781
v -15.886192 3.416637 0.572154
v -15.910582 3.314038 0.449538
v -15.938407 3.237799 0.309647
v -15.968600 3.190852 0.157857
v -16.000000 4.809148 0.160949
v -16.000000 4.762201 0.315714
v -16.000000 4.583363 0.583363
v -16.000000 4.315714 0.762200
v -16.000000 3.684286 0.762200
v -16.000000 3.416637 0.583363
v -16.000000 3.314038 0.458345
v -16.000000 3.237799 0.315714
v -16.000000 3.190852 0.160949
v -15.241000 3.241000 -0.024750
v -16.759001 3.241000 -0.024750
v -15.241000 4.759000 -0.024750
v -16.759001 4.759000 -0.024750
v -15.340000 3.241000 -0.024750
v -15.670000 3.241000 -0.024750
v -16.000000 3.010000 -0.024750
v -16.330000 3.241000 -0.024750
v -16.660000 3.241000 -0.024750
v -16.660000 4.759000 -0.024750
v -16.330000 4.759000 -0.024750
v -16.000000 4.990000 -0.024750
v -15.670000 4.759000 -0.024750
v -15.340000 4.759000 -0.024750
v -15.241000 4.660000 -0.024750
v -15.241000 4.330000 -0.024750
v -15.010000 4.000000 -0.024750
v -15.241000 3.670000 -0.024750
v -15.241000 3.340000 -0.024750
v -16.759001 3.340000 -0.024750
v -16.759001 3.670000 -0.024750
v -16.990000 4.000000 -0.024750
v -16.759001 4.330000 -0.024750
v -16.759001 4.660000 -0.024750
v -15.340000 3.340000 -0.123750
v -15.340000 3.670000 -0.123750
v -15.340000 4.000000 -0.123750
v -15.340000 4.330000 -0.123750
v -15.340000 4.660000 -0.123750
v -15.670000 3.340000 -0.123750
v -15.670000 4.660000 -0.123750
v -16.000000 3.340000 -0.123750
v -16.000000 4.660000 -0.123750
v -16.330000 3.340000 -0.123750
v -16.330000 4.660000 -0.123750
v -16.660000 3.340000 -0.123750
v -16.660000 3.670000 -0.123750
v -16.660000 4.000000 -0.123750
v -16.660000 4.330000 -0.123750
v -16.660000 4.660000 -0.123750
v -15.241000 3.241000 0.024750
v -16.759001 3.241000 0.024750
v -15.241000 4.759000 0.024750
v -16.759001 4.759000 0.024750
v -15.340000 3.241000 0.024750
v -15.670000 3.241000 0.024750
v -16.000000 3.010000 0.024750
v -16.330000 3.241000 0.024750
v -16.660000 3.241000 0.024750
v -16.660000 4.759000 0.024750
v -16.330000 4.759000 0.024750
v -16.000000 4.990000 0.024750
v -15.670000 4.759000 0.024750
v -15.340000 4.759000 0.024750
v -15.241000 4.660000 0.024750
v -15.241000 4.330000 0.024750
v -15.010000 4.000000 0.024750
v -15.241000 3.670000 0.024750
v -15.241000 3.340000 0.024750
v -16.759001 3.340000 0.024750
v -16.759001 3.670000 0.024750
v -16.990000 4.000000 0.024750
v -16.759001 4.330000 0.024750
v -16.759001 4.660000 0.024750
v -15.340000 3.340000 0.123750
v -15.340000 3.670000 0.123750
v -15.340000 4.000000 0.123750
v -15.340000 4.330000 0.123750
v -15.340000 4.660000 0.123750
v -15.670000 3.340000 0.123750
v -15.670000 4.660000 0.123750
v -16.000000 3.340000 0.123750
v -16.000000 4.660000 0.123750
v -16.330000 3.340000 0.123750
v -16.330000 4.660000 0.123750
v -16.660000 3.340000 0.123750
v -16.660000 3.670000 0.123750
v -16.660000 4.000000 0.123750
v -16.660000 4.330000 0.123750
v -16.660000 4.660000 0.123750
vn -0.0624 0.7715 0.6332
vn -0.0759 -0.6326 0.7708
vn -0.0759 0.6326 0.7708
vn -0.0624 -0.7715 0.6332
vn -0.0865 0.4696 0.8786
vn -0.0464 -0.8810 0.4709
vn -0.0938 0.2890 0.9527
vn -0.0286 -0.9566 0.2902
vn -0.0976 0.0976 0.9904
vn -0.0097 0.9951 0.0980
vn -0.0097 -0.9951 0.0980
vn -0.0976 -0.0976 0.9904
vn -0.0286 0.9566 0.2902
vn -0.0938 -0.2890 0.9527
vn -0.0464 0.8810 0.4709
vn -0.0865 -0.4696 0.8786
vn -0.2779 -0.2890 0.9161
vn -0.1374 0.8810 0.4528
vn -0.2563 -0.4696 0.8448
vn -0.1847 0.7715 0.6088
vn -0.2248 -0.6326 0.7412
vn -0.2248 0.6326 0.7412
vn -0.1847 -0.7715 0.6088
vn -0.2563 0.4696 0.8448
vn -0.1374 -0.8810 0.4528
vn -0.2779 0.2890 0.9161
vn -0.0846 -0.9566 0.2790
vn -0.2889 0.0976 0.9524
vn -0.0286 0.9951 0.0942
vn -0.0286 -0.9951 0.0942
vn -0.2889 -0.0976 0.9524
vn -0.0846 0.9566 0.2790
vn -0.2231 -0.8810 0.4173
vn -0.4513 0.2890 0.8443
vn -0.1374 -0.9565 0.2571
vn -0.4692 0.0976 0.8777
vn -0.0464 0.9951 0.0869
vn -0.0464 -0.9951 0.0869
vn -0.4692 -0.0976 0.8777
vn -0.1374 0.9565 0.2571
vn -0.4513 -0.2890 0.8443
vn -0.2231 0.8810 0.4173
vn -0.4162 -0.4696 0.7786
vn -0.2999 0.7715 0.5611
vn -0.3651 -0.6326 0.6831
vn -0.3651 0.6326 0.6831
vn -0.2999 -0.7715 0.5611
vn -0.4162 0.4696 0.7786
vn -0.5601 -0.4696 0.6825
vn -0.4036 0.7715 0.4918
vn -0.4913 -0.6326 0.5987
vn -0.4913 0.6326 0.5987
vn -0.4036 -0.7715 0.4918
vn -0.5601 0.4696 0.6825
vn -0.3002 -0.8810 0.3658
vn -0.6073 0.2890 0.7400
vn -0.1850 -0.9565 0.2254
vn -0.6314 0.0975 0.7693
vn -0.0625 0.9951 0.0761
vn -0.0625 -0.9951 0.0761
vn -0.6314 -0.0975 0.7693
vn -0.1850 0.9565 0.2254
vn -0.6073 -0.2890 0.7400
vn -0.3002 0.8810 0.3658
vn -0.2254 -0.9565 0.1850
vn -0.7693 0.0975 0.6314
vn -0.0761 0.9951 0.0625
vn -0.0761 -0.9951 0.0625
vn -0.7693 -0.0975 0.6314
vn -0.2254 0.9565 0.1850
vn -0.7400 -0.2890 0.6073
vn -0.3658 0.8810 0.3002
vn -0.6825 -0.4696 0.5601
vn -0.4918 0.7715 0.4036
vn -0.5987 -0.6326 0.4913
vn -0.5987 0.6326 0.4913
vn -0.4918 -0.7715 0.4036
vn -0.6825 0.4696 0.5601
vn -0.3658 -0.8810 0.3002
vn -0.7400 0.2890 0.6073
vn -0.5611 0.7715 0.2999
vn -0.6831 -0.6326 0.3651
vn -0.6831 0.6326 0.3651
vn -0.5611 -0.7715 0.2999
vn -0.7786 0.4696 0.4162
vn -0.4173 -0.8810 0.2231
vn -0.8443 0.2890 0.4513
vn -0.2571 -0.9565 0.1374
vn -0.8777 0.0975 0.4691
vn -0.0869 0.9951 0.0464
vn -0.0869 -0.9951 0.0464
vn -0.8777 -0.0975 0.4691
vn -0.2571 0.9565 0.1374
vn -0.8443 -0.2890 0.4513
vn -0.4173 0.8810 0.2231
vn -0.7786 -0.4696 0.4162
vn -0.9524 0.0975 0.2889
vn -0.0942 0.9951 0.0286
vn -0.0942 -0.9951 0.0286
vn -0.9524 -0.0975 0.2889
vn -0.2790 0.9565 0.0846
vn -0.9161 -0.2890 0.2779
vn -0.4528 0.8810 0.1374
vn -0.8448 -0.4696 0.2563
vn -0.6088 0.7715 0.1847
vn -0.7412 -0.6326 0.2248
vn -0.7412 0.6326 0.2248
vn -0.6088 -0.7715 0.1847
vn -0.8448 0.4696 0.2563
vn -0.4528 -0.8810 0.1374
vn -0.9161 0.2890 0.2779
vn -0.2790 -0.9565 0.0846
vn -0.7708 -0.6326 0.0759
vn -0.7708 0.6326 0.0759
vn -0.6332 -0.7715 0.0624
vn -0.8786 0.4696 0.0865
vn -0.4709 -0.8810 0.0464
vn -0.9527 0.2890 0.0938
vn -0.2902 -0.9565 0.0286
vn -0.9904 0.0976 0.0976
vn -0.0980 0.9951 0.0097
vn -0.0980 -0.9951 0.0097
vn -0.9904 -0.0976 0.0976
vn -0.2902 0.9565 0.0286
vn -0.9527 -0.2890 0.0938
vn -0.4709 0.8810 0.0464
vn -0.8786 -0.4696 0.0865
vn -0.6332 0.7715 0.0624
vn -0.0980 0.9951 -0.0097
vn -0.0980 -0.9951 -0.0097
vn -0.9904 -0.0976 -0.0976
vn -0.2902 0.9565 -0.0286
vn -0.9527 -0.2890 -0.0938
vn -0.4709 0.8810 -0.0464
vn -0.8786 -0.4696 -0.0865
vn -0.6332 0.7715 -0.0624
vn -0.7708 -0.6326 -0.0759
vn -0.7708 0.6326 -0.0759
vn -0.6332 -0.7715 -0.0624
vn -0.8786 0.4696 -0.0865
vn -0.4709 -0.8810 -0.0464
vn -0.9527 0.2890 -0.0938
vn -0.2902 -0.9565 -0.0286
vn -0.9904 0.0976 -0.0976
vn -0.7412 0.6326 -0.2248
vn -0.6088 -0.7715 -0.1847
vn -0.8448 0.4696 -0.2563
vn -0.4528 -0.8810 -0.1374
vn -0.9161 0.2890 -0.2779
vn -0.2790 -0.9565 -0.0846
vn -0.9524 0.0975 -0.2889
vn -0.0942 0.9951 -0.0286
vn -0.0942 -0.9951 -0.0286
vn -0.9524 -0.0975 -0.2889
vn -0.2790 0.9565 -0.0846
vn -0.9161 -0.2890 -0.2779
vn -0.4528 0.8810 -0.1374
vn -0.8448 -0.4696 -0.2563
vn -0.6088 0.7715 -0.1847
vn -0.7412 -0.6326 -0.2248
vn -0.8777 -0.0975 -0.4691
vn -0.2571 0.9565 -0.1374
vn -0.8443 -0.2890 -0.4513
vn -0.4173 0.8810 -0.2231
vn -0.7786 -0.4696 -0.4162
vn -0.5611 0.7715 -0.2999
vn -0.6831 -0.6326 -0.3651
vn -0.6831 0.6326 -0.3651
vn -0.5611 -0.7715 -0.2999
vn -0.7786 0.4696 -0.4162
vn -0.4173 -0.8810 -0.2231
vn -0.8443 0.2890 -0.4513
vn -0.2571 -0.9565 -0.1374
vn -0.8777 0.0975 -0.4692
vn -0.0869 0.9951 -0.0464
vn -0.0869 -0.9951 -0.0464
vn -0.4918 -0.7715 -0.4036
vn -0.6825 0.4696 -0.5601
vn -0.3658 -0.8810 -0.3002
vn -0.7400 0.2890 -0.6073
vn -0.2254 -0.9565 -0.1850
vn -0.7693 0.0975 -0.6314
vn -0.0761 0.9951 -0.0625
vn -0.0761 -0.9951 -0.0625
vn -0.7693 -0.0975 -0.6314
vn -0.2254 0.9565 -0.1850
vn -0.7400 -0.2890 -0.6073
vn -0.3658 0.8810 -0.3002
vn -0.6825 -0.4696 -0.5601
vn -0.4918 0.7715 -0.4036
vn -0.5987 -0.6326 -0.4913
vn -0.5987 0.6326 -0.4913
vn -0.6073 -0.2890 -0.7400
vn -0.3002 0.8810 -0.3658
vn -0.5601 -0.4696 -0.6825
vn -0.4036 0.7715 -0.4918
vn -0.4913 -0.6326 -0.5987
vn -0.4913 0.6326 -0.5987
vn -0.4036 -0.7715 -0.4918
vn -0.5601 0.4696 -0.6825
vn -0.3002 -0.8810 -0.3658
vn -0.6073 0.2890 -0.7400
vn -0.1850 -0.9565 -0.2254
vn -0.6314 0.0975 -0.7693
vn -0.0625 0.9951 -0.0761
vn -0.0625 -0.9951 -0.0761
vn -0.6314 -0.0975 -0.7693
vn -0.1850 0.9565 -0.2254
vn -0.2231 -0.8810 -0.4173
vn -0.4513 0.2890 -0.8443
vn -0.1374 -0.9565 -0.2571
vn -0.4691 0.0975 -0.8777
vn -0.0464 0.9951 -0.0869
vn -0.0464 -0.9951 -0.0869
vn -0.4691 -0.0975 -0.8777
vn -0.1374 0.9565 -0.2571
vn -0.4513 -0.2890 -0.8443
vn -0.2231 0.8810 -0.4173
vn -0.4162 -0.4696 -0.7786
vn -0.2999 0.7715 -0.5611
vn -0.3651 -0.6326 -0.6831
vn -0.3651 0.6326 -0.6831
vn -0.2999 -0.7715 -0.5611
vn -0.4162 0.4696 -0.7786
vn -0.1374 0.8810 -0.4528
vn -0.2563 -0.4696 -0.8448
vn -0.1847 0.7715 -0.6088
vn -0.2248 -0.6326 -0.7412
vn -0.2248 0.6326 -0.7412
vn -0.1847 -0.7715 -0.6088
vn -0.2563 0.4696 -0.8448
vn -0.1374 -0.8810 -0.4528
vn -0.2779 0.2890 -0.9161
vn -0.0846 -0.9565 -0.2790
vn -0.2889 0.0975 -0.9524
vn -0.0286 0.9951 -0.0942
vn -0.0286 -0.9951 -0.0942
vn -0.2889 -0.0975 -0.9524
vn -0.0846 0.9565 -0.2790
vn -0.2779 -0.2890 -0.9161
vn -0.0938 0.2890 -0.9527
vn -0.0286 -0.9565 -0.2902
vn -0.0976 0.0975 -0.9904
vn -0.0097 0.9951 -0.0980
vn -0.0097 -0.9951 -0.0980
vn -0.0976 -0.0975 -0.9904
vn -0.0286 0.9565 -0.2902
vn -0.0938 -0.2890 -0.9527
vn -0.0464 0.8810 -0.4709
vn -0.0865 -0.4696 -0.8786
vn -0.0624 0.7715 -0.6332
vn -0.0759 -0.6326 -0.7708
vn -0.0759 0.6326 -0.7708
vn -0.0624 -0.7715 -0.6332
vn -0.0865 0.4696 -0.8786
vn -0.0464 -0.8810 -0.4709
vn 0.0865 -0.4696 -0.8786
vn 0.0624 0.7715 -0.6332
vn 0.0759 -0.6326 -0.7708
vn 0.0759 0.6326 -0.7708
vn 0.0624 -0.7715 -0.6332
vn 0.0865 0.4696 -0.8786
vn 0.0464 -0.8810 -0.4709
vn 0.0938 0.2890 -0.9527
vn 0.0286 -0.9565 -0.2902
vn 0.0976 0.0975 -0.9904
vn 0.0097 0.9951 -0.0980
vn 0.0097 -0.9951 -0.0980
vn 0.0976 -0.0975 -0.9904
vn 0.0286 0.9565 -0.2902
vn 0.0938 -0.2890 -0.9527
vn 0.0464 0.8810 -0.4709
vn 0.0846 -0.9565 -0.2790
vn 0.2889 0.0975 -0.9524
vn 0.0286 0.9951 -0.0942
vn 0.0286 -0.9951 -0.0942
vn 0.2889 -0.0975 -0.9524
vn 0.0846 0.9565 -0.2790
vn 0.2779 -0.2890 -0.9161
vn 0.1374 0.8810 -0.4528
vn 0.2563 -0.4696 -0.8448
vn 0.1847 0.7715 -0.6088
vn 0.2248 -0.6326 -0.7412
vn 0.2248 0.6326 -0.7412
vn 0.1847 -0.7715 -0.6088
vn 0.2563 0.4696 -0.8448
vn 0.1374 -0.8810 -0.4528
vn 0.2779 0.2890 -0.9161
vn 0.2999 0.7715 -0.5611
vn 0.3651 -0.6326 -0.6831
vn 0.3651 0.6326 -0.6831
vn 0.2999 -0.7715 -0.5611
vn 0.4162 0.4696 -0.7786
vn 0.2231 -0.8810 -0.4173
vn 0.4513 0.2890 -0.8443
vn 0.1374 -0.9565 -0.2571
vn 0.4691 0.0975 -0.8777
vn 0.0464 0.9951 -0.0869
vn 0.0464 -0.9951 -0.0869
vn 0.4691 -0.0975 -0.8777
vn 0.1374 0.9565 -0.2571
vn 0.4513 -0.2890 -0.8443
vn 0.2231 0.8810 -0.4173
vn 0.4162 -0.4696 -0.7786
vn 0.6314 0.0975 -0.7693
vn 0.0625 0.9951 -0.0761
vn 0.0625 -0.9951 -0.0761
vn 0.6314 -0.0975 -0.7693
vn 0.1850 0.9565 -0.2254
vn 0.6073 -0.2890 -0.7400
vn 0.3002 0.8810 -0.3658
vn 0.5601 -0.4696 -0.6825
vn 0.4036 0.7715 -0.4918
vn 0.4913 -0.6326 -0.5987
vn 0.4913 0.6326 -0.5987
vn 0.4036 -0.7715 -0.4918
vn 0.5601 0.4696 -0.6825
vn 0.3002 -0.8810 -0.3658
vn 0.6073 0.2890 -0.7400
vn 0.1850 -0.9565 -0.2254
vn 0.5987 -0.6326 -0.4913
vn 0.5987 0.6326 -0.4913
vn 0.4918 -0.7715 -0.4036
vn 0.6825 0.4696 -0.5601
vn 0.3658 -0.8810 -0.3002
vn 0.7400 0.2890 -0.6073
vn 0.2254 -0.9565 -0.1850
vn 0.7693 0.0975 -0.6314
vn 0.0761 0.9951 -0.0625
vn 0.0761 -0.9951 -0.0625
vn 0.7693 -0.0975 -0.6314
vn 0.2254 0.9565 -0.1850
vn 0.7400 -0.2890 -0.6073
vn 0.3658 0.8810 -0.3002
vn 0.6825 -0.4696 -0.5601
vn 0.4918 0.7715 -0.4036
vn 0.0869 -0.9951 -0.0464
vn 0.8777 -0.0975 -0.4691
vn 0.2571 0.9565 -0.1374
vn 0.8443 -0.2890 -0.4513
vn 0.4173 0.8810 -0.2231
vn 0.7786 -0.4696 -0.4162
vn 0.5611 0.7715 -0.2999
vn 0.6831 -0.6326 -0.3651
vn 0.6831 0.6326 -0.3651
vn 0.5611 -0.7715 -0.2999
vn 0.7786 0.4696 -0.4162
vn 0.4173 -0.8810 -0.2231
vn 0.8443 0.2890 -0.4513
vn 0.2571 -0.9565 -0.1374
vn 0.8777 0.0975 -0.4691
vn 0.0869 0.9951 -0.0464
vn 0.6088 -0.7715 -0.1847
vn 0.8448 0.4696 -0.2563
vn 0.4528 -0.8810 -0.1374
vn 0.9161 0.2890 -0.2779
vn 0.2790 -0.9565 -0.0846
vn 0.9524 0.0975 -0.2889
vn 0.0942 0.9951 -0.0286
vn 0.0942 -0.9951 -0.0286
vn 0.9524 -0.0975 -0.2889
vn 0.2790 0.9565 -0.0846
vn 0.9161 -0.2890 -0.2779
vn 0.4528 0.8810 -0.1374
vn 0.8448 -0.4696 -0.2563
vn 0.6088 0.7715 -0.1847
vn 0.7412 -0.6326 -0.2248
vn 0.7412 0.6326 -0.2248
vn 0.2902 0.9565 -0.0286
vn 0.9527 -0.2890 -0.0938
vn 0.4709 0.8810 -0.0464
vn 0.8786 -0.4696 -0.0865
vn 0.6332 0.7715 -0.0624
vn 0.7708 -0.6326 -0.0759
vn 0.7708 0.6326 -0.0759
vn 0.6332 -0.7715 -0.0624
vn 0.8786 0.4696 -0.0865
vn 0.4709 -0.8810 -0.0464
vn 0.9527 0.2890 -0.0938
vn 0.2902 -0.9565 -0.0286
vn 0.9904 0.0975 -0.0975
vn 0.0980 0.9951 -0.0097
vn 0.0980 -0.9951 -0.0097
vn 0.9904 -0.0975 -0.0975
vn 0.8786 0.4696 0.0865
vn 0.4709 -0.8810 0.0464
vn 0.9527 0.2890 0.0938
vn 0.2902 -0.9565 0.0286
vn 0.9904 0.0975 0.0975
vn 0.0980 0.9951 0.0097
vn 0.0980 -0.9951 0.0097
vn 0.9904 -0.0975 0.0975
vn 0.2902 0.9565 0.0286
vn 0.9527 -0.2890 0.0938
vn 0.4709 0.8810 0.0464
vn 0.8786 -0.4696 0.0865
vn 0.6332 0.7715 0.0624
vn 0.7708 -0.6326 0.0759
vn 0.7708 0.6326 0.0759
vn 0.6332 -0.7715 0.0624
vn 0.9161 -0.2890 0.2779
vn 0.4528 0.8810 0.1374
vn 0.8448 -0.4696 0.2563
vn 0.6088 0.7715 0.1847
vn 0.7412 -0.6326 0.2248
vn 0.7412 0.6326 0.2248
vn 0.6088 -0.7715 0.1847
vn 0.8448 0.4696 0.2563
vn 0.4528 -0.8810 0.1374
vn 0.9161 0.2890 0.2779
vn 0.2790 -0.9565 0.0846
vn 0.9524 0.0975 0.2889
vn 0.0942 0.9951 0.0286
vn 0.0942 -0.9951 0.0286
vn 0.9524 -0.0975 0.2889
vn 0.2790 0.9565 0.0846
vn 0.4173 -0.8810 0.2231
vn 0.8443 0.2890 0.4513
vn 0.2571 -0.9565 0.1374
vn 0.8777 0.0975 0.4692
vn 0.0869 0.9951 0.0464
vn 0.0869 -0.9951 0.0464
vn 0.8777 -0.0975 0.4692
vn 0.2571 0.9565 0.1374
vn 0.8443 -0.2890 0.4513
vn 0.4173 0.8810 0.2231
vn 0.7786 -0.4696 0.4162
vn 0.5611 0.7715 0.2999
vn 0.6831 -0.6326 0.3651
vn 0.6831 0.6326 0.3651
vn 0.5611 -0.7715 0.2999
vn 0.7786 0.4696 0.4162
vn 0.3658 0.8810 0.3002
vn 0.6825 -0.4696 0.5601
vn 0.4918 0.7715 0.4036
vn 0.5987 -0.6326 0.4913
vn 0.5987 0.6326 0.4913
vn 0.4918 -0.7715 0.4036
vn 0.6825 0.4696 0.5601
vn 0.3658 -0.8810 0.3002
vn 0.7400 0.2890 0.6073
vn 0.2254 -0.9566 0.1850
vn 0.7693 0.0975 0.6314
vn 0.0761 0.9951 0.0625
vn 0.0761 -0.9951 0.0625
vn 0.7693 -0.0975 0.6314
vn 0.2254 0.9565 0.1850
vn 0.7400 -0.2890 0.6073
vn 0.6073 0.2890 0.7400
vn 0.1850 -0.9565 0.2254
vn 0.6314 0.0975 0.7693
vn 0.0625 0.9951 0.0761
vn 0.0625 -0.9951 0.0761
vn 0.6314 -0.0975 0.7693
vn 0.1850 0.9565 0.2254
vn 0.6073 -0.2890 0.7400
vn 0.3002 0.8810 0.3658
vn 0.5601 -0.4696 0.6825
vn 0.4036 0.7715 0.4918
vn 0.4913 -0.6326 0.5987
vn 0.4913 0.6326 0.5987
vn 0.4036 -0.7715 0.4918
vn 0.5601 0.4696 0.6825
vn 0.3002 -0.8810 0.3658
vn 0.4162 -0.4696 0.7786
vn 0.2999 0.7715 0.5611
vn 0.3651 -0.6326 0.6831
vn 0.3651 0.6326 0.6831
vn 0.2999 -0.7715 0.5611
vn 0.4162 0.4696 0.7786
vn 0.2231 -0.8810 0.4173
vn 0.4513 0.2890 0.8443
vn 0.1374 -0.9565 0.2571
vn 0.4691 0.0975 0.8777
vn 0.0464 0.9951 0.0869
vn 0.0464 -0.9951 0.0869
vn 0.4691 -0.0975 0.8777
vn 0.1374 0.9565 0.2571
vn 0.4513 -0.2890 0.8443
vn 0.2231 0.8810 0.4173
vn 0.0846 -0.9565 0.2790
vn 0.2889 0.0975 0.9524
vn 0.0286 0.9951 0.0942
vn 0.0286 -0.9951 0.0942
vn 0.2889 -0.0975 0.9524
vn 0.0846 0.9565 0.2790
vn 0.2779 -0.2890 0.9161
vn 0.1374 0.8810 0.4528
vn 0.2563 -0.4696 0.8448
vn 0.1847 0.7715 0.6088
vn 0.2248 -0.6326 0.7412
vn 0.2248 0.6326 0.7412
vn 0.1847 -0.7715 0.6088
vn 0.2563 0.4696 0.8448
vn 0.1374 -0.8810 0.4528
vn 0.2779 0.2890 0.9161
vn 0.0759 -0.6326 0.7708
vn 0.0759 0.6326 0.7708
vn 0.0624 -0.7715 0.6332
vn 0.0865 0.4696 0.8786
vn 0.0464 -0.8810 0.4709
vn 0.0938 0.2890 0.9527
vn 0.0286 -0.9565 0.2902
vn 0.0976 0.0975 0.9904
vn 0.0097 0.9951 0.0980
vn 0.0097 -0.9951 0.0980
vn 0.0976 -0.0975 0.9904
vn 0.0286 0.9565 0.2902
vn 0.0938 -0.2890 0.9527
vn 0.0464 0.8810 0.4709
vn 0.0865 -0.4696 0.8786
vn 0.0624 0.7715 0.6332
vn -0.4082 0.4082 -0.8165
vn 0.4082 0.4082 -0.8165
vn -0.0000 0.7071 -0.7071
vn 0.1451 0.4146 -0.8983
vn -0.1451 0.4146 -0.8983
vn -0.0000 -0.7071 -0.7071
vn -0.1451 -0.4146 -0.8983
vn 0.1451 -0.4146 -0.8983
vn 0.4082 -0.4082 -0.8165
vn 0.7071 -0.0000 -0.7071
vn 0.4146 -0.1451 -0.8983
vn 0.4146 0.1451 -0.8983
vn -0.4082 -0.4082 -0.8165
vn -0.7071 -0.0000 -0.7071
vn -0.4146 -0.1451 -0.8983
vn -0.4146 0.1451 -0.8983
vn -0.0000 -0.0000 -1.0000
vn -0.4082 0.4082 0.8165
vn 0.4082 0.4082 0.8165
vn -0.0000 0.7071 0.7071
vn 0.1451 0.4146 0.8983
vn -0.1451 0.4146 0.8983
vn -0.0000 -0.7071 0.7071
vn -0.1451 -0.4146 0.8983
vn 0.1451 -0.4146 0.8983
vn 0.4082 -0.4082 0.8165
vn 0.7071 -0.0000 0.7071
vn 0.4146 -0.1451 0.8983
vn 0.4146 0.1451 0.8983
vn -0.4082 -0.4082 0.8165
vn -0.7071 -0.0000 0.7071
vn -0.4146 -0.1451 0.8983
vn -0.4146 0.1451 0.8983
vn -0.0000 -0.0000 1.0000
vn 1.0000 -0.0000 -0.0000
vn -0.0000 -1.0000 -0.0000
vn -1.0000 -0.0000 -0.0000
vn -0.0000 1.0000 -0.0000
vn 0.5735 -0.8192 -0.0000
vn -0.5735 -0.8192 -0.0000
vn -0.5735 0.8192 -0.0000
vn 0.5735 0.8192 -0.0000
vn 0.8192 0.5735 -0.0000
vn 0.8192 -0.5735 -0.0000
vn -0.8192 -0.5735 -0.0000
vn -0.8192 0.5735 -0.0000
vt 0.170807 0.170807
vt 0.170807 0.128374
vt 0.192024 0.128374
vt 0.192024 0.170807
vt 0.170807 0.510277
vt 0.170807 0.467843
vt 0.192024 0.467843
vt 0.192024 0.510277
vt 0.170807 0.213241
vt 0.192024 0.213241
vt 0.170807 0.552711
vt 0.192024 0.552711
vt 0.170807 0.255675
vt 0.192024 0.255675
vt 0.170807 0.595145
vt 0.192024 0.595145
vt 0.170807 0.298108
vt 0.192024 0.298108
vt 0.170807 0.637578
vt 0.192024 0.637578
vt 0.170807 0.340542
vt 0.192024 0.340542
vt 0.170807 0.043506
vt 0.181416 0.001072
vt 0.192024 0.043506
vt 0.181416 0.680012
vt 0.170807 0.382976
vt 0.192024 0.382976
vt 0.170807 0.085940
vt 0.192024 0.085940
vt 0.170807 0.425410
vt 0.192024 0.425410
vt 0.213241 0.382976
vt 0.213241 0.425410
vt 0.213241 0.085940
vt 0.213241 0.128374
vt 0.213241 0.467843
vt 0.213241 0.170807
vt 0.213241 0.510277
vt 0.213241 0.213241
vt 0.213241 0.552711
vt 0.213241 0.255675
vt 0.213241 0.595145
vt 0.213241 0.298108
vt 0.213241 0.637578
vt 0.213241 0.340542
vt 0.202633 0.001072
vt 0.213241 0.043506
vt 0.202633 0.680012
vt 0.234458 0.552711
vt 0.234458 0.595145
vt 0.234458 0.255675
vt 0.234458 0.298108
vt 0.234458 0.637578
vt 0.234458 0.340542
vt 0.223849 0.001072
vt 0.234458 0.043506
vt 0.223850 0.680012
vt 0.234458 0.382976
vt 0.234458 0.085940
vt 0.234458 0.425410
vt 0.234458 0.128374
vt 0.234458 0.467843
vt 0.234458 0.170807
vt 0.234458 0.510277
vt 0.234458 0.213241
vt 0.255675 0.425410
vt 0.255675 0.467843
vt 0.255675 0.128374
vt 0.255675 0.170807
vt 0.255675 0.510277
vt 0.255675 0.213241
vt 0.255675 0.552711
vt 0.255675 0.255675
vt 0.255675 0.595145
vt 0.255675 0.298108
vt 0.255675 0.637578
vt 0.255675 0.340542
vt 0.245066 0.001072
vt 0.255675 0.043506
vt 0.245066 0.680012
vt 0.255675 0.382976
vt 0.255675 0.085940
vt 0.276892 0.595145
vt 0.276892 0.637578
vt 0.276892 0.298108
vt 0.276892 0.340542
vt 0.266283 0.001072
vt 0.276892 0.043506
vt 0.266283 0.680012
vt 0.276892 0.382976
vt 0.276892 0.085940
vt 0.276892 0.425410
vt 0.276892 0.128374
vt 0.276892 0.467843
vt 0.276892 0.170807
vt 0.276892 0.510277
vt 0.276892 0.213241
vt 0.276892 0.552711
vt 0.276892 0.255675
vt 0.298108 0.128374
vt 0.298108 0.170807
vt 0.298108 0.467843
vt 0.298108 0.510277
vt 0.298108 0.213241
vt 0.298108 0.552711
vt 0.298108 0.255675
vt 0.298108 0.595145
vt 0.298108 0.298108
vt 0.298109 0.637578
vt 0.298108 0.340542
vt 0.287500 0.001072
vt 0.298108 0.043506
vt 0.287500 0.680012
vt 0.298108 0.382976
vt 0.298108 0.085940
vt 0.298108 0.425410
vt 0.319325 0.298108
vt 0.319325 0.340542
vt 0.308717 0.001072
vt 0.319325 0.043506
vt 0.308717 0.680012
vt 0.319325 0.637578
vt 0.319325 0.382976
vt 0.319325 0.085940
vt 0.319325 0.425410
vt 0.319325 0.128374
vt 0.319325 0.467843
vt 0.319325 0.170807
vt 0.319325 0.510277
vt 0.319325 0.213241
vt 0.319325 0.552711
vt 0.319325 0.255675
vt 0.319325 0.595145
vt 0.340542 0.467843
vt 0.340542 0.510277
vt 0.340542 0.170807
vt 0.340542 0.213241
vt 0.340542 0.552711
vt 0.340542 0.255675
vt 0.340542 0.595145
vt 0.340542 0.298108
vt 0.340542 0.637578
vt 0.340542 0.340542
vt 0.329934 0.001072
vt 0.340542 0.043506
vt 0.329934 0.680012
vt 0.340542 0.382976
vt 0.340542 0.085940
vt 0.340542 0.425410
vt 0.340542 0.128374
vt 0.351151 0.001072
vt 0.361759 0.043506
vt 0.351151 0.680012
vt 0.361759 0.637578
vt 0.361759 0.340542
vt 0.361759 0.382976
vt 0.361759 0.085940
vt 0.361759 0.425410
vt 0.361759 0.128374
vt 0.361759 0.467843
vt 0.361759 0.170807
vt 0.361759 0.510277
vt 0.361759 0.213241
vt 0.361759 0.552711
vt 0.361759 0.255675
vt 0.361759 0.595145
vt 0.361759 0.298108
vt 0.382976 0.170807
vt 0.382976 0.213241
vt 0.382976 0.510277
vt 0.382976 0.552711
vt 0.382976 0.255675
vt 0.382976 0.595145
vt 0.382976 0.298108
vt 0.382976 0.637578
vt 0.382976 0.340542
vt 0.372368 0.001072
vt 0.382976 0.043506
vt 0.372368 0.680012
vt 0.382976 0.382976
vt 0.382976 0.085940
vt 0.382976 0.425410
vt 0.382976 0.128373
vt 0.382976 0.467843
vt 0.404193 0.340542
vt 0.404193 0.382976
vt 0.404193 0.043506
vt 0.404193 0.085940
vt 0.404193 0.425410
vt 0.404193 0.128373
vt 0.404193 0.467843
vt 0.404193 0.170807
vt 0.404193 0.510277
vt 0.404193 0.213241
vt 0.404193 0.552711
vt 0.404193 0.255675
vt 0.404193 0.595145
vt 0.404193 0.298108
vt 0.404193 0.637578
vt 0.393584 0.001072
vt 0.393584 0.680012
vt 0.425410 0.510277
vt 0.425410 0.552711
vt 0.425410 0.213241
vt 0.425410 0.255675
vt 0.425410 0.595145
vt 0.425410 0.298108
vt 0.425410 0.637578
vt 0.425410 0.340542
vt 0.414801 0.001072
vt 0.425410 0.043506
vt 0.414801 0.680012
vt 0.425410 0.382976
vt 0.425410 0.085940
vt 0.425410 0.425410
vt 0.425410 0.128373
vt 0.425410 0.467843
vt 0.425410 0.170807
vt 0.446626 0.382976
vt 0.446626 0.425410
vt 0.446626 0.085940
vt 0.446627 0.128373
vt 0.446626 0.467843
vt 0.446627 0.170807
vt 0.446626 0.510277
vt 0.446626 0.213241
vt 0.446627 0.552711
vt 0.446626 0.255675
vt 0.446626 0.595145
vt 0.446626 0.298108
vt 0.446627 0.637578
vt 0.446627 0.340542
vt 0.436018 0.001072
vt 0.446627 0.043506
vt 0.436018 0.680012
vt 0.467843 0.552711
vt 0.467843 0.595145
vt 0.467843 0.255675
vt 0.467843 0.298108
vt 0.467843 0.637578
vt 0.467843 0.340542
vt 0.457235 0.001072
vt 0.467843 0.043506
vt 0.457235 0.680012
vt 0.467843 0.382976
vt 0.467843 0.085940
vt 0.467843 0.425410
vt 0.467843 0.128373
vt 0.467843 0.467843
vt 0.467843 0.170807
vt 0.467843 0.510277
vt 0.467843 0.213241
vt 0.489060 0.085940
vt 0.489060 0.128373
vt 0.489060 0.425410
vt 0.489060 0.467843
vt 0.489060 0.170807
vt 0.489060 0.510277
vt 0.489060 0.213241
vt 0.489060 0.552711
vt 0.489060 0.255675
vt 0.489060 0.595145
vt 0.489060 0.298108
vt 0.489060 0.637578
vt 0.489060 0.340542
vt 0.478452 0.001072
vt 0.489060 0.043506
vt 0.478452 0.680012
vt 0.489060 0.382976
vt 0.510277 0.255675
vt 0.510277 0.298108
vt 0.510277 0.595145
vt 0.510277 0.637578
vt 0.510277 0.340542
vt 0.499669 0.001072
vt 0.510277 0.043506
vt 0.499669 0.680012
vt 0.510277 0.382976
vt 0.510277 0.085940
vt 0.510277 0.425410
vt 0.510277 0.128373
vt 0.510277 0.467843
vt 0.510277 0.170807
vt 0.510277 0.510277
vt 0.510277 0.213241
vt 0.510277 0.552711
vt 0.531494 0.425410
vt 0.531494 0.467843
vt 0.531494 0.128373
vt 0.531494 0.170807
vt 0.531494 0.510277
vt 0.531494 0.213241
vt 0.531494 0.552711
vt 0.531494 0.255675
vt 0.531494 0.595145
vt 0.531494 0.298108
vt 0.531494 0.637578
vt 0.531494 0.340542
vt 0.520885 0.001072
vt 0.531494 0.043506
vt 0.520886 0.680012
vt 0.531494 0.382976
vt 0.531494 0.085940
vt 0.552711 0.595145
vt 0.552711 0.637578
vt 0.552711 0.298108
vt 0.552711 0.340542
vt 0.542102 0.001072
vt 0.552711 0.043506
vt 0.542103 0.680012
vt 0.552711 0.382976
vt 0.552711 0.085940
vt 0.552711 0.425410
vt 0.552711 0.128373
vt 0.552711 0.467843
vt 0.552711 0.170807
vt 0.552711 0.510277
vt 0.552711 0.213241
vt 0.552711 0.552711
vt 0.552711 0.255675
vt 0.573928 0.128373
vt 0.573928 0.170807
vt 0.573928 0.467843
vt 0.573928 0.510277
vt 0.573928 0.213241
vt 0.573928 0.552711
vt 0.573928 0.255675
vt 0.573928 0.595145
vt 0.573928 0.298108
vt 0.573928 0.637578
vt 0.573928 0.340542
vt 0.563319 0.001072
vt 0.573928 0.043506
vt 0.563319 0.680012
vt 0.573928 0.382976
vt 0.573928 0.085940
vt 0.573928 0.425410
vt 0.595145 0.298108
vt 0.595145 0.340542
vt 0.584536 0.001072
vt 0.595145 0.043506
vt 0.584536 0.680012
vt 0.595145 0.637578
vt 0.595145 0.382976
vt 0.595145 0.085940
vt 0.595145 0.425410
vt 0.595145 0.128373
vt 0.595145 0.467843
vt 0.595145 0.170807
vt 0.595145 0.510277
vt 0.595145 0.213241
vt 0.595145 0.552711
vt 0.595145 0.255675
vt 0.595145 0.595145
vt 0.616361 0.467843
vt 0.616361 0.510277
vt 0.616361 0.170807
vt 0.616361 0.213241
vt 0.616361 0.552711
vt 0.616361 0.255675
vt 0.616361 0.595145
vt 0.616361 0.298108
vt 0.616361 0.637578
vt 0.616361 0.340542
vt 0.605753 0.001072
vt 0.616361 0.043506
vt 0.605753 0.680012
vt 0.616361 0.382976
vt 0.616361 0.085940
vt 0.616361 0.425410
vt 0.616361 0.128373
vt 0.626970 0.680012
vt 0.637578 0.637578
vt 0.637578 0.340542
vt 0.637578 0.382976
vt 0.637578 0.043506
vt 0.637578 0.085940
vt 0.637578 0.425410
vt 0.637578 0.128373
vt 0.637578 0.467843
vt 0.637578 0.170807
vt 0.637578 0.510277
vt 0.637578 0.213241
vt 0.637578 0.552711
vt 0.637578 0.255675
vt 0.637578 0.595145
vt 0.637578 0.298108
vt 0.626970 0.001072
vt 0.658795 0.510277
vt 0.658795 0.552711
vt 0.658795 0.213241
vt 0.658795 0.255675
vt 0.658795 0.595145
vt 0.658795 0.298108
vt 0.658795 0.637578
vt 0.658795 0.340542
vt 0.648187 0.001072
vt 0.658795 0.043506
vt 0.648187 0.680012
vt 0.658795 0.382976
vt 0.658795 0.085940
vt 0.658795 0.425410
vt 0.658795 0.128373
vt 0.658795 0.467843
vt 0.658795 0.170807
vt 0.680012 0.043506
vt 0.680012 0.085940
vt 0.680012 0.382976
vt 0.680012 0.425410
vt 0.680012 0.128373
vt 0.680012 0.467843
vt 0.680012 0.170807
vt 0.680012 0.510277
vt 0.680012 0.213241
vt 0.680012 0.552711
vt 0.680012 0.255675
vt 0.680012 0.595145
vt 0.680012 0.298108
vt 0.680012 0.637578
vt 0.680012 0.340542
vt 0.669404 0.001072
vt 0.669404 0.680012
vt 0.001072 0.255675
vt 0.001072 0.213241
vt 0.022289 0.213241
vt 0.022289 0.255675
vt 0.001072 0.595145
vt 0.001072 0.552711
vt 0.022289 0.552711
vt 0.022289 0.595145
vt 0.001072 0.298108
vt 0.022289 0.298108
vt 0.001072 0.637578
vt 0.022289 0.637578
vt 0.001072 0.340542
vt 0.022289 0.340542
vt 0.001072 0.043506
vt 0.011681 0.001072
vt 0.022289 0.043506
vt 0.011681 0.680012
vt 0.001072 0.382976
vt 0.022289 0.382976
vt 0.001072 0.085940
vt 0.022289 0.085940
vt 0.001072 0.425410
vt 0.022289 0.425410
vt 0.001072 0.128373
vt 0.022289 0.128373
vt 0.001072 0.467843
vt 0.022289 0.467843
vt 0.001072 0.170807
vt 0.022289 0.170807
vt 0.001072 0.510277
vt 0.022289 0.510277
vt 0.043506 0.382976
vt 0.043506 0.425410
vt 0.043506 0.085940
vt 0.043506 0.128373
vt 0.043506 0.467843
vt 0.043506 0.170807
vt 0.043506 0.510277
vt 0.043506 0.213241
vt 0.043506 0.552711
vt 0.043506 0.255675
vt 0.043506 0.595145
vt 0.043506 0.298108
vt 0.043506 0.637578
vt 0.043506 0.340542
vt 0.032898 0.001072
vt 0.043506 0.043506
vt 0.032898 0.680012
vt 0.064723 0.552711
vt 0.064723 0.595145
vt 0.064723 0.255675
vt 0.064723 0.298108
vt 0.064723 0.637578
vt 0.064723 0.340542
vt 0.054114 0.001072
vt 0.064723 0.043506
vt 0.054115 0.680012
vt 0.064723 0.382976
vt 0.064723 0.085940
vt 0.064723 0.425410
vt 0.064723 0.128373
vt 0.064723 0.467843
vt 0.064723 0.170807
vt 0.064723 0.510277
vt 0.064723 0.213241
vt 0.085940 0.085940
vt 0.085940 0.128373
vt 0.085940 0.425410
vt 0.085940 0.467843
vt 0.085940 0.170807
vt 0.085940 0.510277
vt 0.085940 0.213241
vt 0.085940 0.552711
vt 0.085940 0.255675
vt 0.085940 0.595145
vt 0.085940 0.298108
vt 0.085940 0.637578
vt 0.085940 0.340542
vt 0.075331 0.001072
vt 0.085940 0.043506
vt 0.075331 0.680012
vt 0.085940 0.382976
vt 0.107157 0.255675
vt 0.107157 0.298108
vt 0.107157 0.595145
vt 0.107157 0.637578
vt 0.107157 0.340542
vt 0.096548 0.001072
vt 0.107157 0.043506
vt 0.096548 0.680012
vt 0.107157 0.382976
vt 0.107157 0.085940
vt 0.107157 0.425410
vt 0.107157 0.128373
vt 0.107157 0.467843
vt 0.107157 0.170807
vt 0.107157 0.510277
vt 0.107157 0.213241
vt 0.107157 0.552711
vt 0.128374 0.425410
vt 0.128374 0.467843
vt 0.128374 0.128373
vt 0.128374 0.170807
vt 0.128374 0.510277
vt 0.128374 0.213241
vt 0.128374 0.552711
vt 0.128374 0.255675
vt 0.128374 0.595145
vt 0.128374 0.298108
vt 0.128374 0.637578
vt 0.128374 0.340542
vt 0.117765 0.001072
vt 0.128374 0.043506
vt 0.117765 0.680012
vt 0.128374 0.382976
vt 0.128374 0.085940
vt 0.149590 0.595145
vt 0.149590 0.637578
vt 0.149590 0.298108
vt 0.149590 0.340542
vt 0.138982 0.001072
vt 0.149590 0.043506
vt 0.138982 0.680012
vt 0.149590 0.382976
vt 0.149590 0.085940
vt 0.149590 0.425410
vt 0.149590 0.128373
vt 0.149590 0.467843
vt 0.149590 0.170807
vt 0.149590 0.510277
vt 0.149590 0.213241
vt 0.149590 0.552711
vt 0.149590 0.255675
vt 0.160199 0.001072
vt 0.160199 0.680012
vt 0.950405 0.913754
vt 0.980834 0.907668
vt 0.986920 0.938097
vt 0.956491 0.944183
vt 0.676541 0.968527
vt 0.706971 0.962441
vt 0.713056 0.992870
vt 0.682627 0.998956
vt 0.767829 0.950269
vt 0.773915 0.980698
vt 0.828688 0.938097
vt 0.840860 0.998956
vt 0.889546 0.925926
vt 0.895632 0.956355
vt 0.834774 0.652062
vt 0.895632 0.639890
vt 0.901718 0.670319
vt 0.840860 0.682491
vt 0.767829 0.633804
vt 0.780001 0.694663
vt 0.713056 0.676405
vt 0.719142 0.706834
vt 0.652198 0.688577
vt 0.658284 0.719006
vt 0.621768 0.694663
vt 0.627854 0.725092
vt 0.670455 0.779865
vt 0.640026 0.785951
vt 0.682627 0.840724
vt 0.621768 0.852895
vt 0.694799 0.901582
vt 0.664369 0.907668
vt 0.926062 0.633804
vt 0.932148 0.664233
vt 0.944319 0.725092
vt 0.913890 0.731178
vt 0.986920 0.779865
vt 0.926062 0.792037
vt 0.968663 0.846809
vt 0.938233 0.852895
s 1
usemtl Material.020
f 2868/2495/2279 2393/2496/2279 2401/2497/2279 2402/2498/2279
f 2871/2499/2280 2398/2500/2280 2409/2501/2280 2410/2502/2280
f 2394/2503/2281 2868/2495/2281 2402/2498/2281 2403/2504/2281
f 2872/2505/2282 2871/2499/2282 2410/2502/2282 2411/2506/2282
f 2869/2507/2283 2394/2503/2283 2403/2504/2283 2404/2508/2283
f 2873/2509/2284 2872/2505/2284 2411/2506/2284 2412/2510/2284
f 2395/2511/2285 2869/2507/2285 2404/2508/2285 2405/2512/2285
f 2874/2513/2286 2873/2509/2286 2412/2510/2286 2413/2514/2286
f 2396/2515/2287 2395/2511/2287 2405/2512/2287 2406/2516/2287
f 2866/2517/2288 2474/2518/2288 2399/2519/2288
f 2700/2520/2289 2874/2513/2289 2413/2514/2289
f 2397/2521/2290 2396/2515/2290 2406/2516/2290 2407/2522/2290
f 2867/2523/2291 2866/2517/2291 2399/2519/2291 2400/2524/2291
f 2870/2525/2292 2397/2521/2292 2407/2522/2292 2408/2526/2292
f 2393/2496/2293 2867/2523/2293 2400/2524/2293 2401/2497/2293
f 2398/2500/2294 2870/2525/2294 2408/2526/2294 2409/2501/2294
f 2408/2526/2295 2407/2522/2295 2422/2527/2295 2423/2528/2295
f 2401/2497/2296 2400/2524/2296 2415/2529/2296 2416/2530/2296
f 2409/2501/2297 2408/2526/2297 2423/2528/2297 2424/2531/2297
f 2402/2498/2298 2401/2497/2298 2416/2530/2298 2417/2532/2298
f 2410/2502/2299 2409/2501/2299 2424/2531/2299 2425/2533/2299
f 2403/2504/2300 2402/2498/2300 2417/2532/2300 2418/2534/2300
f 2411/2506/2301 2410/2502/2301 2425/2533/2301 2426/2535/2301
f 2404/2508/2302 2403/2504/2302 2418/2534/2302 2419/2536/2302
f 2412/2510/2303 2411/2506/2303 2426/2535/2303 2427/2537/2303
f 2405/2512/2304 2404/2508/2304 2419/2536/2304 2420/2538/2304
f 2413/2514/2305 2412/2510/2305 2427/2537/2305 2428/2539/2305
f 2406/2516/2306 2405/2512/2306 2420/2538/2306 2421/2540/2306
f 2399/2519/2307 2474/2541/2307 2414/2542/2307
f 2700/2543/2308 2413/2514/2308 2428/2539/2308
f 2407/2522/2309 2406/2516/2309 2421/2540/2309 2422/2527/2309
f 2400/2524/2310 2399/2519/2310 2414/2542/2310 2415/2529/2310
f 2427/2537/2311 2426/2535/2311 2441/2544/2311 2442/2545/2311
f 2420/2538/2312 2419/2536/2312 2434/2546/2312 2435/2547/2312
f 2428/2539/2313 2427/2537/2313 2442/2545/2313 2443/2548/2313
f 2421/2540/2314 2420/2538/2314 2435/2547/2314 2436/2549/2314
f 2414/2542/2315 2474/2550/2315 2429/2551/2315
f 2700/2552/2316 2428/2539/2316 2443/2548/2316
f 2422/2527/2317 2421/2540/2317 2436/2549/2317 2437/2553/2317
f 2415/2529/2318 2414/2542/2318 2429/2551/2318 2430/2554/2318
f 2423/2528/2319 2422/2527/2319 2437/2553/2319 2438/2555/2319
f 2416/2530/2320 2415/2529/2320 2430/2554/2320 2431/2556/2320
f 2424/2531/2321 2423/2528/2321 2438/2555/2321 2439/2557/2321
f 2417/2532/2322 2416/2530/2322 2431/2556/2322 2432/2558/2322
f 2425/2533/2323 2424/2531/2323 2439/2557/2323 2440/2559/2323
f 2418/2534/2324 2417/2532/2324 2432/2558/2324 2433/2560/2324
f 2426/2535/2325 2425/2533/2325 2440/2559/2325 2441/2544/2325
f 2419/2536/2326 2418/2534/2326 2433/2560/2326 2434/2546/2326
f 2439/2557/2327 2438/2555/2327 2453/2561/2327 2454/2562/2327
f 2432/2558/2328 2431/2556/2328 2446/2563/2328 2447/2564/2328
f 2440/2559/2329 2439/2557/2329 2454/2562/2329 2455/2565/2329
f 2433/2560/2330 2432/2558/2330 2447/2564/2330 2448/2566/2330
f 2441/2544/2331 2440/2559/2331 2455/2565/2331 2456/2567/2331
f 2434/2546/2332 2433/2560/2332 2448/2566/2332 2449/2568/2332
f 2442/2545/2333 2441/2544/2333 2456/2567/2333 2457/2569/2333
f 2435/2547/2334 2434/2546/2334 2449/2568/2334 2450/2570/2334
f 2443/2548/2335 2442/2545/2335 2457/2569/2335 2458/2571/2335
f 2436/2549/2336 2435/2547/2336 2450/2570/2336 2451/2572/2336
f 2429/2551/2337 2474/2573/2337 2444/2574/2337
f 2700/2575/2338 2443/2548/2338 2458/2571/2338
f 2437/2553/2339 2436/2549/2339 2451/2572/2339 2452/2576/2339
f 2430/2554/2340 2429/2551/2340 2444/2574/2340 2445/2577/2340
f 2438/2555/2341 2437/2553/2341 2452/2576/2341 2453/2561/2341
f 2431/2556/2342 2430/2554/2342 2445/2577/2342 2446/2563/2342
f 2458/2571/2343 2457/2569/2343 2472/2578/2343 2473/2579/2343
f 2451/2572/2344 2450/2570/2344 2465/2580/2344 2466/2581/2344
f 2444/2574/2345 2474/2582/2345 2459/2583/2345
f 2700/2584/2346 2458/2571/2346 2473/2579/2346
f 2452/2576/2347 2451/2572/2347 2466/2581/2347 2467/2585/2347
f 2445/2577/2348 2444/2574/2348 2459/2583/2348 2460/2586/2348
f 2453/2561/2349 2452/2576/2349 2467/2585/2349 2468/2587/2349
f 2446/2563/2350 2445/2577/2350 2460/2586/2350 2461/2588/2350
f 2454/2562/2351 2453/2561/2351 2468/2587/2351 2469/2589/2351
f 2447/2564/2352 2446/2563/2352 2461/2588/2352 2462/2590/2352
f 2455/2565/2353 2454/2562/2353 2469/2589/2353 2470/2591/2353
f 2448/2566/2354 2447/2564/2354 2462/2590/2354 2463/2592/2354
f 2456/2567/2355 2455/2565/2355 2470/2591/2355 2471/2593/2355
f 2449/2568/2356 2448/2566/2356 2463/2592/2356 2464/2594/2356
f 2457/2569/2357 2456/2567/2357 2471/2593/2357 2472/2578/2357
f 2450/2570/2358 2449/2568/2358 2464/2594/2358 2465/2580/2358
f 2462/2590/2359 2461/2588/2359 2477/2595/2359 2478/2596/2359
f 2470/2591/2360 2469/2589/2360 2485/2597/2360 2486/2598/2360
f 2463/2592/2361 2462/2590/2361 2478/2596/2361 2479/2599/2361
f 2471/2593/2362 2470/2591/2362 2486/2598/2362 2487/2600/2362
f 2464/2594/2363 2463/2592/2363 2479/2599/2363 2480/2601/2363
f 2472/2578/2364 2471/2593/2364 2487/2600/2364 2488/2602/2364
f 2465/2580/2365 2464/2594/2365 2480/2601/2365 2481/2603/2365
f 2473/2579/2366 2472/2578/2366 2488/2602/2366 2489/2604/2366
f 2466/2581/2367 2465/2580/2367 2481/2603/2367 2482/2605/2367
f 2459/2583/2368 2474/2606/2368 2475/2607/2368
f 2700/2608/2369 2473/2579/2369 2489/2604/2369
f 2467/2585/2370 2466/2581/2370 2482/2605/2370 2483/2609/2370
f 2460/2586/2371 2459/2583/2371 2475/2607/2371 2476/2610/2371
f 2468/2587/2372 2467/2585/2372 2483/2609/2372 2484/2611/2372
f 2461/2588/2373 2460/2586/2373 2476/2610/2373 2477/2595/2373
f 2469/2589/2374 2468/2587/2374 2484/2611/2374 2485/2597/2374
f 2482/2605/2375 2481/2603/2375 2496/2612/2375 2497/2613/2375
f 2475/2607/2376 2474/2614/2376 2490/2615/2376
f 2700/2616/2377 2489/2604/2377 2504/2617/2377
f 2483/2609/2378 2482/2605/2378 2497/2613/2378 2498/2618/2378
f 2476/2610/2379 2475/2607/2379 2490/2615/2379 2491/2619/2379
f 2484/2611/2380 2483/2609/2380 2498/2618/2380 2499/2620/2380
f 2477/2595/2381 2476/2610/2381 2491/2619/2381 2492/2621/2381
f 2485/2597/2382 2484/2611/2382 2499/2620/2382 2500/2622/2382
f 2478/2596/2383 2477/2595/2383 2492/2621/2383 2493/2623/2383
f 2486/2598/2384 2485/2597/2384 2500/2622/2384 2501/2624/2384
f 2479/2599/2385 2478/2596/2385 2493/2623/2385 2494/2625/2385
f 2487/2600/2386 2486/2598/2386 2501/2624/2386 2502/2626/2386
f 2480/2601/2387 2479/2599/2387 2494/2625/2387 2495/2627/2387
f 2488/2602/2388 2487/2600/2388 2502/2626/2388 2503/2628/2388
f 2481/2603/2389 2480/2601/2389 2495/2627/2389 2496/2612/2389
f 2489/2604/2390 2488/2602/2390 2503/2628/2390 2504/2617/2390
f 2501/2624/2391 2500/2622/2391 2515/2629/2391 2516/2630/2391
f 2494/2625/2392 2493/2623/2392 2508/2631/2392 2509/2632/2392
f 2502/2626/2393 2501/2624/2393 2516/2630/2393 2517/2633/2393
f 2495/2627/2394 2494/2625/2394 2509/2632/2394 2510/2634/2394
f 2503/2628/2395 2502/2626/2395 2517/2633/2395 2518/2635/2395
f 2496/2612/2396 2495/2627/2396 2510/2634/2396 2511/2636/2396
f 2504/2617/2397 2503/2628/2397 2518/2635/2397 2519/2637/2397
f 2497/2613/2398 2496/2612/2398 2511/2636/2398 2512/2638/2398
f 2490/2615/2399 2474/2639/2399 2505/2640/2399
f 2700/2641/2400 2504/2617/2400 2519/2637/2400
f 2498/2618/2401 2497/2613/2401 2512/2638/2401 2513/2642/2401
f 2491/2619/2402 2490/2615/2402 2505/2640/2402 2506/2643/2402
f 2499/2620/2403 2498/2618/2403 2513/2642/2403 2514/2644/2403
f 2492/2621/2404 2491/2619/2404 2506/2643/2404 2507/2645/2404
f 2500/2622/2405 2499/2620/2405 2514/2644/2405 2515/2629/2405
f 2493/2623/2406 2492/2621/2406 2507/2645/2406 2508/2631/2406
f 2505/2640/2407 2474/2646/2407 2520/2647/2407
f 2700/2648/2408 2519/2637/2408 2534/2649/2408
f 2513/2642/2409 2512/2638/2409 2527/2650/2409 2528/2651/2409
f 2506/2643/2410 2505/2640/2410 2520/2647/2410 2521/2652/2410
f 2514/2644/2411 2513/2642/2411 2528/2651/2411 2529/2653/2411
f 2507/2645/2412 2506/2643/2412 2521/2652/2412 2522/2654/2412
f 2515/2629/2413 2514/2644/2413 2529/2653/2413 2530/2655/2413
f 2508/2631/2414 2507/2645/2414 2522/2654/2414 2523/2656/2414
f 2516/2630/2415 2515/2629/2415 2530/2655/2415 2531/2657/2415
f 2509/2632/2416 2508/2631/2416 2523/2656/2416 2524/2658/2416
f 2517/2633/2417 2516/2630/2417 2531/2657/2417 2532/2659/2417
f 2510/2634/2418 2509/2632/2418 2524/2658/2418 2525/2660/2418
f 2518/2635/2419 2517/2633/2419 2532/2659/2419 2533/2661/2419
f 2511/2636/2420 2510/2634/2420 2525/2660/2420 2526/2662/2420
f 2519/2637/2421 2518/2635/2421 2533/2661/2421 2534/2649/2421
f 2512/2638/2422 2511/2636/2422 2526/2662/2422 2527/2650/2422
f 2524/2658/2423 2523/2656/2423 2538/2663/2423 2539/2664/2423
f 2532/2659/2424 2531/2657/2424 2546/2665/2424 2547/2666/2424
f 2525/2660/2425 2524/2658/2425 2539/2664/2425 2540/2667/2425
f 2533/2661/2426 2532/2659/2426 2547/2666/2426 2548/2668/2426
f 2526/2662/2427 2525/2660/2427 2540/2667/2427 2541/2669/2427
f 2534/2649/2428 2533/2661/2428 2548/2668/2428 2549/2670/2428
f 2527/2650/2429 2526/2662/2429 2541/2669/2429 2542/2671/2429
f 2520/2647/2430 2474/2672/2430 2535/2673/2430
f 2700/2674/2431 2534/2649/2431 2549/2670/2431
f 2528/2651/2432 2527/2650/2432 2542/2671/2432 2543/2675/2432
f 2521/2652/2433 2520/2647/2433 2535/2673/2433 2536/2676/2433
f 2529/2653/2434 2528/2651/2434 2543/2675/2434 2544/2677/2434
f 2522/2654/2435 2521/2652/2435 2536/2676/2435 2537/2678/2435
f 2530/2655/2436 2529/2653/2436 2544/2677/2436 2545/2679/2436
f 2523/2656/2437 2522/2654/2437 2537/2678/2437 2538/2663/2437
f 2531/2657/2438 2530/2655/2438 2545/2679/2438 2546/2665/2438
f 2543/2675/2439 2542/2671/2439 2557/2680/2439 2558/2681/2439
f 2536/2676/2440 2535/2673/2440 2550/2682/2440 2551/2683/2440
f 2544/2677/2441 2543/2675/2441 2558/2681/2441 2559/2684/2441
f 2537/2678/2442 2536/2676/2442 2551/2683/2442 2552/2685/2442
f 2545/2679/2443 2544/2677/2443 2559/2684/2443 2560/2686/2443
f 2538/2663/2444 2537/2678/2444 2552/2685/2444 2553/2687/2444
f 2546/2665/2445 2545/2679/2445 2560/2686/2445 2561/2688/2445
f 2539/2664/2446 2538/2663/2446 2553/2687/2446 2554/2689/2446
f 2547/2666/2447 2546/2665/2447 2561/2688/2447 2562/2690/2447
f 2540/2667/2448 2539/2664/2448 2554/2689/2448 2555/2691/2448
f 2548/2668/2449 2547/2666/2449 2562/2690/2449 2563/2692/2449
f 2541/2669/2450 2540/2667/2450 2555/2691/2450 2556/2693/2450
f 2549/2670/2451 2548/2668/2451 2563/2692/2451 2564/2694/2451
f 2542/2671/2452 2541/2669/2452 2556/2693/2452 2557/2680/2452
f 2535/2673/2453 2474/2695/2453 2550/2682/2453
f 2700/2696/2454 2549/2670/2454 2564/2694/2454
f 2562/2690/2455 2561/2688/2455 2576/2697/2455 2577/2698/2455
f 2555/2691/2456 2554/2689/2456 2569/2699/2456 2570/2700/2456
f 2563/2692/2457 2562/2690/2457 2577/2698/2457 2578/2701/2457
f 2556/2693/2458 2555/2691/2458 2570/2700/2458 2571/2702/2458
f 2564/2694/2459 2563/2692/2459 2578/2701/2459 2579/2703/2459
f 2557/2680/2460 2556/2693/2460 2571/2702/2460 2572/2704/2460
f 2550/2682/2461 2474/2705/2461 2565/2706/2461
f 2700/2707/2462 2564/2694/2462 2579/2703/2462
f 2558/2681/2463 2557/2680/2463 2572/2704/2463 2573/2708/2463
f 2551/2683/2464 2550/2682/2464 2565/2706/2464 2566/2709/2464
f 2559/2684/2465 2558/2681/2465 2573/2708/2465 2574/2710/2465
f 2552/2685/2466 2551/2683/2466 2566/2709/2466 2567/2711/2466
f 2560/2686/2467 2559/2684/2467 2574/2710/2467 2575/2712/2467
f 2553/2687/2468 2552/2685/2468 2567/2711/2468 2568/2713/2468
f 2561/2688/2469 2560/2686/2469 2575/2712/2469 2576/2697/2469
f 2554/2689/2470 2553/2687/2470 2568/2713/2470 2569/2699/2470
f 2574/2710/2471 2573/2708/2471 2588/2714/2471 2589/2715/2471
f 2567/2711/2472 2566/2709/2472 2581/2716/2472 2582/2717/2472
f 2575/2712/2473 2574/2710/2473 2589/2715/2473 2590/2718/2473
f 2568/2713/2474 2567/2711/2474 2582/2717/2474 2583/2719/2474
f 2576/2697/2475 2575/2712/2475 2590/2718/2475 2591/2720/2475
f 2569/2699/2476 2568/2713/2476 2583/2719/2476 2584/2721/2476
f 2577/2698/2477 2576/2697/2477 2591/2720/2477 2592/2722/2477
f 2570/2700/2478 2569/2699/2478 2584/2721/2478 2585/2723/2478
f 2578/2701/2479 2577/2698/2479 2592/2722/2479 2593/2724/2479
f 2571/2702/2480 2570/2700/2480 2585/2723/2480 2586/2725/2480
f 2579/2703/2481 2578/2701/2481 2593/2724/2481 2594/2726/2481
f 2572/2704/2482 2571/2702/2482 2586/2725/2482 2587/2727/2482
f 2565/2706/2483 2474/2728/2483 2580/2729/2483
f 2700/2730/2484 2579/2703/2484 2594/2726/2484
f 2573/2708/2485 2572/2704/2485 2587/2727/2485 2588/2714/2485
f 2566/2709/2486 2565/2706/2486 2580/2729/2486 2581/2716/2486
f 2593/2724/2487 2592/2722/2487 2607/2731/2487 2608/2732/2487
f 2586/2725/2488 2585/2723/2488 2600/2733/2488 2601/2734/2488
f 2594/2726/2489 2593/2724/2489 2608/2732/2489 2609/2735/2489
f 2587/2727/2490 2586/2725/2490 2601/2734/2490 2602/2736/2490
f 2580/2729/2491 2474/2737/2491 2595/2738/2491
f 2700/2739/2492 2594/2726/2492 2609/2735/2492
f 2588/2714/2493 2587/2727/2493 2602/2736/2493 2603/2740/2493
f 2581/2716/2494 2580/2729/2494 2595/2738/2494 2596/2741/2494
f 2589/2715/2495 2588/2714/2495 2603/2740/2495 2604/2742/2495
f 2582/2717/2496 2581/2716/2496 2596/2741/2496 2597/2743/2496
f 2590/2718/2497 2589/2715/2497 2604/2742/2497 2605/2744/2497
f 2583/2719/2498 2582/2717/2498 2597/2743/2498 2598/2745/2498
f 2591/2720/2499 2590/2718/2499 2605/2744/2499 2606/2746/2499
f 2584/2721/2500 2583/2719/2500 2598/2745/2500 2599/2747/2500
f 2592/2722/2501 2591/2720/2501 2606/2746/2501 2607/2731/2501
f 2585/2723/2502 2584/2721/2502 2599/2747/2502 2600/2733/2502
f 2597/2743/2503 2596/2741/2503 2611/2748/2503 2612/2749/2503
f 2605/2744/2504 2604/2742/2504 2619/2750/2504 2620/2751/2504
f 2598/2745/2505 2597/2743/2505 2612/2749/2505 2613/2752/2505
f 2606/2746/2506 2605/2744/2506 2620/2751/2506 2621/2753/2506
f 2599/2747/2507 2598/2745/2507 2613/2752/2507 2614/2754/2507
f 2607/2731/2508 2606/2746/2508 2621/2753/2508 2622/2755/2508
f 2600/2733/2509 2599/2747/2509 2614/2754/2509 2615/2756/2509
f 2608/2732/2510 2607/2731/2510 2622/2755/2510 2623/2757/2510
f 2601/2734/2511 2600/2733/2511 2615/2756/2511 2616/2758/2511
f 2609/2735/2512 2608/2732/2512 2623/2757/2512 2624/2759/2512
f 2602/2736/2513 2601/2734/2513 2616/2758/2513 2617/2760/2513
f 2595/2738/2514 2474/2761/2514 2610/2762/2514
f 2700/2763/2515 2609/2735/2515 2624/2759/2515
f 2603/2740/2516 2602/2736/2516 2617/2760/2516 2618/2764/2516
f 2596/2741/2517 2595/2738/2517 2610/2762/2517 2611/2748/2517
f 2604/2742/2518 2603/2740/2518 2618/2764/2518 2619/2750/2518
f 2616/2758/2519 2615/2756/2519 2630/2765/2519 2631/2766/2519
f 2624/2759/2520 2623/2757/2520 2638/2767/2520 2639/2768/2520
f 2617/2760/2521 2616/2758/2521 2631/2766/2521 2632/2769/2521
f 2610/2762/2522 2474/2770/2522 2625/2771/2522
f 2700/2772/2523 2624/2759/2523 2639/2768/2523
f 2618/2764/2524 2617/2760/2524 2632/2769/2524 2633/2773/2524
f 2611/2748/2525 2610/2762/2525 2625/2771/2525 2626/2774/2525
f 2619/2750/2526 2618/2764/2526 2633/2773/2526 2634/2775/2526
f 2612/2749/2527 2611/2748/2527 2626/2774/2527 2627/2776/2527
f 2620/2751/2528 2619/2750/2528 2634/2775/2528 2635/2777/2528
f 2613/2752/2529 2612/2749/2529 2627/2776/2529 2628/2778/2529
f 2621/2753/2530 2620/2751/2530 2635/2777/2530 2636/2779/2530
f 2614/2754/2531 2613/2752/2531 2628/2778/2531 2629/2780/2531
f 2622/2755/2532 2621/2753/2532 2636/2779/2532 2637/2781/2532
f 2615/2756/2533 2614/2754/2533 2629/2780/2533 2630/2765/2533
f 2623/2757/2534 2622/2755/2534 2637/2781/2534 2638/2767/2534
f 2635/2777/2535 2634/2775/2535 2649/2782/2535 2650/2783/2535
f 2628/2778/2536 2627/2776/2536 2642/2784/2536 2643/2785/2536
f 2636/2779/2537 2635/2777/2537 2650/2783/2537 2651/2786/2537
f 2629/2780/2538 2628/2778/2538 2643/2785/2538 2644/2787/2538
f 2637/2781/2539 2636/2779/2539 2651/2786/2539 2652/2788/2539
f 2630/2765/2540 2629/2780/2540 2644/2787/2540 2645/2789/2540
f 2638/2767/2541 2637/2781/2541 2652/2788/2541 2653/2790/2541
f 2631/2766/2542 2630/2765/2542 2645/2789/2542 2646/2791/2542
f 2639/2768/2543 2638/2767/2543 2653/2790/2543 2654/2792/2543
f 2632/2769/2544 2631/2766/2544 2646/2791/2544 2647/2793/2544
f 2625/2771/2545 2474/2794/2545 2640/2795/2545
f 2700/2796/2546 2639/2768/2546 2654/2792/2546
f 2633/2773/2547 2632/2769/2547 2647/2793/2547 2648/2797/2547
f 2626/2774/2548 2625/2771/2548 2640/2795/2548 2641/2798/2548
f 2634/2775/2549 2633/2773/2549 2648/2797/2549 2649/2782/2549
f 2627/2776/2550 2626/2774/2550 2641/2798/2550 2642/2784/2550
f 2654/2792/2551 2653/2790/2551 2668/2799/2551 2669/2800/2551
f 2647/2793/2552 2646/2791/2552 2661/2801/2552 2662/2802/2552
f 2640/2795/2553 2474/2803/2553 2655/2804/2553
f 2700/2805/2554 2654/2792/2554 2669/2800/2554
f 2648/2797/2555 2647/2793/2555 2662/2802/2555 2663/2806/2555
f 2641/2798/2556 2640/2795/2556 2655/2804/2556 2656/2807/2556
f 2649/2782/2557 2648/2797/2557 2663/2806/2557 2664/2808/2557
f 2642/2784/2558 2641/2798/2558 2656/2807/2558 2657/2809/2558
f 2650/2783/2559 2649/2782/2559 2664/2808/2559 2665/2810/2559
f 2643/2785/2560 2642/2784/2560 2657/2809/2560 2658/2811/2560
f 2651/2786/2561 2650/2783/2561 2665/2810/2561 2666/2812/2561
f 2644/2787/2562 2643/2785/2562 2658/2811/2562 2659/2813/2562
f 2652/2788/2563 2651/2786/2563 2666/2812/2563 2667/2814/2563
f 2645/2789/2564 2644/2787/2564 2659/2813/2564 2660/2815/2564
f 2653/2790/2565 2652/2788/2565 2667/2814/2565 2668/2799/2565
f 2646/2791/2566 2645/2789/2566 2660/2815/2566 2661/2801/2566
f 2658/2811/2567 2657/2809/2567 2672/2816/2567 2673/2817/2567
f 2666/2812/2568 2665/2810/2568 2680/2818/2568 2681/2819/2568
f 2659/2813/2569 2658/2811/2569 2673/2817/2569 2674/2820/2569
f 2667/2814/2570 2666/2812/2570 2681/2819/2570 2682/2821/2570
f 2660/2815/2571 2659/2813/2571 2674/2820/2571 2675/2822/2571
f 2668/2799/2572 2667/2814/2572 2682/2821/2572 2683/2823/2572
f 2661/2801/2573 2660/2815/2573 2675/2822/2573 2676/2824/2573
f 2669/2800/2574 2668/2799/2574 2683/2823/2574 2684/2825/2574
f 2662/2802/2575 2661/2801/2575 2676/2824/2575 2677/2826/2575
f 2655/2804/2576 2474/2827/2576 2670/2828/2576
f 2700/2829/2577 2669/2800/2577 2684/2825/2577
f 2663/2806/2578 2662/2802/2578 2677/2826/2578 2678/2830/2578
f 2656/2807/2579 2655/2804/2579 2670/2828/2579 2671/2831/2579
f 2664/2808/2580 2663/2806/2580 2678/2830/2580 2679/2832/2580
f 2657/2809/2581 2656/2807/2581 2671/2831/2581 2672/2816/2581
f 2665/2810/2582 2664/2808/2582 2679/2832/2582 2680/2818/2582
f 2677/2826/2583 2676/2824/2583 2691/2833/2583 2692/2834/2583
f 2670/2828/2584 2474/2835/2584 2685/2836/2584
f 2700/2837/2585 2684/2825/2585 2699/2838/2585
f 2678/2830/2586 2677/2826/2586 2692/2834/2586 2693/2839/2586
f 2671/2831/2587 2670/2828/2587 2685/2836/2587 2686/2840/2587
f 2679/2832/2588 2678/2830/2588 2693/2839/2588 2694/2841/2588
f 2672/2816/2589 2671/2831/2589 2686/2840/2589 2687/2842/2589
f 2680/2818/2590 2679/2832/2590 2694/2841/2590 2695/2843/2590
f 2673/2817/2591 2672/2816/2591 2687/2842/2591 2688/2844/2591
f 2681/2819/2592 2680/2818/2592 2695/2843/2592 2696/2845/2592
f 2674/2820/2593 2673/2817/2593 2688/2844/2593 2689/2846/2593
f 2682/2821/2594 2681/2819/2594 2696/2845/2594 2697/2847/2594
f 2675/2822/2595 2674/2820/2595 2689/2846/2595 2690/2848/2595
f 2683/2823/2596 2682/2821/2596 2697/2847/2596 2698/2849/2596
f 2676/2824/2597 2675/2822/2597 2690/2848/2597 2691/2833/2597
f 2684/2825/2598 2683/2823/2598 2698/2849/2598 2699/2838/2598
f 2696/2845/2599 2695/2843/2599 2711/2850/2599 2712/2851/2599
f 2689/2846/2600 2688/2844/2600 2704/2852/2600 2705/2853/2600
f 2697/2847/2601 2696/2845/2601 2712/2851/2601 2713/2854/2601
f 2690/2848/2602 2689/2846/2602 2705/2853/2602 2706/2855/2602
f 2698/2849/2603 2697/2847/2603 2713/2854/2603 2714/2856/2603
f 2691/2833/2604 2690/2848/2604 2706/2855/2604 2707/2857/2604
f 2699/2838/2605 2698/2849/2605 2714/2856/2605 2715/2858/2605
f 2692/2834/2606 2691/2833/2606 2707/2857/2606 2708/2859/2606
f 2685/2836/2607 2474/2860/2607 2701/2861/2607
f 2700/2862/2608 2699/2838/2608 2715/2858/2608
f 2693/2839/2609 2692/2834/2609 2708/2859/2609 2709/2863/2609
f 2686/2840/2610 2685/2836/2610 2701/2861/2610 2702/2864/2610
f 2694/2841/2611 2693/2839/2611 2709/2863/2611 2710/2865/2611
f 2687/2842/2612 2686/2840/2612 2702/2864/2612 2703/2866/2612
f 2695/2843/2613 2694/2841/2613 2710/2865/2613 2711/2850/2613
f 2688/2844/2614 2687/2842/2614 2703/2866/2614 2704/2852/2614
f 2700/2867/2615 2715/2858/2615 2730/2868/2615
f 2709/2863/2616 2708/2859/2616 2723/2869/2616 2724/2870/2616
f 2702/2864/2617 2701/2861/2617 2716/2871/2617 2717/2872/2617
f 2710/2865/2618 2709/2863/2618 2724/2870/2618 2725/2873/2618
f 2703/2866/2619 2702/2864/2619 2717/2872/2619 2718/2874/2619
f 2711/2850/2620 2710/2865/2620 2725/2873/2620 2726/2875/2620
f 2704/2852/2621 2703/2866/2621 2718/2874/2621 2719/2876/2621
f 2712/2851/2622 2711/2850/2622 2726/2875/2622 2727/2877/2622
f 2705/2853/2623 2704/2852/2623 2719/2876/2623 2720/2878/2623
f 2713/2854/2624 2712/2851/2624 2727/2877/2624 2728/2879/2624
f 2706/2855/2625 2705/2853/2625 2720/2878/2625 2721/2880/2625
f 2714/2856/2626 2713/2854/2626 2728/2879/2626 2729/2881/2626
f 2707/2857/2627 2706/2855/2627 2721/2880/2627 2722/2882/2627
f 2715/2858/2628 2714/2856/2628 2729/2881/2628 2730/2868/2628
f 2708/2859/2629 2707/2857/2629 2722/2882/2629 2723/2869/2629
f 2701/2861/2630 2474/2883/2630 2716/2871/2630
f 2728/2879/2631 2727/2877/2631 2742/2884/2631 2743/2885/2631
f 2721/2880/2632 2720/2878/2632 2735/2886/2632 2736/2887/2632
f 2729/2881/2633 2728/2879/2633 2743/2885/2633 2744/2888/2633
f 2722/2882/2634 2721/2880/2634 2736/2887/2634 2737/2889/2634
f 2730/2868/2635 2729/2881/2635 2744/2888/2635 2745/2890/2635
f 2723/2869/2636 2722/2882/2636 2737/2889/2636 2738/2891/2636
f 2716/2871/2637 2474/2892/2637 2731/2893/2637
f 2700/2894/2638 2730/2868/2638 2745/2890/2638
f 2724/2870/2639 2723/2869/2639 2738/2891/2639 2739/2895/2639
f 2717/2872/2640 2716/2871/2640 2731/2893/2640 2732/2896/2640
f 2725/2873/2641 2724/2870/2641 2739/2895/2641 2740/2897/2641
f 2718/2874/2642 2717/2872/2642 2732/2896/2642 2733/2898/2642
f 2726/2875/2643 2725/2873/2643 2740/2897/2643 2741/2899/2643
f 2719/2876/2644 2718/2874/2644 2733/2898/2644 2734/2900/2644
f 2727/2877/2645 2726/2875/2645 2741/2899/2645 2742/2884/2645
f 2720/2878/2646 2719/2876/2646 2734/2900/2646 2735/2886/2646
f 2732/2896/2647 2731/2893/2647 2746/2901/2647 2747/2902/2647
f 2740/2897/2648 2739/2895/2648 2754/2903/2648 2755/2904/2648
f 2733/2898/2649 2732/2896/2649 2747/2902/2649 2748/2905/2649
f 2741/2899/2650 2740/2897/2650 2755/2904/2650 2756/2906/2650
f 2734/2900/2651 2733/2898/2651 2748/2905/2651 2749/2907/2651
f 2742/2884/2652 2741/2899/2652 2756/2906/2652 2757/2908/2652
f 2735/2886/2653 2734/2900/2653 2749/2907/2653 2750/2909/2653
f 2743/2885/2654 2742/2884/2654 2757/2908/2654 2758/2910/2654
f 2736/2887/2655 2735/2886/2655 2750/2909/2655 2751/2911/2655
f 2744/2888/2656 2743/2885/2656 2758/2910/2656 2759/2912/2656
f 2737/2889/2657 2736/2887/2657 2751/2911/2657 2752/2913/2657
f 2745/2890/2658 2744/2888/2658 2759/2912/2658 2760/2914/2658
f 2738/2891/2659 2737/2889/2659 2752/2913/2659 2753/2915/2659
f 2731/2893/2660 2474/2916/2660 2746/2901/2660
f 2700/2917/2661 2745/2890/2661 2760/2914/2661
f 2739/2895/2662 2738/2891/2662 2753/2915/2662 2754/2903/2662
f 2751/2918/2663 2750/2919/2663 2765/2920/2663 2766/2921/2663
f 2759/2922/2664 2758/2923/2664 2773/2924/2664 2774/2925/2664
f 2752/2926/2665 2751/2918/2665 2766/2921/2665 2767/2927/2665
f 2760/2928/2666 2759/2922/2666 2774/2925/2666 2775/2929/2666
f 2753/2930/2667 2752/2926/2667 2767/2927/2667 2768/2931/2667
f 2746/2932/2668 2474/2933/2668 2761/2934/2668
f 2700/2935/2669 2760/2928/2669 2775/2929/2669
f 2754/2936/2670 2753/2930/2670 2768/2931/2670 2769/2937/2670
f 2747/2938/2671 2746/2932/2671 2761/2934/2671 2762/2939/2671
f 2755/2940/2672 2754/2936/2672 2769/2937/2672 2770/2941/2672
f 2748/2942/2673 2747/2938/2673 2762/2939/2673 2763/2943/2673
f 2756/2944/2674 2755/2940/2674 2770/2941/2674 2771/2945/2674
f 2749/2946/2675 2748/2942/2675 2763/2943/2675 2764/2947/2675
f 2757/2948/2676 2756/2944/2676 2771/2945/2676 2772/2949/2676
f 2750/2919/2677 2749/2946/2677 2764/2947/2677 2765/2920/2677
f 2758/2923/2678 2757/2948/2678 2772/2949/2678 2773/2924/2678
f 2770/2941/2679 2769/2937/2679 2784/2950/2679 2785/2951/2679
f 2763/2943/2680 2762/2939/2680 2777/2952/2680 2778/2953/2680
f 2771/2945/2681 2770/2941/2681 2785/2951/2681 2786/2954/2681
f 2764/2947/2682 2763/2943/2682 2778/2953/2682 2779/2955/2682
f 2772/2949/2683 2771/2945/2683 2786/2954/2683 2787/2956/2683
f 2765/2920/2684 2764/2947/2684 2779/2955/2684 2780/2957/2684
f 2773/2924/2685 2772/2949/2685 2787/2956/2685 2788/2958/2685
f 2766/2921/2686 2765/2920/2686 2780/2957/2686 2781/2959/2686
f 2774/2925/2687 2773/2924/2687 2788/2958/2687 2789/2960/2687
f 2767/2927/2688 2766/2921/2688 2781/2959/2688 2782/2961/2688
f 2775/2929/2689 2774/2925/2689 2789/2960/2689 2790/2962/2689
f 2768/2931/2690 2767/2927/2690 2782/2961/2690 2783/2963/2690
f 2761/2934/2691 2474/2964/2691 2776/2965/2691
f 2700/2966/2692 2775/2929/2692 2790/2962/2692
f 2769/2937/2693 2768/2931/2693 2783/2963/2693 2784/2950/2693
f 2762/2939/2694 2761/2934/2694 2776/2965/2694 2777/2952/2694
f 2789/2960/2695 2788/2958/2695 2803/2967/2695 2804/2968/2695
f 2782/2961/2696 2781/2959/2696 2796/2969/2696 2797/2970/2696
f 2790/2962/2697 2789/2960/2697 2804/2968/2697 2805/2971/2697
f 2783/2963/2698 2782/2961/2698 2797/2970/2698 2798/2972/2698
f 2776/2965/2699 2474/2973/2699 2791/2974/2699
f 2700/2975/2700 2790/2962/2700 2805/2971/2700
f 2784/2950/2701 2783/2963/2701 2798/2972/2701 2799/2976/2701
f 2777/2952/2702 2776/2965/2702 2791/2974/2702 2792/2977/2702
f 2785/2951/2703 2784/2950/2703 2799/2976/2703 2800/2978/2703
f 2778/2953/2704 2777/2952/2704 2792/2977/2704 2793/2979/2704
f 2786/2954/2705 2785/2951/2705 2800/2978/2705 2801/2980/2705
f 2779/2955/2706 2778/2953/2706 2793/2979/2706 2794/2981/2706
f 2787/2956/2707 2786/2954/2707 2801/2980/2707 2802/2982/2707
f 2780/2957/2708 2779/2955/2708 2794/2981/2708 2795/2983/2708
f 2788/2958/2709 2787/2956/2709 2802/2982/2709 2803/2967/2709
f 2781/2959/2710 2780/2957/2710 2795/2983/2710 2796/2969/2710
f 2793/2979/2711 2792/2977/2711 2807/2984/2711 2808/2985/2711
f 2801/2980/2712 2800/2978/2712 2815/2986/2712 2816/2987/2712
f 2794/2981/2713 2793/2979/2713 2808/2985/2713 2809/2988/2713
f 2802/2982/2714 2801/2980/2714 2816/2987/2714 2817/2989/2714
f 2795/2983/2715 2794/2981/2715 2809/2988/2715 2810/2990/2715
f 2803/2967/2716 2802/2982/2716 2817/2989/2716 2818/2991/2716
f 2796/2969/2717 2795/2983/2717 2810/2990/2717 2811/2992/2717
f 2804/2968/2718 2803/2967/2718 2818/2991/2718 2819/2993/2718
f 2797/2970/2719 2796/2969/2719 2811/2992/2719 2812/2994/2719
f 2805/2971/2720 2804/2968/2720 2819/2993/2720 2820/2995/2720
f 2798/2972/2721 2797/2970/2721 2812/2994/2721 2813/2996/2721
f 2791/2974/2722 2474/2997/2722 2806/2998/2722
f 2700/2999/2723 2805/2971/2723 2820/2995/2723
f 2799/2976/2724 2798/2972/2724 2813/2996/2724 2814/3000/2724
f 2792/2977/2725 2791/2974/2725 2806/2998/2725 2807/2984/2725
f 2800/2978/2726 2799/2976/2726 2814/3000/2726 2815/2986/2726
f 2812/2994/2727 2811/2992/2727 2826/3001/2727 2827/3002/2727
f 2820/2995/2728 2819/2993/2728 2834/3003/2728 2835/3004/2728
f 2813/2996/2729 2812/2994/2729 2827/3002/2729 2828/3005/2729
f 2806/2998/2730 2474/3006/2730 2821/3007/2730
f 2700/3008/2731 2820/2995/2731 2835/3004/2731
f 2814/3000/2732 2813/2996/2732 2828/3005/2732 2829/3009/2732
f 2807/2984/2733 2806/2998/2733 2821/3007/2733 2822/3010/2733
f 2815/2986/2734 2814/3000/2734 2829/3009/2734 2830/3011/2734
f 2808/2985/2735 2807/2984/2735 2822/3010/2735 2823/3012/2735
f 2816/2987/2736 2815/2986/2736 2830/3011/2736 2831/3013/2736
f 2809/2988/2737 2808/2985/2737 2823/3012/2737 2824/3014/2737
f 2817/2989/2738 2816/2987/2738 2831/3013/2738 2832/3015/2738
f 2810/2990/2739 2809/2988/2739 2824/3014/2739 2825/3016/2739
f 2818/2991/2740 2817/2989/2740 2832/3015/2740 2833/3017/2740
f 2811/2992/2741 2810/2990/2741 2825/3016/2741 2826/3001/2741
f 2819/2993/2742 2818/2991/2742 2833/3017/2742 2834/3003/2742
f 2831/3013/2743 2830/3011/2743 2845/3018/2743 2846/3019/2743
f 2824/3014/2744 2823/3012/2744 2838/3020/2744 2839/3021/2744
f 2832/3015/2745 2831/3013/2745 2846/3019/2745 2847/3022/2745
f 2825/3016/2746 2824/3014/2746 2839/3021/2746 2840/3023/2746
f 2833/3017/2747 2832/3015/2747 2847/3022/2747 2848/3024/2747
f 2826/3001/2748 2825/3016/2748 2840/3023/2748 2841/3025/2748
f 2834/3003/2749 2833/3017/2749 2848/3024/2749 2849/3026/2749
f 2827/3002/2750 2826/3001/2750 2841/3025/2750 2842/3027/2750
f 2835/3004/2751 2834/3003/2751 2849/3026/2751 2850/3028/2751
f 2828/3005/2752 2827/3002/2752 2842/3027/2752 2843/3029/2752
f 2821/3007/2753 2474/3030/2753 2836/3031/2753
f 2700/3032/2754 2835/3004/2754 2850/3028/2754
f 2829/3009/2755 2828/3005/2755 2843/3029/2755 2844/3033/2755
f 2822/3010/2756 2821/3007/2756 2836/3031/2756 2837/3034/2756
f 2830/3011/2757 2829/3009/2757 2844/3033/2757 2845/3018/2757
f 2823/3012/2758 2822/3010/2758 2837/3034/2758 2838/3020/2758
f 2850/3028/2759 2849/3026/2759 2864/3035/2759 2865/3036/2759
f 2843/3029/2760 2842/3027/2760 2857/3037/2760 2858/3038/2760
f 2836/3031/2761 2474/3039/2761 2851/3040/2761
f 2700/3041/2762 2850/3028/2762 2865/3036/2762
f 2844/3033/2763 2843/3029/2763 2858/3038/2763 2859/3042/2763
f 2837/3034/2764 2836/3031/2764 2851/3040/2764 2852/3043/2764
f 2845/3018/2765 2844/3033/2765 2859/3042/2765 2860/3044/2765
f 2838/3020/2766 2837/3034/2766 2852/3043/2766 2853/3045/2766
f 2846/3019/2767 2845/3018/2767 2860/3044/2767 2861/3046/2767
f 2839/3021/2768 2838/3020/2768 2853/3045/2768 2854/3047/2768
f 2847/3022/2769 2846/3019/2769 2861/3046/2769 2862/3048/2769
f 2840/3023/2770 2839/3021/2770 2854/3047/2770 2855/3049/2770
f 2848/3024/2771 2847/3022/2771 2862/3048/2771 2863/3050/2771
f 2841/3025/2772 2840/3023/2772 2855/3049/2772 2856/3051/2772
f 2849/3026/2773 2848/3024/2773 2863/3050/2773 2864/3035/2773
f 2842/3027/2774 2841/3025/2774 2856/3051/2774 2857/3037/2774
f 2862/3048/2775 2861/3046/2775 2398/2500/2775 2871/2499/2775
f 2855/3049/2776 2854/3047/2776 2868/2495/2776 2394/2503/2776
f 2863/3050/2777 2862/3048/2777 2871/2499/2777 2872/2505/2777
f 2856/3051/2778 2855/3049/2778 2394/2503/2778 2869/2507/2778
f 2864/3035/2779 2863/3050/2779 2872/2505/2779 2873/2509/2779
f 2857/3037/2780 2856/3051/2780 2869/2507/2780 2395/2511/2780
f 2865/3036/2781 2864/3035/2781 2873/2509/2781 2874/2513/2781
f 2858/3038/2782 2857/3037/2782 2395/2511/2782 2396/2515/2782
f 2851/3040/2783 2474/3052/2783 2866/2517/2783
f 2700/3053/2784 2865/3036/2784 2874/2513/2784
f 2859/3042/2785 2858/3038/2785 2396/2515/2785 2397/2521/2785
f 2852/3043/2786 2851/3040/2786 2866/2517/2786 2867/2523/2786
f 2860/3044/2787 2859/3042/2787 2397/2521/2787 2870/2525/2787
f 2853/3045/2788 2852/3043/2788 2867/2523/2788 2393/2496/2788
f 2861/3046/2789 2860/3044/2789 2870/2525/2789 2398/2500/2789
f 2854/3047/2790 2853/3045/2790 2393/2496/2790 2868/2495/2790
f 2914/3054/2791 2898/3055/2791 2878/3056/2791 2884/3057/2791
f 2889/3058/2792 2903/3059/2792 2888/3060/2792 2877/3061/2792
f 2903/3059/2793 2905/3062/2793 2887/3063/2793 2888/3060/2793
f 2905/3062/2794 2907/3064/2794 2886/3065/2794 2887/3063/2794
f 2907/3064/2795 2909/3066/2795 2885/3067/2795 2886/3065/2795
f 2909/3066/2793 2914/3054/2793 2884/3057/2793 2885/3067/2793
f 2882/3068/2796 2883/3069/2796 2910/3070/2796 2908/3071/2796
f 2881/3072/2797 2882/3068/2797 2908/3071/2797 2906/3073/2797
f 2880/3074/2798 2881/3072/2798 2906/3073/2798 2904/3075/2798
f 2879/3076/2796 2880/3074/2796 2904/3075/2796 2899/3077/2796
f 2875/3078/2799 2879/3076/2799 2899/3077/2799 2893/3079/2799
f 2893/3079/2800 2899/3077/2800 2900/3080/2800 2892/3081/2800
f 2892/3081/2801 2900/3080/2801 2901/3082/2801 2891/3083/2801
f 2891/3083/2802 2901/3082/2802 2902/3084/2802 2890/3085/2802
f 2890/3085/2800 2902/3084/2800 2903/3059/2800 2889/3058/2800
f 2883/3069/2803 2876/3086/2803 2894/3087/2803 2910/3070/2803
f 2910/3070/2804 2894/3087/2804 2895/3088/2804 2911/3089/2804
f 2911/3089/2805 2895/3088/2805 2896/3090/2805 2912/3091/2805
f 2912/3091/2806 2896/3090/2806 2897/3092/2806 2913/3093/2806
f 2913/3093/2804 2897/3092/2804 2898/3055/2804 2914/3054/2804
f 2908/3071/2807 2910/3070/2807 2911/3089/2807 2912/3091/2807 2913/3093/2807 2914/3054/2807 2909/3066/2807 2907/3064/2807 2905/3062/2807 2903/3059/2807 2902/3084/2807 2901/3082/2807 2900/3080/2807 2899/3077/2807 2904/3075/2807 2906/3073/2807
f 2954/3054/2808 2924/3057/2808 2918/3056/2808 2938/3055/2808
f 2929/3058/2809 2917/3061/2809 2928/3060/2809 2943/3059/2809
f 2943/3059/2810 2928/3060/2810 2927/3063/2810 2945/3062/2810
f 2945/3062/2811 2927/3063/2811 2926/3065/2811 2947/3064/2811
f 2947/3064/2812 2926/3065/2812 2925/3067/2812 2949/3066/2812
f 2949/3066/2810 2925/3067/2810 2924/3057/2810 2954/3054/2810
f 2922/3068/2813 2948/3071/2813 2950/3070/2813 2923/3069/2813
f 2921/3072/2814 2946/3073/2814 2948/3071/2814 2922/3068/2814
f 2920/3074/2815 2944/3075/2815 2946/3073/2815 2921/3072/2815
f 2919/3076/2813 2939/3077/2813 2944/3075/2813 2920/3074/2813
f 2915/3078/2816 2933/3079/2816 2939/3077/2816 2919/3076/2816
f 2933/3079/2817 2932/3081/2817 2940/3080/2817 2939/3077/2817
f 2932/3081/2818 2931/3083/2818 2941/3082/2818 2940/3080/2818
f 2931/3083/2819 2930/3085/2819 2942/3084/2819 2941/3082/2819
f 2930/3085/2817 2929/3058/2817 2943/3059/2817 2942/3084/2817
f 2923/3069/2820 2950/3070/2820 2934/3087/2820 2916/3086/2820
f 2950/3070/2821 2951/3089/2821 2935/3088/2821 2934/3087/2821
f 2951/3089/2822 2952/3091/2822 2936/3090/2822 2935/3088/2822
f 2952/3091/2823 2953/3093/2823 2937/3092/2823 2936/3090/2823
f 2953/3093/2821 2954/3054/2821 2938/3055/2821 2937/3092/2821
f 2948/3071/2824 2946/3073/2824 2944/3075/2824 2939/3077/2824 2940/3080/2824 2941/3082/2824 2942/3084/2824 2943/3059/2824 2945/3062/2824 2947/3064/2824 2949/3066/2824 2954/3054/2824 2953/3093/2824 2952/3091/2824 2951/3089/2824 2950/3070/2824
f 2875/3078/2825 2893/3079/2825 2933/3079/2825 2915/3078/2825
f 2876/3086/2826 2883/3069/2826 2923/3069/2826 2916/3086/2826
f 2878/3056/2827 2898/3055/2827 2938/3055/2827 2918/3056/2827
f 2877/3061/2828 2888/3060/2828 2928/3060/2828 2917/3061/2828
f 2879/3076/2826 2875/3078/2826 2915/3078/2826 2919/3076/2826
f 2880/3074/2826 2879/3076/2826 2919/3076/2826 2920/3074/2826
f 2881/3072/2829 2880/3074/2829 2920/3074/2829 2921/3072/2829
f 2882/3068/2830 2881/3072/2830 2921/3072/2830 2922/3068/2830
f 2883/3069/2826 2882/3068/2826 2922/3068/2826 2923/3069/2826
f 2884/3057/2828 2878/3056/2828 2918/3056/2828 2924/3057/2828
f 2885/3067/2828 2884/3057/2828 2924/3057/2828 2925/3067/2828
f 2886/3065/2831 2885/3067/2831 2925/3067/2831 2926/3065/2831
f 2887/3063/2832 2886/3065/2832 2926/3065/2832 2927/3063/2832
f 2888/3060/2828 2887/3063/2828 2927/3063/2828 2928/3060/2828
f 2889/3058/2825 2877/3061/2825 2917/3061/2825 2929/3058/2825
f 2890/3085/2825 2889/3058/2825 2929/3058/2825 2930/3085/2825
f 2891/3083/2833 2890/3085/2833 2930/3085/2833 2931/3083/2833
f 2892/3081/2834 2891/3083/2834 2931/3083/2834 2932/3081/2834
f 2893/3079/2825 2892/3081/2825 2932/3081/2825 2933/3079/2825
f 2894/3087/2827 2876/3086/2827 2916/3086/2827 2934/3087/2827
f 2895/3088/2827 2894/3087/2827 2934/3087/2827 2935/3088/2827
f 2896/3090/2835 2895/3088/2835 2935/3088/2835 2936/3090/2835
f 2897/3092/2836 2896/3090/2836 2936/3090/2836 2937/3092/2836
f 2898/3055/2827 2897/3092/2827 2937/3092/2827 2938/3055/2827
o StageObjectSpawn.007
v -2.000000 4.685962 0.458345
v -2.000000 4.458345 0.685962
v -2.000000 4.160950 0.809148
v -2.000000 4.000000 0.825000
v -2.000000 3.839050 0.809148
v -2.000000 3.541655 0.685962
v -2.031400 4.809148 0.157857
v -2.061593 4.762201 0.309648
v -2.089419 4.685962 0.449538
v -2.113808 4.583363 0.572154
v -2.133825 4.458345 0.672782
v -2.148698 4.315714 0.747555
v -2.157857 4.160950 0.793600
v -2.160950 4.000000 0.809148
v -2.157857 3.839050 0.793600
v -2.148698 3.684286 0.747555
v -2.133825 3.541655 0.672782
v -2.113808 3.416637 0.572154
v -2.089419 3.314038 0.449538
v -2.061593 3.237799 0.309648
v -2.031400 3.190852 0.157857
v -2.061593 4.809148 0.148698
v -2.120818 4.762201 0.291682
v -2.175401 4.685962 0.423456
v -2.223243 4.583363 0.538957
v -2.262506 4.458345 0.633747
v -2.291682 4.315714 0.704181
v -2.309647 4.160950 0.747555
v -2.315714 4.000000 0.762201
v -2.309647 3.839050 0.747555
v -2.291682 3.684286 0.704181
v -2.262506 3.541655 0.633747
v -2.223243 3.416637 0.538957
v -2.175401 3.314038 0.423456
v -2.120818 3.237799 0.291682
v -2.061593 3.190852 0.148698
v -2.089419 4.809148 0.133825
v -2.175401 4.762201 0.262506
v -2.254643 4.685962 0.381100
v -2.324099 4.583363 0.485049
v -2.381100 4.458345 0.570357
v -2.423456 4.315714 0.633747
v -2.449538 4.160950 0.672782
v -2.458345 4.000000 0.685962
v -2.449538 3.839050 0.672782
v -2.423456 3.684286 0.633747
v -2.381100 3.541655 0.570357
v -2.324099 3.416637 0.485049
v -2.254643 3.314038 0.381100
v -2.175401 3.237799 0.262506
v -2.089419 3.190852 0.133825
v -2.113808 4.809148 0.113808
v -2.223243 4.762201 0.223243
v -2.324099 4.685962 0.324099
v -2.412500 4.583363 0.412500
v -2.485049 4.458345 0.485049
v -2.538957 4.315714 0.538957
v -2.572154 4.160950 0.572154
v -2.583363 4.000000 0.583363
v -2.572154 3.839050 0.572154
v -2.538957 3.684286 0.538957
v -2.485049 3.541655 0.485049
v -2.412500 3.416637 0.412500
v -2.324099 3.314038 0.324099
v -2.223243 3.237799 0.223243
v -2.113808 3.190852 0.113808
v -2.133825 4.809148 0.089419
v -2.262506 4.762201 0.175401
v -2.381100 4.685962 0.254643
v -2.485049 4.583363 0.324099
v -2.570357 4.458345 0.381100
v -2.633747 4.315714 0.423456
v -2.672782 4.160950 0.449538
v -2.685962 4.000000 0.458345
v -2.672782 3.839050 0.449538
v -2.633747 3.684286 0.423456
v -2.570357 3.541655 0.381100
v -2.485049 3.416637 0.324099
v -2.381100 3.314038 0.254643
v -2.262506 3.237799 0.175401
v -2.133825 3.190852 0.089419
v -2.000000 4.825000 -0.000000
v -2.148698 4.809148 0.061593
v -2.291682 4.762201 0.120818
v -2.423456 4.685962 0.175401
v -2.538957 4.583363 0.223243
v -2.633747 4.458345 0.262506
v -2.704181 4.315714 0.291682
v -2.747555 4.160950 0.309647
v -2.762200 4.000000 0.315714
v -2.747555 3.839050 0.309647
v -2.704181 3.684286 0.291682
v -2.633747 3.541655 0.262506
v -2.538957 3.416637 0.223243
v -2.423456 3.314038 0.175401
v -2.291682 3.237799 0.120818
v -2.148698 3.190852 0.061593
v -2.157857 4.809148 0.031400
v -2.309647 4.762201 0.061593
v -2.449538 4.685962 0.089419
v -2.572154 4.583363 0.113809
v -2.672782 4.458345 0.133825
v -2.747555 4.315714 0.148698
v -2.793600 4.160950 0.157857
v -2.809148 4.000000 0.160949
v -2.793600 3.839050 0.157857
v -2.747555 3.684286 0.148698
v -2.672782 3.541655 0.133825
v -2.572154 3.416637 0.113809
v -2.449538 3.314038 0.089419
v -2.309647 3.237799 0.061593
v -2.157857 3.190852 0.031400
v -2.160949 4.809148 -0.000000
v -2.315714 4.762201 -0.000000
v -2.458345 4.685962 -0.000000
v -2.583363 4.583363 -0.000000
v -2.685962 4.458345 -0.000000
v -2.762201 4.315714 -0.000000
v -2.809148 4.160950 -0.000000
v -2.825000 4.000000 -0.000000
v -2.809148 3.839050 -0.000000
v -2.762201 3.684286 -0.000000
v -2.685962 3.541655 -0.000000
v -2.583363 3.416637 -0.000000
v -2.458345 3.314038 0.000000
v -2.315714 3.237799 0.000000
v -2.160949 3.190852 0.000000
v -2.157857 4.809148 -0.031400
v -2.309647 4.762201 -0.061593
v -2.449538 4.685962 -0.089419
v -2.572154 4.583363 -0.113808
v -2.672782 4.458345 -0.133825
v -2.747555 4.315714 -0.148698
v -2.793600 4.160950 -0.157857
v -2.809148 4.000000 -0.160950
v -2.793600 3.839050 -0.157857
v -2.747555 3.684286 -0.148698
v -2.672782 3.541655 -0.133825
v -2.572154 3.416637 -0.113808
v -2.449538 3.314038 -0.089419
v -2.309647 3.237799 -0.061593
v -2.157857 3.190852 -0.031400
v -2.148698 4.809148 -0.061593
v -2.291682 4.762201 -0.120818
v -2.423456 4.685962 -0.175401
v -2.538957 4.583363 -0.223243
v -2.633746 4.458345 -0.262506
v -2.704181 4.315714 -0.291681
v -2.747555 4.160950 -0.309648
v -2.762200 4.000000 -0.315714
v -2.747555 3.839050 -0.309648
v -2.704181 3.684286 -0.291681
v -2.633746 3.541655 -0.262506
v -2.538957 3.416637 -0.223243
v -2.423456 3.314038 -0.175401
v -2.291682 3.237799 -0.120818
v -2.148698 3.190852 -0.061593
v -2.133825 4.809148 -0.089419
v -2.262506 4.762201 -0.175401
v -2.381100 4.685962 -0.254643
v -2.485049 4.583363 -0.324099
v -2.570357 4.458345 -0.381100
v -2.633747 4.315714 -0.423456
v -2.672782 4.160950 -0.449538
v -2.685962 4.000000 -0.458345
v -2.672782 3.839050 -0.449538
v -2.633747 3.684286 -0.423456
v -2.570357 3.541655 -0.381100
v -2.485049 3.416637 -0.324099
v -2.381100 3.314038 -0.254643
v -2.262506 3.237799 -0.175401
v -2.133825 3.190852 -0.089419
v -2.113808 4.809148 -0.113808
v -2.223243 4.762201 -0.223243
v -2.324099 4.685962 -0.324099
v -2.412500 4.583363 -0.412500
v -2.485048 4.458345 -0.485049
v -2.538957 4.315714 -0.538957
v -2.572154 4.160950 -0.572154
v -2.583363 4.000000 -0.583363
v -2.572154 3.839050 -0.572154
v -2.538957 3.684286 -0.538957
v -2.485048 3.541655 -0.485049
v -2.412500 3.416637 -0.412500
v -2.324099 3.314038 -0.324099
v -2.223243 3.237799 -0.223243
v -2.113808 3.190852 -0.113808
v -2.089419 4.809148 -0.133825
v -2.175401 4.762201 -0.262506
v -2.254643 4.685962 -0.381100
v -2.324099 4.583363 -0.485049
v -2.381100 4.458345 -0.570357
v -2.423456 4.315714 -0.633747
v -2.449538 4.160950 -0.672782
v -2.458345 4.000000 -0.685962
v -2.449538 3.839050 -0.672782
v -2.423456 3.684286 -0.633747
v -2.381100 3.541655 -0.570357
v -2.324099 3.416637 -0.485049
v -2.254643 3.314038 -0.381100
v -2.175401 3.237799 -0.262506
v -2.089419 3.190852 -0.133825
v -2.061593 4.809148 -0.148698
v -2.120818 4.762201 -0.291681
v -2.175401 4.685962 -0.423456
v -2.223243 4.583363 -0.538957
v -2.262506 4.458345 -0.633746
v -2.291682 4.315714 -0.704181
v -2.309647 4.160950 -0.747555
v -2.315713 4.000000 -0.762200
v -2.309647 3.839050 -0.747555
v -2.291682 3.684286 -0.704181
v -2.262506 3.541655 -0.633746
v -2.223243 3.416637 -0.538957
v -2.175401 3.314038 -0.423456
v -2.120818 3.237799 -0.291681
v -2.061593 3.190852 -0.148698
v -2.031400 4.809148 -0.157857
v -2.061593 4.762201 -0.309647
v -2.089419 4.685962 -0.449538
v -2.113808 4.583363 -0.572154
v -2.133824 4.458345 -0.672782
v -2.148698 4.315714 -0.747555
v -2.157857 4.160950 -0.793600
v -2.160949 4.000000 -0.809147
v -2.157857 3.839050 -0.793600
v -2.148698 3.684286 -0.747555
v -2.133824 3.541655 -0.672782
v -2.113808 3.416637 -0.572154
v -2.089419 3.314038 -0.449538
v -2.061593 3.237799 -0.309647
v -2.031400 3.190852 -0.157857
v -2.000000 4.809148 -0.160949
v -2.000000 4.762201 -0.315714
v -2.000000 4.685962 -0.458345
v -2.000000 4.583363 -0.583363
v -2.000000 4.458345 -0.685962
v -2.000000 4.315714 -0.762200
v -2.000000 4.160950 -0.809148
v -2.000000 4.000000 -0.824999
v -2.000000 3.839050 -0.809148
v -2.000000 3.684286 -0.762200
v -2.000000 3.541655 -0.685962
v -2.000000 3.416637 -0.583363
v -2.000000 3.314038 -0.458345
v -2.000000 3.237799 -0.315714
v -2.000000 3.190852 -0.160949
v -1.968600 4.809148 -0.157857
v -1.938407 4.762201 -0.309647
v -1.910581 4.685962 -0.449538
v -1.886192 4.583363 -0.572154
v -1.866175 4.458345 -0.672782
v -1.851302 4.315714 -0.747555
v -1.842143 4.160950 -0.793600
v -1.839050 4.000000 -0.809147
v -1.842143 3.839050 -0.793600
v -1.851302 3.684286 -0.747555
v -1.866175 3.541655 -0.672782
v -1.886192 3.416637 -0.572154
v -1.910581 3.314038 -0.449538
v -1.938407 3.237799 -0.309647
v -1.968600 3.190852 -0.157857
v -1.938407 4.809148 -0.148698
v -1.879182 4.762201 -0.291681
v -1.824599 4.685962 -0.423456
v -1.776757 4.583363 -0.538957
v -1.737494 4.458345 -0.633746
v -1.708319 4.315714 -0.704181
v -1.690353 4.160950 -0.747555
v -1.684286 4.000000 -0.762200
v -1.690353 3.839050 -0.747555
v -1.708319 3.684286 -0.704181
v -1.737494 3.541655 -0.633746
v -1.776757 3.416637 -0.538957
v -1.824599 3.314038 -0.423456
v -1.879182 3.237799 -0.291681
v -1.938407 3.190852 -0.148698
v -1.910581 4.809148 -0.133825
v -1.824599 4.762201 -0.262506
v -1.745357 4.685962 -0.381100
v -1.675901 4.583363 -0.485049
v -1.618900 4.458345 -0.570357
v -1.576544 4.315714 -0.633746
v -1.550462 4.160950 -0.672782
v -1.541655 4.000000 -0.685962
v -1.550462 3.839050 -0.672782
v -1.576544 3.684286 -0.633746
v -1.618900 3.541655 -0.570357
v -1.675901 3.416637 -0.485049
v -1.745357 3.314038 -0.381100
v -1.824599 3.237799 -0.262506
v -1.910581 3.190852 -0.133825
v -1.886192 4.809148 -0.113808
v -1.776757 4.762201 -0.223243
v -1.675901 4.685962 -0.324099
v -1.587500 4.583363 -0.412500
v -1.514951 4.458345 -0.485048
v -1.461043 4.315714 -0.538957
v -1.427846 4.160950 -0.572154
v -1.416637 4.000000 -0.583362
v -1.427846 3.839050 -0.572154
v -1.461043 3.684286 -0.538957
v -1.514951 3.541655 -0.485048
v -1.587500 3.416637 -0.412500
v -1.675901 3.314038 -0.324099
v -1.776757 3.237799 -0.223243
v -1.886192 3.190852 -0.113808
v -2.000000 3.175000 0.000000
v -1.866175 4.809148 -0.089419
v -1.737494 4.762201 -0.175401
v -1.618900 4.685962 -0.254643
v -1.514951 4.583363 -0.324099
v -1.429643 4.458345 -0.381100
v -1.366254 4.315714 -0.423456
v -1.327218 4.160950 -0.449538
v -1.314038 4.000000 -0.458345
v -1.327218 3.839050 -0.449538
v -1.366254 3.684286 -0.423456
v -1.429643 3.541655 -0.381100
v -1.514951 3.416637 -0.324099
v -1.618900 3.314038 -0.254643
v -1.737494 3.237799 -0.175401
v -1.866175 3.190852 -0.089419
v -1.851302 4.809148 -0.061593
v -1.708319 4.762201 -0.120818
v -1.576544 4.685962 -0.175401
v -1.461043 4.583363 -0.223243
v -1.366254 4.458345 -0.262506
v -1.295819 4.315714 -0.291681
v -1.252445 4.160950 -0.309647
v -1.237800 4.000000 -0.315713
v -1.252445 3.839050 -0.309647
v -1.295819 3.684286 -0.291681
v -1.366254 3.541655 -0.262506
v -1.461043 3.416637 -0.223243
v -1.576544 3.314038 -0.175401
v -1.708319 3.237799 -0.120818
v -1.851302 3.190852 -0.061593
v -1.842143 4.809148 -0.031400
v -1.690353 4.762201 -0.061593
v -1.550462 4.685962 -0.089419
v -1.427846 4.583363 -0.113808
v -1.327218 4.458345 -0.133824
v -1.252445 4.315714 -0.148698
v -1.206400 4.160950 -0.157857
v -1.190853 4.000000 -0.160949
v -1.206400 3.839050 -0.157857
v -1.252445 3.684286 -0.148698
v -1.327218 3.541655 -0.133824
v -1.427846 3.416637 -0.113808
v -1.550462 3.314038 -0.089419
v -1.690353 3.237799 -0.061593
v -1.842143 3.190852 -0.031400
v -1.839051 4.809148 -0.000000
v -1.684286 4.762201 -0.000000
v -1.541655 4.685962 -0.000000
v -1.416637 4.583363 0.000000
v -1.314038 4.458345 0.000000
v -1.237800 4.315714 0.000000
v -1.190853 4.160950 0.000000
v -1.175001 4.000000 0.000000
v -1.190853 3.839050 0.000000
v -1.237800 3.684286 0.000000
v -1.314038 3.541655 0.000000
v -1.416637 3.416637 0.000000
v -1.541655 3.314038 0.000000
v -1.684286 3.237799 0.000000
v -1.839051 3.190852 0.000000
v -1.842143 4.809148 0.031400
v -1.690353 4.762201 0.061593
v -1.550462 4.685962 0.089419
v -1.427846 4.583363 0.113808
v -1.327219 4.458345 0.133825
v -1.252445 4.315714 0.148698
v -1.206400 4.160950 0.157857
v -1.190853 4.000000 0.160950
v -1.206400 3.839050 0.157857
v -1.252445 3.684286 0.148698
v -1.327219 3.541655 0.133825
v -1.427846 3.416637 0.113808
v -1.550462 3.314038 0.089419
v -1.690353 3.237799 0.061593
v -1.842143 3.190852 0.031400
v -1.851302 4.809148 0.061593
v -1.708319 4.762201 0.120818
v -1.576544 4.685962 0.175401
v -1.461043 4.583363 0.223243
v -1.366254 4.458345 0.262506
v -1.295819 4.315714 0.291681
v -1.252445 4.160950 0.309648
v -1.237800 4.000000 0.315714
v -1.252445 3.839050 0.309648
v -1.295819 3.684286 0.291681
v -1.366254 3.541655 0.262506
v -1.461043 3.416637 0.223243
v -1.576544 3.314038 0.175401
v -1.708319 3.237799 0.120818
v -1.851302 3.190852 0.061593
v -1.866176 4.809148 0.089419
v -1.737494 4.762201 0.175401
v -1.618900 4.685962 0.254643
v -1.514951 4.583363 0.324099
v -1.429644 4.458345 0.381100
v -1.366254 4.315714 0.423456
v -1.327219 4.160950 0.449538
v -1.314039 4.000000 0.458345
v -1.327219 3.839050 0.449538
v -1.366254 3.684286 0.423456
v -1.429644 3.541655 0.381100
v -1.514951 3.416637 0.324099
v -1.618900 3.314038 0.254643
v -1.737494 3.237799 0.175401
v -1.866176 3.190852 0.089419
v -1.886192 4.809148 0.113808
v -1.776757 4.762201 0.223243
v -1.675901 4.685962 0.324099
v -1.587500 4.583363 0.412500
v -1.514952 4.458345 0.485048
v -1.461043 4.315714 0.538957
v -1.427847 4.160950 0.572154
v -1.416638 4.000000 0.583363
v -1.427847 3.839050 0.572154
v -1.461043 3.684286 0.538957
v -1.514952 3.541655 0.485048
v -1.587500 3.416637 0.412500
v -1.675901 3.314038 0.324099
v -1.776757 3.237799 0.223243
v -1.886192 3.190852 0.113808
v -1.910581 4.809148 0.133824
v -1.824599 4.762201 0.262506
v -1.745357 4.685962 0.381100
v -1.675901 4.583363 0.485049
v -1.618900 4.458345 0.570357
v -1.576544 4.315714 0.633746
v -1.550462 4.160950 0.672782
v -1.541655 4.000000 0.685962
v -1.550462 3.839050 0.672782
v -1.576544 3.684286 0.633746
v -1.618900 3.541655 0.570357
v -1.675901 3.416637 0.485049
v -1.745357 3.314038 0.381100
v -1.824599 3.237799 0.262506
v -1.910581 3.190852 0.133824
v -1.938407 4.809148 0.148698
v -1.879182 4.762201 0.291681
v -1.824599 4.685962 0.423456
v -1.776757 4.583363 0.538957
v -1.737494 4.458345 0.633746
v -1.708319 4.315714 0.704181
v -1.690353 4.160950 0.747555
v -1.684287 4.000000 0.762200
v -1.690353 3.839050 0.747555
v -1.708319 3.684286 0.704181
v -1.737494 3.541655 0.633746
v -1.776757 3.416637 0.538957
v -1.824599 3.314038 0.423456
v -1.879182 3.237799 0.291681
v -1.938407 3.190852 0.148698
v -1.968600 4.809148 0.157857
v -1.938407 4.762201 0.309647
v -1.910582 4.685962 0.449538
v -1.886192 4.583363 0.572154
v -1.866176 4.458345 0.672781
v -1.851302 4.315714 0.747555
v -1.842143 4.160950 0.793600
v -1.839051 4.000000 0.809147
v -1.842143 3.839050 0.793600
v -1.851302 3.684286 0.747555
v -1.866176 3.541655 0.672781
v -1.886192 3.416637 0.572154
v -1.910582 3.314038 0.449538
v -1.938407 3.237799 0.309647
v -1.968600 3.190852 0.157857
v -2.000000 4.809148 0.160949
v -2.000000 4.762201 0.315714
v -2.000000 4.583363 0.583363
v -2.000000 4.315714 0.762200
v -2.000000 3.684286 0.762200
v -2.000000 3.416637 0.583363
v -2.000000 3.314038 0.458345
v -2.000000 3.237799 0.315714
v -2.000000 3.190852 0.160949
v -1.241000 3.241000 -0.024750
v -2.759000 3.241000 -0.024750
v -1.241000 4.759000 -0.024750
v -2.759000 4.759000 -0.024750
v -1.340000 3.241000 -0.024750
v -1.670000 3.241000 -0.024750
v -2.000000 3.010000 -0.024750
v -2.330000 3.241000 -0.024750
v -2.660000 3.241000 -0.024750
v -2.660000 4.759000 -0.024750
v -2.330000 4.759000 -0.024750
v -2.000000 4.990000 -0.024750
v -1.670000 4.759000 -0.024750
v -1.340000 4.759000 -0.024750
v -1.241000 4.660000 -0.024750
v -1.241000 4.330000 -0.024750
v -1.010000 4.000000 -0.024750
v -1.241000 3.670000 -0.024750
v -1.241000 3.340000 -0.024750
v -2.759000 3.340000 -0.024750
v -2.759000 3.670000 -0.024750
v -2.990000 4.000000 -0.024750
v -2.759000 4.330000 -0.024750
v -2.759000 4.660000 -0.024750
v -1.340000 3.340000 -0.123750
v -1.340000 3.670000 -0.123750
v -1.340000 4.000000 -0.123750
v -1.340000 4.330000 -0.123750
v -1.340000 4.660000 -0.123750
v -1.670000 3.340000 -0.123750
v -1.670000 4.660000 -0.123750
v -2.000000 3.340000 -0.123750
v -2.000000 4.660000 -0.123750
v -2.330000 3.340000 -0.123750
v -2.330000 4.660000 -0.123750
v -2.660000 3.340000 -0.123750
v -2.660000 3.670000 -0.123750
v -2.660000 4.000000 -0.123750
v -2.660000 4.330000 -0.123750
v -2.660000 4.660000 -0.123750
v -1.241000 3.241000 0.024750
v -2.759000 3.241000 0.024750
v -1.241000 4.759000 0.024750
v -2.759000 4.759000 0.024750
v -1.340000 3.241000 0.024750
v -1.670000 3.241000 0.024750
v -2.000000 3.010000 0.024750
v -2.330000 3.241000 0.024750
v -2.660000 3.241000 0.024750
v -2.660000 4.759000 0.024750
v -2.330000 4.759000 0.024750
v -2.000000 4.990000 0.024750
v -1.670000 4.759000 0.024750
v -1.340000 4.759000 0.024750
v -1.241000 4.660000 0.024750
v -1.241000 4.330000 0.024750
v -1.010000 4.000000 0.024750
v -1.241000 3.670000 0.024750
v -1.241000 3.340000 0.024750
v -2.759000 3.340000 0.024750
v -2.759000 3.670000 0.024750
v -2.990000 4.000000 0.024750
v -2.759000 4.330000 0.024750
v -2.759000 4.660000 0.024750
v -1.340000 3.340000 0.123750
v -1.340000 3.670000 0.123750
v -1.340000 4.000000 0.123750
v -1.340000 4.330000 0.123750
v -1.340000 4.660000 0.123750
v -1.670000 3.340000 0.123750
v -1.670000 4.660000 0.123750
v -2.000000 3.340000 0.123750
v -2.000000 4.660000 0.123750
v -2.330000 3.340000 0.123750
v -2.330000 4.660000 0.123750
v -2.660000 3.340000 0.123750
v -2.660000 3.670000 0.123750
v -2.660000 4.000000 0.123750
v -2.660000 4.330000 0.123750
v -2.660000 4.660000 0.123750
vn -0.0624 0.7715 0.6332
vn -0.0759 -0.6326 0.7708
vn -0.0759 0.6326 0.7708
vn -0.0624 -0.7715 0.6332
vn -0.0865 0.4696 0.8786
vn -0.0464 -0.8810 0.4709
vn -0.0938 0.2890 0.9527
vn -0.0286 -0.9566 0.2902
vn -0.0976 0.0976 0.9904
vn -0.0097 0.9951 0.0980
vn -0.0097 -0.9951 0.0980
vn -0.0976 -0.0976 0.9904
vn -0.0286 0.9566 0.2902
vn -0.0938 -0.2890 0.9527
vn -0.0464 0.8810 0.4709
vn -0.0865 -0.4696 0.8786
vn -0.2779 -0.2890 0.9161
vn -0.1374 0.8810 0.4528
vn -0.2563 -0.4696 0.8448
vn -0.1847 0.7715 0.6088
vn -0.2248 -0.6326 0.7412
vn -0.2248 0.6326 0.7412
vn -0.1847 -0.7715 0.6088
vn -0.2563 0.4696 0.8448
vn -0.1374 -0.8810 0.4528
vn -0.2779 0.2890 0.9161
vn -0.0846 -0.9566 0.2790
vn -0.2889 0.0976 0.9524
vn -0.0286 0.9951 0.0942
vn -0.0286 -0.9951 0.0942
vn -0.2889 -0.0976 0.9524
vn -0.0846 0.9566 0.2790
vn -0.2231 -0.8810 0.4173
vn -0.4513 0.2890 0.8443
vn -0.1374 -0.9565 0.2571
vn -0.4692 0.0976 0.8777
vn -0.0464 0.9951 0.0869
vn -0.0464 -0.9951 0.0869
vn -0.4692 -0.0976 0.8777
vn -0.1374 0.9565 0.2571
vn -0.4513 -0.2890 0.8443
vn -0.2231 0.8810 0.4173
vn -0.4162 -0.4696 0.7786
vn -0.2999 0.7715 0.5611
vn -0.3651 -0.6326 0.6831
vn -0.3651 0.6326 0.6831
vn -0.2999 -0.7715 0.5611
vn -0.4162 0.4696 0.7786
vn -0.5601 -0.4696 0.6825
vn -0.4036 0.7715 0.4918
vn -0.4913 -0.6326 0.5987
vn -0.4913 0.6326 0.5987
vn -0.4036 -0.7715 0.4918
vn -0.5601 0.4696 0.6825
vn -0.3002 -0.8810 0.3658
vn -0.6073 0.2890 0.7400
vn -0.1850 -0.9565 0.2254
vn -0.6314 0.0975 0.7693
vn -0.0625 0.9951 0.0761
vn -0.0625 -0.9951 0.0761
vn -0.6314 -0.0975 0.7693
vn -0.1850 0.9565 0.2254
vn -0.6073 -0.2890 0.7400
vn -0.3002 0.8810 0.3658
vn -0.2254 -0.9565 0.1850
vn -0.7693 0.0975 0.6314
vn -0.0761 0.9951 0.0625
vn -0.0761 -0.9951 0.0625
vn -0.7693 -0.0975 0.6314
vn -0.2254 0.9565 0.1850
vn -0.7400 -0.2890 0.6073
vn -0.3658 0.8810 0.3002
vn -0.6825 -0.4696 0.5601
vn -0.4918 0.7715 0.4036
vn -0.5987 -0.6326 0.4913
vn -0.5987 0.6326 0.4913
vn -0.4918 -0.7715 0.4036
vn -0.6825 0.4696 0.5601
vn -0.3658 -0.8810 0.3002
vn -0.7400 0.2890 0.6073
vn -0.5611 0.7715 0.2999
vn -0.6831 -0.6326 0.3651
vn -0.6831 0.6326 0.3651
vn -0.5611 -0.7715 0.2999
vn -0.7786 0.4696 0.4162
vn -0.4173 -0.8810 0.2231
vn -0.8443 0.2890 0.4513
vn -0.2571 -0.9565 0.1374
vn -0.8777 0.0975 0.4691
vn -0.0869 0.9951 0.0464
vn -0.0869 -0.9951 0.0464
vn -0.8777 -0.0975 0.4691
vn -0.2571 0.9565 0.1374
vn -0.8443 -0.2890 0.4513
vn -0.4173 0.8810 0.2231
vn -0.7786 -0.4696 0.4162
vn -0.9524 0.0975 0.2889
vn -0.0942 0.9951 0.0286
vn -0.0942 -0.9951 0.0286
vn -0.9524 -0.0975 0.2889
vn -0.2790 0.9565 0.0846
vn -0.9161 -0.2890 0.2779
vn -0.4528 0.8810 0.1374
vn -0.8448 -0.4696 0.2563
vn -0.6088 0.7715 0.1847
vn -0.7412 -0.6326 0.2248
vn -0.7412 0.6326 0.2248
vn -0.6088 -0.7715 0.1847
vn -0.8448 0.4696 0.2563
vn -0.4528 -0.8810 0.1374
vn -0.9161 0.2890 0.2779
vn -0.2790 -0.9565 0.0846
vn -0.7708 -0.6326 0.0759
vn -0.7708 0.6326 0.0759
vn -0.6332 -0.7715 0.0624
vn -0.8786 0.4696 0.0865
vn -0.4709 -0.8810 0.0464
vn -0.9527 0.2890 0.0938
vn -0.2902 -0.9565 0.0286
vn -0.9904 0.0976 0.0976
vn -0.0980 0.9951 0.0097
vn -0.0980 -0.9951 0.0097
vn -0.9904 -0.0976 0.0976
vn -0.2902 0.9565 0.0286
vn -0.9527 -0.2890 0.0938
vn -0.4709 0.8810 0.0464
vn -0.8786 -0.4696 0.0865
vn -0.6332 0.7715 0.0624
vn -0.0980 0.9951 -0.0097
vn -0.0980 -0.9951 -0.0097
vn -0.9904 -0.0976 -0.0976
vn -0.2902 0.9565 -0.0286
vn -0.9527 -0.2890 -0.0938
vn -0.4709 0.8810 -0.0464
vn -0.8786 -0.4696 -0.0865
vn -0.6332 0.7715 -0.0624
vn -0.7708 -0.6326 -0.0759
vn -0.7708 0.6326 -0.0759
vn -0.6332 -0.7715 -0.0624
vn -0.8786 0.4696 -0.0865
vn -0.4709 -0.8810 -0.0464
vn -0.9527 0.2890 -0.0938
vn -0.2902 -0.9565 -0.0286
vn -0.9904 0.0976 -0.0976
vn -0.7412 0.6326 -0.2248
vn -0.6088 -0.7715 -0.1847
vn -0.8448 0.4696 -0.2563
vn -0.4528 -0.8810 -0.1374
vn -0.9161 0.2890 -0.2779
vn -0.2790 -0.9565 -0.0846
vn -0.9524 0.0975 -0.2889
vn -0.0942 0.9951 -0.0286
vn -0.0942 -0.9951 -0.0286
vn -0.9524 -0.0975 -0.2889
vn -0.2790 0.9565 -0.0846
vn -0.9161 -0.2890 -0.2779
vn -0.4528 0.8810 -0.1374
vn -0.8448 -0.4696 -0.2563
vn -0.6088 0.7715 -0.1847
vn -0.7412 -0.6326 -0.2248
vn -0.8777 -0.0975 -0.4691
vn -0.2571 0.9565 -0.1374
vn -0.8443 -0.2890 -0.4513
vn -0.4173 0.8810 -0.2231
vn -0.7786 -0.4696 -0.4162
vn -0.5611 0.7715 -0.2999
vn -0.6831 -0.6326 -0.3651
vn -0.6831 0.6326 -0.3651
vn -0.5611 -0.7715 -0.2999
vn -0.7786 0.4696 -0.4162
vn -0.4173 -0.8810 -0.2231
vn -0.8443 0.2890 -0.4513
vn -0.2571 -0.9565 -0.1374
vn -0.8777 0.0975 -0.4692
vn -0.0869 0.9951 -0.0464
vn -0.0869 -0.9951 -0.0464
vn -0.4918 -0.7715 -0.4036
vn -0.6825 0.4696 -0.5601
vn -0.3658 -0.8810 -0.3002
vn -0.7400 0.2890 -0.6073
vn -0.2254 -0.9565 -0.1850
vn -0.7693 0.0975 -0.6314
vn -0.0761 0.9951 -0.0625
vn -0.0761 -0.9951 -0.0625
vn -0.7693 -0.0975 -0.6314
vn -0.2254 0.9565 -0.1850
vn -0.7400 -0.2890 -0.6073
vn -0.3658 0.8810 -0.3002
vn -0.6825 -0.4696 -0.5601
vn -0.4918 0.7715 -0.4036
vn -0.5987 -0.6326 -0.4913
vn -0.5987 0.6326 -0.4913
vn -0.6073 -0.2890 -0.7400
vn -0.3002 0.8810 -0.3658
vn -0.5601 -0.4696 -0.6825
vn -0.4036 0.7715 -0.4918
vn -0.4913 -0.6326 -0.5987
vn -0.4913 0.6326 -0.5987
vn -0.4036 -0.7715 -0.4918
vn -0.5601 0.4696 -0.6825
vn -0.3002 -0.8810 -0.3658
vn -0.6073 0.2890 -0.7400
vn -0.1850 -0.9565 -0.2254
vn -0.6314 0.0975 -0.7693
vn -0.0625 0.9951 -0.0761
vn -0.0625 -0.9951 -0.0761
vn -0.6314 -0.0975 -0.7693
vn -0.1850 0.9565 -0.2254
vn -0.2231 -0.8810 -0.4173
vn -0.4513 0.2890 -0.8443
vn -0.1374 -0.9565 -0.2571
vn -0.4691 0.0975 -0.8777
vn -0.0464 0.9951 -0.0869
vn -0.0464 -0.9951 -0.0869
vn -0.4691 -0.0975 -0.8777
vn -0.1374 0.9565 -0.2571
vn -0.4513 -0.2890 -0.8443
vn -0.2231 0.8810 -0.4173
vn -0.4162 -0.4696 -0.7786
vn -0.2999 0.7715 -0.5611
vn -0.3651 -0.6326 -0.6831
vn -0.3651 0.6326 -0.6831
vn -0.2999 -0.7715 -0.5611
vn -0.4162 0.4696 -0.7786
vn -0.1374 0.8810 -0.4528
vn -0.2563 -0.4696 -0.8448
vn -0.1847 0.7715 -0.6088
vn -0.2248 -0.6326 -0.7412
vn -0.2248 0.6326 -0.7412
vn -0.1847 -0.7715 -0.6088
vn -0.2563 0.4696 -0.8448
vn -0.1374 -0.8810 -0.4528
vn -0.2779 0.2890 -0.9161
vn -0.0846 -0.9565 -0.2790
vn -0.2889 0.0975 -0.9524
vn -0.0286 0.9951 -0.0942
vn -0.0286 -0.9951 -0.0942
vn -0.2889 -0.0975 -0.9524
vn -0.0846 0.9565 -0.2790
vn -0.2779 -0.2890 -0.9161
vn -0.0938 0.2890 -0.9527
vn -0.0286 -0.9565 -0.2902
vn -0.0976 0.0975 -0.9904
vn -0.0097 0.9951 -0.0980
vn -0.0097 -0.9951 -0.0980
vn -0.0976 -0.0975 -0.9904
vn -0.0286 0.9565 -0.2902
vn -0.0938 -0.2890 -0.9527
vn -0.0464 0.8810 -0.4709
vn -0.0865 -0.4696 -0.8786
vn -0.0624 0.7715 -0.6332
vn -0.0759 -0.6326 -0.7708
vn -0.0759 0.6326 -0.7708
vn -0.0624 -0.7715 -0.6332
vn -0.0865 0.4696 -0.8786
vn -0.0464 -0.8810 -0.4709
vn 0.0865 -0.4696 -0.8786
vn 0.0624 0.7715 -0.6332
vn 0.0759 -0.6326 -0.7708
vn 0.0759 0.6326 -0.7708
vn 0.0624 -0.7715 -0.6332
vn 0.0865 0.4696 -0.8786
vn 0.0464 -0.8810 -0.4709
vn 0.0938 0.2890 -0.9527
vn 0.0286 -0.9565 -0.2902
vn 0.0976 0.0975 -0.9904
vn 0.0097 0.9951 -0.0980
vn 0.0097 -0.9951 -0.0980
vn 0.0976 -0.0975 -0.9904
vn 0.0286 0.9565 -0.2902
vn 0.0938 -0.2890 -0.9527
vn 0.0464 0.8810 -0.4709
vn 0.0846 -0.9565 -0.2790
vn 0.2889 0.0975 -0.9524
vn 0.0286 0.9951 -0.0942
vn 0.0286 -0.9951 -0.0942
vn 0.2889 -0.0975 -0.9524
vn 0.0846 0.9565 -0.2790
vn 0.2779 -0.2890 -0.9161
vn 0.1374 0.8810 -0.4528
vn 0.2563 -0.4696 -0.8448
vn 0.1847 0.7715 -0.6088
vn 0.2248 -0.6326 -0.7412
vn 0.2248 0.6326 -0.7412
vn 0.1847 -0.7715 -0.6088
vn 0.2563 0.4696 -0.8448
vn 0.1374 -0.8810 -0.4528
vn 0.2779 0.2890 -0.9161
vn 0.2999 0.7715 -0.5611
vn 0.3651 -0.6326 -0.6831
vn 0.3651 0.6326 -0.6831
vn 0.2999 -0.7715 -0.5611
vn 0.4162 0.4696 -0.7786
vn 0.2231 -0.8810 -0.4173
vn 0.4513 0.2890 -0.8443
vn 0.1374 -0.9565 -0.2571
vn 0.4691 0.0975 -0.8777
vn 0.0464 0.9951 -0.0869
vn 0.0464 -0.9951 -0.0869
vn 0.4691 -0.0975 -0.8777
vn 0.1374 0.9565 -0.2571
vn 0.4513 -0.2890 -0.8443
vn 0.2231 0.8810 -0.4173
vn 0.4162 -0.4696 -0.7786
vn 0.6314 0.0975 -0.7693
vn 0.0625 0.9951 -0.0761
vn 0.0625 -0.9951 -0.0761
vn 0.6314 -0.0975 -0.7693
vn 0.1850 0.9565 -0.2254
vn 0.6073 -0.2890 -0.7400
vn 0.3002 0.8810 -0.3658
vn 0.5601 -0.4696 -0.6825
vn 0.4036 0.7715 -0.4918
vn 0.4913 -0.6326 -0.5987
vn 0.4913 0.6326 -0.5987
vn 0.4036 -0.7715 -0.4918
vn 0.5601 0.4696 -0.6825
vn 0.3002 -0.8810 -0.3658
vn 0.6073 0.2890 -0.7400
vn 0.1850 -0.9565 -0.2254
vn 0.5987 -0.6326 -0.4913
vn 0.5987 0.6326 -0.4913
vn 0.4918 -0.7715 -0.4036
vn 0.6825 0.4696 -0.5601
vn 0.3658 -0.8810 -0.3002
vn 0.7400 0.2890 -0.6073
vn 0.2254 -0.9565 -0.1850
vn 0.7693 0.0975 -0.6314
vn 0.0761 0.9951 -0.0625
vn 0.0761 -0.9951 -0.0625
vn 0.7693 -0.0975 -0.6314
vn 0.2254 0.9565 -0.1850
vn 0.7400 -0.2890 -0.6073
vn 0.3658 0.8810 -0.3002
vn 0.6825 -0.4696 -0.5601
vn 0.4918 0.7715 -0.4036
vn 0.0869 -0.9951 -0.0464
vn 0.8777 -0.0975 -0.4691
vn 0.2571 0.9565 -0.1374
vn 0.8443 -0.2890 -0.4513
vn 0.4173 0.8810 -0.2231
vn 0.7786 -0.4696 -0.4162
vn 0.5611 0.7715 -0.2999
vn 0.6831 -0.6326 -0.3651
vn 0.6831 0.6326 -0.3651
vn 0.5611 -0.7715 -0.2999
vn 0.7786 0.4696 -0.4162
vn 0.4173 -0.8810 -0.2231
vn 0.8443 0.2890 -0.4513
vn 0.2571 -0.9565 -0.1374
vn 0.8777 0.0975 -0.4691
vn 0.0869 0.9951 -0.0464
vn 0.6088 -0.7715 -0.1847
vn 0.8448 0.4696 -0.2563
vn 0.4528 -0.8810 -0.1374
vn 0.9161 0.2890 -0.2779
vn 0.2790 -0.9565 -0.0846
vn 0.9524 0.0975 -0.2889
vn 0.0942 0.9951 -0.0286
vn 0.0942 -0.9951 -0.0286
vn 0.9524 -0.0975 -0.2889
vn 0.2790 0.9565 -0.0846
vn 0.9161 -0.2890 -0.2779
vn 0.4528 0.8810 -0.1374
vn 0.8448 -0.4696 -0.2563
vn 0.6088 0.7715 -0.1847
vn 0.7412 -0.6326 -0.2248
vn 0.7412 0.6326 -0.2248
vn 0.2902 0.9565 -0.0286
vn 0.9527 -0.2890 -0.0938
vn 0.4709 0.8810 -0.0464
vn 0.8786 -0.4696 -0.0865
vn 0.6332 0.7715 -0.0624
vn 0.7708 -0.6326 -0.0759
vn 0.7708 0.6326 -0.0759
vn 0.6332 -0.7715 -0.0624
vn 0.8786 0.4696 -0.0865
vn 0.4709 -0.8810 -0.0464
vn 0.9527 0.2890 -0.0938
vn 0.2902 -0.9565 -0.0286
vn 0.9904 0.0975 -0.0975
vn 0.0980 0.9951 -0.0097
vn 0.0980 -0.9951 -0.0097
vn 0.9904 -0.0975 -0.0975
vn 0.8786 0.4696 0.0865
vn 0.4709 -0.8810 0.0464
vn 0.9527 0.2890 0.0938
vn 0.2902 -0.9565 0.0286
vn 0.9904 0.0975 0.0975
vn 0.0980 0.9951 0.0097
vn 0.0980 -0.9951 0.0097
vn 0.9904 -0.0975 0.0975
vn 0.2902 0.9565 0.0286
vn 0.9527 -0.2890 0.0938
vn 0.4709 0.8810 0.0464
vn 0.8786 -0.4696 0.0865
vn 0.6332 0.7715 0.0624
vn 0.7708 -0.6326 0.0759
vn 0.7708 0.6326 0.0759
vn 0.6332 -0.7715 0.0624
vn 0.9161 -0.2890 0.2779
vn 0.4528 0.8810 0.1374
vn 0.8448 -0.4696 0.2563
vn 0.6088 0.7715 0.1847
vn 0.7412 -0.6326 0.2248
vn 0.7412 0.6326 0.2248
vn 0.6088 -0.7715 0.1847
vn 0.8448 0.4696 0.2563
vn 0.4528 -0.8810 0.1374
vn 0.9161 0.2890 0.2779
vn 0.2790 -0.9565 0.0846
vn 0.9524 0.0975 0.2889
vn 0.0942 0.9951 0.0286
vn 0.0942 -0.9951 0.0286
vn 0.9524 -0.0975 0.2889
vn 0.2790 0.9565 0.0846
vn 0.4173 -0.8810 0.2231
vn 0.8443 0.2890 0.4513
vn 0.2571 -0.9565 0.1374
vn 0.8777 0.0975 0.4692
vn 0.0869 0.9951 0.0464
vn 0.0869 -0.9951 0.0464
vn 0.8777 -0.0975 0.4692
vn 0.2571 0.9565 0.1374
vn 0.8443 -0.2890 0.4513
vn 0.4173 0.8810 0.2231
vn 0.7786 -0.4696 0.4162
vn 0.5611 0.7715 0.2999
vn 0.6831 -0.6326 0.3651
vn 0.6831 0.6326 0.3651
vn 0.5611 -0.7715 0.2999
vn 0.7786 0.4696 0.4162
vn 0.3658 0.8810 0.3002
vn 0.6825 -0.4696 0.5601
vn 0.4918 0.7715 0.4036
vn 0.5987 -0.6326 0.4913
vn 0.5987 0.6326 0.4913
vn 0.4918 -0.7715 0.4036
vn 0.6825 0.4696 0.5601
vn 0.3658 -0.8810 0.3002
vn 0.7400 0.2890 0.6073
vn 0.2254 -0.9566 0.1850
vn 0.7693 0.0975 0.6314
vn 0.0761 0.9951 0.0625
vn 0.0761 -0.9951 0.0625
vn 0.7693 -0.0975 0.6314
vn 0.2254 0.9565 0.1850
vn 0.7400 -0.2890 0.6073
vn 0.6073 0.2890 0.7400
vn 0.1850 -0.9565 0.2254
vn 0.6314 0.0975 0.7693
vn 0.0625 0.9951 0.0761
vn 0.0625 -0.9951 0.0761
vn 0.6314 -0.0975 0.7693
vn 0.1850 0.9565 0.2254
vn 0.6073 -0.2890 0.7400
vn 0.3002 0.8810 0.3658
vn 0.5601 -0.4696 0.6825
vn 0.4036 0.7715 0.4918
vn 0.4913 -0.6326 0.5987
vn 0.4913 0.6326 0.5987
vn 0.4036 -0.7715 0.4918
vn 0.5601 0.4696 0.6825
vn 0.3002 -0.8810 0.3658
vn 0.4162 -0.4696 0.7786
vn 0.2999 0.7715 0.5611
vn 0.3651 -0.6326 0.6831
vn 0.3651 0.6326 0.6831
vn 0.2999 -0.7715 0.5611
vn 0.4162 0.4696 0.7786
vn 0.2231 -0.8810 0.4173
vn 0.4513 0.2890 0.8443
vn 0.1374 -0.9565 0.2571
vn 0.4691 0.0975 0.8777
vn 0.0464 0.9951 0.0869
vn 0.0464 -0.9951 0.0869
vn 0.4691 -0.0975 0.8777
vn 0.1374 0.9565 0.2571
vn 0.4513 -0.2890 0.8443
vn 0.2231 0.8810 0.4173
vn 0.0846 -0.9565 0.2790
vn 0.2889 0.0975 0.9524
vn 0.0286 0.9951 0.0942
vn 0.0286 -0.9951 0.0942
vn 0.2889 -0.0975 0.9524
vn 0.0846 0.9565 0.2790
vn 0.2779 -0.2890 0.9161
vn 0.1374 0.8810 0.4528
vn 0.2563 -0.4696 0.8448
vn 0.1847 0.7715 0.6088
vn 0.2248 -0.6326 0.7412
vn 0.2248 0.6326 0.7412
vn 0.1847 -0.7715 0.6088
vn 0.2563 0.4696 0.8448
vn 0.1374 -0.8810 0.4528
vn 0.2779 0.2890 0.9161
vn 0.0759 -0.6326 0.7708
vn 0.0759 0.6326 0.7708
vn 0.0624 -0.7715 0.6332
vn 0.0865 0.4696 0.8786
vn 0.0464 -0.8810 0.4709
vn 0.0938 0.2890 0.9527
vn 0.0286 -0.9565 0.2902
vn 0.0976 0.0975 0.9904
vn 0.0097 0.9951 0.0980
vn 0.0097 -0.9951 0.0980
vn 0.0976 -0.0975 0.9904
vn 0.0286 0.9565 0.2902
vn 0.0938 -0.2890 0.9527
vn 0.0464 0.8810 0.4709
vn 0.0865 -0.4696 0.8786
vn 0.0624 0.7715 0.6332
vn -0.4082 0.4082 -0.8165
vn 0.4082 0.4082 -0.8165
vn -0.0000 0.7071 -0.7071
vn 0.1451 0.4146 -0.8983
vn -0.1451 0.4146 -0.8983
vn -0.0000 -0.7071 -0.7071
vn -0.1451 -0.4146 -0.8983
vn 0.1451 -0.4146 -0.8983
vn 0.4082 -0.4082 -0.8165
vn 0.7071 -0.0000 -0.7071
vn 0.4146 -0.1451 -0.8983
vn 0.4146 0.1451 -0.8983
vn -0.4082 -0.4082 -0.8165
vn -0.7071 -0.0000 -0.7071
vn -0.4146 -0.1451 -0.8983
vn -0.4146 0.1451 -0.8983
vn -0.0000 -0.0000 -1.0000
vn -0.4082 0.4082 0.8165
vn 0.4082 0.4082 0.8165
vn -0.0000 0.7071 0.7071
vn 0.1451 0.4146 0.8983
vn -0.1451 0.4146 0.8983
vn -0.0000 -0.7071 0.7071
vn -0.1451 -0.4146 0.8983
vn 0.1451 -0.4146 0.8983
vn 0.4082 -0.4082 0.8165
vn 0.7071 -0.0000 0.7071
vn 0.4146 -0.1451 0.8983
vn 0.4146 0.1451 0.8983
vn -0.4082 -0.4082 0.8165
vn -0.7071 -0.0000 0.7071
vn -0.4146 -0.1451 0.8983
vn -0.4146 0.1451 0.8983
vn -0.0000 -0.0000 1.0000
vn 1.0000 -0.0000 -0.0000
vn -0.0000 -1.0000 -0.0000
vn -1.0000 -0.0000 -0.0000
vn -0.0000 1.0000 -0.0000
vn 0.5735 -0.8192 -0.0000
vn -0.5735 -0.8192 -0.0000
vn -0.5735 0.8192 -0.0000
vn 0.5735 0.8192 -0.0000
vn 0.8192 0.5735 -0.0000
vn 0.8192 -0.5735 -0.0000
vn -0.8192 -0.5735 -0.0000
vn -0.8192 0.5735 -0.0000
vt 0.170807 0.170807
vt 0.170807 0.128374
vt 0.192024 0.128374
vt 0.192024 0.170807
vt 0.170807 0.510277
vt 0.170807 0.467843
vt 0.192024 0.467843
vt 0.192024 0.510277
vt 0.170807 0.213241
vt 0.192024 0.213241
vt 0.170807 0.552711
vt 0.192024 0.552711
vt 0.170807 0.255675
vt 0.192024 0.255675
vt 0.170807 0.595145
vt 0.192024 0.595145
vt 0.170807 0.298108
vt 0.192024 0.298108
vt 0.170807 0.637578
vt 0.192024 0.637578
vt 0.170807 0.340542
vt 0.192024 0.340542
vt 0.170807 0.043506
vt 0.181416 0.001072
vt 0.192024 0.043506
vt 0.181416 0.680012
vt 0.170807 0.382976
vt 0.192024 0.382976
vt 0.170807 0.085940
vt 0.192024 0.085940
vt 0.170807 0.425410
vt 0.192024 0.425410
vt 0.213241 0.382976
vt 0.213241 0.425410
vt 0.213241 0.085940
vt 0.213241 0.128374
vt 0.213241 0.467843
vt 0.213241 0.170807
vt 0.213241 0.510277
vt 0.213241 0.213241
vt 0.213241 0.552711
vt 0.213241 0.255675
vt 0.213241 0.595145
vt 0.213241 0.298108
vt 0.213241 0.637578
vt 0.213241 0.340542
vt 0.202633 0.001072
vt 0.213241 0.043506
vt 0.202633 0.680012
vt 0.234458 0.552711
vt 0.234458 0.595145
vt 0.234458 0.255675
vt 0.234458 0.298108
vt 0.234458 0.637578
vt 0.234458 0.340542
vt 0.223849 0.001072
vt 0.234458 0.043506
vt 0.223850 0.680012
vt 0.234458 0.382976
vt 0.234458 0.085940
vt 0.234458 0.425410
vt 0.234458 0.128374
vt 0.234458 0.467843
vt 0.234458 0.170807
vt 0.234458 0.510277
vt 0.234458 0.213241
vt 0.255675 0.425410
vt 0.255675 0.467843
vt 0.255675 0.128374
vt 0.255675 0.170807
vt 0.255675 0.510277
vt 0.255675 0.213241
vt 0.255675 0.552711
vt 0.255675 0.255675
vt 0.255675 0.595145
vt 0.255675 0.298108
vt 0.255675 0.637578
vt 0.255675 0.340542
vt 0.245066 0.001072
vt 0.255675 0.043506
vt 0.245066 0.680012
vt 0.255675 0.382976
vt 0.255675 0.085940
vt 0.276892 0.595145
vt 0.276892 0.637578
vt 0.276892 0.298108
vt 0.276892 0.340542
vt 0.266283 0.001072
vt 0.276892 0.043506
vt 0.266283 0.680012
vt 0.276892 0.382976
vt 0.276892 0.085940
vt 0.276892 0.425410
vt 0.276892 0.128374
vt 0.276892 0.467843
vt 0.276892 0.170807
vt 0.276892 0.510277
vt 0.276892 0.213241
vt 0.276892 0.552711
vt 0.276892 0.255675
vt 0.298108 0.128374
vt 0.298108 0.170807
vt 0.298108 0.467843
vt 0.298108 0.510277
vt 0.298108 0.213241
vt 0.298108 0.552711
vt 0.298108 0.255675
vt 0.298108 0.595145
vt 0.298108 0.298108
vt 0.298109 0.637578
vt 0.298108 0.340542
vt 0.287500 0.001072
vt 0.298108 0.043506
vt 0.287500 0.680012
vt 0.298108 0.382976
vt 0.298108 0.085940
vt 0.298108 0.425410
vt 0.319325 0.298108
vt 0.319325 0.340542
vt 0.308717 0.001072
vt 0.319325 0.043506
vt 0.308717 0.680012
vt 0.319325 0.637578
vt 0.319325 0.382976
vt 0.319325 0.085940
vt 0.319325 0.425410
vt 0.319325 0.128374
vt 0.319325 0.467843
vt 0.319325 0.170807
vt 0.319325 0.510277
vt 0.319325 0.213241
vt 0.319325 0.552711
vt 0.319325 0.255675
vt 0.319325 0.595145
vt 0.340542 0.467843
vt 0.340542 0.510277
vt 0.340542 0.170807
vt 0.340542 0.213241
vt 0.340542 0.552711
vt 0.340542 0.255675
vt 0.340542 0.595145
vt 0.340542 0.298108
vt 0.340542 0.637578
vt 0.340542 0.340542
vt 0.329934 0.001072
vt 0.340542 0.043506
vt 0.329934 0.680012
vt 0.340542 0.382976
vt 0.340542 0.085940
vt 0.340542 0.425410
vt 0.340542 0.128374
vt 0.351151 0.001072
vt 0.361759 0.043506
vt 0.351151 0.680012
vt 0.361759 0.637578
vt 0.361759 0.340542
vt 0.361759 0.382976
vt 0.361759 0.085940
vt 0.361759 0.425410
vt 0.361759 0.128374
vt 0.361759 0.467843
vt 0.361759 0.170807
vt 0.361759 0.510277
vt 0.361759 0.213241
vt 0.361759 0.552711
vt 0.361759 0.255675
vt 0.361759 0.595145
vt 0.361759 0.298108
vt 0.382976 0.170807
vt 0.382976 0.213241
vt 0.382976 0.510277
vt 0.382976 0.552711
vt 0.382976 0.255675
vt 0.382976 0.595145
vt 0.382976 0.298108
vt 0.382976 0.637578
vt 0.382976 0.340542
vt 0.372368 0.001072
vt 0.382976 0.043506
vt 0.372368 0.680012
vt 0.382976 0.382976
vt 0.382976 0.085940
vt 0.382976 0.425410
vt 0.382976 0.128373
vt 0.382976 0.467843
vt 0.404193 0.340542
vt 0.404193 0.382976
vt 0.404193 0.043506
vt 0.404193 0.085940
vt 0.404193 0.425410
vt 0.404193 0.128373
vt 0.404193 0.467843
vt 0.404193 0.170807
vt 0.404193 0.510277
vt 0.404193 0.213241
vt 0.404193 0.552711
vt 0.404193 0.255675
vt 0.404193 0.595145
vt 0.404193 0.298108
vt 0.404193 0.637578
vt 0.393584 0.001072
vt 0.393584 0.680012
vt 0.425410 0.510277
vt 0.425410 0.552711
vt 0.425410 0.213241
vt 0.425410 0.255675
vt 0.425410 0.595145
vt 0.425410 0.298108
vt 0.425410 0.637578
vt 0.425410 0.340542
vt 0.414801 0.001072
vt 0.425410 0.043506
vt 0.414801 0.680012
vt 0.425410 0.382976
vt 0.425410 0.085940
vt 0.425410 0.425410
vt 0.425410 0.128373
vt 0.425410 0.467843
vt 0.425410 0.170807
vt 0.446626 0.382976
vt 0.446626 0.425410
vt 0.446626 0.085940
vt 0.446627 0.128373
vt 0.446626 0.467843
vt 0.446627 0.170807
vt 0.446626 0.510277
vt 0.446626 0.213241
vt 0.446627 0.552711
vt 0.446626 0.255675
vt 0.446626 0.595145
vt 0.446626 0.298108
vt 0.446627 0.637578
vt 0.446627 0.340542
vt 0.436018 0.001072
vt 0.446627 0.043506
vt 0.436018 0.680012
vt 0.467843 0.552711
vt 0.467843 0.595145
vt 0.467843 0.255675
vt 0.467843 0.298108
vt 0.467843 0.637578
vt 0.467843 0.340542
vt 0.457235 0.001072
vt 0.467843 0.043506
vt 0.457235 0.680012
vt 0.467843 0.382976
vt 0.467843 0.085940
vt 0.467843 0.425410
vt 0.467843 0.128373
vt 0.467843 0.467843
vt 0.467843 0.170807
vt 0.467843 0.510277
vt 0.467843 0.213241
vt 0.489060 0.085940
vt 0.489060 0.128373
vt 0.489060 0.425410
vt 0.489060 0.467843
vt 0.489060 0.170807
vt 0.489060 0.510277
vt 0.489060 0.213241
vt 0.489060 0.552711
vt 0.489060 0.255675
vt 0.489060 0.595145
vt 0.489060 0.298108
vt 0.489060 0.637578
vt 0.489060 0.340542
vt 0.478452 0.001072
vt 0.489060 0.043506
vt 0.478452 0.680012
vt 0.489060 0.382976
vt 0.510277 0.255675
vt 0.510277 0.298108
vt 0.510277 0.595145
vt 0.510277 0.637578
vt 0.510277 0.340542
vt 0.499669 0.001072
vt 0.510277 0.043506
vt 0.499669 0.680012
vt 0.510277 0.382976
vt 0.510277 0.085940
vt 0.510277 0.425410
vt 0.510277 0.128373
vt 0.510277 0.467843
vt 0.510277 0.170807
vt 0.510277 0.510277
vt 0.510277 0.213241
vt 0.510277 0.552711
vt 0.531494 0.425410
vt 0.531494 0.467843
vt 0.531494 0.128373
vt 0.531494 0.170807
vt 0.531494 0.510277
vt 0.531494 0.213241
vt 0.531494 0.552711
vt 0.531494 0.255675
vt 0.531494 0.595145
vt 0.531494 0.298108
vt 0.531494 0.637578
vt 0.531494 0.340542
vt 0.520885 0.001072
vt 0.531494 0.043506
vt 0.520886 0.680012
vt 0.531494 0.382976
vt 0.531494 0.085940
vt 0.552711 0.595145
vt 0.552711 0.637578
vt 0.552711 0.298108
vt 0.552711 0.340542
vt 0.542102 0.001072
vt 0.552711 0.043506
vt 0.542103 0.680012
vt 0.552711 0.382976
vt 0.552711 0.085940
vt 0.552711 0.425410
vt 0.552711 0.128373
vt 0.552711 0.467843
vt 0.552711 0.170807
vt 0.552711 0.510277
vt 0.552711 0.213241
vt 0.552711 0.552711
vt 0.552711 0.255675
vt 0.573928 0.128373
vt 0.573928 0.170807
vt 0.573928 0.467843
vt 0.573928 0.510277
vt 0.573928 0.213241
vt 0.573928 0.552711
vt 0.573928 0.255675
vt 0.573928 0.595145
vt 0.573928 0.298108
vt 0.573928 0.637578
vt 0.573928 0.340542
vt 0.563319 0.001072
vt 0.573928 0.043506
vt 0.563319 0.680012
vt 0.573928 0.382976
vt 0.573928 0.085940
vt 0.573928 0.425410
vt 0.595145 0.298108
vt 0.595145 0.340542
vt 0.584536 0.001072
vt 0.595145 0.043506
vt 0.584536 0.680012
vt 0.595145 0.637578
vt 0.595145 0.382976
vt 0.595145 0.085940
vt 0.595145 0.425410
vt 0.595145 0.128373
vt 0.595145 0.467843
vt 0.595145 0.170807
vt 0.595145 0.510277
vt 0.595145 0.213241
vt 0.595145 0.552711
vt 0.595145 0.255675
vt 0.595145 0.595145
vt 0.616361 0.467843
vt 0.616361 0.510277
vt 0.616361 0.170807
vt 0.616361 0.213241
vt 0.616361 0.552711
vt 0.616361 0.255675
vt 0.616361 0.595145
vt 0.616361 0.298108
vt 0.616361 0.637578
vt 0.616361 0.340542
vt 0.605753 0.001072
vt 0.616361 0.043506
vt 0.605753 0.680012
vt 0.616361 0.382976
vt 0.616361 0.085940
vt 0.616361 0.425410
vt 0.616361 0.128373
vt 0.626970 0.680012
vt 0.637578 0.637578
vt 0.637578 0.340542
vt 0.637578 0.382976
vt 0.637578 0.043506
vt 0.637578 0.085940
vt 0.637578 0.425410
vt 0.637578 0.128373
vt 0.637578 0.467843
vt 0.637578 0.170807
vt 0.637578 0.510277
vt 0.637578 0.213241
vt 0.637578 0.552711
vt 0.637578 0.255675
vt 0.637578 0.595145
vt 0.637578 0.298108
vt 0.626970 0.001072
vt 0.658795 0.510277
vt 0.658795 0.552711
vt 0.658795 0.213241
vt 0.658795 0.255675
vt 0.658795 0.595145
vt 0.658795 0.298108
vt 0.658795 0.637578
vt 0.658795 0.340542
vt 0.648187 0.001072
vt 0.658795 0.043506
vt 0.648187 0.680012
vt 0.658795 0.382976
vt 0.658795 0.085940
vt 0.658795 0.425410
vt 0.658795 0.128373
vt 0.658795 0.467843
vt 0.658795 0.170807
vt 0.680012 0.043506
vt 0.680012 0.085940
vt 0.680012 0.382976
vt 0.680012 0.425410
vt 0.680012 0.128373
vt 0.680012 0.467843
vt 0.680012 0.170807
vt 0.680012 0.510277
vt 0.680012 0.213241
vt 0.680012 0.552711
vt 0.680012 0.255675
vt 0.680012 0.595145
vt 0.680012 0.298108
vt 0.680012 0.637578
vt 0.680012 0.340542
vt 0.669404 0.001072
vt 0.669404 0.680012
vt 0.001072 0.255675
vt 0.001072 0.213241
vt 0.022289 0.213241
vt 0.022289 0.255675
vt 0.001072 0.595145
vt 0.001072 0.552711
vt 0.022289 0.552711
vt 0.022289 0.595145
vt 0.001072 0.298108
vt 0.022289 0.298108
vt 0.001072 0.637578
vt 0.022289 0.637578
vt 0.001072 0.340542
vt 0.022289 0.340542
vt 0.001072 0.043506
vt 0.011681 0.001072
vt 0.022289 0.043506
vt 0.011681 0.680012
vt 0.001072 0.382976
vt 0.022289 0.382976
vt 0.001072 0.085940
vt 0.022289 0.085940
vt 0.001072 0.425410
vt 0.022289 0.425410
vt 0.001072 0.128373
vt 0.022289 0.128373
vt 0.001072 0.467843
vt 0.022289 0.467843
vt 0.001072 0.170807
vt 0.022289 0.170807
vt 0.001072 0.510277
vt 0.022289 0.510277
vt 0.043506 0.382976
vt 0.043506 0.425410
vt 0.043506 0.085940
vt 0.043506 0.128373
vt 0.043506 0.467843
vt 0.043506 0.170807
vt 0.043506 0.510277
vt 0.043506 0.213241
vt 0.043506 0.552711
vt 0.043506 0.255675
vt 0.043506 0.595145
vt 0.043506 0.298108
vt 0.043506 0.637578
vt 0.043506 0.340542
vt 0.032898 0.001072
vt 0.043506 0.043506
vt 0.032898 0.680012
vt 0.064723 0.552711
vt 0.064723 0.595145
vt 0.064723 0.255675
vt 0.064723 0.298108
vt 0.064723 0.637578
vt 0.064723 0.340542
vt 0.054114 0.001072
vt 0.064723 0.043506
vt 0.054115 0.680012
vt 0.064723 0.382976
vt 0.064723 0.085940
vt 0.064723 0.425410
vt 0.064723 0.128373
vt 0.064723 0.467843
vt 0.064723 0.170807
vt 0.064723 0.510277
vt 0.064723 0.213241
vt 0.085940 0.085940
vt 0.085940 0.128373
vt 0.085940 0.425410
vt 0.085940 0.467843
vt 0.085940 0.170807
vt 0.085940 0.510277
vt 0.085940 0.213241
vt 0.085940 0.552711
vt 0.085940 0.255675
vt 0.085940 0.595145
vt 0.085940 0.298108
vt 0.085940 0.637578
vt 0.085940 0.340542
vt 0.075331 0.001072
vt 0.085940 0.043506
vt 0.075331 0.680012
vt 0.085940 0.382976
vt 0.107157 0.255675
vt 0.107157 0.298108
vt 0.107157 0.595145
vt 0.107157 0.637578
vt 0.107157 0.340542
vt 0.096548 0.001072
vt 0.107157 0.043506
vt 0.096548 0.680012
vt 0.107157 0.382976
vt 0.107157 0.085940
vt 0.107157 0.425410
vt 0.107157 0.128373
vt 0.107157 0.467843
vt 0.107157 0.170807
vt 0.107157 0.510277
vt 0.107157 0.213241
vt 0.107157 0.552711
vt 0.128374 0.425410
vt 0.128374 0.467843
vt 0.128374 0.128373
vt 0.128374 0.170807
vt 0.128374 0.510277
vt 0.128374 0.213241
vt 0.128374 0.552711
vt 0.128374 0.255675
vt 0.128374 0.595145
vt 0.128374 0.298108
vt 0.128374 0.637578
vt 0.128374 0.340542
vt 0.117765 0.001072
vt 0.128374 0.043506
vt 0.117765 0.680012
vt 0.128374 0.382976
vt 0.128374 0.085940
vt 0.149590 0.595145
vt 0.149590 0.637578
vt 0.149590 0.298108
vt 0.149590 0.340542
vt 0.138982 0.001072
vt 0.149590 0.043506
vt 0.138982 0.680012
vt 0.149590 0.382976
vt 0.149590 0.085940
vt 0.149590 0.425410
vt 0.149590 0.128373
vt 0.149590 0.467843
vt 0.149590 0.170807
vt 0.149590 0.510277
vt 0.149590 0.213241
vt 0.149590 0.552711
vt 0.149590 0.255675
vt 0.160199 0.001072
vt 0.160199 0.680012
vt 0.950405 0.913754
vt 0.980834 0.907668
vt 0.986920 0.938097
vt 0.956491 0.944183
vt 0.676541 0.968527
vt 0.706971 0.962441
vt 0.713056 0.992870
vt 0.682627 0.998956
vt 0.767829 0.950269
vt 0.773915 0.980698
vt 0.828688 0.938097
vt 0.840860 0.998956
vt 0.889546 0.925926
vt 0.895632 0.956355
vt 0.834774 0.652062
vt 0.895632 0.639890
vt 0.901718 0.670319
vt 0.840860 0.682491
vt 0.767829 0.633804
vt 0.780001 0.694663
vt 0.713056 0.676405
vt 0.719142 0.706834
vt 0.652198 0.688577
vt 0.658284 0.719006
vt 0.621768 0.694663
vt 0.627854 0.725092
vt 0.670455 0.779865
vt 0.640026 0.785951
vt 0.682627 0.840724
vt 0.621768 0.852895
vt 0.694799 0.901582
vt 0.664369 0.907668
vt 0.926062 0.633804
vt 0.932148 0.664233
vt 0.944319 0.725092
vt 0.913890 0.731178
vt 0.986920 0.779865
vt 0.926062 0.792037
vt 0.968663 0.846809
vt 0.938233 0.852895
s 1
usemtl Material.021
f 3430/3094/2837 2955/3095/2837 2963/3096/2837 2964/3097/2837
f 3433/3098/2838 2960/3099/2838 2971/3100/2838 2972/3101/2838
f 2956/3102/2839 3430/3094/2839 2964/3097/2839 2965/3103/2839
f 3434/3104/2840 3433/3098/2840 2972/3101/2840 2973/3105/2840
f 3431/3106/2841 2956/3102/2841 2965/3103/2841 2966/3107/2841
f 3435/3108/2842 3434/3104/2842 2973/3105/2842 2974/3109/2842
f 2957/3110/2843 3431/3106/2843 2966/3107/2843 2967/3111/2843
f 3436/3112/2844 3435/3108/2844 2974/3109/2844 2975/3113/2844
f 2958/3114/2845 2957/3110/2845 2967/3111/2845 2968/3115/2845
f 3428/3116/2846 3036/3117/2846 2961/3118/2846
f 3262/3119/2847 3436/3112/2847 2975/3113/2847
f 2959/3120/2848 2958/3114/2848 2968/3115/2848 2969/3121/2848
f 3429/3122/2849 3428/3116/2849 2961/3118/2849 2962/3123/2849
f 3432/3124/2850 2959/3120/2850 2969/3121/2850 2970/3125/2850
f 2955/3095/2851 3429/3122/2851 2962/3123/2851 2963/3096/2851
f 2960/3099/2852 3432/3124/2852 2970/3125/2852 2971/3100/2852
f 2970/3125/2853 2969/3121/2853 2984/3126/2853 2985/3127/2853
f 2963/3096/2854 2962/3123/2854 2977/3128/2854 2978/3129/2854
f 2971/3100/2855 2970/3125/2855 2985/3127/2855 2986/3130/2855
f 2964/3097/2856 2963/3096/2856 2978/3129/2856 2979/3131/2856
f 2972/3101/2857 2971/3100/2857 2986/3130/2857 2987/3132/2857
f 2965/3103/2858 2964/3097/2858 2979/3131/2858 2980/3133/2858
f 2973/3105/2859 2972/3101/2859 2987/3132/2859 2988/3134/2859
f 2966/3107/2860 2965/3103/2860 2980/3133/2860 2981/3135/2860
f 2974/3109/2861 2973/3105/2861 2988/3134/2861 2989/3136/2861
f 2967/3111/2862 2966/3107/2862 2981/3135/2862 2982/3137/2862
f 2975/3113/2863 2974/3109/2863 2989/3136/2863 2990/3138/2863
f 2968/3115/2864 2967/3111/2864 2982/3137/2864 2983/3139/2864
f 2961/3118/2865 3036/3140/2865 2976/3141/2865
f 3262/3142/2866 2975/3113/2866 2990/3138/2866
f 2969/3121/2867 2968/3115/2867 2983/3139/2867 2984/3126/2867
f 2962/3123/2868 2961/3118/2868 2976/3141/2868 2977/3128/2868
f 2989/3136/2869 2988/3134/2869 3003/3143/2869 3004/3144/2869
f 2982/3137/2870 2981/3135/2870 2996/3145/2870 2997/3146/2870
f 2990/3138/2871 2989/3136/2871 3004/3144/2871 3005/3147/2871
f 2983/3139/2872 2982/3137/2872 2997/3146/2872 2998/3148/2872
f 2976/3141/2873 3036/3149/2873 2991/3150/2873
f 3262/3151/2874 2990/3138/2874 3005/3147/2874
f 2984/3126/2875 2983/3139/2875 2998/3148/2875 2999/3152/2875
f 2977/3128/2876 2976/3141/2876 2991/3150/2876 2992/3153/2876
f 2985/3127/2877 2984/3126/2877 2999/3152/2877 3000/3154/2877
f 2978/3129/2878 2977/3128/2878 2992/3153/2878 2993/3155/2878
f 2986/3130/2879 2985/3127/2879 3000/3154/2879 3001/3156/2879
f 2979/3131/2880 2978/3129/2880 2993/3155/2880 2994/3157/2880
f 2987/3132/2881 2986/3130/2881 3001/3156/2881 3002/3158/2881
f 2980/3133/2882 2979/3131/2882 2994/3157/2882 2995/3159/2882
f 2988/3134/2883 2987/3132/2883 3002/3158/2883 3003/3143/2883
f 2981/3135/2884 2980/3133/2884 2995/3159/2884 2996/3145/2884
f 3001/3156/2885 3000/3154/2885 3015/3160/2885 3016/3161/2885
f 2994/3157/2886 2993/3155/2886 3008/3162/2886 3009/3163/2886
f 3002/3158/2887 3001/3156/2887 3016/3161/2887 3017/3164/2887
f 2995/3159/2888 2994/3157/2888 3009/3163/2888 3010/3165/2888
f 3003/3143/2889 3002/3158/2889 3017/3164/2889 3018/3166/2889
f 2996/3145/2890 2995/3159/2890 3010/3165/2890 3011/3167/2890
f 3004/3144/2891 3003/3143/2891 3018/3166/2891 3019/3168/2891
f 2997/3146/2892 2996/3145/2892 3011/3167/2892 3012/3169/2892
f 3005/3147/2893 3004/3144/2893 3019/3168/2893 3020/3170/2893
f 2998/3148/2894 2997/3146/2894 3012/3169/2894 3013/3171/2894
f 2991/3150/2895 3036/3172/2895 3006/3173/2895
f 3262/3174/2896 3005/3147/2896 3020/3170/2896
f 2999/3152/2897 2998/3148/2897 3013/3171/2897 3014/3175/2897
f 2992/3153/2898 2991/3150/2898 3006/3173/2898 3007/3176/2898
f 3000/3154/2899 2999/3152/2899 3014/3175/2899 3015/3160/2899
f 2993/3155/2900 2992/3153/2900 3007/3176/2900 3008/3162/2900
f 3020/3170/2901 3019/3168/2901 3034/3177/2901 3035/3178/2901
f 3013/3171/2902 3012/3169/2902 3027/3179/2902 3028/3180/2902
f 3006/3173/2903 3036/3181/2903 3021/3182/2903
f 3262/3183/2904 3020/3170/2904 3035/3178/2904
f 3014/3175/2905 3013/3171/2905 3028/3180/2905 3029/3184/2905
f 3007/3176/2906 3006/3173/2906 3021/3182/2906 3022/3185/2906
f 3015/3160/2907 3014/3175/2907 3029/3184/2907 3030/3186/2907
f 3008/3162/2908 3007/3176/2908 3022/3185/2908 3023/3187/2908
f 3016/3161/2909 3015/3160/2909 3030/3186/2909 3031/3188/2909
f 3009/3163/2910 3008/3162/2910 3023/3187/2910 3024/3189/2910
f 3017/3164/2911 3016/3161/2911 3031/3188/2911 3032/3190/2911
f 3010/3165/2912 3009/3163/2912 3024/3189/2912 3025/3191/2912
f 3018/3166/2913 3017/3164/2913 3032/3190/2913 3033/3192/2913
f 3011/3167/2914 3010/3165/2914 3025/3191/2914 3026/3193/2914
f 3019/3168/2915 3018/3166/2915 3033/3192/2915 3034/3177/2915
f 3012/3169/2916 3011/3167/2916 3026/3193/2916 3027/3179/2916
f 3024/3189/2917 3023/3187/2917 3039/3194/2917 3040/3195/2917
f 3032/3190/2918 3031/3188/2918 3047/3196/2918 3048/3197/2918
f 3025/3191/2919 3024/3189/2919 3040/3195/2919 3041/3198/2919
f 3033/3192/2920 3032/3190/2920 3048/3197/2920 3049/3199/2920
f 3026/3193/2921 3025/3191/2921 3041/3198/2921 3042/3200/2921
f 3034/3177/2922 3033/3192/2922 3049/3199/2922 3050/3201/2922
f 3027/3179/2923 3026/3193/2923 3042/3200/2923 3043/3202/2923
f 3035/3178/2924 3034/3177/2924 3050/3201/2924 3051/3203/2924
f 3028/3180/2925 3027/3179/2925 3043/3202/2925 3044/3204/2925
f 3021/3182/2926 3036/3205/2926 3037/3206/2926
f 3262/3207/2927 3035/3178/2927 3051/3203/2927
f 3029/3184/2928 3028/3180/2928 3044/3204/2928 3045/3208/2928
f 3022/3185/2929 3021/3182/2929 3037/3206/2929 3038/3209/2929
f 3030/3186/2930 3029/3184/2930 3045/3208/2930 3046/3210/2930
f 3023/3187/2931 3022/3185/2931 3038/3209/2931 3039/3194/2931
f 3031/3188/2932 3030/3186/2932 3046/3210/2932 3047/3196/2932
f 3044/3204/2933 3043/3202/2933 3058/3211/2933 3059/3212/2933
f 3037/3206/2934 3036/3213/2934 3052/3214/2934
f 3262/3215/2935 3051/3203/2935 3066/3216/2935
f 3045/3208/2936 3044/3204/2936 3059/3212/2936 3060/3217/2936
f 3038/3209/2937 3037/3206/2937 3052/3214/2937 3053/3218/2937
f 3046/3210/2938 3045/3208/2938 3060/3217/2938 3061/3219/2938
f 3039/3194/2939 3038/3209/2939 3053/3218/2939 3054/3220/2939
f 3047/3196/2940 3046/3210/2940 3061/3219/2940 3062/3221/2940
f 3040/3195/2941 3039/3194/2941 3054/3220/2941 3055/3222/2941
f 3048/3197/2942 3047/3196/2942 3062/3221/2942 3063/3223/2942
f 3041/3198/2943 3040/3195/2943 3055/3222/2943 3056/3224/2943
f 3049/3199/2944 3048/3197/2944 3063/3223/2944 3064/3225/2944
f 3042/3200/2945 3041/3198/2945 3056/3224/2945 3057/3226/2945
f 3050/3201/2946 3049/3199/2946 3064/3225/2946 3065/3227/2946
f 3043/3202/2947 3042/3200/2947 3057/3226/2947 3058/3211/2947
f 3051/3203/2948 3050/3201/2948 3065/3227/2948 3066/3216/2948
f 3063/3223/2949 3062/3221/2949 3077/3228/2949 3078/3229/2949
f 3056/3224/2950 3055/3222/2950 3070/3230/2950 3071/3231/2950
f 3064/3225/2951 3063/3223/2951 3078/3229/2951 3079/3232/2951
f 3057/3226/2952 3056/3224/2952 3071/3231/2952 3072/3233/2952
f 3065/3227/2953 3064/3225/2953 3079/3232/2953 3080/3234/2953
f 3058/3211/2954 3057/3226/2954 3072/3233/2954 3073/3235/2954
f 3066/3216/2955 3065/3227/2955 3080/3234/2955 3081/3236/2955
f 3059/3212/2956 3058/3211/2956 3073/3235/2956 3074/3237/2956
f 3052/3214/2957 3036/3238/2957 3067/3239/2957
f 3262/3240/2958 3066/3216/2958 3081/3236/2958
f 3060/3217/2959 3059/3212/2959 3074/3237/2959 3075/3241/2959
f 3053/3218/2960 3052/3214/2960 3067/3239/2960 3068/3242/2960
f 3061/3219/2961 3060/3217/2961 3075/3241/2961 3076/3243/2961
f 3054/3220/2962 3053/3218/2962 3068/3242/2962 3069/3244/2962
f 3062/3221/2963 3061/3219/2963 3076/3243/2963 3077/3228/2963
f 3055/3222/2964 3054/3220/2964 3069/3244/2964 3070/3230/2964
f 3067/3239/2965 3036/3245/2965 3082/3246/2965
f 3262/3247/2966 3081/3236/2966 3096/3248/2966
f 3075/3241/2967 3074/3237/2967 3089/3249/2967 3090/3250/2967
f 3068/3242/2968 3067/3239/2968 3082/3246/2968 3083/3251/2968
f 3076/3243/2969 3075/3241/2969 3090/3250/2969 3091/3252/2969
f 3069/3244/2970 3068/3242/2970 3083/3251/2970 3084/3253/2970
f 3077/3228/2971 3076/3243/2971 3091/3252/2971 3092/3254/2971
f 3070/3230/2972 3069/3244/2972 3084/3253/2972 3085/3255/2972
f 3078/3229/2973 3077/3228/2973 3092/3254/2973 3093/3256/2973
f 3071/3231/2974 3070/3230/2974 3085/3255/2974 3086/3257/2974
f 3079/3232/2975 3078/3229/2975 3093/3256/2975 3094/3258/2975
f 3072/3233/2976 3071/3231/2976 3086/3257/2976 3087/3259/2976
f 3080/3234/2977 3079/3232/2977 3094/3258/2977 3095/3260/2977
f 3073/3235/2978 3072/3233/2978 3087/3259/2978 3088/3261/2978
f 3081/3236/2979 3080/3234/2979 3095/3260/2979 3096/3248/2979
f 3074/3237/2980 3073/3235/2980 3088/3261/2980 3089/3249/2980
f 3086/3257/2981 3085/3255/2981 3100/3262/2981 3101/3263/2981
f 3094/3258/2982 3093/3256/2982 3108/3264/2982 3109/3265/2982
f 3087/3259/2983 3086/3257/2983 3101/3263/2983 3102/3266/2983
f 3095/3260/2984 3094/3258/2984 3109/3265/2984 3110/3267/2984
f 3088/3261/2985 3087/3259/2985 3102/3266/2985 3103/3268/2985
f 3096/3248/2986 3095/3260/2986 3110/3267/2986 3111/3269/2986
f 3089/3249/2987 3088/3261/2987 3103/3268/2987 3104/3270/2987
f 3082/3246/2988 3036/3271/2988 3097/3272/2988
f 3262/3273/2989 3096/3248/2989 3111/3269/2989
f 3090/3250/2990 3089/3249/2990 3104/3270/2990 3105/3274/2990
f 3083/3251/2991 3082/3246/2991 3097/3272/2991 3098/3275/2991
f 3091/3252/2992 3090/3250/2992 3105/3274/2992 3106/3276/2992
f 3084/3253/2993 3083/3251/2993 3098/3275/2993 3099/3277/2993
f 3092/3254/2994 3091/3252/2994 3106/3276/2994 3107/3278/2994
f 3085/3255/2995 3084/3253/2995 3099/3277/2995 3100/3262/2995
f 3093/3256/2996 3092/3254/2996 3107/3278/2996 3108/3264/2996
f 3105/3274/2997 3104/3270/2997 3119/3279/2997 3120/3280/2997
f 3098/3275/2998 3097/3272/2998 3112/3281/2998 3113/3282/2998
f 3106/3276/2999 3105/3274/2999 3120/3280/2999 3121/3283/2999
f 3099/3277/3000 3098/3275/3000 3113/3282/3000 3114/3284/3000
f 3107/3278/3001 3106/3276/3001 3121/3283/3001 3122/3285/3001
f 3100/3262/3002 3099/3277/3002 3114/3284/3002 3115/3286/3002
f 3108/3264/3003 3107/3278/3003 3122/3285/3003 3123/3287/3003
f 3101/3263/3004 3100/3262/3004 3115/3286/3004 3116/3288/3004
f 3109/3265/3005 3108/3264/3005 3123/3287/3005 3124/3289/3005
f 3102/3266/3006 3101/3263/3006 3116/3288/3006 3117/3290/3006
f 3110/3267/3007 3109/3265/3007 3124/3289/3007 3125/3291/3007
f 3103/3268/3008 3102/3266/3008 3117/3290/3008 3118/3292/3008
f 3111/3269/3009 3110/3267/3009 3125/3291/3009 3126/3293/3009
f 3104/3270/3010 3103/3268/3010 3118/3292/3010 3119/3279/3010
f 3097/3272/3011 3036/3294/3011 3112/3281/3011
f 3262/3295/3012 3111/3269/3012 3126/3293/3012
f 3124/3289/3013 3123/3287/3013 3138/3296/3013 3139/3297/3013
f 3117/3290/3014 3116/3288/3014 3131/3298/3014 3132/3299/3014
f 3125/3291/3015 3124/3289/3015 3139/3297/3015 3140/3300/3015
f 3118/3292/3016 3117/3290/3016 3132/3299/3016 3133/3301/3016
f 3126/3293/3017 3125/3291/3017 3140/3300/3017 3141/3302/3017
f 3119/3279/3018 3118/3292/3018 3133/3301/3018 3134/3303/3018
f 3112/3281/3019 3036/3304/3019 3127/3305/3019
f 3262/3306/3020 3126/3293/3020 3141/3302/3020
f 3120/3280/3021 3119/3279/3021 3134/3303/3021 3135/3307/3021
f 3113/3282/3022 3112/3281/3022 3127/3305/3022 3128/3308/3022
f 3121/3283/3023 3120/3280/3023 3135/3307/3023 3136/3309/3023
f 3114/3284/3024 3113/3282/3024 3128/3308/3024 3129/3310/3024
f 3122/3285/3025 3121/3283/3025 3136/3309/3025 3137/3311/3025
f 3115/3286/3026 3114/3284/3026 3129/3310/3026 3130/3312/3026
f 3123/3287/3027 3122/3285/3027 3137/3311/3027 3138/3296/3027
f 3116/3288/3028 3115/3286/3028 3130/3312/3028 3131/3298/3028
f 3136/3309/3029 3135/3307/3029 3150/3313/3029 3151/3314/3029
f 3129/3310/3030 3128/3308/3030 3143/3315/3030 3144/3316/3030
f 3137/3311/3031 3136/3309/3031 3151/3314/3031 3152/3317/3031
f 3130/3312/3032 3129/3310/3032 3144/3316/3032 3145/3318/3032
f 3138/3296/3033 3137/3311/3033 3152/3317/3033 3153/3319/3033
f 3131/3298/3034 3130/3312/3034 3145/3318/3034 3146/3320/3034
f 3139/3297/3035 3138/3296/3035 3153/3319/3035 3154/3321/3035
f 3132/3299/3036 3131/3298/3036 3146/3320/3036 3147/3322/3036
f 3140/3300/3037 3139/3297/3037 3154/3321/3037 3155/3323/3037
f 3133/3301/3038 3132/3299/3038 3147/3322/3038 3148/3324/3038
f 3141/3302/3039 3140/3300/3039 3155/3323/3039 3156/3325/3039
f 3134/3303/3040 3133/3301/3040 3148/3324/3040 3149/3326/3040
f 3127/3305/3041 3036/3327/3041 3142/3328/3041
f 3262/3329/3042 3141/3302/3042 3156/3325/3042
f 3135/3307/3043 3134/3303/3043 3149/3326/3043 3150/3313/3043
f 3128/3308/3044 3127/3305/3044 3142/3328/3044 3143/3315/3044
f 3155/3323/3045 3154/3321/3045 3169/3330/3045 3170/3331/3045
f 3148/3324/3046 3147/3322/3046 3162/3332/3046 3163/3333/3046
f 3156/3325/3047 3155/3323/3047 3170/3331/3047 3171/3334/3047
f 3149/3326/3048 3148/3324/3048 3163/3333/3048 3164/3335/3048
f 3142/3328/3049 3036/3336/3049 3157/3337/3049
f 3262/3338/3050 3156/3325/3050 3171/3334/3050
f 3150/3313/3051 3149/3326/3051 3164/3335/3051 3165/3339/3051
f 3143/3315/3052 3142/3328/3052 3157/3337/3052 3158/3340/3052
f 3151/3314/3053 3150/3313/3053 3165/3339/3053 3166/3341/3053
f 3144/3316/3054 3143/3315/3054 3158/3340/3054 3159/3342/3054
f 3152/3317/3055 3151/3314/3055 3166/3341/3055 3167/3343/3055
f 3145/3318/3056 3144/3316/3056 3159/3342/3056 3160/3344/3056
f 3153/3319/3057 3152/3317/3057 3167/3343/3057 3168/3345/3057
f 3146/3320/3058 3145/3318/3058 3160/3344/3058 3161/3346/3058
f 3154/3321/3059 3153/3319/3059 3168/3345/3059 3169/3330/3059
f 3147/3322/3060 3146/3320/3060 3161/3346/3060 3162/3332/3060
f 3159/3342/3061 3158/3340/3061 3173/3347/3061 3174/3348/3061
f 3167/3343/3062 3166/3341/3062 3181/3349/3062 3182/3350/3062
f 3160/3344/3063 3159/3342/3063 3174/3348/3063 3175/3351/3063
f 3168/3345/3064 3167/3343/3064 3182/3350/3064 3183/3352/3064
f 3161/3346/3065 3160/3344/3065 3175/3351/3065 3176/3353/3065
f 3169/3330/3066 3168/3345/3066 3183/3352/3066 3184/3354/3066
f 3162/3332/3067 3161/3346/3067 3176/3353/3067 3177/3355/3067
f 3170/3331/3068 3169/3330/3068 3184/3354/3068 3185/3356/3068
f 3163/3333/3069 3162/3332/3069 3177/3355/3069 3178/3357/3069
f 3171/3334/3070 3170/3331/3070 3185/3356/3070 3186/3358/3070
f 3164/3335/3071 3163/3333/3071 3178/3357/3071 3179/3359/3071
f 3157/3337/3072 3036/3360/3072 3172/3361/3072
f 3262/3362/3073 3171/3334/3073 3186/3358/3073
f 3165/3339/3074 3164/3335/3074 3179/3359/3074 3180/3363/3074
f 3158/3340/3075 3157/3337/3075 3172/3361/3075 3173/3347/3075
f 3166/3341/3076 3165/3339/3076 3180/3363/3076 3181/3349/3076
f 3178/3357/3077 3177/3355/3077 3192/3364/3077 3193/3365/3077
f 3186/3358/3078 3185/3356/3078 3200/3366/3078 3201/3367/3078
f 3179/3359/3079 3178/3357/3079 3193/3365/3079 3194/3368/3079
f 3172/3361/3080 3036/3369/3080 3187/3370/3080
f 3262/3371/3081 3186/3358/3081 3201/3367/3081
f 3180/3363/3082 3179/3359/3082 3194/3368/3082 3195/3372/3082
f 3173/3347/3083 3172/3361/3083 3187/3370/3083 3188/3373/3083
f 3181/3349/3084 3180/3363/3084 3195/3372/3084 3196/3374/3084
f 3174/3348/3085 3173/3347/3085 3188/3373/3085 3189/3375/3085
f 3182/3350/3086 3181/3349/3086 3196/3374/3086 3197/3376/3086
f 3175/3351/3087 3174/3348/3087 3189/3375/3087 3190/3377/3087
f 3183/3352/3088 3182/3350/3088 3197/3376/3088 3198/3378/3088
f 3176/3353/3089 3175/3351/3089 3190/3377/3089 3191/3379/3089
f 3184/3354/3090 3183/3352/3090 3198/3378/3090 3199/3380/3090
f 3177/3355/3091 3176/3353/3091 3191/3379/3091 3192/3364/3091
f 3185/3356/3092 3184/3354/3092 3199/3380/3092 3200/3366/3092
f 3197/3376/3093 3196/3374/3093 3211/3381/3093 3212/3382/3093
f 3190/3377/3094 3189/3375/3094 3204/3383/3094 3205/3384/3094
f 3198/3378/3095 3197/3376/3095 3212/3382/3095 3213/3385/3095
f 3191/3379/3096 3190/3377/3096 3205/3384/3096 3206/3386/3096
f 3199/3380/3097 3198/3378/3097 3213/3385/3097 3214/3387/3097
f 3192/3364/3098 3191/3379/3098 3206/3386/3098 3207/3388/3098
f 3200/3366/3099 3199/3380/3099 3214/3387/3099 3215/3389/3099
f 3193/3365/3100 3192/3364/3100 3207/3388/3100 3208/3390/3100
f 3201/3367/3101 3200/3366/3101 3215/3389/3101 3216/3391/3101
f 3194/3368/3102 3193/3365/3102 3208/3390/3102 3209/3392/3102
f 3187/3370/3103 3036/3393/3103 3202/3394/3103
f 3262/3395/3104 3201/3367/3104 3216/3391/3104
f 3195/3372/3105 3194/3368/3105 3209/3392/3105 3210/3396/3105
f 3188/3373/3106 3187/3370/3106 3202/3394/3106 3203/3397/3106
f 3196/3374/3107 3195/3372/3107 3210/3396/3107 3211/3381/3107
f 3189/3375/3108 3188/3373/3108 3203/3397/3108 3204/3383/3108
f 3216/3391/3109 3215/3389/3109 3230/3398/3109 3231/3399/3109
f 3209/3392/3110 3208/3390/3110 3223/3400/3110 3224/3401/3110
f 3202/3394/3111 3036/3402/3111 3217/3403/3111
f 3262/3404/3112 3216/3391/3112 3231/3399/3112
f 3210/3396/3113 3209/3392/3113 3224/3401/3113 3225/3405/3113
f 3203/3397/3114 3202/3394/3114 3217/3403/3114 3218/3406/3114
f 3211/3381/3115 3210/3396/3115 3225/3405/3115 3226/3407/3115
f 3204/3383/3116 3203/3397/3116 3218/3406/3116 3219/3408/3116
f 3212/3382/3117 3211/3381/3117 3226/3407/3117 3227/3409/3117
f 3205/3384/3118 3204/3383/3118 3219/3408/3118 3220/3410/3118
f 3213/3385/3119 3212/3382/3119 3227/3409/3119 3228/3411/3119
f 3206/3386/3120 3205/3384/3120 3220/3410/3120 3221/3412/3120
f 3214/3387/3121 3213/3385/3121 3228/3411/3121 3229/3413/3121
f 3207/3388/3122 3206/3386/3122 3221/3412/3122 3222/3414/3122
f 3215/3389/3123 3214/3387/3123 3229/3413/3123 3230/3398/3123
f 3208/3390/3124 3207/3388/3124 3222/3414/3124 3223/3400/3124
f 3220/3410/3125 3219/3408/3125 3234/3415/3125 3235/3416/3125
f 3228/3411/3126 3227/3409/3126 3242/3417/3126 3243/3418/3126
f 3221/3412/3127 3220/3410/3127 3235/3416/3127 3236/3419/3127
f 3229/3413/3128 3228/3411/3128 3243/3418/3128 3244/3420/3128
f 3222/3414/3129 3221/3412/3129 3236/3419/3129 3237/3421/3129
f 3230/3398/3130 3229/3413/3130 3244/3420/3130 3245/3422/3130
f 3223/3400/3131 3222/3414/3131 3237/3421/3131 3238/3423/3131
f 3231/3399/3132 3230/3398/3132 3245/3422/3132 3246/3424/3132
f 3224/3401/3133 3223/3400/3133 3238/3423/3133 3239/3425/3133
f 3217/3403/3134 3036/3426/3134 3232/3427/3134
f 3262/3428/3135 3231/3399/3135 3246/3424/3135
f 3225/3405/3136 3224/3401/3136 3239/3425/3136 3240/3429/3136
f 3218/3406/3137 3217/3403/3137 3232/3427/3137 3233/3430/3137
f 3226/3407/3138 3225/3405/3138 3240/3429/3138 3241/3431/3138
f 3219/3408/3139 3218/3406/3139 3233/3430/3139 3234/3415/3139
f 3227/3409/3140 3226/3407/3140 3241/3431/3140 3242/3417/3140
f 3239/3425/3141 3238/3423/3141 3253/3432/3141 3254/3433/3141
f 3232/3427/3142 3036/3434/3142 3247/3435/3142
f 3262/3436/3143 3246/3424/3143 3261/3437/3143
f 3240/3429/3144 3239/3425/3144 3254/3433/3144 3255/3438/3144
f 3233/3430/3145 3232/3427/3145 3247/3435/3145 3248/3439/3145
f 3241/3431/3146 3240/3429/3146 3255/3438/3146 3256/3440/3146
f 3234/3415/3147 3233/3430/3147 3248/3439/3147 3249/3441/3147
f 3242/3417/3148 3241/3431/3148 3256/3440/3148 3257/3442/3148
f 3235/3416/3149 3234/3415/3149 3249/3441/3149 3250/3443/3149
f 3243/3418/3150 3242/3417/3150 3257/3442/3150 3258/3444/3150
f 3236/3419/3151 3235/3416/3151 3250/3443/3151 3251/3445/3151
f 3244/3420/3152 3243/3418/3152 3258/3444/3152 3259/3446/3152
f 3237/3421/3153 3236/3419/3153 3251/3445/3153 3252/3447/3153
f 3245/3422/3154 3244/3420/3154 3259/3446/3154 3260/3448/3154
f 3238/3423/3155 3237/3421/3155 3252/3447/3155 3253/3432/3155
f 3246/3424/3156 3245/3422/3156 3260/3448/3156 3261/3437/3156
f 3258/3444/3157 3257/3442/3157 3273/3449/3157 3274/3450/3157
f 3251/3445/3158 3250/3443/3158 3266/3451/3158 3267/3452/3158
f 3259/3446/3159 3258/3444/3159 3274/3450/3159 3275/3453/3159
f 3252/3447/3160 3251/3445/3160 3267/3452/3160 3268/3454/3160
f 3260/3448/3161 3259/3446/3161 3275/3453/3161 3276/3455/3161
f 3253/3432/3162 3252/3447/3162 3268/3454/3162 3269/3456/3162
f 3261/3437/3163 3260/3448/3163 3276/3455/3163 3277/3457/3163
f 3254/3433/3164 3253/3432/3164 3269/3456/3164 3270/3458/3164
f 3247/3435/3165 3036/3459/3165 3263/3460/3165
f 3262/3461/3166 3261/3437/3166 3277/3457/3166
f 3255/3438/3167 3254/3433/3167 3270/3458/3167 3271/3462/3167
f 3248/3439/3168 3247/3435/3168 3263/3460/3168 3264/3463/3168
f 3256/3440/3169 3255/3438/3169 3271/3462/3169 3272/3464/3169
f 3249/3441/3170 3248/3439/3170 3264/3463/3170 3265/3465/3170
f 3257/3442/3171 3256/3440/3171 3272/3464/3171 3273/3449/3171
f 3250/3443/3172 3249/3441/3172 3265/3465/3172 3266/3451/3172
f 3262/3466/3173 3277/3457/3173 3292/3467/3173
f 3271/3462/3174 3270/3458/3174 3285/3468/3174 3286/3469/3174
f 3264/3463/3175 3263/3460/3175 3278/3470/3175 3279/3471/3175
f 3272/3464/3176 3271/3462/3176 3286/3469/3176 3287/3472/3176
f 3265/3465/3177 3264/3463/3177 3279/3471/3177 3280/3473/3177
f 3273/3449/3178 3272/3464/3178 3287/3472/3178 3288/3474/3178
f 3266/3451/3179 3265/3465/3179 3280/3473/3179 3281/3475/3179
f 3274/3450/3180 3273/3449/3180 3288/3474/3180 3289/3476/3180
f 3267/3452/3181 3266/3451/3181 3281/3475/3181 3282/3477/3181
f 3275/3453/3182 3274/3450/3182 3289/3476/3182 3290/3478/3182
f 3268/3454/3183 3267/3452/3183 3282/3477/3183 3283/3479/3183
f 3276/3455/3184 3275/3453/3184 3290/3478/3184 3291/3480/3184
f 3269/3456/3185 3268/3454/3185 3283/3479/3185 3284/3481/3185
f 3277/3457/3186 3276/3455/3186 3291/3480/3186 3292/3467/3186
f 3270/3458/3187 3269/3456/3187 3284/3481/3187 3285/3468/3187
f 3263/3460/3188 3036/3482/3188 3278/3470/3188
f 3290/3478/3189 3289/3476/3189 3304/3483/3189 3305/3484/3189
f 3283/3479/3190 3282/3477/3190 3297/3485/3190 3298/3486/3190
f 3291/3480/3191 3290/3478/3191 3305/3484/3191 3306/3487/3191
f 3284/3481/3192 3283/3479/3192 3298/3486/3192 3299/3488/3192
f 3292/3467/3193 3291/3480/3193 3306/3487/3193 3307/3489/3193
f 3285/3468/3194 3284/3481/3194 3299/3488/3194 3300/3490/3194
f 3278/3470/3195 3036/3491/3195 3293/3492/3195
f 3262/3493/3196 3292/3467/3196 3307/3489/3196
f 3286/3469/3197 3285/3468/3197 3300/3490/3197 3301/3494/3197
f 3279/3471/3198 3278/3470/3198 3293/3492/3198 3294/3495/3198
f 3287/3472/3199 3286/3469/3199 3301/3494/3199 3302/3496/3199
f 3280/3473/3200 3279/3471/3200 3294/3495/3200 3295/3497/3200
f 3288/3474/3201 3287/3472/3201 3302/3496/3201 3303/3498/3201
f 3281/3475/3202 3280/3473/3202 3295/3497/3202 3296/3499/3202
f 3289/3476/3203 3288/3474/3203 3303/3498/3203 3304/3483/3203
f 3282/3477/3204 3281/3475/3204 3296/3499/3204 3297/3485/3204
f 3294/3495/3205 3293/3492/3205 3308/3500/3205 3309/3501/3205
f 3302/3496/3206 3301/3494/3206 3316/3502/3206 3317/3503/3206
f 3295/3497/3207 3294/3495/3207 3309/3501/3207 3310/3504/3207
f 3303/3498/3208 3302/3496/3208 3317/3503/3208 3318/3505/3208
f 3296/3499/3209 3295/3497/3209 3310/3504/3209 3311/3506/3209
f 3304/3483/3210 3303/3498/3210 3318/3505/3210 3319/3507/3210
f 3297/3485/3211 3296/3499/3211 3311/3506/3211 3312/3508/3211
f 3305/3484/3212 3304/3483/3212 3319/3507/3212 3320/3509/3212
f 3298/3486/3213 3297/3485/3213 3312/3508/3213 3313/3510/3213
f 3306/3487/3214 3305/3484/3214 3320/3509/3214 3321/3511/3214
f 3299/3488/3215 3298/3486/3215 3313/3510/3215 3314/3512/3215
f 3307/3489/3216 3306/3487/3216 3321/3511/3216 3322/3513/3216
f 3300/3490/3217 3299/3488/3217 3314/3512/3217 3315/3514/3217
f 3293/3492/3218 3036/3515/3218 3308/3500/3218
f 3262/3516/3219 3307/3489/3219 3322/3513/3219
f 3301/3494/3220 3300/3490/3220 3315/3514/3220 3316/3502/3220
f 3313/3517/3221 3312/3518/3221 3327/3519/3221 3328/3520/3221
f 3321/3521/3222 3320/3522/3222 3335/3523/3222 3336/3524/3222
f 3314/3525/3223 3313/3517/3223 3328/3520/3223 3329/3526/3223
f 3322/3527/3224 3321/3521/3224 3336/3524/3224 3337/3528/3224
f 3315/3529/3225 3314/3525/3225 3329/3526/3225 3330/3530/3225
f 3308/3531/3226 3036/3532/3226 3323/3533/3226
f 3262/3534/3227 3322/3527/3227 3337/3528/3227
f 3316/3535/3228 3315/3529/3228 3330/3530/3228 3331/3536/3228
f 3309/3537/3229 3308/3531/3229 3323/3533/3229 3324/3538/3229
f 3317/3539/3230 3316/3535/3230 3331/3536/3230 3332/3540/3230
f 3310/3541/3231 3309/3537/3231 3324/3538/3231 3325/3542/3231
f 3318/3543/3232 3317/3539/3232 3332/3540/3232 3333/3544/3232
f 3311/3545/3233 3310/3541/3233 3325/3542/3233 3326/3546/3233
f 3319/3547/3234 3318/3543/3234 3333/3544/3234 3334/3548/3234
f 3312/3518/3235 3311/3545/3235 3326/3546/3235 3327/3519/3235
f 3320/3522/3236 3319/3547/3236 3334/3548/3236 3335/3523/3236
f 3332/3540/3237 3331/3536/3237 3346/3549/3237 3347/3550/3237
f 3325/3542/3238 3324/3538/3238 3339/3551/3238 3340/3552/3238
f 3333/3544/3239 3332/3540/3239 3347/3550/3239 3348/3553/3239
f 3326/3546/3240 3325/3542/3240 3340/3552/3240 3341/3554/3240
f 3334/3548/3241 3333/3544/3241 3348/3553/3241 3349/3555/3241
f 3327/3519/3242 3326/3546/3242 3341/3554/3242 3342/3556/3242
f 3335/3523/3243 3334/3548/3243 3349/3555/3243 3350/3557/3243
f 3328/3520/3244 3327/3519/3244 3342/3556/3244 3343/3558/3244
f 3336/3524/3245 3335/3523/3245 3350/3557/3245 3351/3559/3245
f 3329/3526/3246 3328/3520/3246 3343/3558/3246 3344/3560/3246
f 3337/3528/3247 3336/3524/3247 3351/3559/3247 3352/3561/3247
f 3330/3530/3248 3329/3526/3248 3344/3560/3248 3345/3562/3248
f 3323/3533/3249 3036/3563/3249 3338/3564/3249
f 3262/3565/3250 3337/3528/3250 3352/3561/3250
f 3331/3536/3251 3330/3530/3251 3345/3562/3251 3346/3549/3251
f 3324/3538/3252 3323/3533/3252 3338/3564/3252 3339/3551/3252
f 3351/3559/3253 3350/3557/3253 3365/3566/3253 3366/3567/3253
f 3344/3560/3254 3343/3558/3254 3358/3568/3254 3359/3569/3254
f 3352/3561/3255 3351/3559/3255 3366/3567/3255 3367/3570/3255
f 3345/3562/3256 3344/3560/3256 3359/3569/3256 3360/3571/3256
f 3338/3564/3257 3036/3572/3257 3353/3573/3257
f 3262/3574/3258 3352/3561/3258 3367/3570/3258
f 3346/3549/3259 3345/3562/3259 3360/3571/3259 3361/3575/3259
f 3339/3551/3260 3338/3564/3260 3353/3573/3260 3354/3576/3260
f 3347/3550/3261 3346/3549/3261 3361/3575/3261 3362/3577/3261
f 3340/3552/3262 3339/3551/3262 3354/3576/3262 3355/3578/3262
f 3348/3553/3263 3347/3550/3263 3362/3577/3263 3363/3579/3263
f 3341/3554/3264 3340/3552/3264 3355/3578/3264 3356/3580/3264
f 3349/3555/3265 3348/3553/3265 3363/3579/3265 3364/3581/3265
f 3342/3556/3266 3341/3554/3266 3356/3580/3266 3357/3582/3266
f 3350/3557/3267 3349/3555/3267 3364/3581/3267 3365/3566/3267
f 3343/3558/3268 3342/3556/3268 3357/3582/3268 3358/3568/3268
f 3355/3578/3269 3354/3576/3269 3369/3583/3269 3370/3584/3269
f 3363/3579/3270 3362/3577/3270 3377/3585/3270 3378/3586/3270
f 3356/3580/3271 3355/3578/3271 3370/3584/3271 3371/3587/3271
f 3364/3581/3272 3363/3579/3272 3378/3586/3272 3379/3588/3272
f 3357/3582/3273 3356/3580/3273 3371/3587/3273 3372/3589/3273
f 3365/3566/3274 3364/3581/3274 3379/3588/3274 3380/3590/3274
f 3358/3568/3275 3357/3582/3275 3372/3589/3275 3373/3591/3275
f 3366/3567/3276 3365/3566/3276 3380/3590/3276 3381/3592/3276
f 3359/3569/3277 3358/3568/3277 3373/3591/3277 3374/3593/3277
f 3367/3570/3278 3366/3567/3278 3381/3592/3278 3382/3594/3278
f 3360/3571/3279 3359/3569/3279 3374/3593/3279 3375/3595/3279
f 3353/3573/3280 3036/3596/3280 3368/3597/3280
f 3262/3598/3281 3367/3570/3281 3382/3594/3281
f 3361/3575/3282 3360/3571/3282 3375/3595/3282 3376/3599/3282
f 3354/3576/3283 3353/3573/3283 3368/3597/3283 3369/3583/3283
f 3362/3577/3284 3361/3575/3284 3376/3599/3284 3377/3585/3284
f 3374/3593/3285 3373/3591/3285 3388/3600/3285 3389/3601/3285
f 3382/3594/3286 3381/3592/3286 3396/3602/3286 3397/3603/3286
f 3375/3595/3287 3374/3593/3287 3389/3601/3287 3390/3604/3287
f 3368/3597/3288 3036/3605/3288 3383/3606/3288
f 3262/3607/3289 3382/3594/3289 3397/3603/3289
f 3376/3599/3290 3375/3595/3290 3390/3604/3290 3391/3608/3290
f 3369/3583/3291 3368/3597/3291 3383/3606/3291 3384/3609/3291
f 3377/3585/3292 3376/3599/3292 3391/3608/3292 3392/3610/3292
f 3370/3584/3293 3369/3583/3293 3384/3609/3293 3385/3611/3293
f 3378/3586/3294 3377/3585/3294 3392/3610/3294 3393/3612/3294
f 3371/3587/3295 3370/3584/3295 3385/3611/3295 3386/3613/3295
f 3379/3588/3296 3378/3586/3296 3393/3612/3296 3394/3614/3296
f 3372/3589/3297 3371/3587/3297 3386/3613/3297 3387/3615/3297
f 3380/3590/3298 3379/3588/3298 3394/3614/3298 3395/3616/3298
f 3373/3591/3299 3372/3589/3299 3387/3615/3299 3388/3600/3299
f 3381/3592/3300 3380/3590/3300 3395/3616/3300 3396/3602/3300
f 3393/3612/3301 3392/3610/3301 3407/3617/3301 3408/3618/3301
f 3386/3613/3302 3385/3611/3302 3400/3619/3302 3401/3620/3302
f 3394/3614/3303 3393/3612/3303 3408/3618/3303 3409/3621/3303
f 3387/3615/3304 3386/3613/3304 3401/3620/3304 3402/3622/3304
f 3395/3616/3305 3394/3614/3305 3409/3621/3305 3410/3623/3305
f 3388/3600/3306 3387/3615/3306 3402/3622/3306 3403/3624/3306
f 3396/3602/3307 3395/3616/3307 3410/3623/3307 3411/3625/3307
f 3389/3601/3308 3388/3600/3308 3403/3624/3308 3404/3626/3308
f 3397/3603/3309 3396/3602/3309 3411/3625/3309 3412/3627/3309
f 3390/3604/3310 3389/3601/3310 3404/3626/3310 3405/3628/3310
f 3383/3606/3311 3036/3629/3311 3398/3630/3311
f 3262/3631/3312 3397/3603/3312 3412/3627/3312
f 3391/3608/3313 3390/3604/3313 3405/3628/3313 3406/3632/3313
f 3384/3609/3314 3383/3606/3314 3398/3630/3314 3399/3633/3314
f 3392/3610/3315 3391/3608/3315 3406/3632/3315 3407/3617/3315
f 3385/3611/3316 3384/3609/3316 3399/3633/3316 3400/3619/3316
f 3412/3627/3317 3411/3625/3317 3426/3634/3317 3427/3635/3317
f 3405/3628/3318 3404/3626/3318 3419/3636/3318 3420/3637/3318
f 3398/3630/3319 3036/3638/3319 3413/3639/3319
f 3262/3640/3320 3412/3627/3320 3427/3635/3320
f 3406/3632/3321 3405/3628/3321 3420/3637/3321 3421/3641/3321
f 3399/3633/3322 3398/3630/3322 3413/3639/3322 3414/3642/3322
f 3407/3617/3323 3406/3632/3323 3421/3641/3323 3422/3643/3323
f 3400/3619/3324 3399/3633/3324 3414/3642/3324 3415/3644/3324
f 3408/3618/3325 3407/3617/3325 3422/3643/3325 3423/3645/3325
f 3401/3620/3326 3400/3619/3326 3415/3644/3326 3416/3646/3326
f 3409/3621/3327 3408/3618/3327 3423/3645/3327 3424/3647/3327
f 3402/3622/3328 3401/3620/3328 3416/3646/3328 3417/3648/3328
f 3410/3623/3329 3409/3621/3329 3424/3647/3329 3425/3649/3329
f 3403/3624/3330 3402/3622/3330 3417/3648/3330 3418/3650/3330
f 3411/3625/3331 3410/3623/3331 3425/3649/3331 3426/3634/3331
f 3404/3626/3332 3403/3624/3332 3418/3650/3332 3419/3636/3332
f 3424/3647/3333 3423/3645/3333 2960/3099/3333 3433/3098/3333
f 3417/3648/3334 3416/3646/3334 3430/3094/3334 2956/3102/3334
f 3425/3649/3335 3424/3647/3335 3433/3098/3335 3434/3104/3335
f 3418/3650/3336 3417/3648/3336 2956/3102/3336 3431/3106/3336
f 3426/3634/3337 3425/3649/3337 3434/3104/3337 3435/3108/3337
f 3419/3636/3338 3418/3650/3338 3431/3106/3338 2957/3110/3338
f 3427/3635/3339 3426/3634/3339 3435/3108/3339 3436/3112/3339
f 3420/3637/3340 3419/3636/3340 2957/3110/3340 2958/3114/3340
f 3413/3639/3341 3036/3651/3341 3428/3116/3341
f 3262/3652/3342 3427/3635/3342 3436/3112/3342
f 3421/3641/3343 3420/3637/3343 2958/3114/3343 2959/3120/3343
f 3414/3642/3344 3413/3639/3344 3428/3116/3344 3429/3122/3344
f 3422/3643/3345 3421/3641/3345 2959/3120/3345 3432/3124/3345
f 3415/3644/3346 3414/3642/3346 3429/3122/3346 2955/3095/3346
f 3423/3645/3347 3422/3643/3347 3432/3124/3347 2960/3099/3347
f 3416/3646/3348 3415/3644/3348 2955/3095/3348 3430/3094/3348
f 3476/3653/3349 3460/3654/3349 3440/3655/3349 3446/3656/3349
f 3451/3657/3350 3465/3658/3350 3450/3659/3350 3439/3660/3350
f 3465/3658/3351 3467/3661/3351 3449/3662/3351 3450/3659/3351
f 3467/3661/3352 3469/3663/3352 3448/3664/3352 3449/3662/3352
f 3469/3663/3353 3471/3665/3353 3447/3666/3353 3448/3664/3353
f 3471/3665/3351 3476/3653/3351 3446/3656/3351 3447/3666/3351
f 3444/3667/3354 3445/3668/3354 3472/3669/3354 3470/3670/3354
f 3443/3671/3355 3444/3667/3355 3470/3670/3355 3468/3672/3355
f 3442/3673/3356 3443/3671/3356 3468/3672/3356 3466/3674/3356
f 3441/3675/3354 3442/3673/3354 3466/3674/3354 3461/3676/3354
f 3437/3677/3357 3441/3675/3357 3461/3676/3357 3455/3678/3357
f 3455/3678/3358 3461/3676/3358 3462/3679/3358 3454/3680/3358
f 3454/3680/3359 3462/3679/3359 3463/3681/3359 3453/3682/3359
f 3453/3682/3360 3463/3681/3360 3464/3683/3360 3452/3684/3360
f 3452/3684/3358 3464/3683/3358 3465/3658/3358 3451/3657/3358
f 3445/3668/3361 3438/3685/3361 3456/3686/3361 3472/3669/3361
f 3472/3669/3362 3456/3686/3362 3457/3687/3362 3473/3688/3362
f 3473/3688/3363 3457/3687/3363 3458/3689/3363 3474/3690/3363
f 3474/3690/3364 3458/3689/3364 3459/3691/3364 3475/3692/3364
f 3475/3692/3362 3459/3691/3362 3460/3654/3362 3476/3653/3362
f 3470/3670/3365 3472/3669/3365 3473/3688/3365 3474/3690/3365 3475/3692/3365 3476/3653/3365 3471/3665/3365 3469/3663/3365 3467/3661/3365 3465/3658/3365 3464/3683/3365 3463/3681/3365 3462/3679/3365 3461/3676/3365 3466/3674/3365 3468/3672/3365
f 3516/3653/3366 3486/3656/3366 3480/3655/3366 3500/3654/3366
f 3491/3657/3367 3479/3660/3367 3490/3659/3367 3505/3658/3367
f 3505/3658/3368 3490/3659/3368 3489/3662/3368 3507/3661/3368
f 3507/3661/3369 3489/3662/3369 3488/3664/3369 3509/3663/3369
f 3509/3663/3370 3488/3664/3370 3487/3666/3370 3511/3665/3370
f 3511/3665/3368 3487/3666/3368 3486/3656/3368 3516/3653/3368
f 3484/3667/3371 3510/3670/3371 3512/3669/3371 3485/3668/3371
f 3483/3671/3372 3508/3672/3372 3510/3670/3372 3484/3667/3372
f 3482/3673/3373 3506/3674/3373 3508/3672/3373 3483/3671/3373
f 3481/3675/3371 3501/3676/3371 3506/3674/3371 3482/3673/3371
f 3477/3677/3374 3495/3678/3374 3501/3676/3374 3481/3675/3374
f 3495/3678/3375 3494/3680/3375 3502/3679/3375 3501/3676/3375
f 3494/3680/3376 3493/3682/3376 3503/3681/3376 3502/3679/3376
f 3493/3682/3377 3492/3684/3377 3504/3683/3377 3503/3681/3377
f 3492/3684/3375 3491/3657/3375 3505/3658/3375 3504/3683/3375
f 3485/3668/3378 3512/3669/3378 3496/3686/3378 3478/3685/3378
f 3512/3669/3379 3513/3688/3379 3497/3687/3379 3496/3686/3379
f 3513/3688/3380 3514/3690/3380 3498/3689/3380 3497/3687/3380
f 3514/3690/3381 3515/3692/3381 3499/3691/3381 3498/3689/3381
f 3515/3692/3379 3516/3653/3379 3500/3654/3379 3499/3691/3379
f 3510/3670/3382 3508/3672/3382 3506/3674/3382 3501/3676/3382 3502/3679/3382 3503/3681/3382 3504/3683/3382 3505/3658/3382 3507/3661/3382 3509/3663/3382 3511/3665/3382 3516/3653/3382 3515/3692/3382 3514/3690/3382 3513/3688/3382 3512/3669/3382
f 3437/3677/3383 3455/3678/3383 3495/3678/3383 3477/3677/3383
f 3438/3685/3384 3445/3668/3384 3485/3668/3384 3478/3685/3384
f 3440/3655/3385 3460/3654/3385 3500/3654/3385 3480/3655/3385
f 3439/3660/3386 3450/3659/3386 3490/3659/3386 3479/3660/3386
f 3441/3675/3384 3437/3677/3384 3477/3677/3384 3481/3675/3384
f 3442/3673/3384 3441/3675/3384 3481/3675/3384 3482/3673/3384
f 3443/3671/3387 3442/3673/3387 3482/3673/3387 3483/3671/3387
f 3444/3667/3388 3443/3671/3388 3483/3671/3388 3484/3667/3388
f 3445/3668/3384 3444/3667/3384 3484/3667/3384 3485/3668/3384
f 3446/3656/3386 3440/3655/3386 3480/3655/3386 3486/3656/3386
f 3447/3666/3386 3446/3656/3386 3486/3656/3386 3487/3666/3386
f 3448/3664/3389 3447/3666/3389 3487/3666/3389 3488/3664/3389
f 3449/3662/3390 3448/3664/3390 3488/3664/3390 3489/3662/3390
f 3450/3659/3386 3449/3662/3386 3489/3662/3386 3490/3659/3386
f 3451/3657/3383 3439/3660/3383 3479/3660/3383 3491/3657/3383
f 3452/3684/3383 3451/3657/3383 3491/3657/3383 3492/3684/3383
f 3453/3682/3391 3452/3684/3391 3492/3684/3391 3493/3682/3391
f 3454/3680/3392 3453/3682/3392 3493/3682/3392 3494/3680/3392
f 3455/3678/3383 3454/3680/3383 3494/3680/3383 3495/3678/3383
f 3456/3686/3385 3438/3685/3385 3478/3685/3385 3496/3686/3385
f 3457/3687/3385 3456/3686/3385 3496/3686/3385 3497/3687/3385
f 3458/3689/3393 3457/3687/3393 3497/3687/3393 3498/3689/3393
f 3459/3691/3394 3458/3689/3394 3498/3689/3394 3499/3691/3394
f 3460/3654/3385 3459/3691/3385 3499/3691/3385 3500/3654/3385
o StageObjectSpawn.008
v 11.000000 5.371924 0.916690
v 11.000000 4.916690 1.371924
v 11.000000 4.321900 1.618296
v 11.000000 4.000000 1.650000
v 11.000000 3.678100 1.618296
v 11.000000 3.083310 1.371924
v 10.937200 5.618296 0.315714
v 10.876814 5.524402 0.619296
v 10.821162 5.371924 0.899076
v 10.772384 5.166726 1.144308
v 10.732349 4.916690 1.345564
v 10.702604 4.631428 1.495110
v 10.684286 4.321900 1.587200
v 10.678100 4.000000 1.618296
v 10.684286 3.678100 1.587200
v 10.702604 3.368572 1.495110
v 10.732349 3.083310 1.345564
v 10.772384 2.833274 1.144308
v 10.821162 2.628076 0.899076
v 10.876814 2.475598 0.619296
v 10.937200 2.381704 0.315714
v 10.876814 5.618296 0.297396
v 10.758364 5.524402 0.583364
v 10.649198 5.371924 0.846912
v 10.553514 5.166726 1.077914
v 10.474988 4.916690 1.267494
v 10.416636 4.631428 1.408362
v 10.380706 4.321900 1.495110
v 10.368572 4.000000 1.524402
v 10.380706 3.678100 1.495110
v 10.416636 3.368572 1.408362
v 10.474988 3.083310 1.267494
v 10.553514 2.833274 1.077914
v 10.649198 2.628076 0.846912
v 10.758364 2.475598 0.583364
v 10.876814 2.381704 0.297396
v 10.821162 5.618296 0.267650
v 10.649198 5.524402 0.525012
v 10.490714 5.371924 0.762200
v 10.351802 5.166726 0.970098
v 10.237800 4.916690 1.140714
v 10.153088 4.631428 1.267494
v 10.100924 4.321900 1.345564
v 10.083310 4.000000 1.371924
v 10.100924 3.678100 1.345564
v 10.153088 3.368572 1.267494
v 10.237800 3.083310 1.140714
v 10.351802 2.833274 0.970098
v 10.490714 2.628076 0.762200
v 10.649198 2.475598 0.525012
v 10.821162 2.381704 0.267650
v 10.772384 5.618296 0.227616
v 10.553514 5.524402 0.446486
v 10.351802 5.371924 0.648198
v 10.175000 5.166726 0.825000
v 10.029902 4.916690 0.970098
v 9.922086 4.631428 1.077914
v 9.855692 4.321900 1.144308
v 9.833274 4.000000 1.166726
v 9.855692 3.678100 1.144308
v 9.922086 3.368572 1.077914
v 10.029902 3.083310 0.970098
v 10.175000 2.833274 0.825000
v 10.351802 2.628076 0.648198
v 10.553514 2.475598 0.446486
v 10.772384 2.381704 0.227616
v 10.732350 5.618296 0.178838
v 10.474988 5.524402 0.350802
v 10.237800 5.371924 0.509286
v 10.029902 5.166726 0.648198
v 9.859285 4.916690 0.762200
v 9.732506 4.631428 0.846912
v 9.654436 4.321900 0.899076
v 9.628076 4.000000 0.916690
v 9.654436 3.678100 0.899076
v 9.732506 3.368572 0.846912
v 9.859285 3.083310 0.762200
v 10.029902 2.833274 0.648198
v 10.237800 2.628076 0.509286
v 10.474988 2.475598 0.350802
v 10.732350 2.381704 0.178838
v 11.000000 5.650000 -0.000000
v 10.702604 5.618296 0.123186
v 10.416636 5.524402 0.241636
v 10.153088 5.371924 0.350802
v 9.922086 5.166726 0.446486
v 9.732506 4.916690 0.525012
v 9.591638 4.631428 0.583364
v 9.504890 4.321900 0.619294
v 9.475600 4.000000 0.631428
v 9.504890 3.678100 0.619294
v 9.591638 3.368572 0.583364
v 9.732506 3.083310 0.525012
v 9.922086 2.833274 0.446486
v 10.153088 2.628076 0.350802
v 10.416636 2.475598 0.241636
v 10.702604 2.381704 0.123186
v 10.684286 5.618296 0.062800
v 10.380706 5.524402 0.123186
v 10.100924 5.371924 0.178838
v 9.855692 5.166726 0.227618
v 9.654436 4.916690 0.267650
v 9.504890 4.631428 0.297396
v 9.412800 4.321900 0.315714
v 9.381704 4.000000 0.321898
v 9.412800 3.678100 0.315714
v 9.504890 3.368572 0.297396
v 9.654436 3.083310 0.267650
v 9.855692 2.833274 0.227618
v 10.100924 2.628076 0.178838
v 10.380706 2.475598 0.123186
v 10.684286 2.381704 0.062800
v 10.678102 5.618296 -0.000000
v 10.368572 5.524402 -0.000000
v 10.083310 5.371924 -0.000000
v 9.833274 5.166726 -0.000000
v 9.628076 4.916690 -0.000000
v 9.475598 4.631428 -0.000000
v 9.381704 4.321900 -0.000000
v 9.350000 4.000000 -0.000000
v 9.381704 3.678100 -0.000000
v 9.475598 3.368572 -0.000000
v 9.628076 3.083310 -0.000000
v 9.833274 2.833274 -0.000000
v 10.083310 2.628076 0.000000
v 10.368572 2.475598 0.000000
v 10.678102 2.381704 0.000000
v 10.684286 5.618296 -0.062800
v 10.380706 5.524402 -0.123186
v 10.100924 5.371924 -0.178838
v 9.855692 5.166726 -0.227616
v 9.654436 4.916690 -0.267650
v 9.504890 4.631428 -0.297396
v 9.412800 4.321900 -0.315714
v 9.381704 4.000000 -0.321900
v 9.412800 3.678100 -0.315714
v 9.504890 3.368572 -0.297396
v 9.654436 3.083310 -0.267650
v 9.855692 2.833274 -0.227616
v 10.100924 2.628076 -0.178838
v 10.380706 2.475598 -0.123186
v 10.684286 2.381704 -0.062800
v 10.702604 5.618296 -0.123186
v 10.416636 5.524402 -0.241636
v 10.153088 5.371924 -0.350802
v 9.922086 5.166726 -0.446486
v 9.732508 4.916690 -0.525012
v 9.591638 4.631428 -0.583362
v 9.504890 4.321900 -0.619296
v 9.475600 4.000000 -0.631428
v 9.504890 3.678100 -0.619296
v 9.591638 3.368572 -0.583362
v 9.732508 3.083310 -0.525012
v 9.922086 2.833274 -0.446486
v 10.153088 2.628076 -0.350802
v 10.416636 2.475598 -0.241636
v 10.702604 2.381704 -0.123186
v 10.732350 5.618296 -0.178838
v 10.474988 5.524402 -0.350802
v 10.237800 5.371924 -0.509286
v 10.029902 5.166726 -0.648198
v 9.859286 4.916690 -0.762200
v 9.732506 4.631428 -0.846912
v 9.654436 4.321900 -0.899076
v 9.628077 4.000000 -0.916690
v 9.654436 3.678100 -0.899076
v 9.732506 3.368572 -0.846912
v 9.859286 3.083310 -0.762200
v 10.029902 2.833274 -0.648198
v 10.237800 2.628076 -0.509286
v 10.474988 2.475598 -0.350802
v 10.732350 2.381704 -0.178838
v 10.772384 5.618296 -0.227616
v 10.553514 5.524402 -0.446486
v 10.351802 5.371924 -0.648198
v 10.175000 5.166726 -0.825000
v 10.029904 4.916690 -0.970098
v 9.922086 4.631428 -1.077914
v 9.855692 4.321900 -1.144308
v 9.833274 4.000000 -1.166726
v 9.855692 3.678100 -1.144308
v 9.922086 3.368572 -1.077914
v 10.029904 3.083310 -0.970098
v 10.175000 2.833274 -0.825000
v 10.351802 2.628076 -0.648198
v 10.553514 2.475598 -0.446486
v 10.772384 2.381704 -0.227616
v 10.821162 5.618296 -0.267650
v 10.649199 5.524402 -0.525012
v 10.490714 5.371924 -0.762200
v 10.351802 5.166726 -0.970098
v 10.237801 4.916690 -1.140714
v 10.153088 4.631428 -1.267494
v 10.100924 4.321900 -1.345564
v 10.083310 4.000000 -1.371924
v 10.100924 3.678100 -1.345564
v 10.153088 3.368572 -1.267494
v 10.237801 3.083310 -1.140714
v 10.351802 2.833274 -0.970098
v 10.490714 2.628076 -0.762200
v 10.649199 2.475598 -0.525012
v 10.821162 2.381704 -0.267650
v 10.876814 5.618296 -0.297396
v 10.758364 5.524402 -0.583362
v 10.649199 5.371924 -0.846912
v 10.553514 5.166726 -1.077914
v 10.474988 4.916690 -1.267492
v 10.416636 4.631428 -1.408362
v 10.380706 4.321900 -1.495110
v 10.368574 4.000000 -1.524400
v 10.380706 3.678100 -1.495110
v 10.416636 3.368572 -1.408362
v 10.474988 3.083310 -1.267492
v 10.553514 2.833274 -1.077914
v 10.649199 2.628076 -0.846912
v 10.758364 2.475598 -0.583362
v 10.876814 2.381704 -0.297396
v 10.937200 5.618296 -0.315714
v 10.876814 5.524402 -0.619294
v 10.821162 5.371924 -0.899076
v 10.772384 5.166726 -1.144308
v 10.732352 4.916690 -1.345564
v 10.702604 4.631428 -1.495110
v 10.684286 4.321900 -1.587200
v 10.678102 4.000000 -1.618294
v 10.684286 3.678100 -1.587200
v 10.702604 3.368572 -1.495110
v 10.732352 3.083310 -1.345564
v 10.772384 2.833274 -1.144308
v 10.821162 2.628076 -0.899076
v 10.876814 2.475598 -0.619294
v 10.937200 2.381704 -0.315714
v 11.000000 5.618296 -0.321898
v 11.000000 5.524402 -0.631428
v 11.000000 5.371924 -0.916690
v 11.000000 5.166726 -1.166726
v 11.000000 4.916690 -1.371924
v 11.000000 4.631428 -1.524400
v 11.000000 4.321900 -1.618296
v 11.000000 4.000000 -1.649998
v 11.000000 3.678100 -1.618296
v 11.000000 3.368572 -1.524400
v 11.000000 3.083310 -1.371924
v 11.000000 2.833274 -1.166726
v 11.000000 2.628076 -0.916690
v 11.000000 2.475598 -0.631428
v 11.000000 2.381704 -0.321898
v 11.062800 5.618296 -0.315714
v 11.123186 5.524402 -0.619294
v 11.178838 5.371924 -0.899076
v 11.227616 5.166726 -1.144308
v 11.267651 4.916690 -1.345564
v 11.297396 4.631428 -1.495110
v 11.315714 4.321900 -1.587200
v 11.321900 4.000000 -1.618294
v 11.315714 3.678100 -1.587200
v 11.297396 3.368572 -1.495110
v 11.267651 3.083310 -1.345564
v 11.227616 2.833274 -1.144308
v 11.178838 2.628076 -0.899076
v 11.123186 2.475598 -0.619294
v 11.062800 2.381704 -0.315714
v 11.123186 5.618296 -0.297396
v 11.241636 5.524402 -0.583362
v 11.350802 5.371924 -0.846912
v 11.446486 5.166726 -1.077914
v 11.525012 4.916690 -1.267492
v 11.583363 4.631428 -1.408362
v 11.619294 4.321900 -1.495110
v 11.631428 4.000000 -1.524400
v 11.619294 3.678100 -1.495110
v 11.583363 3.368572 -1.408362
v 11.525012 3.083310 -1.267492
v 11.446486 2.833274 -1.077914
v 11.350802 2.628076 -0.846912
v 11.241636 2.475598 -0.583362
v 11.123186 2.381704 -0.297396
v 11.178838 5.618296 -0.267650
v 11.350802 5.524402 -0.525012
v 11.509286 5.371924 -0.762200
v 11.648198 5.166726 -0.970098
v 11.762200 4.916690 -1.140714
v 11.846912 4.631428 -1.267492
v 11.899076 4.321900 -1.345564
v 11.916690 4.000000 -1.371924
v 11.899076 3.678100 -1.345564
v 11.846912 3.368572 -1.267492
v 11.762200 3.083310 -1.140714
v 11.648198 2.833274 -0.970098
v 11.509286 2.628076 -0.762200
v 11.350802 2.475598 -0.525012
v 11.178838 2.381704 -0.267650
v 11.227616 5.618296 -0.227616
v 11.446486 5.524402 -0.446486
v 11.648198 5.371924 -0.648198
v 11.825000 5.166726 -0.825000
v 11.970098 4.916690 -0.970096
v 12.077914 4.631428 -1.077914
v 12.144308 4.321900 -1.144308
v 12.166726 4.000000 -1.166724
v 12.144308 3.678100 -1.144308
v 12.077914 3.368572 -1.077914
v 11.970098 3.083310 -0.970096
v 11.825000 2.833274 -0.825000
v 11.648198 2.628076 -0.648198
v 11.446486 2.475598 -0.446486
v 11.227616 2.381704 -0.227616
v 11.000000 2.350000 0.000000
v 11.267650 5.618296 -0.178838
v 11.525012 5.524402 -0.350802
v 11.762200 5.371924 -0.509286
v 11.970098 5.166726 -0.648198
v 12.140715 4.916690 -0.762200
v 12.267492 4.631428 -0.846912
v 12.345564 4.321900 -0.899076
v 12.371924 4.000000 -0.916690
v 12.345564 3.678100 -0.899076
v 12.267492 3.368572 -0.846912
v 12.140715 3.083310 -0.762200
v 11.970098 2.833274 -0.648198
v 11.762200 2.628076 -0.509286
v 11.525012 2.475598 -0.350802
v 11.267650 2.381704 -0.178838
v 11.297396 5.618296 -0.123186
v 11.583362 5.524402 -0.241636
v 11.846912 5.371924 -0.350802
v 12.077914 5.166726 -0.446486
v 12.267492 4.916690 -0.525012
v 12.408362 4.631428 -0.583362
v 12.495110 4.321900 -0.619294
v 12.524400 4.000000 -0.631426
v 12.495110 3.678100 -0.619294
v 12.408362 3.368572 -0.583362
v 12.267492 3.083310 -0.525012
v 12.077914 2.833274 -0.446486
v 11.846912 2.628076 -0.350802
v 11.583362 2.475598 -0.241636
v 11.297396 2.381704 -0.123186
v 11.315714 5.618296 -0.062800
v 11.619294 5.524402 -0.123186
v 11.899076 5.371924 -0.178838
v 12.144308 5.166726 -0.227616
v 12.345564 4.916690 -0.267648
v 12.495110 4.631428 -0.297396
v 12.587200 4.321900 -0.315714
v 12.618294 4.000000 -0.321898
v 12.587200 3.678100 -0.315714
v 12.495110 3.368572 -0.297396
v 12.345564 3.083310 -0.267648
v 12.144308 2.833274 -0.227616
v 11.899076 2.628076 -0.178838
v 11.619294 2.475598 -0.123186
v 11.315714 2.381704 -0.062800
v 11.321898 5.618296 -0.000000
v 11.631428 5.524402 -0.000000
v 11.916690 5.371924 -0.000000
v 12.166726 5.166726 0.000000
v 12.371924 4.916690 0.000000
v 12.524400 4.631428 0.000000
v 12.618294 4.321900 0.000000
v 12.649998 4.000000 0.000000
v 12.618294 3.678100 0.000000
v 12.524400 3.368572 0.000000
v 12.371924 3.083310 0.000000
v 12.166726 2.833274 0.000000
v 11.916690 2.628076 0.000000
v 11.631428 2.475598 0.000000
v 11.321898 2.381704 0.000000
v 11.315714 5.618296 0.062800
v 11.619294 5.524402 0.123186
v 11.899076 5.371924 0.178838
v 12.144308 5.166726 0.227616
v 12.345562 4.916690 0.267650
v 12.495110 4.631428 0.297396
v 12.587200 4.321900 0.315714
v 12.618294 4.000000 0.321900
v 12.587200 3.678100 0.315714
v 12.495110 3.368572 0.297396
v 12.345562 3.083310 0.267650
v 12.144308 2.833274 0.227616
v 11.899076 2.628076 0.178838
v 11.619294 2.475598 0.123186
v 11.315714 2.381704 0.062800
v 11.297396 5.618296 0.123186
v 11.583362 5.524402 0.241636
v 11.846912 5.371924 0.350802
v 12.077914 5.166726 0.446486
v 12.267492 4.916690 0.525012
v 12.408362 4.631428 0.583362
v 12.495110 4.321900 0.619296
v 12.524400 4.000000 0.631428
v 12.495110 3.678100 0.619296
v 12.408362 3.368572 0.583362
v 12.267492 3.083310 0.525012
v 12.077914 2.833274 0.446486
v 11.846912 2.628076 0.350802
v 11.583362 2.475598 0.241636
v 11.297396 2.381704 0.123186
v 11.267648 5.618296 0.178838
v 11.525012 5.524402 0.350802
v 11.762200 5.371924 0.509286
v 11.970098 5.166726 0.648198
v 12.140712 4.916690 0.762200
v 12.267492 4.631428 0.846912
v 12.345562 4.321900 0.899076
v 12.371922 4.000000 0.916690
v 12.345562 3.678100 0.899076
v 12.267492 3.368572 0.846912
v 12.140712 3.083310 0.762200
v 11.970098 2.833274 0.648198
v 11.762200 2.628076 0.509286
v 11.525012 2.475598 0.350802
v 11.267648 2.381704 0.178838
v 11.227616 5.618296 0.227616
v 11.446486 5.524402 0.446486
v 11.648198 5.371924 0.648198
v 11.825000 5.166726 0.825000
v 11.970096 4.916690 0.970096
v 12.077914 4.631428 1.077914
v 12.144306 4.321900 1.144308
v 12.166724 4.000000 1.166726
v 12.144306 3.678100 1.144308
v 12.077914 3.368572 1.077914
v 11.970096 3.083310 0.970096
v 11.825000 2.833274 0.825000
v 11.648198 2.628076 0.648198
v 11.446486 2.475598 0.446486
v 11.227616 2.381704 0.227616
v 11.178838 5.618296 0.267648
v 11.350801 5.524402 0.525012
v 11.509286 5.371924 0.762200
v 11.648198 5.166726 0.970098
v 11.762199 4.916690 1.140714
v 11.846912 4.631428 1.267492
v 11.899076 4.321900 1.345564
v 11.916690 4.000000 1.371924
v 11.899076 3.678100 1.345564
v 11.846912 3.368572 1.267492
v 11.762199 3.083310 1.140714
v 11.648198 2.833274 0.970098
v 11.509286 2.628076 0.762200
v 11.350801 2.475598 0.525012
v 11.178838 2.381704 0.267648
v 11.123186 5.618296 0.297396
v 11.241636 5.524402 0.583362
v 11.350801 5.371924 0.846912
v 11.446486 5.166726 1.077914
v 11.525012 4.916690 1.267492
v 11.583362 4.631428 1.408362
v 11.619294 4.321900 1.495110
v 11.631426 4.000000 1.524400
v 11.619294 3.678100 1.495110
v 11.583362 3.368572 1.408362
v 11.525012 3.083310 1.267492
v 11.446486 2.833274 1.077914
v 11.350801 2.628076 0.846912
v 11.241636 2.475598 0.583362
v 11.123186 2.381704 0.297396
v 11.062800 5.618296 0.315714
v 11.123186 5.524402 0.619294
v 11.178836 5.371924 0.899076
v 11.227616 5.166726 1.144308
v 11.267648 4.916690 1.345562
v 11.297396 4.631428 1.495110
v 11.315714 4.321900 1.587200
v 11.321898 4.000000 1.618294
v 11.315714 3.678100 1.587200
v 11.297396 3.368572 1.495110
v 11.267648 3.083310 1.345562
v 11.227616 2.833274 1.144308
v 11.178836 2.628076 0.899076
v 11.123186 2.475598 0.619294
v 11.062800 2.381704 0.315714
v 11.000000 5.618296 0.321898
v 11.000000 5.524402 0.631428
v 11.000000 5.166726 1.166726
v 11.000000 4.631428 1.524400
v 11.000000 3.368572 1.524400
v 11.000000 2.833274 1.166726
v 11.000000 2.628076 0.916690
v 11.000000 2.475598 0.631428
v 11.000000 2.381704 0.321898
v 12.518000 2.482000 -0.049500
v 9.482000 2.482000 -0.049500
v 12.518000 5.518000 -0.049500
v 9.482000 5.518000 -0.049500
v 12.320000 2.482000 -0.049500
v 11.660000 2.482000 -0.049500
v 11.000000 2.020000 -0.049500
v 10.340000 2.482000 -0.049500
v 9.680000 2.482000 -0.049500
v 9.680000 5.518000 -0.049500
v 10.340000 5.518000 -0.049500
v 11.000000 5.980000 -0.049500
v 11.660000 5.518000 -0.049500
v 12.320000 5.518000 -0.049500
v 12.518000 5.320000 -0.049500
v 12.518000 4.660000 -0.049500
v 12.980000 4.000000 -0.049500
v 12.518000 3.340000 -0.049500
v 12.518000 2.680000 -0.049500
v 9.482000 2.680000 -0.049500
v 9.482000 3.340000 -0.049500
v 9.020000 4.000000 -0.049500
v 9.482000 4.660000 -0.049500
v 9.482000 5.320000 -0.049500
v 12.320000 2.680000 -0.247500
v 12.320000 3.340000 -0.247500
v 12.320000 4.000000 -0.247500
v 12.320000 4.660000 -0.247500
v 12.320000 5.320000 -0.247500
v 11.660000 2.680000 -0.247500
v 11.660000 5.320000 -0.247500
v 11.000000 2.680000 -0.247500
v 11.000000 5.320000 -0.247500
v 10.340000 2.680000 -0.247500
v 10.340000 5.320000 -0.247500
v 9.680000 2.680000 -0.247500
v 9.680000 3.340000 -0.247500
v 9.680000 4.000000 -0.247500
v 9.680000 4.660000 -0.247500
v 9.680000 5.320000 -0.247500
v 12.518000 2.482000 0.049500
v 9.482000 2.482000 0.049500
v 12.518000 5.518000 0.049500
v 9.482000 5.518000 0.049500
v 12.320000 2.482000 0.049500
v 11.660000 2.482000 0.049500
v 11.000000 2.020000 0.049500
v 10.340000 2.482000 0.049500
v 9.680000 2.482000 0.049500
v 9.680000 5.518000 0.049500
v 10.340000 5.518000 0.049500
v 11.000000 5.980000 0.049500
v 11.660000 5.518000 0.049500
v 12.320000 5.518000 0.049500
v 12.518000 5.320000 0.049500
v 12.518000 4.660000 0.049500
v 12.980000 4.000000 0.049500
v 12.518000 3.340000 0.049500
v 12.518000 2.680000 0.049500
v 9.482000 2.680000 0.049500
v 9.482000 3.340000 0.049500
v 9.020000 4.000000 0.049500
v 9.482000 4.660000 0.049500
v 9.482000 5.320000 0.049500
v 12.320000 2.680000 0.247500
v 12.320000 3.340000 0.247500
v 12.320000 4.000000 0.247500
v 12.320000 4.660000 0.247500
v 12.320000 5.320000 0.247500
v 11.660000 2.680000 0.247500
v 11.660000 5.320000 0.247500
v 11.000000 2.680000 0.247500
v 11.000000 5.320000 0.247500
v 10.340000 2.680000 0.247500
v 10.340000 5.320000 0.247500
v 9.680000 2.680000 0.247500
v 9.680000 3.340000 0.247500
v 9.680000 4.000000 0.247500
v 9.680000 4.660000 0.247500
v 9.680000 5.320000 0.247500
vn -0.0624 0.7715 0.6332
vn -0.0759 -0.6326 0.7708
vn -0.0759 0.6326 0.7708
vn -0.0624 -0.7715 0.6332
vn -0.0865 0.4696 0.8786
vn -0.0464 -0.8810 0.4709
vn -0.0938 0.2890 0.9527
vn -0.0286 -0.9566 0.2902
vn -0.0976 0.0976 0.9904
vn -0.0097 0.9951 0.0980
vn -0.0097 -0.9951 0.0980
vn -0.0976 -0.0976 0.9904
vn -0.0286 0.9566 0.2902
vn -0.0938 -0.2890 0.9527
vn -0.0464 0.8810 0.4709
vn -0.0865 -0.4696 0.8786
vn -0.2779 -0.2890 0.9161
vn -0.1374 0.8810 0.4528
vn -0.2563 -0.4696 0.8448
vn -0.1847 0.7715 0.6088
vn -0.2248 -0.6326 0.7412
vn -0.2248 0.6326 0.7412
vn -0.1847 -0.7715 0.6088
vn -0.2563 0.4696 0.8448
vn -0.1374 -0.8810 0.4528
vn -0.2779 0.2890 0.9161
vn -0.0846 -0.9566 0.2790
vn -0.2889 0.0976 0.9524
vn -0.0286 0.9951 0.0942
vn -0.0286 -0.9951 0.0942
vn -0.2889 -0.0976 0.9524
vn -0.0846 0.9566 0.2790
vn -0.2231 -0.8810 0.4173
vn -0.4513 0.2890 0.8443
vn -0.1374 -0.9565 0.2571
vn -0.4692 0.0976 0.8777
vn -0.0464 0.9951 0.0869
vn -0.0464 -0.9951 0.0869
vn -0.4692 -0.0976 0.8777
vn -0.1374 0.9565 0.2571
vn -0.4513 -0.2890 0.8443
vn -0.2231 0.8810 0.4173
vn -0.4162 -0.4696 0.7786
vn -0.2999 0.7715 0.5611
vn -0.3651 -0.6326 0.6831
vn -0.3651 0.6326 0.6831
vn -0.2999 -0.7715 0.5611
vn -0.4162 0.4696 0.7786
vn -0.5601 -0.4696 0.6825
vn -0.4036 0.7715 0.4918
vn -0.4913 -0.6326 0.5987
vn -0.4913 0.6326 0.5987
vn -0.4036 -0.7715 0.4918
vn -0.5601 0.4696 0.6825
vn -0.3002 -0.8810 0.3658
vn -0.6073 0.2890 0.7400
vn -0.1850 -0.9565 0.2254
vn -0.6314 0.0975 0.7693
vn -0.0625 0.9951 0.0761
vn -0.0625 -0.9951 0.0761
vn -0.6314 -0.0975 0.7693
vn -0.1850 0.9565 0.2254
vn -0.6073 -0.2890 0.7400
vn -0.3002 0.8810 0.3658
vn -0.2254 -0.9565 0.1850
vn -0.7693 0.0975 0.6314
vn -0.0761 0.9951 0.0625
vn -0.0761 -0.9951 0.0625
vn -0.7693 -0.0975 0.6314
vn -0.2254 0.9565 0.1850
vn -0.7400 -0.2890 0.6073
vn -0.3658 0.8810 0.3002
vn -0.6825 -0.4696 0.5601
vn -0.4918 0.7715 0.4036
vn -0.5987 -0.6326 0.4913
vn -0.5987 0.6326 0.4913
vn -0.4918 -0.7715 0.4036
vn -0.6825 0.4696 0.5601
vn -0.3658 -0.8810 0.3002
vn -0.7400 0.2890 0.6073
vn -0.5611 0.7715 0.2999
vn -0.6831 -0.6326 0.3651
vn -0.6831 0.6326 0.3651
vn -0.5611 -0.7715 0.2999
vn -0.7786 0.4696 0.4162
vn -0.4173 -0.8810 0.2231
vn -0.8443 0.2890 0.4513
vn -0.2571 -0.9565 0.1374
vn -0.8777 0.0975 0.4691
vn -0.0869 0.9951 0.0464
vn -0.0869 -0.9951 0.0464
vn -0.8777 -0.0975 0.4691
vn -0.2571 0.9565 0.1374
vn -0.8443 -0.2890 0.4513
vn -0.4173 0.8810 0.2231
vn -0.7786 -0.4696 0.4162
vn -0.9524 0.0975 0.2889
vn -0.0942 0.9951 0.0286
vn -0.0942 -0.9951 0.0286
vn -0.9524 -0.0975 0.2889
vn -0.2790 0.9565 0.0846
vn -0.9161 -0.2890 0.2779
vn -0.4528 0.8810 0.1374
vn -0.8448 -0.4696 0.2563
vn -0.6088 0.7715 0.1847
vn -0.7412 -0.6326 0.2248
vn -0.7412 0.6326 0.2248
vn -0.6088 -0.7715 0.1847
vn -0.8448 0.4696 0.2563
vn -0.4528 -0.8810 0.1374
vn -0.9161 0.2890 0.2779
vn -0.2790 -0.9565 0.0846
vn -0.7708 -0.6326 0.0759
vn -0.7708 0.6326 0.0759
vn -0.6332 -0.7715 0.0624
vn -0.8786 0.4696 0.0865
vn -0.4709 -0.8810 0.0464
vn -0.9527 0.2890 0.0938
vn -0.2902 -0.9565 0.0286
vn -0.9904 0.0976 0.0976
vn -0.0980 0.9951 0.0097
vn -0.0980 -0.9951 0.0097
vn -0.9904 -0.0976 0.0976
vn -0.2902 0.9565 0.0286
vn -0.9527 -0.2890 0.0938
vn -0.4709 0.8810 0.0464
vn -0.8786 -0.4696 0.0865
vn -0.6332 0.7715 0.0624
vn -0.0980 0.9951 -0.0097
vn -0.0980 -0.9951 -0.0097
vn -0.9904 -0.0976 -0.0976
vn -0.2902 0.9565 -0.0286
vn -0.9527 -0.2890 -0.0938
vn -0.4709 0.8810 -0.0464
vn -0.8786 -0.4696 -0.0865
vn -0.6332 0.7715 -0.0624
vn -0.7708 -0.6326 -0.0759
vn -0.7708 0.6326 -0.0759
vn -0.6332 -0.7715 -0.0624
vn -0.8786 0.4696 -0.0865
vn -0.4709 -0.8810 -0.0464
vn -0.9527 0.2890 -0.0938
vn -0.2902 -0.9565 -0.0286
vn -0.9904 0.0976 -0.0976
vn -0.7412 0.6326 -0.2248
vn -0.6088 -0.7715 -0.1847
vn -0.8448 0.4696 -0.2563
vn -0.4528 -0.8810 -0.1374
vn -0.9161 0.2890 -0.2779
vn -0.2790 -0.9565 -0.0846
vn -0.9524 0.0975 -0.2889
vn -0.0942 0.9951 -0.0286
vn -0.0942 -0.9951 -0.0286
vn -0.9524 -0.0975 -0.2889
vn -0.2790 0.9565 -0.0846
vn -0.9161 -0.2890 -0.2779
vn -0.4528 0.8810 -0.1374
vn -0.8448 -0.4696 -0.2563
vn -0.6088 0.7715 -0.1847
vn -0.7412 -0.6326 -0.2248
vn -0.8777 -0.0975 -0.4691
vn -0.2571 0.9565 -0.1374
vn -0.8443 -0.2890 -0.4513
vn -0.4173 0.8810 -0.2231
vn -0.7786 -0.4696 -0.4162
vn -0.5611 0.7715 -0.2999
vn -0.6831 -0.6326 -0.3651
vn -0.6831 0.6326 -0.3651
vn -0.5611 -0.7715 -0.2999
vn -0.7786 0.4696 -0.4162
vn -0.4173 -0.8810 -0.2231
vn -0.8443 0.2890 -0.4513
vn -0.2571 -0.9565 -0.1374
vn -0.8777 0.0975 -0.4692
vn -0.0869 0.9951 -0.0464
vn -0.0869 -0.9951 -0.0464
vn -0.4918 -0.7715 -0.4036
vn -0.6825 0.4696 -0.5601
vn -0.3658 -0.8810 -0.3002
vn -0.7400 0.2890 -0.6073
vn -0.2254 -0.9565 -0.1850
vn -0.7693 0.0975 -0.6314
vn -0.0761 0.9951 -0.0625
vn -0.0761 -0.9951 -0.0625
vn -0.7693 -0.0975 -0.6314
vn -0.2254 0.9565 -0.1850
vn -0.7400 -0.2890 -0.6073
vn -0.3658 0.8810 -0.3002
vn -0.6825 -0.4696 -0.5601
vn -0.4918 0.7715 -0.4036
vn -0.5987 -0.6326 -0.4913
vn -0.5987 0.6326 -0.4913
vn -0.6073 -0.2890 -0.7400
vn -0.3002 0.8810 -0.3658
vn -0.5601 -0.4696 -0.6825
vn -0.4036 0.7715 -0.4918
vn -0.4913 -0.6326 -0.5987
vn -0.4913 0.6326 -0.5987
vn -0.4036 -0.7715 -0.4918
vn -0.5601 0.4696 -0.6825
vn -0.3002 -0.8810 -0.3658
vn -0.6073 0.2890 -0.7400
vn -0.1850 -0.9565 -0.2254
vn -0.6314 0.0975 -0.7693
vn -0.0625 0.9951 -0.0761
vn -0.0625 -0.9951 -0.0761
vn -0.6314 -0.0975 -0.7693
vn -0.1850 0.9565 -0.2254
vn -0.2231 -0.8810 -0.4173
vn -0.4513 0.2890 -0.8443
vn -0.1374 -0.9565 -0.2571
vn -0.4691 0.0975 -0.8777
vn -0.0464 0.9951 -0.0869
vn -0.0464 -0.9951 -0.0869
vn -0.4691 -0.0975 -0.8777
vn -0.1374 0.9565 -0.2571
vn -0.4513 -0.2890 -0.8443
vn -0.2231 0.8810 -0.4173
vn -0.4162 -0.4696 -0.7786
vn -0.2999 0.7715 -0.5611
vn -0.3651 -0.6326 -0.6831
vn -0.3651 0.6326 -0.6831
vn -0.2999 -0.7715 -0.5611
vn -0.4162 0.4696 -0.7786
vn -0.1374 0.8810 -0.4528
vn -0.2563 -0.4696 -0.8448
vn -0.1847 0.7715 -0.6088
vn -0.2248 -0.6326 -0.7412
vn -0.2248 0.6326 -0.7412
vn -0.1847 -0.7715 -0.6088
vn -0.2563 0.4696 -0.8448
vn -0.1374 -0.8810 -0.4528
vn -0.2779 0.2890 -0.9161
vn -0.0846 -0.9565 -0.2790
vn -0.2889 0.0975 -0.9524
vn -0.0286 0.9951 -0.0942
vn -0.0286 -0.9951 -0.0942
vn -0.2889 -0.0975 -0.9524
vn -0.0846 0.9565 -0.2790
vn -0.2779 -0.2890 -0.9161
vn -0.0938 0.2890 -0.9527
vn -0.0286 -0.9565 -0.2902
vn -0.0976 0.0975 -0.9904
vn -0.0097 0.9951 -0.0980
vn -0.0097 -0.9951 -0.0980
vn -0.0976 -0.0975 -0.9904
vn -0.0286 0.9565 -0.2902
vn -0.0938 -0.2890 -0.9527
vn -0.0464 0.8810 -0.4709
vn -0.0865 -0.4696 -0.8786
vn -0.0624 0.7715 -0.6332
vn -0.0759 -0.6326 -0.7708
vn -0.0759 0.6326 -0.7708
vn -0.0624 -0.7715 -0.6332
vn -0.0865 0.4696 -0.8786
vn -0.0464 -0.8810 -0.4709
vn 0.0865 -0.4696 -0.8786
vn 0.0624 0.7715 -0.6332
vn 0.0759 -0.6326 -0.7708
vn 0.0759 0.6326 -0.7708
vn 0.0624 -0.7715 -0.6332
vn 0.0865 0.4696 -0.8786
vn 0.0464 -0.8810 -0.4709
vn 0.0938 0.2890 -0.9527
vn 0.0286 -0.9565 -0.2902
vn 0.0976 0.0975 -0.9904
vn 0.0097 0.9951 -0.0980
vn 0.0097 -0.9951 -0.0980
vn 0.0976 -0.0975 -0.9904
vn 0.0286 0.9565 -0.2902
vn 0.0938 -0.2890 -0.9527
vn 0.0464 0.8810 -0.4709
vn 0.0846 -0.9565 -0.2790
vn 0.2889 0.0975 -0.9524
vn 0.0286 0.9951 -0.0942
vn 0.0286 -0.9951 -0.0942
vn 0.2889 -0.0975 -0.9524
vn 0.0846 0.9565 -0.2790
vn 0.2779 -0.2890 -0.9161
vn 0.1374 0.8810 -0.4528
vn 0.2563 -0.4696 -0.8448
vn 0.1847 0.7715 -0.6088
vn 0.2248 -0.6326 -0.7412
vn 0.2248 0.6326 -0.7412
vn 0.1847 -0.7715 -0.6088
vn 0.2563 0.4696 -0.8448
vn 0.1374 -0.8810 -0.4528
vn 0.2779 0.2890 -0.9161
vn 0.2999 0.7715 -0.5611
vn 0.3651 -0.6326 -0.6831
vn 0.3651 0.6326 -0.6831
vn 0.2999 -0.7715 -0.5611
vn 0.4162 0.4696 -0.7786
vn 0.2231 -0.8810 -0.4173
vn 0.4513 0.2890 -0.8443
vn 0.1374 -0.9565 -0.2571
vn 0.4691 0.0975 -0.8777
vn 0.0464 0.9951 -0.0869
vn 0.0464 -0.9951 -0.0869
vn 0.4691 -0.0975 -0.8777
vn 0.1374 0.9565 -0.2571
vn 0.4513 -0.2890 -0.8443
vn 0.2231 0.8810 -0.4173
vn 0.4162 -0.4696 -0.7786
vn 0.6314 0.0975 -0.7693
vn 0.0625 0.9951 -0.0761
vn 0.0625 -0.9951 -0.0761
vn 0.6314 -0.0975 -0.7693
vn 0.1850 0.9565 -0.2254
vn 0.6073 -0.2890 -0.7400
vn 0.3002 0.8810 -0.3658
vn 0.5601 -0.4696 -0.6825
vn 0.4036 0.7715 -0.4918
vn 0.4913 -0.6326 -0.5987
vn 0.4913 0.6326 -0.5987
vn 0.4036 -0.7715 -0.4918
vn 0.5601 0.4696 -0.6825
vn 0.3002 -0.8810 -0.3658
vn 0.6073 0.2890 -0.7400
vn 0.1850 -0.9565 -0.2254
vn 0.5987 -0.6326 -0.4913
vn 0.5987 0.6326 -0.4913
vn 0.4918 -0.7715 -0.4036
vn 0.6825 0.4696 -0.5601
vn 0.3658 -0.8810 -0.3002
vn 0.7400 0.2890 -0.6073
vn 0.2254 -0.9565 -0.1850
vn 0.7693 0.0975 -0.6314
vn 0.0761 0.9951 -0.0625
vn 0.0761 -0.9951 -0.0625
vn 0.7693 -0.0975 -0.6314
vn 0.2254 0.9565 -0.1850
vn 0.7400 -0.2890 -0.6073
vn 0.3658 0.8810 -0.3002
vn 0.6825 -0.4696 -0.5601
vn 0.4918 0.7715 -0.4036
vn 0.0869 -0.9951 -0.0464
vn 0.8777 -0.0975 -0.4691
vn 0.2571 0.9565 -0.1374
vn 0.8443 -0.2890 -0.4513
vn 0.4173 0.8810 -0.2231
vn 0.7786 -0.4696 -0.4162
vn 0.5611 0.7715 -0.2999
vn 0.6831 -0.6326 -0.3651
vn 0.6831 0.6326 -0.3651
vn 0.5611 -0.7715 -0.2999
vn 0.7786 0.4696 -0.4162
vn 0.4173 -0.8810 -0.2231
vn 0.8443 0.2890 -0.4513
vn 0.2571 -0.9565 -0.1374
vn 0.8777 0.0975 -0.4691
vn 0.0869 0.9951 -0.0464
vn 0.6088 -0.7715 -0.1847
vn 0.8448 0.4696 -0.2563
vn 0.4528 -0.8810 -0.1374
vn 0.9161 0.2890 -0.2779
vn 0.2790 -0.9565 -0.0846
vn 0.9524 0.0975 -0.2889
vn 0.0942 0.9951 -0.0286
vn 0.0942 -0.9951 -0.0286
vn 0.9524 -0.0975 -0.2889
vn 0.2790 0.9565 -0.0846
vn 0.9161 -0.2890 -0.2779
vn 0.4528 0.8810 -0.1374
vn 0.8448 -0.4696 -0.2563
vn 0.6088 0.7715 -0.1847
vn 0.7412 -0.6326 -0.2248
vn 0.7412 0.6326 -0.2248
vn 0.2902 0.9565 -0.0286
vn 0.9527 -0.2890 -0.0938
vn 0.4709 0.8810 -0.0464
vn 0.8786 -0.4696 -0.0865
vn 0.6332 0.7715 -0.0624
vn 0.7708 -0.6326 -0.0759
vn 0.7708 0.6326 -0.0759
vn 0.6332 -0.7715 -0.0624
vn 0.8786 0.4696 -0.0865
vn 0.4709 -0.8810 -0.0464
vn 0.9527 0.2890 -0.0938
vn 0.2902 -0.9565 -0.0286
vn 0.9904 0.0975 -0.0975
vn 0.0980 0.9951 -0.0097
vn 0.0980 -0.9951 -0.0097
vn 0.9904 -0.0975 -0.0975
vn 0.8786 0.4696 0.0865
vn 0.4709 -0.8810 0.0464
vn 0.9527 0.2890 0.0938
vn 0.2902 -0.9565 0.0286
vn 0.9904 0.0975 0.0975
vn 0.0980 0.9951 0.0097
vn 0.0980 -0.9951 0.0097
vn 0.9904 -0.0975 0.0975
vn 0.2902 0.9565 0.0286
vn 0.9527 -0.2890 0.0938
vn 0.4709 0.8810 0.0464
vn 0.8786 -0.4696 0.0865
vn 0.6332 0.7715 0.0624
vn 0.7708 -0.6326 0.0759
vn 0.7708 0.6326 0.0759
vn 0.6332 -0.7715 0.0624
vn 0.9161 -0.2890 0.2779
vn 0.4528 0.8810 0.1374
vn 0.8448 -0.4696 0.2563
vn 0.6088 0.7715 0.1847
vn 0.7412 -0.6326 0.2248
vn 0.7412 0.6326 0.2248
vn 0.6088 -0.7715 0.1847
vn 0.8448 0.4696 0.2563
vn 0.4528 -0.8810 0.1374
vn 0.9161 0.2890 0.2779
vn 0.2790 -0.9565 0.0846
vn 0.9524 0.0975 0.2889
vn 0.0942 0.9951 0.0286
vn 0.0942 -0.9951 0.0286
vn 0.9524 -0.0975 0.2889
vn 0.2790 0.9565 0.0846
vn 0.4173 -0.8810 0.2231
vn 0.8443 0.2890 0.4513
vn 0.2571 -0.9565 0.1374
vn 0.8777 0.0975 0.4692
vn 0.0869 0.9951 0.0464
vn 0.0869 -0.9951 0.0464
vn 0.8777 -0.0975 0.4692
vn 0.2571 0.9565 0.1374
vn 0.8443 -0.2890 0.4513
vn 0.4173 0.8810 0.2231
vn 0.7786 -0.4696 0.4162
vn 0.5611 0.7715 0.2999
vn 0.6831 -0.6326 0.3651
vn 0.6831 0.6326 0.3651
vn 0.5611 -0.7715 0.2999
vn 0.7786 0.4696 0.4162
vn 0.3658 0.8810 0.3002
vn 0.6825 -0.4696 0.5601
vn 0.4918 0.7715 0.4036
vn 0.5987 -0.6326 0.4913
vn 0.5987 0.6326 0.4913
vn 0.4918 -0.7715 0.4036
vn 0.6825 0.4696 0.5601
vn 0.3658 -0.8810 0.3002
vn 0.7400 0.2890 0.6073
vn 0.2254 -0.9566 0.1850
vn 0.7693 0.0975 0.6314
vn 0.0761 0.9951 0.0625
vn 0.0761 -0.9951 0.0625
vn 0.7693 -0.0975 0.6314
vn 0.2254 0.9565 0.1850
vn 0.7400 -0.2890 0.6073
vn 0.6073 0.2890 0.7400
vn 0.1850 -0.9565 0.2254
vn 0.6314 0.0975 0.7693
vn 0.0625 0.9951 0.0761
vn 0.0625 -0.9951 0.0761
vn 0.6314 -0.0975 0.7693
vn 0.1850 0.9565 0.2254
vn 0.6073 -0.2890 0.7400
vn 0.3002 0.8810 0.3658
vn 0.5601 -0.4696 0.6825
vn 0.4036 0.7715 0.4918
vn 0.4913 -0.6326 0.5987
vn 0.4913 0.6326 0.5987
vn 0.4036 -0.7715 0.4918
vn 0.5601 0.4696 0.6825
vn 0.3002 -0.8810 0.3658
vn 0.4162 -0.4696 0.7786
vn 0.2999 0.7715 0.5611
vn 0.3651 -0.6326 0.6831
vn 0.3651 0.6326 0.6831
vn 0.2999 -0.7715 0.5611
vn 0.4162 0.4696 0.7786
vn 0.2231 -0.8810 0.4173
vn 0.4513 0.2890 0.8443
vn 0.1374 -0.9565 0.2571
vn 0.4691 0.0975 0.8777
vn 0.0464 0.9951 0.0869
vn 0.0464 -0.9951 0.0869
vn 0.4691 -0.0975 0.8777
vn 0.1374 0.9565 0.2571
vn 0.4513 -0.2890 0.8443
vn 0.2231 0.8810 0.4173
vn 0.0846 -0.9565 0.2790
vn 0.2889 0.0975 0.9524
vn 0.0286 0.9951 0.0942
vn 0.0286 -0.9951 0.0942
vn 0.2889 -0.0975 0.9524
vn 0.0846 0.9565 0.2790
vn 0.2779 -0.2890 0.9161
vn 0.1374 0.8810 0.4528
vn 0.2563 -0.4696 0.8448
vn 0.1847 0.7715 0.6088
vn 0.2248 -0.6326 0.7412
vn 0.2248 0.6326 0.7412
vn 0.1847 -0.7715 0.6088
vn 0.2563 0.4696 0.8448
vn 0.1374 -0.8810 0.4528
vn 0.2779 0.2890 0.9161
vn 0.0759 -0.6326 0.7708
vn 0.0759 0.6326 0.7708
vn 0.0624 -0.7715 0.6332
vn 0.0865 0.4696 0.8786
vn 0.0464 -0.8810 0.4709
vn 0.0938 0.2890 0.9527
vn 0.0286 -0.9565 0.2902
vn 0.0976 0.0975 0.9904
vn 0.0097 0.9951 0.0980
vn 0.0097 -0.9951 0.0980
vn 0.0976 -0.0975 0.9904
vn 0.0286 0.9565 0.2902
vn 0.0938 -0.2890 0.9527
vn 0.0464 0.8810 0.4709
vn 0.0865 -0.4696 0.8786
vn 0.0624 0.7715 0.6332
vn -0.4082 0.4082 -0.8165
vn 0.4082 0.4082 -0.8165
vn -0.0000 0.7071 -0.7071
vn 0.1451 0.4146 -0.8983
vn -0.1451 0.4146 -0.8983
vn -0.0000 -0.7071 -0.7071
vn -0.1451 -0.4146 -0.8983
vn 0.1451 -0.4146 -0.8983
vn 0.4082 -0.4082 -0.8165
vn 0.7071 -0.0000 -0.7071
vn 0.4146 -0.1451 -0.8983
vn 0.4146 0.1451 -0.8983
vn -0.4082 -0.4082 -0.8165
vn -0.7071 -0.0000 -0.7071
vn -0.4146 -0.1451 -0.8983
vn -0.4146 0.1451 -0.8983
vn -0.0000 -0.0000 -1.0000
vn -0.4082 0.4082 0.8165
vn 0.4082 0.4082 0.8165
vn -0.0000 0.7071 0.7071
vn 0.1451 0.4146 0.8983
vn -0.1451 0.4146 0.8983
vn -0.0000 -0.7071 0.7071
vn -0.1451 -0.4146 0.8983
vn 0.1451 -0.4146 0.8983
vn 0.4082 -0.4082 0.8165
vn 0.7071 -0.0000 0.7071
vn 0.4146 -0.1451 0.8983
vn 0.4146 0.1451 0.8983
vn -0.4082 -0.4082 0.8165
vn -0.7071 -0.0000 0.7071
vn -0.4146 -0.1451 0.8983
vn -0.4146 0.1451 0.8983
vn -0.0000 -0.0000 1.0000
vn 1.0000 -0.0000 -0.0000
vn -0.0000 -1.0000 -0.0000
vn -1.0000 -0.0000 -0.0000
vn -0.0000 1.0000 -0.0000
vn 0.5735 -0.8192 -0.0000
vn -0.5735 -0.8192 -0.0000
vn -0.5735 0.8192 -0.0000
vn 0.5735 0.8192 -0.0000
vn 0.8192 0.5735 -0.0000
vn 0.8192 -0.5735 -0.0000
vn -0.8192 -0.5735 -0.0000
vn -0.8192 0.5735 -0.0000
vt 0.170807 0.170807
vt 0.170807 0.128374
vt 0.192024 0.128374
vt 0.192024 0.170807
vt 0.170807 0.510277
vt 0.170807 0.467843
vt 0.192024 0.467843
vt 0.192024 0.510277
vt 0.170807 0.213241
vt 0.192024 0.213241
vt 0.170807 0.552711
vt 0.192024 0.552711
vt 0.170807 0.255675
vt 0.192024 0.255675
vt 0.170807 0.595145
vt 0.192024 0.595145
vt 0.170807 0.298108
vt 0.192024 0.298108
vt 0.170807 0.637578
vt 0.192024 0.637578
vt 0.170807 0.340542
vt 0.192024 0.340542
vt 0.170807 0.043506
vt 0.181416 0.001072
vt 0.192024 0.043506
vt 0.181416 0.680012
vt 0.170807 0.382976
vt 0.192024 0.382976
vt 0.170807 0.085940
vt 0.192024 0.085940
vt 0.170807 0.425410
vt 0.192024 0.425410
vt 0.213241 0.382976
vt 0.213241 0.425410
vt 0.213241 0.085940
vt 0.213241 0.128374
vt 0.213241 0.467843
vt 0.213241 0.170807
vt 0.213241 0.510277
vt 0.213241 0.213241
vt 0.213241 0.552711
vt 0.213241 0.255675
vt 0.213241 0.595145
vt 0.213241 0.298108
vt 0.213241 0.637578
vt 0.213241 0.340542
vt 0.202633 0.001072
vt 0.213241 0.043506
vt 0.202633 0.680012
vt 0.234458 0.552711
vt 0.234458 0.595145
vt 0.234458 0.255675
vt 0.234458 0.298108
vt 0.234458 0.637578
vt 0.234458 0.340542
vt 0.223849 0.001072
vt 0.234458 0.043506
vt 0.223850 0.680012
vt 0.234458 0.382976
vt 0.234458 0.085940
vt 0.234458 0.425410
vt 0.234458 0.128374
vt 0.234458 0.467843
vt 0.234458 0.170807
vt 0.234458 0.510277
vt 0.234458 0.213241
vt 0.255675 0.425410
vt 0.255675 0.467843
vt 0.255675 0.128374
vt 0.255675 0.170807
vt 0.255675 0.510277
vt 0.255675 0.213241
vt 0.255675 0.552711
vt 0.255675 0.255675
vt 0.255675 0.595145
vt 0.255675 0.298108
vt 0.255675 0.637578
vt 0.255675 0.340542
vt 0.245066 0.001072
vt 0.255675 0.043506
vt 0.245066 0.680012
vt 0.255675 0.382976
vt 0.255675 0.085940
vt 0.276892 0.595145
vt 0.276892 0.637578
vt 0.276892 0.298108
vt 0.276892 0.340542
vt 0.266283 0.001072
vt 0.276892 0.043506
vt 0.266283 0.680012
vt 0.276892 0.382976
vt 0.276892 0.085940
vt 0.276892 0.425410
vt 0.276892 0.128374
vt 0.276892 0.467843
vt 0.276892 0.170807
vt 0.276892 0.510277
vt 0.276892 0.213241
vt 0.276892 0.552711
vt 0.276892 0.255675
vt 0.298108 0.128374
vt 0.298108 0.170807
vt 0.298108 0.467843
vt 0.298108 0.510277
vt 0.298108 0.213241
vt 0.298108 0.552711
vt 0.298108 0.255675
vt 0.298108 0.595145
vt 0.298108 0.298108
vt 0.298109 0.637578
vt 0.298108 0.340542
vt 0.287500 0.001072
vt 0.298108 0.043506
vt 0.287500 0.680012
vt 0.298108 0.382976
vt 0.298108 0.085940
vt 0.298108 0.425410
vt 0.319325 0.298108
vt 0.319325 0.340542
vt 0.308717 0.001072
vt 0.319325 0.043506
vt 0.308717 0.680012
vt 0.319325 0.637578
vt 0.319325 0.382976
vt 0.319325 0.085940
vt 0.319325 0.425410
vt 0.319325 0.128374
vt 0.319325 0.467843
vt 0.319325 0.170807
vt 0.319325 0.510277
vt 0.319325 0.213241
vt 0.319325 0.552711
vt 0.319325 0.255675
vt 0.319325 0.595145
vt 0.340542 0.467843
vt 0.340542 0.510277
vt 0.340542 0.170807
vt 0.340542 0.213241
vt 0.340542 0.552711
vt 0.340542 0.255675
vt 0.340542 0.595145
vt 0.340542 0.298108
vt 0.340542 0.637578
vt 0.340542 0.340542
vt 0.329934 0.001072
vt 0.340542 0.043506
vt 0.329934 0.680012
vt 0.340542 0.382976
vt 0.340542 0.085940
vt 0.340542 0.425410
vt 0.340542 0.128374
vt 0.351151 0.001072
vt 0.361759 0.043506
vt 0.351151 0.680012
vt 0.361759 0.637578
vt 0.361759 0.340542
vt 0.361759 0.382976
vt 0.361759 0.085940
vt 0.361759 0.425410
vt 0.361759 0.128374
vt 0.361759 0.467843
vt 0.361759 0.170807
vt 0.361759 0.510277
vt 0.361759 0.213241
vt 0.361759 0.552711
vt 0.361759 0.255675
vt 0.361759 0.595145
vt 0.361759 0.298108
vt 0.382976 0.170807
vt 0.382976 0.213241
vt 0.382976 0.510277
vt 0.382976 0.552711
vt 0.382976 0.255675
vt 0.382976 0.595145
vt 0.382976 0.298108
vt 0.382976 0.637578
vt 0.382976 0.340542
vt 0.372368 0.001072
vt 0.382976 0.043506
vt 0.372368 0.680012
vt 0.382976 0.382976
vt 0.382976 0.085940
vt 0.382976 0.425410
vt 0.382976 0.128373
vt 0.382976 0.467843
vt 0.404193 0.340542
vt 0.404193 0.382976
vt 0.404193 0.043506
vt 0.404193 0.085940
vt 0.404193 0.425410
vt 0.404193 0.128373
vt 0.404193 0.467843
vt 0.404193 0.170807
vt 0.404193 0.510277
vt 0.404193 0.213241
vt 0.404193 0.552711
vt 0.404193 0.255675
vt 0.404193 0.595145
vt 0.404193 0.298108
vt 0.404193 0.637578
vt 0.393584 0.001072
vt 0.393584 0.680012
vt 0.425410 0.510277
vt 0.425410 0.552711
vt 0.425410 0.213241
vt 0.425410 0.255675
vt 0.425410 0.595145
vt 0.425410 0.298108
vt 0.425410 0.637578
vt 0.425410 0.340542
vt 0.414801 0.001072
vt 0.425410 0.043506
vt 0.414801 0.680012
vt 0.425410 0.382976
vt 0.425410 0.085940
vt 0.425410 0.425410
vt 0.425410 0.128373
vt 0.425410 0.467843
vt 0.425410 0.170807
vt 0.446626 0.382976
vt 0.446626 0.425410
vt 0.446626 0.085940
vt 0.446627 0.128373
vt 0.446626 0.467843
vt 0.446627 0.170807
vt 0.446626 0.510277
vt 0.446626 0.213241
vt 0.446627 0.552711
vt 0.446626 0.255675
vt 0.446626 0.595145
vt 0.446626 0.298108
vt 0.446627 0.637578
vt 0.446627 0.340542
vt 0.436018 0.001072
vt 0.446627 0.043506
vt 0.436018 0.680012
vt 0.467843 0.552711
vt 0.467843 0.595145
vt 0.467843 0.255675
vt 0.467843 0.298108
vt 0.467843 0.637578
vt 0.467843 0.340542
vt 0.457235 0.001072
vt 0.467843 0.043506
vt 0.457235 0.680012
vt 0.467843 0.382976
vt 0.467843 0.085940
vt 0.467843 0.425410
vt 0.467843 0.128373
vt 0.467843 0.467843
vt 0.467843 0.170807
vt 0.467843 0.510277
vt 0.467843 0.213241
vt 0.489060 0.085940
vt 0.489060 0.128373
vt 0.489060 0.425410
vt 0.489060 0.467843
vt 0.489060 0.170807
vt 0.489060 0.510277
vt 0.489060 0.213241
vt 0.489060 0.552711
vt 0.489060 0.255675
vt 0.489060 0.595145
vt 0.489060 0.298108
vt 0.489060 0.637578
vt 0.489060 0.340542
vt 0.478452 0.001072
vt 0.489060 0.043506
vt 0.478452 0.680012
vt 0.489060 0.382976
vt 0.510277 0.255675
vt 0.510277 0.298108
vt 0.510277 0.595145
vt 0.510277 0.637578
vt 0.510277 0.340542
vt 0.499669 0.001072
vt 0.510277 0.043506
vt 0.499669 0.680012
vt 0.510277 0.382976
vt 0.510277 0.085940
vt 0.510277 0.425410
vt 0.510277 0.128373
vt 0.510277 0.467843
vt 0.510277 0.170807
vt 0.510277 0.510277
vt 0.510277 0.213241
vt 0.510277 0.552711
vt 0.531494 0.425410
vt 0.531494 0.467843
vt 0.531494 0.128373
vt 0.531494 0.170807
vt 0.531494 0.510277
vt 0.531494 0.213241
vt 0.531494 0.552711
vt 0.531494 0.255675
vt 0.531494 0.595145
vt 0.531494 0.298108
vt 0.531494 0.637578
vt 0.531494 0.340542
vt 0.520885 0.001072
vt 0.531494 0.043506
vt 0.520886 0.680012
vt 0.531494 0.382976
vt 0.531494 0.085940
vt 0.552711 0.595145
vt 0.552711 0.637578
vt 0.552711 0.298108
vt 0.552711 0.340542
vt 0.542102 0.001072
vt 0.552711 0.043506
vt 0.542103 0.680012
vt 0.552711 0.382976
vt 0.552711 0.085940
vt 0.552711 0.425410
vt 0.552711 0.128373
vt 0.552711 0.467843
vt 0.552711 0.170807
vt 0.552711 0.510277
vt 0.552711 0.213241
vt 0.552711 0.552711
vt 0.552711 0.255675
vt 0.573928 0.128373
vt 0.573928 0.170807
vt 0.573928 0.467843
vt 0.573928 0.510277
vt 0.573928 0.213241
vt 0.573928 0.552711
vt 0.573928 0.255675
vt 0.573928 0.595145
vt 0.573928 0.298108
vt 0.573928 0.637578
vt 0.573928 0.340542
vt 0.563319 0.001072
vt 0.573928 0.043506
vt 0.563319 0.680012
vt 0.573928 0.382976
vt 0.573928 0.085940
vt 0.573928 0.425410
vt 0.595145 0.298108
vt 0.595145 0.340542
vt 0.584536 0.001072
vt 0.595145 0.043506
vt 0.584536 0.680012
vt 0.595145 0.637578
vt 0.595145 0.382976
vt 0.595145 0.085940
vt 0.595145 0.425410
vt 0.595145 0.128373
vt 0.595145 0.467843
vt 0.595145 0.170807
vt 0.595145 0.510277
vt 0.595145 0.213241
vt 0.595145 0.552711
vt 0.595145 0.255675
vt 0.595145 0.595145
vt 0.616361 0.467843
vt 0.616361 0.510277
vt 0.616361 0.170807
vt 0.616361 0.213241
vt 0.616361 0.552711
vt 0.616361 0.255675
vt 0.616361 0.595145
vt 0.616361 0.298108
vt 0.616361 0.637578
vt 0.616361 0.340542
vt 0.605753 0.001072
vt 0.616361 0.043506
vt 0.605753 0.680012
vt 0.616361 0.382976
vt 0.616361 0.085940
vt 0.616361 0.425410
vt 0.616361 0.128373
vt 0.626970 0.680012
vt 0.637578 0.637578
vt 0.637578 0.340542
vt 0.637578 0.382976
vt 0.637578 0.043506
vt 0.637578 0.085940
vt 0.637578 0.425410
vt 0.637578 0.128373
vt 0.637578 0.467843
vt 0.637578 0.170807
vt 0.637578 0.510277
vt 0.637578 0.213241
vt 0.637578 0.552711
vt 0.637578 0.255675
vt 0.637578 0.595145
vt 0.637578 0.298108
vt 0.626970 0.001072
vt 0.658795 0.510277
vt 0.658795 0.552711
vt 0.658795 0.213241
vt 0.658795 0.255675
vt 0.658795 0.595145
vt 0.658795 0.298108
vt 0.658795 0.637578
vt 0.658795 0.340542
vt 0.648187 0.001072
vt 0.658795 0.043506
vt 0.648187 0.680012
vt 0.658795 0.382976
vt 0.658795 0.085940
vt 0.658795 0.425410
vt 0.658795 0.128373
vt 0.658795 0.467843
vt 0.658795 0.170807
vt 0.680012 0.043506
vt 0.680012 0.085940
vt 0.680012 0.382976
vt 0.680012 0.425410
vt 0.680012 0.128373
vt 0.680012 0.467843
vt 0.680012 0.170807
vt 0.680012 0.510277
vt 0.680012 0.213241
vt 0.680012 0.552711
vt 0.680012 0.255675
vt 0.680012 0.595145
vt 0.680012 0.298108
vt 0.680012 0.637578
vt 0.680012 0.340542
vt 0.669404 0.001072
vt 0.669404 0.680012
vt 0.001072 0.255675
vt 0.001072 0.213241
vt 0.022289 0.213241
vt 0.022289 0.255675
vt 0.001072 0.595145
vt 0.001072 0.552711
vt 0.022289 0.552711
vt 0.022289 0.595145
vt 0.001072 0.298108
vt 0.022289 0.298108
vt 0.001072 0.637578
vt 0.022289 0.637578
vt 0.001072 0.340542
vt 0.022289 0.340542
vt 0.001072 0.043506
vt 0.011681 0.001072
vt 0.022289 0.043506
vt 0.011681 0.680012
vt 0.001072 0.382976
vt 0.022289 0.382976
vt 0.001072 0.085940
vt 0.022289 0.085940
vt 0.001072 0.425410
vt 0.022289 0.425410
vt 0.001072 0.128373
vt 0.022289 0.128373
vt 0.001072 0.467843
vt 0.022289 0.467843
vt 0.001072 0.170807
vt 0.022289 0.170807
vt 0.001072 0.510277
vt 0.022289 0.510277
vt 0.043506 0.382976
vt 0.043506 0.425410
vt 0.043506 0.085940
vt 0.043506 0.128373
vt 0.043506 0.467843
vt 0.043506 0.170807
vt 0.043506 0.510277
vt 0.043506 0.213241
vt 0.043506 0.552711
vt 0.043506 0.255675
vt 0.043506 0.595145
vt 0.043506 0.298108
vt 0.043506 0.637578
vt 0.043506 0.340542
vt 0.032898 0.001072
vt 0.043506 0.043506
vt 0.032898 0.680012
vt 0.064723 0.552711
vt 0.064723 0.595145
vt 0.064723 0.255675
vt 0.064723 0.298108
vt 0.064723 0.637578
vt 0.064723 0.340542
vt 0.054114 0.001072
vt 0.064723 0.043506
vt 0.054115 0.680012
vt 0.064723 0.382976
vt 0.064723 0.085940
vt 0.064723 0.425410
vt 0.064723 0.128373
vt 0.064723 0.467843
vt 0.064723 0.170807
vt 0.064723 0.510277
vt 0.064723 0.213241
vt 0.085940 0.085940
vt 0.085940 0.128373
vt 0.085940 0.425410
vt 0.085940 0.467843
vt 0.085940 0.170807
vt 0.085940 0.510277
vt 0.085940 0.213241
vt 0.085940 0.552711
vt 0.085940 0.255675
vt 0.085940 0.595145
vt 0.085940 0.298108
vt 0.085940 0.637578
vt 0.085940 0.340542
vt 0.075331 0.001072
vt 0.085940 0.043506
vt 0.075331 0.680012
vt 0.085940 0.382976
vt 0.107157 0.255675
vt 0.107157 0.298108
vt 0.107157 0.595145
vt 0.107157 0.637578
vt 0.107157 0.340542
vt 0.096548 0.001072
vt 0.107157 0.043506
vt 0.096548 0.680012
vt 0.107157 0.382976
vt 0.107157 0.085940
vt 0.107157 0.425410
vt 0.107157 0.128373
vt 0.107157 0.467843
vt 0.107157 0.170807
vt 0.107157 0.510277
vt 0.107157 0.213241
vt 0.107157 0.552711
vt 0.128374 0.425410
vt 0.128374 0.467843
vt 0.128374 0.128373
vt 0.128374 0.170807
vt 0.128374 0.510277
vt 0.128374 0.213241
vt 0.128374 0.552711
vt 0.128374 0.255675
vt 0.128374 0.595145
vt 0.128374 0.298108
vt 0.128374 0.637578
vt 0.128374 0.340542
vt 0.117765 0.001072
vt 0.128374 0.043506
vt 0.117765 0.680012
vt 0.128374 0.382976
vt 0.128374 0.085940
vt 0.149590 0.595145
vt 0.149590 0.637578
vt 0.149590 0.298108
vt 0.149590 0.340542
vt 0.138982 0.001072
vt 0.149590 0.043506
vt 0.138982 0.680012
vt 0.149590 0.382976
vt 0.149590 0.085940
vt 0.149590 0.425410
vt 0.149590 0.128373
vt 0.149590 0.467843
vt 0.149590 0.170807
vt 0.149590 0.510277
vt 0.149590 0.213241
vt 0.149590 0.552711
vt 0.149590 0.255675
vt 0.160199 0.001072
vt 0.160199 0.680012
vt 0.950405 0.913754
vt 0.980834 0.907668
vt 0.986920 0.938097
vt 0.956491 0.944183
vt 0.676541 0.968527
vt 0.706971 0.962441
vt 0.713056 0.992870
vt 0.682627 0.998956
vt 0.767829 0.950269
vt 0.773915 0.980698
vt 0.828688 0.938097
vt 0.840860 0.998956
vt 0.889546 0.925926
vt 0.895632 0.956355
vt 0.834774 0.652062
vt 0.895632 0.639890
vt 0.901718 0.670319
vt 0.840860 0.682491
vt 0.767829 0.633804
vt 0.780001 0.694663
vt 0.713056 0.676405
vt 0.719142 0.706834
vt 0.652198 0.688577
vt 0.658284 0.719006
vt 0.621768 0.694663
vt 0.627854 0.725092
vt 0.670455 0.779865
vt 0.640026 0.785951
vt 0.682627 0.840724
vt 0.621768 0.852895
vt 0.694799 0.901582
vt 0.664369 0.907668
vt 0.926062 0.633804
vt 0.932148 0.664233
vt 0.944319 0.725092
vt 0.913890 0.731178
vt 0.986920 0.779865
vt 0.926062 0.792037
vt 0.968663 0.846809
vt 0.938233 0.852895
s 1
usemtl Material.022
f 3992/3693/3395 3517/3694/3395 3525/3695/3395 3526/3696/3395
f 3995/3697/3396 3522/3698/3396 3533/3699/3396 3534/3700/3396
f 3518/3701/3397 3992/3693/3397 3526/3696/3397 3527/3702/3397
f 3996/3703/3398 3995/3697/3398 3534/3700/3398 3535/3704/3398
f 3993/3705/3399 3518/3701/3399 3527/3702/3399 3528/3706/3399
f 3997/3707/3400 3996/3703/3400 3535/3704/3400 3536/3708/3400
f 3519/3709/3401 3993/3705/3401 3528/3706/3401 3529/3710/3401
f 3998/3711/3402 3997/3707/3402 3536/3708/3402 3537/3712/3402
f 3520/3713/3403 3519/3709/3403 3529/3710/3403 3530/3714/3403
f 3990/3715/3404 3598/3716/3404 3523/3717/3404
f 3824/3718/3405 3998/3711/3405 3537/3712/3405
f 3521/3719/3406 3520/3713/3406 3530/3714/3406 3531/3720/3406
f 3991/3721/3407 3990/3715/3407 3523/3717/3407 3524/3722/3407
f 3994/3723/3408 3521/3719/3408 3531/3720/3408 3532/3724/3408
f 3517/3694/3409 3991/3721/3409 3524/3722/3409 3525/3695/3409
f 3522/3698/3410 3994/3723/3410 3532/3724/3410 3533/3699/3410
f 3532/3724/3411 3531/3720/3411 3546/3725/3411 3547/3726/3411
f 3525/3695/3412 3524/3722/3412 3539/3727/3412 3540/3728/3412
f 3533/3699/3413 3532/3724/3413 3547/3726/3413 3548/3729/3413
f 3526/3696/3414 3525/3695/3414 3540/3728/3414 3541/3730/3414
f 3534/3700/3415 3533/3699/3415 3548/3729/3415 3549/3731/3415
f 3527/3702/3416 3526/3696/3416 3541/3730/3416 3542/3732/3416
f 3535/3704/3417 3534/3700/3417 3549/3731/3417 3550/3733/3417
f 3528/3706/3418 3527/3702/3418 3542/3732/3418 3543/3734/3418
f 3536/3708/3419 3535/3704/3419 3550/3733/3419 3551/3735/3419
f 3529/3710/3420 3528/3706/3420 3543/3734/3420 3544/3736/3420
f 3537/3712/3421 3536/3708/3421 3551/3735/3421 3552/3737/3421
f 3530/3714/3422 3529/3710/3422 3544/3736/3422 3545/3738/3422
f 3523/3717/3423 3598/3739/3423 3538/3740/3423
f 3824/3741/3424 3537/3712/3424 3552/3737/3424
f 3531/3720/3425 3530/3714/3425 3545/3738/3425 3546/3725/3425
f 3524/3722/3426 3523/3717/3426 3538/3740/3426 3539/3727/3426
f 3551/3735/3427 3550/3733/3427 3565/3742/3427 3566/3743/3427
f 3544/3736/3428 3543/3734/3428 3558/3744/3428 3559/3745/3428
f 3552/3737/3429 3551/3735/3429 3566/3743/3429 3567/3746/3429
f 3545/3738/3430 3544/3736/3430 3559/3745/3430 3560/3747/3430
f 3538/3740/3431 3598/3748/3431 3553/3749/3431
f 3824/3750/3432 3552/3737/3432 3567/3746/3432
f 3546/3725/3433 3545/3738/3433 3560/3747/3433 3561/3751/3433
f 3539/3727/3434 3538/3740/3434 3553/3749/3434 3554/3752/3434
f 3547/3726/3435 3546/3725/3435 3561/3751/3435 3562/3753/3435
f 3540/3728/3436 3539/3727/3436 3554/3752/3436 3555/3754/3436
f 3548/3729/3437 3547/3726/3437 3562/3753/3437 3563/3755/3437
f 3541/3730/3438 3540/3728/3438 3555/3754/3438 3556/3756/3438
f 3549/3731/3439 3548/3729/3439 3563/3755/3439 3564/3757/3439
f 3542/3732/3440 3541/3730/3440 3556/3756/3440 3557/3758/3440
f 3550/3733/3441 3549/3731/3441 3564/3757/3441 3565/3742/3441
f 3543/3734/3442 3542/3732/3442 3557/3758/3442 3558/3744/3442
f 3563/3755/3443 3562/3753/3443 3577/3759/3443 3578/3760/3443
f 3556/3756/3444 3555/3754/3444 3570/3761/3444 3571/3762/3444
f 3564/3757/3445 3563/3755/3445 3578/3760/3445 3579/3763/3445
f 3557/3758/3446 3556/3756/3446 3571/3762/3446 3572/3764/3446
f 3565/3742/3447 3564/3757/3447 3579/3763/3447 3580/3765/3447
f 3558/3744/3448 3557/3758/3448 3572/3764/3448 3573/3766/3448
f 3566/3743/3449 3565/3742/3449 3580/3765/3449 3581/3767/3449
f 3559/3745/3450 3558/3744/3450 3573/3766/3450 3574/3768/3450
f 3567/3746/3451 3566/3743/3451 3581/3767/3451 3582/3769/3451
f 3560/3747/3452 3559/3745/3452 3574/3768/3452 3575/3770/3452
f 3553/3749/3453 3598/3771/3453 3568/3772/3453
f 3824/3773/3454 3567/3746/3454 3582/3769/3454
f 3561/3751/3455 3560/3747/3455 3575/3770/3455 3576/3774/3455
f 3554/3752/3456 3553/3749/3456 3568/3772/3456 3569/3775/3456
f 3562/3753/3457 3561/3751/3457 3576/3774/3457 3577/3759/3457
f 3555/3754/3458 3554/3752/3458 3569/3775/3458 3570/3761/3458
f 3582/3769/3459 3581/3767/3459 3596/3776/3459 3597/3777/3459
f 3575/3770/3460 3574/3768/3460 3589/3778/3460 3590/3779/3460
f 3568/3772/3461 3598/3780/3461 3583/3781/3461
f 3824/3782/3462 3582/3769/3462 3597/3777/3462
f 3576/3774/3463 3575/3770/3463 3590/3779/3463 3591/3783/3463
f 3569/3775/3464 3568/3772/3464 3583/3781/3464 3584/3784/3464
f 3577/3759/3465 3576/3774/3465 3591/3783/3465 3592/3785/3465
f 3570/3761/3466 3569/3775/3466 3584/3784/3466 3585/3786/3466
f 3578/3760/3467 3577/3759/3467 3592/3785/3467 3593/3787/3467
f 3571/3762/3468 3570/3761/3468 3585/3786/3468 3586/3788/3468
f 3579/3763/3469 3578/3760/3469 3593/3787/3469 3594/3789/3469
f 3572/3764/3470 3571/3762/3470 3586/3788/3470 3587/3790/3470
f 3580/3765/3471 3579/3763/3471 3594/3789/3471 3595/3791/3471
f 3573/3766/3472 3572/3764/3472 3587/3790/3472 3588/3792/3472
f 3581/3767/3473 3580/3765/3473 3595/3791/3473 3596/3776/3473
f 3574/3768/3474 3573/3766/3474 3588/3792/3474 3589/3778/3474
f 3586/3788/3475 3585/3786/3475 3601/3793/3475 3602/3794/3475
f 3594/3789/3476 3593/3787/3476 3609/3795/3476 3610/3796/3476
f 3587/3790/3477 3586/3788/3477 3602/3794/3477 3603/3797/3477
f 3595/3791/3478 3594/3789/3478 3610/3796/3478 3611/3798/3478
f 3588/3792/3479 3587/3790/3479 3603/3797/3479 3604/3799/3479
f 3596/3776/3480 3595/3791/3480 3611/3798/3480 3612/3800/3480
f 3589/3778/3481 3588/3792/3481 3604/3799/3481 3605/3801/3481
f 3597/3777/3482 3596/3776/3482 3612/3800/3482 3613/3802/3482
f 3590/3779/3483 3589/3778/3483 3605/3801/3483 3606/3803/3483
f 3583/3781/3484 3598/3804/3484 3599/3805/3484
f 3824/3806/3485 3597/3777/3485 3613/3802/3485
f 3591/3783/3486 3590/3779/3486 3606/3803/3486 3607/3807/3486
f 3584/3784/3487 3583/3781/3487 3599/3805/3487 3600/3808/3487
f 3592/3785/3488 3591/3783/3488 3607/3807/3488 3608/3809/3488
f 3585/3786/3489 3584/3784/3489 3600/3808/3489 3601/3793/3489
f 3593/3787/3490 3592/3785/3490 3608/3809/3490 3609/3795/3490
f 3606/3803/3491 3605/3801/3491 3620/3810/3491 3621/3811/3491
f 3599/3805/3492 3598/3812/3492 3614/3813/3492
f 3824/3814/3493 3613/3802/3493 3628/3815/3493
f 3607/3807/3494 3606/3803/3494 3621/3811/3494 3622/3816/3494
f 3600/3808/3495 3599/3805/3495 3614/3813/3495 3615/3817/3495
f 3608/3809/3496 3607/3807/3496 3622/3816/3496 3623/3818/3496
f 3601/3793/3497 3600/3808/3497 3615/3817/3497 3616/3819/3497
f 3609/3795/3498 3608/3809/3498 3623/3818/3498 3624/3820/3498
f 3602/3794/3499 3601/3793/3499 3616/3819/3499 3617/3821/3499
f 3610/3796/3500 3609/3795/3500 3624/3820/3500 3625/3822/3500
f 3603/3797/3501 3602/3794/3501 3617/3821/3501 3618/3823/3501
f 3611/3798/3502 3610/3796/3502 3625/3822/3502 3626/3824/3502
f 3604/3799/3503 3603/3797/3503 3618/3823/3503 3619/3825/3503
f 3612/3800/3504 3611/3798/3504 3626/3824/3504 3627/3826/3504
f 3605/3801/3505 3604/3799/3505 3619/3825/3505 3620/3810/3505
f 3613/3802/3506 3612/3800/3506 3627/3826/3506 3628/3815/3506
f 3625/3822/3507 3624/3820/3507 3639/3827/3507 3640/3828/3507
f 3618/3823/3508 3617/3821/3508 3632/3829/3508 3633/3830/3508
f 3626/3824/3509 3625/3822/3509 3640/3828/3509 3641/3831/3509
f 3619/3825/3510 3618/3823/3510 3633/3830/3510 3634/3832/3510
f 3627/3826/3511 3626/3824/3511 3641/3831/3511 3642/3833/3511
f 3620/3810/3512 3619/3825/3512 3634/3832/3512 3635/3834/3512
f 3628/3815/3513 3627/3826/3513 3642/3833/3513 3643/3835/3513
f 3621/3811/3514 3620/3810/3514 3635/3834/3514 3636/3836/3514
f 3614/3813/3515 3598/3837/3515 3629/3838/3515
f 3824/3839/3516 3628/3815/3516 3643/3835/3516
f 3622/3816/3517 3621/3811/3517 3636/3836/3517 3637/3840/3517
f 3615/3817/3518 3614/3813/3518 3629/3838/3518 3630/3841/3518
f 3623/3818/3519 3622/3816/3519 3637/3840/3519 3638/3842/3519
f 3616/3819/3520 3615/3817/3520 3630/3841/3520 3631/3843/3520
f 3624/3820/3521 3623/3818/3521 3638/3842/3521 3639/3827/3521
f 3617/3821/3522 3616/3819/3522 3631/3843/3522 3632/3829/3522
f 3629/3838/3523 3598/3844/3523 3644/3845/3523
f 3824/3846/3524 3643/3835/3524 3658/3847/3524
f 3637/3840/3525 3636/3836/3525 3651/3848/3525 3652/3849/3525
f 3630/3841/3526 3629/3838/3526 3644/3845/3526 3645/3850/3526
f 3638/3842/3527 3637/3840/3527 3652/3849/3527 3653/3851/3527
f 3631/3843/3528 3630/3841/3528 3645/3850/3528 3646/3852/3528
f 3639/3827/3529 3638/3842/3529 3653/3851/3529 3654/3853/3529
f 3632/3829/3530 3631/3843/3530 3646/3852/3530 3647/3854/3530
f 3640/3828/3531 3639/3827/3531 3654/3853/3531 3655/3855/3531
f 3633/3830/3532 3632/3829/3532 3647/3854/3532 3648/3856/3532
f 3641/3831/3533 3640/3828/3533 3655/3855/3533 3656/3857/3533
f 3634/3832/3534 3633/3830/3534 3648/3856/3534 3649/3858/3534
f 3642/3833/3535 3641/3831/3535 3656/3857/3535 3657/3859/3535
f 3635/3834/3536 3634/3832/3536 3649/3858/3536 3650/3860/3536
f 3643/3835/3537 3642/3833/3537 3657/3859/3537 3658/3847/3537
f 3636/3836/3538 3635/3834/3538 3650/3860/3538 3651/3848/3538
f 3648/3856/3539 3647/3854/3539 3662/3861/3539 3663/3862/3539
f 3656/3857/3540 3655/3855/3540 3670/3863/3540 3671/3864/3540
f 3649/3858/3541 3648/3856/3541 3663/3862/3541 3664/3865/3541
f 3657/3859/3542 3656/3857/3542 3671/3864/3542 3672/3866/3542
f 3650/3860/3543 3649/3858/3543 3664/3865/3543 3665/3867/3543
f 3658/3847/3544 3657/3859/3544 3672/3866/3544 3673/3868/3544
f 3651/3848/3545 3650/3860/3545 3665/3867/3545 3666/3869/3545
f 3644/3845/3546 3598/3870/3546 3659/3871/3546
f 3824/3872/3547 3658/3847/3547 3673/3868/3547
f 3652/3849/3548 3651/3848/3548 3666/3869/3548 3667/3873/3548
f 3645/3850/3549 3644/3845/3549 3659/3871/3549 3660/3874/3549
f 3653/3851/3550 3652/3849/3550 3667/3873/3550 3668/3875/3550
f 3646/3852/3551 3645/3850/3551 3660/3874/3551 3661/3876/3551
f 3654/3853/3552 3653/3851/3552 3668/3875/3552 3669/3877/3552
f 3647/3854/3553 3646/3852/3553 3661/3876/3553 3662/3861/3553
f 3655/3855/3554 3654/3853/3554 3669/3877/3554 3670/3863/3554
f 3667/3873/3555 3666/3869/3555 3681/3878/3555 3682/3879/3555
f 3660/3874/3556 3659/3871/3556 3674/3880/3556 3675/3881/3556
f 3668/3875/3557 3667/3873/3557 3682/3879/3557 3683/3882/3557
f 3661/3876/3558 3660/3874/3558 3675/3881/3558 3676/3883/3558
f 3669/3877/3559 3668/3875/3559 3683/3882/3559 3684/3884/3559
f 3662/3861/3560 3661/3876/3560 3676/3883/3560 3677/3885/3560
f 3670/3863/3561 3669/3877/3561 3684/3884/3561 3685/3886/3561
f 3663/3862/3562 3662/3861/3562 3677/3885/3562 3678/3887/3562
f 3671/3864/3563 3670/3863/3563 3685/3886/3563 3686/3888/3563
f 3664/3865/3564 3663/3862/3564 3678/3887/3564 3679/3889/3564
f 3672/3866/3565 3671/3864/3565 3686/3888/3565 3687/3890/3565
f 3665/3867/3566 3664/3865/3566 3679/3889/3566 3680/3891/3566
f 3673/3868/3567 3672/3866/3567 3687/3890/3567 3688/3892/3567
f 3666/3869/3568 3665/3867/3568 3680/3891/3568 3681/3878/3568
f 3659/3871/3569 3598/3893/3569 3674/3880/3569
f 3824/3894/3570 3673/3868/3570 3688/3892/3570
f 3686/3888/3571 3685/3886/3571 3700/3895/3571 3701/3896/3571
f 3679/3889/3572 3678/3887/3572 3693/3897/3572 3694/3898/3572
f 3687/3890/3573 3686/3888/3573 3701/3896/3573 3702/3899/3573
f 3680/3891/3574 3679/3889/3574 3694/3898/3574 3695/3900/3574
f 3688/3892/3575 3687/3890/3575 3702/3899/3575 3703/3901/3575
f 3681/3878/3576 3680/3891/3576 3695/3900/3576 3696/3902/3576
f 3674/3880/3577 3598/3903/3577 3689/3904/3577
f 3824/3905/3578 3688/3892/3578 3703/3901/3578
f 3682/3879/3579 3681/3878/3579 3696/3902/3579 3697/3906/3579
f 3675/3881/3580 3674/3880/3580 3689/3904/3580 3690/3907/3580
f 3683/3882/3581 3682/3879/3581 3697/3906/3581 3698/3908/3581
f 3676/3883/3582 3675/3881/3582 3690/3907/3582 3691/3909/3582
f 3684/3884/3583 3683/3882/3583 3698/3908/3583 3699/3910/3583
f 3677/3885/3584 3676/3883/3584 3691/3909/3584 3692/3911/3584
f 3685/3886/3585 3684/3884/3585 3699/3910/3585 3700/3895/3585
f 3678/3887/3586 3677/3885/3586 3692/3911/3586 3693/3897/3586
f 3698/3908/3587 3697/3906/3587 3712/3912/3587 3713/3913/3587
f 3691/3909/3588 3690/3907/3588 3705/3914/3588 3706/3915/3588
f 3699/3910/3589 3698/3908/3589 3713/3913/3589 3714/3916/3589
f 3692/3911/3590 3691/3909/3590 3706/3915/3590 3707/3917/3590
f 3700/3895/3591 3699/3910/3591 3714/3916/3591 3715/3918/3591
f 3693/3897/3592 3692/3911/3592 3707/3917/3592 3708/3919/3592
f 3701/3896/3593 3700/3895/3593 3715/3918/3593 3716/3920/3593
f 3694/3898/3594 3693/3897/3594 3708/3919/3594 3709/3921/3594
f 3702/3899/3595 3701/3896/3595 3716/3920/3595 3717/3922/3595
f 3695/3900/3596 3694/3898/3596 3709/3921/3596 3710/3923/3596
f 3703/3901/3597 3702/3899/3597 3717/3922/3597 3718/3924/3597
f 3696/3902/3598 3695/3900/3598 3710/3923/3598 3711/3925/3598
f 3689/3904/3599 3598/3926/3599 3704/3927/3599
f 3824/3928/3600 3703/3901/3600 3718/3924/3600
f 3697/3906/3601 3696/3902/3601 3711/3925/3601 3712/3912/3601
f 3690/3907/3602 3689/3904/3602 3704/3927/3602 3705/3914/3602
f 3717/3922/3603 3716/3920/3603 3731/3929/3603 3732/3930/3603
f 3710/3923/3604 3709/3921/3604 3724/3931/3604 3725/3932/3604
f 3718/3924/3605 3717/3922/3605 3732/3930/3605 3733/3933/3605
f 3711/3925/3606 3710/3923/3606 3725/3932/3606 3726/3934/3606
f 3704/3927/3607 3598/3935/3607 3719/3936/3607
f 3824/3937/3608 3718/3924/3608 3733/3933/3608
f 3712/3912/3609 3711/3925/3609 3726/3934/3609 3727/3938/3609
f 3705/3914/3610 3704/3927/3610 3719/3936/3610 3720/3939/3610
f 3713/3913/3611 3712/3912/3611 3727/3938/3611 3728/3940/3611
f 3706/3915/3612 3705/3914/3612 3720/3939/3612 3721/3941/3612
f 3714/3916/3613 3713/3913/3613 3728/3940/3613 3729/3942/3613
f 3707/3917/3614 3706/3915/3614 3721/3941/3614 3722/3943/3614
f 3715/3918/3615 3714/3916/3615 3729/3942/3615 3730/3944/3615
f 3708/3919/3616 3707/3917/3616 3722/3943/3616 3723/3945/3616
f 3716/3920/3617 3715/3918/3617 3730/3944/3617 3731/3929/3617
f 3709/3921/3618 3708/3919/3618 3723/3945/3618 3724/3931/3618
f 3721/3941/3619 3720/3939/3619 3735/3946/3619 3736/3947/3619
f 3729/3942/3620 3728/3940/3620 3743/3948/3620 3744/3949/3620
f 3722/3943/3621 3721/3941/3621 3736/3947/3621 3737/3950/3621
f 3730/3944/3622 3729/3942/3622 3744/3949/3622 3745/3951/3622
f 3723/3945/3623 3722/3943/3623 3737/3950/3623 3738/3952/3623
f 3731/3929/3624 3730/3944/3624 3745/3951/3624 3746/3953/3624
f 3724/3931/3625 3723/3945/3625 3738/3952/3625 3739/3954/3625
f 3732/3930/3626 3731/3929/3626 3746/3953/3626 3747/3955/3626
f 3725/3932/3627 3724/3931/3627 3739/3954/3627 3740/3956/3627
f 3733/3933/3628 3732/3930/3628 3747/3955/3628 3748/3957/3628
f 3726/3934/3629 3725/3932/3629 3740/3956/3629 3741/3958/3629
f 3719/3936/3630 3598/3959/3630 3734/3960/3630
f 3824/3961/3631 3733/3933/3631 3748/3957/3631
f 3727/3938/3632 3726/3934/3632 3741/3958/3632 3742/3962/3632
f 3720/3939/3633 3719/3936/3633 3734/3960/3633 3735/3946/3633
f 3728/3940/3634 3727/3938/3634 3742/3962/3634 3743/3948/3634
f 3740/3956/3635 3739/3954/3635 3754/3963/3635 3755/3964/3635
f 3748/3957/3636 3747/3955/3636 3762/3965/3636 3763/3966/3636
f 3741/3958/3637 3740/3956/3637 3755/3964/3637 3756/3967/3637
f 3734/3960/3638 3598/3968/3638 3749/3969/3638
f 3824/3970/3639 3748/3957/3639 3763/3966/3639
f 3742/3962/3640 3741/3958/3640 3756/3967/3640 3757/3971/3640
f 3735/3946/3641 3734/3960/3641 3749/3969/3641 3750/3972/3641
f 3743/3948/3642 3742/3962/3642 3757/3971/3642 3758/3973/3642
f 3736/3947/3643 3735/3946/3643 3750/3972/3643 3751/3974/3643
f 3744/3949/3644 3743/3948/3644 3758/3973/3644 3759/3975/3644
f 3737/3950/3645 3736/3947/3645 3751/3974/3645 3752/3976/3645
f 3745/3951/3646 3744/3949/3646 3759/3975/3646 3760/3977/3646
f 3738/3952/3647 3737/3950/3647 3752/3976/3647 3753/3978/3647
f 3746/3953/3648 3745/3951/3648 3760/3977/3648 3761/3979/3648
f 3739/3954/3649 3738/3952/3649 3753/3978/3649 3754/3963/3649
f 3747/3955/3650 3746/3953/3650 3761/3979/3650 3762/3965/3650
f 3759/3975/3651 3758/3973/3651 3773/3980/3651 3774/3981/3651
f 3752/3976/3652 3751/3974/3652 3766/3982/3652 3767/3983/3652
f 3760/3977/3653 3759/3975/3653 3774/3981/3653 3775/3984/3653
f 3753/3978/3654 3752/3976/3654 3767/3983/3654 3768/3985/3654
f 3761/3979/3655 3760/3977/3655 3775/3984/3655 3776/3986/3655
f 3754/3963/3656 3753/3978/3656 3768/3985/3656 3769/3987/3656
f 3762/3965/3657 3761/3979/3657 3776/3986/3657 3777/3988/3657
f 3755/3964/3658 3754/3963/3658 3769/3987/3658 3770/3989/3658
f 3763/3966/3659 3762/3965/3659 3777/3988/3659 3778/3990/3659
f 3756/3967/3660 3755/3964/3660 3770/3989/3660 3771/3991/3660
f 3749/3969/3661 3598/3992/3661 3764/3993/3661
f 3824/3994/3662 3763/3966/3662 3778/3990/3662
f 3757/3971/3663 3756/3967/3663 3771/3991/3663 3772/3995/3663
f 3750/3972/3664 3749/3969/3664 3764/3993/3664 3765/3996/3664
f 3758/3973/3665 3757/3971/3665 3772/3995/3665 3773/3980/3665
f 3751/3974/3666 3750/3972/3666 3765/3996/3666 3766/3982/3666
f 3778/3990/3667 3777/3988/3667 3792/3997/3667 3793/3998/3667
f 3771/3991/3668 3770/3989/3668 3785/3999/3668 3786/4000/3668
f 3764/3993/3669 3598/4001/3669 3779/4002/3669
f 3824/4003/3670 3778/3990/3670 3793/3998/3670
f 3772/3995/3671 3771/3991/3671 3786/4000/3671 3787/4004/3671
f 3765/3996/3672 3764/3993/3672 3779/4002/3672 3780/4005/3672
f 3773/3980/3673 3772/3995/3673 3787/4004/3673 3788/4006/3673
f 3766/3982/3674 3765/3996/3674 3780/4005/3674 3781/4007/3674
f 3774/3981/3675 3773/3980/3675 3788/4006/3675 3789/4008/3675
f 3767/3983/3676 3766/3982/3676 3781/4007/3676 3782/4009/3676
f 3775/3984/3677 3774/3981/3677 3789/4008/3677 3790/4010/3677
f 3768/3985/3678 3767/3983/3678 3782/4009/3678 3783/4011/3678
f 3776/3986/3679 3775/3984/3679 3790/4010/3679 3791/4012/3679
f 3769/3987/3680 3768/3985/3680 3783/4011/3680 3784/4013/3680
f 3777/3988/3681 3776/3986/3681 3791/4012/3681 3792/3997/3681
f 3770/3989/3682 3769/3987/3682 3784/4013/3682 3785/3999/3682
f 3782/4009/3683 3781/4007/3683 3796/4014/3683 3797/4015/3683
f 3790/4010/3684 3789/4008/3684 3804/4016/3684 3805/4017/3684
f 3783/4011/3685 3782/4009/3685 3797/4015/3685 3798/4018/3685
f 3791/4012/3686 3790/4010/3686 3805/4017/3686 3806/4019/3686
f 3784/4013/3687 3783/4011/3687 3798/4018/3687 3799/4020/3687
f 3792/3997/3688 3791/4012/3688 3806/4019/3688 3807/4021/3688
f 3785/3999/3689 3784/4013/3689 3799/4020/3689 3800/4022/3689
f 3793/3998/3690 3792/3997/3690 3807/4021/3690 3808/4023/3690
f 3786/4000/3691 3785/3999/3691 3800/4022/3691 3801/4024/3691
f 3779/4002/3692 3598/4025/3692 3794/4026/3692
f 3824/4027/3693 3793/3998/3693 3808/4023/3693
f 3787/4004/3694 3786/4000/3694 3801/4024/3694 3802/4028/3694
f 3780/4005/3695 3779/4002/3695 3794/4026/3695 3795/4029/3695
f 3788/4006/3696 3787/4004/3696 3802/4028/3696 3803/4030/3696
f 3781/4007/3697 3780/4005/3697 3795/4029/3697 3796/4014/3697
f 3789/4008/3698 3788/4006/3698 3803/4030/3698 3804/4016/3698
f 3801/4024/3699 3800/4022/3699 3815/4031/3699 3816/4032/3699
f 3794/4026/3700 3598/4033/3700 3809/4034/3700
f 3824/4035/3701 3808/4023/3701 3823/4036/3701
f 3802/4028/3702 3801/4024/3702 3816/4032/3702 3817/4037/3702
f 3795/4029/3703 3794/4026/3703 3809/4034/3703 3810/4038/3703
f 3803/4030/3704 3802/4028/3704 3817/4037/3704 3818/4039/3704
f 3796/4014/3705 3795/4029/3705 3810/4038/3705 3811/4040/3705
f 3804/4016/3706 3803/4030/3706 3818/4039/3706 3819/4041/3706
f 3797/4015/3707 3796/4014/3707 3811/4040/3707 3812/4042/3707
f 3805/4017/3708 3804/4016/3708 3819/4041/3708 3820/4043/3708
f 3798/4018/3709 3797/4015/3709 3812/4042/3709 3813/4044/3709
f 3806/4019/3710 3805/4017/3710 3820/4043/3710 3821/4045/3710
f 3799/4020/3711 3798/4018/3711 3813/4044/3711 3814/4046/3711
f 3807/4021/3712 3806/4019/3712 3821/4045/3712 3822/4047/3712
f 3800/4022/3713 3799/4020/3713 3814/4046/3713 3815/4031/3713
f 3808/4023/3714 3807/4021/3714 3822/4047/3714 3823/4036/3714
f 3820/4043/3715 3819/4041/3715 3835/4048/3715 3836/4049/3715
f 3813/4044/3716 3812/4042/3716 3828/4050/3716 3829/4051/3716
f 3821/4045/3717 3820/4043/3717 3836/4049/3717 3837/4052/3717
f 3814/4046/3718 3813/4044/3718 3829/4051/3718 3830/4053/3718
f 3822/4047/3719 3821/4045/3719 3837/4052/3719 3838/4054/3719
f 3815/4031/3720 3814/4046/3720 3830/4053/3720 3831/4055/3720
f 3823/4036/3721 3822/4047/3721 3838/4054/3721 3839/4056/3721
f 3816/4032/3722 3815/4031/3722 3831/4055/3722 3832/4057/3722
f 3809/4034/3723 3598/4058/3723 3825/4059/3723
f 3824/4060/3724 3823/4036/3724 3839/4056/3724
f 3817/4037/3725 3816/4032/3725 3832/4057/3725 3833/4061/3725
f 3810/4038/3726 3809/4034/3726 3825/4059/3726 3826/4062/3726
f 3818/4039/3727 3817/4037/3727 3833/4061/3727 3834/4063/3727
f 3811/4040/3728 3810/4038/3728 3826/4062/3728 3827/4064/3728
f 3819/4041/3729 3818/4039/3729 3834/4063/3729 3835/4048/3729
f 3812/4042/3730 3811/4040/3730 3827/4064/3730 3828/4050/3730
f 3824/4065/3731 3839/4056/3731 3854/4066/3731
f 3833/4061/3732 3832/4057/3732 3847/4067/3732 3848/4068/3732
f 3826/4062/3733 3825/4059/3733 3840/4069/3733 3841/4070/3733
f 3834/4063/3734 3833/4061/3734 3848/4068/3734 3849/4071/3734
f 3827/4064/3735 3826/4062/3735 3841/4070/3735 3842/4072/3735
f 3835/4048/3736 3834/4063/3736 3849/4071/3736 3850/4073/3736
f 3828/4050/3737 3827/4064/3737 3842/4072/3737 3843/4074/3737
f 3836/4049/3738 3835/4048/3738 3850/4073/3738 3851/4075/3738
f 3829/4051/3739 3828/4050/3739 3843/4074/3739 3844/4076/3739
f 3837/4052/3740 3836/4049/3740 3851/4075/3740 3852/4077/3740
f 3830/4053/3741 3829/4051/3741 3844/4076/3741 3845/4078/3741
f 3838/4054/3742 3837/4052/3742 3852/4077/3742 3853/4079/3742
f 3831/4055/3743 3830/4053/3743 3845/4078/3743 3846/4080/3743
f 3839/4056/3744 3838/4054/3744 3853/4079/3744 3854/4066/3744
f 3832/4057/3745 3831/4055/3745 3846/4080/3745 3847/4067/3745
f 3825/4059/3746 3598/4081/3746 3840/4069/3746
f 3852/4077/3747 3851/4075/3747 3866/4082/3747 3867/4083/3747
f 3845/4078/3748 3844/4076/3748 3859/4084/3748 3860/4085/3748
f 3853/4079/3749 3852/4077/3749 3867/4083/3749 3868/4086/3749
f 3846/4080/3750 3845/4078/3750 3860/4085/3750 3861/4087/3750
f 3854/4066/3751 3853/4079/3751 3868/4086/3751 3869/4088/3751
f 3847/4067/3752 3846/4080/3752 3861/4087/3752 3862/4089/3752
f 3840/4069/3753 3598/4090/3753 3855/4091/3753
f 3824/4092/3754 3854/4066/3754 3869/4088/3754
f 3848/4068/3755 3847/4067/3755 3862/4089/3755 3863/4093/3755
f 3841/4070/3756 3840/4069/3756 3855/4091/3756 3856/4094/3756
f 3849/4071/3757 3848/4068/3757 3863/4093/3757 3864/4095/3757
f 3842/4072/3758 3841/4070/3758 3856/4094/3758 3857/4096/3758
f 3850/4073/3759 3849/4071/3759 3864/4095/3759 3865/4097/3759
f 3843/4074/3760 3842/4072/3760 3857/4096/3760 3858/4098/3760
f 3851/4075/3761 3850/4073/3761 3865/4097/3761 3866/4082/3761
f 3844/4076/3762 3843/4074/3762 3858/4098/3762 3859/4084/3762
f 3856/4094/3763 3855/4091/3763 3870/4099/3763 3871/4100/3763
f 3864/4095/3764 3863/4093/3764 3878/4101/3764 3879/4102/3764
f 3857/4096/3765 3856/4094/3765 3871/4100/3765 3872/4103/3765
f 3865/4097/3766 3864/4095/3766 3879/4102/3766 3880/4104/3766
f 3858/4098/3767 3857/4096/3767 3872/4103/3767 3873/4105/3767
f 3866/4082/3768 3865/4097/3768 3880/4104/3768 3881/4106/3768
f 3859/4084/3769 3858/4098/3769 3873/4105/3769 3874/4107/3769
f 3867/4083/3770 3866/4082/3770 3881/4106/3770 3882/4108/3770
f 3860/4085/3771 3859/4084/3771 3874/4107/3771 3875/4109/3771
f 3868/4086/3772 3867/4083/3772 3882/4108/3772 3883/4110/3772
f 3861/4087/3773 3860/4085/3773 3875/4109/3773 3876/4111/3773
f 3869/4088/3774 3868/4086/3774 3883/4110/3774 3884/4112/3774
f 3862/4089/3775 3861/4087/3775 3876/4111/3775 3877/4113/3775
f 3855/4091/3776 3598/4114/3776 3870/4099/3776
f 3824/4115/3777 3869/4088/3777 3884/4112/3777
f 3863/4093/3778 3862/4089/3778 3877/4113/3778 3878/4101/3778
f 3875/4116/3779 3874/4117/3779 3889/4118/3779 3890/4119/3779
f 3883/4120/3780 3882/4121/3780 3897/4122/3780 3898/4123/3780
f 3876/4124/3781 3875/4116/3781 3890/4119/3781 3891/4125/3781
f 3884/4126/3782 3883/4120/3782 3898/4123/3782 3899/4127/3782
f 3877/4128/3783 3876/4124/3783 3891/4125/3783 3892/4129/3783
f 3870/4130/3784 3598/4131/3784 3885/4132/3784
f 3824/4133/3785 3884/4126/3785 3899/4127/3785
f 3878/4134/3786 3877/4128/3786 3892/4129/3786 3893/4135/3786
f 3871/4136/3787 3870/4130/3787 3885/4132/3787 3886/4137/3787
f 3879/4138/3788 3878/4134/3788 3893/4135/3788 3894/4139/3788
f 3872/4140/3789 3871/4136/3789 3886/4137/3789 3887/4141/3789
f 3880/4142/3790 3879/4138/3790 3894/4139/3790 3895/4143/3790
f 3873/4144/3791 3872/4140/3791 3887/4141/3791 3888/4145/3791
f 3881/4146/3792 3880/4142/3792 3895/4143/3792 3896/4147/3792
f 3874/4117/3793 3873/4144/3793 3888/4145/3793 3889/4118/3793
f 3882/4121/3794 3881/4146/3794 3896/4147/3794 3897/4122/3794
f 3894/4139/3795 3893/4135/3795 3908/4148/3795 3909/4149/3795
f 3887/4141/3796 3886/4137/3796 3901/4150/3796 3902/4151/3796
f 3895/4143/3797 3894/4139/3797 3909/4149/3797 3910/4152/3797
f 3888/4145/3798 3887/4141/3798 3902/4151/3798 3903/4153/3798
f 3896/4147/3799 3895/4143/3799 3910/4152/3799 3911/4154/3799
f 3889/4118/3800 3888/4145/3800 3903/4153/3800 3904/4155/3800
f 3897/4122/3801 3896/4147/3801 3911/4154/3801 3912/4156/3801
f 3890/4119/3802 3889/4118/3802 3904/4155/3802 3905/4157/3802
f 3898/4123/3803 3897/4122/3803 3912/4156/3803 3913/4158/3803
f 3891/4125/3804 3890/4119/3804 3905/4157/3804 3906/4159/3804
f 3899/4127/3805 3898/4123/3805 3913/4158/3805 3914/4160/3805
f 3892/4129/3806 3891/4125/3806 3906/4159/3806 3907/4161/3806
f 3885/4132/3807 3598/4162/3807 3900/4163/3807
f 3824/4164/3808 3899/4127/3808 3914/4160/3808
f 3893/4135/3809 3892/4129/3809 3907/4161/3809 3908/4148/3809
f 3886/4137/3810 3885/4132/3810 3900/4163/3810 3901/4150/3810
f 3913/4158/3811 3912/4156/3811 3927/4165/3811 3928/4166/3811
f 3906/4159/3812 3905/4157/3812 3920/4167/3812 3921/4168/3812
f 3914/4160/3813 3913/4158/3813 3928/4166/3813 3929/4169/3813
f 3907/4161/3814 3906/4159/3814 3921/4168/3814 3922/4170/3814
f 3900/4163/3815 3598/4171/3815 3915/4172/3815
f 3824/4173/3816 3914/4160/3816 3929/4169/3816
f 3908/4148/3817 3907/4161/3817 3922/4170/3817 3923/4174/3817
f 3901/4150/3818 3900/4163/3818 3915/4172/3818 3916/4175/3818
f 3909/4149/3819 3908/4148/3819 3923/4174/3819 3924/4176/3819
f 3902/4151/3820 3901/4150/3820 3916/4175/3820 3917/4177/3820
f 3910/4152/3821 3909/4149/3821 3924/4176/3821 3925/4178/3821
f 3903/4153/3822 3902/4151/3822 3917/4177/3822 3918/4179/3822
f 3911/4154/3823 3910/4152/3823 3925/4178/3823 3926/4180/3823
f 3904/4155/3824 3903/4153/3824 3918/4179/3824 3919/4181/3824
f 3912/4156/3825 3911/4154/3825 3926/4180/3825 3927/4165/3825
f 3905/4157/3826 3904/4155/3826 3919/4181/3826 3920/4167/3826
f 3917/4177/3827 3916/4175/3827 3931/4182/3827 3932/4183/3827
f 3925/4178/3828 3924/4176/3828 3939/4184/3828 3940/4185/3828
f 3918/4179/3829 3917/4177/3829 3932/4183/3829 3933/4186/3829
f 3926/4180/3830 3925/4178/3830 3940/4185/3830 3941/4187/3830
f 3919/4181/3831 3918/4179/3831 3933/4186/3831 3934/4188/3831
f 3927/4165/3832 3926/4180/3832 3941/4187/3832 3942/4189/3832
f 3920/4167/3833 3919/4181/3833 3934/4188/3833 3935/4190/3833
f 3928/4166/3834 3927/4165/3834 3942/4189/3834 3943/4191/3834
f 3921/4168/3835 3920/4167/3835 3935/4190/3835 3936/4192/3835
f 3929/4169/3836 3928/4166/3836 3943/4191/3836 3944/4193/3836
f 3922/4170/3837 3921/4168/3837 3936/4192/3837 3937/4194/3837
f 3915/4172/3838 3598/4195/3838 3930/4196/3838
f 3824/4197/3839 3929/4169/3839 3944/4193/3839
f 3923/4174/3840 3922/4170/3840 3937/4194/3840 3938/4198/3840
f 3916/4175/3841 3915/4172/3841 3930/4196/3841 3931/4182/3841
f 3924/4176/3842 3923/4174/3842 3938/4198/3842 3939/4184/3842
f 3936/4192/3843 3935/4190/3843 3950/4199/3843 3951/4200/3843
f 3944/4193/3844 3943/4191/3844 3958/4201/3844 3959/4202/3844
f 3937/4194/3845 3936/4192/3845 3951/4200/3845 3952/4203/3845
f 3930/4196/3846 3598/4204/3846 3945/4205/3846
f 3824/4206/3847 3944/4193/3847 3959/4202/3847
f 3938/4198/3848 3937/4194/3848 3952/4203/3848 3953/4207/3848
f 3931/4182/3849 3930/4196/3849 3945/4205/3849 3946/4208/3849
f 3939/4184/3850 3938/4198/3850 3953/4207/3850 3954/4209/3850
f 3932/4183/3851 3931/4182/3851 3946/4208/3851 3947/4210/3851
f 3940/4185/3852 3939/4184/3852 3954/4209/3852 3955/4211/3852
f 3933/4186/3853 3932/4183/3853 3947/4210/3853 3948/4212/3853
f 3941/4187/3854 3940/4185/3854 3955/4211/3854 3956/4213/3854
f 3934/4188/3855 3933/4186/3855 3948/4212/3855 3949/4214/3855
f 3942/4189/3856 3941/4187/3856 3956/4213/3856 3957/4215/3856
f 3935/4190/3857 3934/4188/3857 3949/4214/3857 3950/4199/3857
f 3943/4191/3858 3942/4189/3858 3957/4215/3858 3958/4201/3858
f 3955/4211/3859 3954/4209/3859 3969/4216/3859 3970/4217/3859
f 3948/4212/3860 3947/4210/3860 3962/4218/3860 3963/4219/3860
f 3956/4213/3861 3955/4211/3861 3970/4217/3861 3971/4220/3861
f 3949/4214/3862 3948/4212/3862 3963/4219/3862 3964/4221/3862
f 3957/4215/3863 3956/4213/3863 3971/4220/3863 3972/4222/3863
f 3950/4199/3864 3949/4214/3864 3964/4221/3864 3965/4223/3864
f 3958/4201/3865 3957/4215/3865 3972/4222/3865 3973/4224/3865
f 3951/4200/3866 3950/4199/3866 3965/4223/3866 3966/4225/3866
f 3959/4202/3867 3958/4201/3867 3973/4224/3867 3974/4226/3867
f 3952/4203/3868 3951/4200/3868 3966/4225/3868 3967/4227/3868
f 3945/4205/3869 3598/4228/3869 3960/4229/3869
f 3824/4230/3870 3959/4202/3870 3974/4226/3870
f 3953/4207/3871 3952/4203/3871 3967/4227/3871 3968/4231/3871
f 3946/4208/3872 3945/4205/3872 3960/4229/3872 3961/4232/3872
f 3954/4209/3873 3953/4207/3873 3968/4231/3873 3969/4216/3873
f 3947/4210/3874 3946/4208/3874 3961/4232/3874 3962/4218/3874
f 3974/4226/3875 3973/4224/3875 3988/4233/3875 3989/4234/3875
f 3967/4227/3876 3966/4225/3876 3981/4235/3876 3982/4236/3876
f 3960/4229/3877 3598/4237/3877 3975/4238/3877
f 3824/4239/3878 3974/4226/3878 3989/4234/3878
f 3968/4231/3879 3967/4227/3879 3982/4236/3879 3983/4240/3879
f 3961/4232/3880 3960/4229/3880 3975/4238/3880 3976/4241/3880
f 3969/4216/3881 3968/4231/3881 3983/4240/3881 3984/4242/3881
f 3962/4218/3882 3961/4232/3882 3976/4241/3882 3977/4243/3882
f 3970/4217/3883 3969/4216/3883 3984/4242/3883 3985/4244/3883
f 3963/4219/3884 3962/4218/3884 3977/4243/3884 3978/4245/3884
f 3971/4220/3885 3970/4217/3885 3985/4244/3885 3986/4246/3885
f 3964/4221/3886 3963/4219/3886 3978/4245/3886 3979/4247/3886
f 3972/4222/3887 3971/4220/3887 3986/4246/3887 3987/4248/3887
f 3965/4223/3888 3964/4221/3888 3979/4247/3888 3980/4249/3888
f 3973/4224/3889 3972/4222/3889 3987/4248/3889 3988/4233/3889
f 3966/4225/3890 3965/4223/3890 3980/4249/3890 3981/4235/3890
f 3986/4246/3891 3985/4244/3891 3522/3698/3891 3995/3697/3891
f 3979/4247/3892 3978/4245/3892 3992/3693/3892 3518/3701/3892
f 3987/4248/3893 3986/4246/3893 3995/3697/3893 3996/3703/3893
f 3980/4249/3894 3979/4247/3894 3518/3701/3894 3993/3705/3894
f 3988/4233/3895 3987/4248/3895 3996/3703/3895 3997/3707/3895
f 3981/4235/3896 3980/4249/3896 3993/3705/3896 3519/3709/3896
f 3989/4234/3897 3988/4233/3897 3997/3707/3897 3998/3711/3897
f 3982/4236/3898 3981/4235/3898 3519/3709/3898 3520/3713/3898
f 3975/4238/3899 3598/4250/3899 3990/3715/3899
f 3824/4251/3900 3989/4234/3900 3998/3711/3900
f 3983/4240/3901 3982/4236/3901 3520/3713/3901 3521/3719/3901
f 3976/4241/3902 3975/4238/3902 3990/3715/3902 3991/3721/3902
f 3984/4242/3903 3983/4240/3903 3521/3719/3903 3994/3723/3903
f 3977/4243/3904 3976/4241/3904 3991/3721/3904 3517/3694/3904
f 3985/4244/3905 3984/4242/3905 3994/3723/3905 3522/3698/3905
f 3978/4245/3906 3977/4243/3906 3517/3694/3906 3992/3693/3906
f 4038/4252/3907 4022/4253/3907 4002/4254/3907 4008/4255/3907
f 4013/4256/3908 4027/4257/3908 4012/4258/3908 4001/4259/3908
f 4027/4257/3909 4029/4260/3909 4011/4261/3909 4012/4258/3909
f 4029/4260/3910 4031/4262/3910 4010/4263/3910 4011/4261/3910
f 4031/4262/3911 4033/4264/3911 4009/4265/3911 4010/4263/3911
f 4033/4264/3909 4038/4252/3909 4008/4255/3909 4009/4265/3909
f 4006/4266/3912 4007/4267/3912 4034/4268/3912 4032/4269/3912
f 4005/4270/3913 4006/4266/3913 4032/4269/3913 4030/4271/3913
f 4004/4272/3914 4005/4270/3914 4030/4271/3914 4028/4273/3914
f 4003/4274/3912 4004/4272/3912 4028/4273/3912 4023/4275/3912
f 3999/4276/3915 4003/4274/3915 4023/4275/3915 4017/4277/3915
f 4017/4277/3916 4023/4275/3916 4024/4278/3916 4016/4279/3916
f 4016/4279/3917 4024/4278/3917 4025/4280/3917 4015/4281/3917
f 4015/4281/3918 4025/4280/3918 4026/4282/3918 4014/4283/3918
f 4014/4283/3916 4026/4282/3916 4027/4257/3916 4013/4256/3916
f 4007/4267/3919 4000/4284/3919 4018/4285/3919 4034/4268/3919
f 4034/4268/3920 4018/4285/3920 4019/4286/3920 4035/4287/3920
f 4035/4287/3921 4019/4286/3921 4020/4288/3921 4036/4289/3921
f 4036/4289/3922 4020/4288/3922 4021/4290/3922 4037/4291/3922
f 4037/4291/3920 4021/4290/3920 4022/4253/3920 4038/4252/3920
f 4032/4269/3923 4034/4268/3923 4035/4287/3923 4036/4289/3923 4037/4291/3923 4038/4252/3923 4033/4264/3923 4031/4262/3923 4029/4260/3923 4027/4257/3923 4026/4282/3923 4025/4280/3923 4024/4278/3923 4023/4275/3923 4028/4273/3923 4030/4271/3923
f 4078/4252/3924 4048/4255/3924 4042/4254/3924 4062/4253/3924
f 4053/4256/3925 4041/4259/3925 4052/4258/3925 4067/4257/3925
f 4067/4257/3926 4052/4258/3926 4051/4261/3926 4069/4260/3926
f 4069/4260/3927 4051/4261/3927 4050/4263/3927 4071/4262/3927
f 4071/4262/3928 4050/4263/3928 4049/4265/3928 4073/4264/3928
f 4073/4264/3926 4049/4265/3926 4048/4255/3926 4078/4252/3926
f 4046/4266/3929 4072/4269/3929 4074/4268/3929 4047/4267/3929
f 4045/4270/3930 4070/4271/3930 4072/4269/3930 4046/4266/3930
f 4044/4272/3931 4068/4273/3931 4070/4271/3931 4045/4270/3931
f 4043/4274/3929 4063/4275/3929 4068/4273/3929 4044/4272/3929
f 4039/4276/3932 4057/4277/3932 4063/4275/3932 4043/4274/3932
f 4057/4277/3933 4056/4279/3933 4064/4278/3933 4063/4275/3933
f 4056/4279/3934 4055/4281/3934 4065/4280/3934 4064/4278/3934
f 4055/4281/3935 4054/4283/3935 4066/4282/3935 4065/4280/3935
f 4054/4283/3933 4053/4256/3933 4067/4257/3933 4066/4282/3933
f 4047/4267/3936 4074/4268/3936 4058/4285/3936 4040/4284/3936
f 4074/4268/3937 4075/4287/3937 4059/4286/3937 4058/4285/3937
f 4075/4287/3938 4076/4289/3938 4060/4288/3938 4059/4286/3938
f 4076/4289/3939 4077/4291/3939 4061/4290/3939 4060/4288/3939
f 4077/4291/3937 4078/4252/3937 4062/4253/3937 4061/4290/3937
f 4072/4269/3940 4070/4271/3940 4068/4273/3940 4063/4275/3940 4064/4278/3940 4065/4280/3940 4066/4282/3940 4067/4257/3940 4069/4260/3940 4071/4262/3940 4073/4264/3940 4078/4252/3940 4077/4291/3940 4076/4289/3940 4075/4287/3940 4074/4268/3940
f 3999/4276/3941 4017/4277/3941 4057/4277/3941 4039/4276/3941
f 4000/4284/3942 4007/4267/3942 4047/4267/3942 4040/4284/3942
f 4002/4254/3943 4022/4253/3943 4062/4253/3943 4042/4254/3943
f 4001/4259/3944 4012/4258/3944 4052/4258/3944 4041/4259/3944
f 4003/4274/3942 3999/4276/3942 4039/4276/3942 4043/4274/3942
f 4004/4272/3942 4003/4274/3942 4043/4274/3942 4044/4272/3942
f 4005/4270/3945 4004/4272/3945 4044/4272/3945 4045/4270/3945
f 4006/4266/3946 4005/4270/3946 4045/4270/3946 4046/4266/3946
f 4007/4267/3942 4006/4266/3942 4046/4266/3942 4047/4267/3942
f 4008/4255/3944 4002/4254/3944 4042/4254/3944 4048/4255/3944
f 4009/4265/3944 4008/4255/3944 4048/4255/3944 4049/4265/3944
f 4010/4263/3947 4009/4265/3947 4049/4265/3947 4050/4263/3947
f 4011/4261/3948 4010/4263/3948 4050/4263/3948 4051/4261/3948
f 4012/4258/3944 4011/4261/3944 4051/4261/3944 4052/4258/3944
f 4013/4256/3941 4001/4259/3941 4041/4259/3941 4053/4256/3941
f 4014/4283/3941 4013/4256/3941 4053/4256/3941 4054/4283/3941
f 4015/4281/3949 4014/4283/3949 4054/4283/3949 4055/4281/3949
f 4016/4279/3950 4015/4281/3950 4055/4281/3950 4056/4279/3950
f 4017/4277/3941 4016/4279/3941 4056/4279/3941 4057/4277/3941
f 4018/4285/3943 4000/4284/3943 4040/4284/3943 4058/4285/3943
f 4019/4286/3943 4018/4285/3943 4058/4285/3943 4059/4286/3943
f 4020/4288/3951 4019/4286/3951 4059/4286/3951 4060/4288/3951
f 4021/4290/3952 4020/4288/3952 4060/4288/3952 4061/4290/3952
f 4022/4253/3943 4021/4290/3943 4061/4290/3943 4062/4253/3943
o StageObjectSpawn.010
v -2.000000 12.685962 0.458345
v -2.000000 12.458345 0.685962
v -2.000000 12.160950 0.809148
v -2.000000 12.000000 0.825000
v -2.000000 11.839050 0.809148
v -2.000000 11.541655 0.685962
v -2.031400 12.809148 0.157857
v -2.061593 12.762201 0.309648
v -2.089419 12.685962 0.449538
v -2.113808 12.583363 0.572154
v -2.133825 12.458345 0.672782
v -2.148698 12.315714 0.747555
v -2.157857 12.160950 0.793600
v -2.160950 12.000000 0.809148
v -2.157857 11.839050 0.793600
v -2.148698 11.684286 0.747555
v -2.133825 11.541655 0.672782
v -2.113808 11.416637 0.572154
v -2.089419 11.314038 0.449538
v -2.061593 11.237799 0.309648
v -2.031400 11.190852 0.157857
v -2.061593 12.809148 0.148698
v -2.120818 12.762201 0.291682
v -2.175401 12.685962 0.423456
v -2.223243 12.583363 0.538957
v -2.262506 12.458345 0.633747
v -2.291682 12.315714 0.704181
v -2.309647 12.160950 0.747555
v -2.315714 12.000000 0.762201
v -2.309647 11.839050 0.747555
v -2.291682 11.684286 0.704181
v -2.262506 11.541655 0.633747
v -2.223243 11.416637 0.538957
v -2.175401 11.314038 0.423456
v -2.120818 11.237799 0.291682
v -2.061593 11.190852 0.148698
v -2.089419 12.809148 0.133825
v -2.175401 12.762201 0.262506
v -2.254643 12.685962 0.381100
v -2.324099 12.583363 0.485049
v -2.381100 12.458345 0.570357
v -2.423456 12.315714 0.633747
v -2.449538 12.160950 0.672782
v -2.458345 12.000000 0.685962
v -2.449538 11.839050 0.672782
v -2.423456 11.684286 0.633747
v -2.381100 11.541655 0.570357
v -2.324099 11.416637 0.485049
v -2.254643 11.314038 0.381100
v -2.175401 11.237799 0.262506
v -2.089419 11.190852 0.133825
v -2.113808 12.809148 0.113808
v -2.223243 12.762201 0.223243
v -2.324099 12.685962 0.324099
v -2.412500 12.583363 0.412500
v -2.485049 12.458345 0.485049
v -2.538957 12.315714 0.538957
v -2.572154 12.160950 0.572154
v -2.583363 12.000000 0.583363
v -2.572154 11.839050 0.572154
v -2.538957 11.684286 0.538957
v -2.485049 11.541655 0.485049
v -2.412500 11.416637 0.412500
v -2.324099 11.314038 0.324099
v -2.223243 11.237799 0.223243
v -2.113808 11.190852 0.113808
v -2.133825 12.809148 0.089419
v -2.262506 12.762201 0.175401
v -2.381100 12.685962 0.254643
v -2.485049 12.583363 0.324099
v -2.570357 12.458345 0.381100
v -2.633747 12.315714 0.423456
v -2.672782 12.160950 0.449538
v -2.685962 12.000000 0.458345
v -2.672782 11.839050 0.449538
v -2.633747 11.684286 0.423456
v -2.570357 11.541655 0.381100
v -2.485049 11.416637 0.324099
v -2.381100 11.314038 0.254643
v -2.262506 11.237799 0.175401
v -2.133825 11.190852 0.089419
v -2.000000 12.825000 -0.000000
v -2.148698 12.809148 0.061593
v -2.291682 12.762201 0.120818
v -2.423456 12.685962 0.175401
v -2.538957 12.583363 0.223243
v -2.633747 12.458345 0.262506
v -2.704181 12.315714 0.291682
v -2.747555 12.160950 0.309647
v -2.762200 12.000000 0.315714
v -2.747555 11.839050 0.309647
v -2.704181 11.684286 0.291682
v -2.633747 11.541655 0.262506
v -2.538957 11.416637 0.223243
v -2.423456 11.314038 0.175401
v -2.291682 11.237799 0.120818
v -2.148698 11.190852 0.061593
v -2.157857 12.809148 0.031400
v -2.309647 12.762201 0.061593
v -2.449538 12.685962 0.089419
v -2.572154 12.583363 0.113809
v -2.672782 12.458345 0.133825
v -2.747555 12.315714 0.148698
v -2.793600 12.160950 0.157857
v -2.809148 12.000000 0.160949
v -2.793600 11.839050 0.157857
v -2.747555 11.684286 0.148698
v -2.672782 11.541655 0.133825
v -2.572154 11.416637 0.113809
v -2.449538 11.314038 0.089419
v -2.309647 11.237799 0.061593
v -2.157857 11.190852 0.031400
v -2.160949 12.809148 -0.000000
v -2.315714 12.762201 -0.000000
v -2.458345 12.685962 -0.000000
v -2.583363 12.583363 -0.000000
v -2.685962 12.458345 -0.000000
v -2.762201 12.315714 -0.000000
v -2.809148 12.160950 -0.000000
v -2.825000 12.000000 -0.000000
v -2.809148 11.839050 -0.000000
v -2.762201 11.684286 -0.000000
v -2.685962 11.541655 -0.000000
v -2.583363 11.416637 -0.000000
v -2.458345 11.314038 0.000000
v -2.315714 11.237799 0.000000
v -2.160949 11.190852 0.000000
v -2.157857 12.809148 -0.031400
v -2.309647 12.762201 -0.061593
v -2.449538 12.685962 -0.089419
v -2.572154 12.583363 -0.113808
v -2.672782 12.458345 -0.133825
v -2.747555 12.315714 -0.148698
v -2.793600 12.160950 -0.157857
v -2.809148 12.000000 -0.160950
v -2.793600 11.839050 -0.157857
v -2.747555 11.684286 -0.148698
v -2.672782 11.541655 -0.133825
v -2.572154 11.416637 -0.113808
v -2.449538 11.314038 -0.089419
v -2.309647 11.237799 -0.061593
v -2.157857 11.190852 -0.031400
v -2.148698 12.809148 -0.061593
v -2.291682 12.762201 -0.120818
v -2.423456 12.685962 -0.175401
v -2.538957 12.583363 -0.223243
v -2.633746 12.458345 -0.262506
v -2.704181 12.315714 -0.291681
v -2.747555 12.160950 -0.309648
v -2.762200 12.000000 -0.315714
v -2.747555 11.839050 -0.309648
v -2.704181 11.684286 -0.291681
v -2.633746 11.541655 -0.262506
v -2.538957 11.416637 -0.223243
v -2.423456 11.314038 -0.175401
v -2.291682 11.237799 -0.120818
v -2.148698 11.190852 -0.061593
v -2.133825 12.809148 -0.089419
v -2.262506 12.762201 -0.175401
v -2.381100 12.685962 -0.254643
v -2.485049 12.583363 -0.324099
v -2.570357 12.458345 -0.381100
v -2.633747 12.315714 -0.423456
v -2.672782 12.160950 -0.449538
v -2.685962 12.000000 -0.458345
v -2.672782 11.839050 -0.449538
v -2.633747 11.684286 -0.423456
v -2.570357 11.541655 -0.381100
v -2.485049 11.416637 -0.324099
v -2.381100 11.314038 -0.254643
v -2.262506 11.237799 -0.175401
v -2.133825 11.190852 -0.089419
v -2.113808 12.809148 -0.113808
v -2.223243 12.762201 -0.223243
v -2.324099 12.685962 -0.324099
v -2.412500 12.583363 -0.412500
v -2.485048 12.458345 -0.485049
v -2.538957 12.315714 -0.538957
v -2.572154 12.160950 -0.572154
v -2.583363 12.000000 -0.583363
v -2.572154 11.839050 -0.572154
v -2.538957 11.684286 -0.538957
v -2.485048 11.541655 -0.485049
v -2.412500 11.416637 -0.412500
v -2.324099 11.314038 -0.324099
v -2.223243 11.237799 -0.223243
v -2.113808 11.190852 -0.113808
v -2.089419 12.809148 -0.133825
v -2.175401 12.762201 -0.262506
v -2.254643 12.685962 -0.381100
v -2.324099 12.583363 -0.485049
v -2.381100 12.458345 -0.570357
v -2.423456 12.315714 -0.633747
v -2.449538 12.160950 -0.672782
v -2.458345 12.000000 -0.685962
v -2.449538 11.839050 -0.672782
v -2.423456 11.684286 -0.633747
v -2.381100 11.541655 -0.570357
v -2.324099 11.416637 -0.485049
v -2.254643 11.314038 -0.381100
v -2.175401 11.237799 -0.262506
v -2.089419 11.190852 -0.133825
v -2.061593 12.809148 -0.148698
v -2.120818 12.762201 -0.291681
v -2.175401 12.685962 -0.423456
v -2.223243 12.583363 -0.538957
v -2.262506 12.458345 -0.633746
v -2.291682 12.315714 -0.704181
v -2.309647 12.160950 -0.747555
v -2.315713 12.000000 -0.762200
v -2.309647 11.839050 -0.747555
v -2.291682 11.684286 -0.704181
v -2.262506 11.541655 -0.633746
v -2.223243 11.416637 -0.538957
v -2.175401 11.314038 -0.423456
v -2.120818 11.237799 -0.291681
v -2.061593 11.190852 -0.148698
v -2.031400 12.809148 -0.157857
v -2.061593 12.762201 -0.309647
v -2.089419 12.685962 -0.449538
v -2.113808 12.583363 -0.572154
v -2.133824 12.458345 -0.672782
v -2.148698 12.315714 -0.747555
v -2.157857 12.160950 -0.793600
v -2.160949 12.000000 -0.809147
v -2.157857 11.839050 -0.793600
v -2.148698 11.684286 -0.747555
v -2.133824 11.541655 -0.672782
v -2.113808 11.416637 -0.572154
v -2.089419 11.314038 -0.449538
v -2.061593 11.237799 -0.309647
v -2.031400 11.190852 -0.157857
v -2.000000 12.809148 -0.160949
v -2.000000 12.762201 -0.315714
v -2.000000 12.685962 -0.458345
v -2.000000 12.583363 -0.583363
v -2.000000 12.458345 -0.685962
v -2.000000 12.315714 -0.762200
v -2.000000 12.160950 -0.809148
v -2.000000 12.000000 -0.824999
v -2.000000 11.839050 -0.809148
v -2.000000 11.684286 -0.762200
v -2.000000 11.541655 -0.685962
v -2.000000 11.416637 -0.583363
v -2.000000 11.314038 -0.458345
v -2.000000 11.237799 -0.315714
v -2.000000 11.190852 -0.160949
v -1.968600 12.809148 -0.157857
v -1.938407 12.762201 -0.309647
v -1.910581 12.685962 -0.449538
v -1.886192 12.583363 -0.572154
v -1.866175 12.458345 -0.672782
v -1.851302 12.315714 -0.747555
v -1.842143 12.160950 -0.793600
v -1.839050 12.000000 -0.809147
v -1.842143 11.839050 -0.793600
v -1.851302 11.684286 -0.747555
v -1.866175 11.541655 -0.672782
v -1.886192 11.416637 -0.572154
v -1.910581 11.314038 -0.449538
v -1.938407 11.237799 -0.309647
v -1.968600 11.190852 -0.157857
v -1.938407 12.809148 -0.148698
v -1.879182 12.762201 -0.291681
v -1.824599 12.685962 -0.423456
v -1.776757 12.583363 -0.538957
v -1.737494 12.458345 -0.633746
v -1.708319 12.315714 -0.704181
v -1.690353 12.160950 -0.747555
v -1.684286 12.000000 -0.762200
v -1.690353 11.839050 -0.747555
v -1.708319 11.684286 -0.704181
v -1.737494 11.541655 -0.633746
v -1.776757 11.416637 -0.538957
v -1.824599 11.314038 -0.423456
v -1.879182 11.237799 -0.291681
v -1.938407 11.190852 -0.148698
v -1.910581 12.809148 -0.133825
v -1.824599 12.762201 -0.262506
v -1.745357 12.685962 -0.381100
v -1.675901 12.583363 -0.485049
v -1.618900 12.458345 -0.570357
v -1.576544 12.315714 -0.633746
v -1.550462 12.160950 -0.672782
v -1.541655 12.000000 -0.685962
v -1.550462 11.839050 -0.672782
v -1.576544 11.684286 -0.633746
v -1.618900 11.541655 -0.570357
v -1.675901 11.416637 -0.485049
v -1.745357 11.314038 -0.381100
v -1.824599 11.237799 -0.262506
v -1.910581 11.190852 -0.133825
v -1.886192 12.809148 -0.113808
v -1.776757 12.762201 -0.223243
v -1.675901 12.685962 -0.324099
v -1.587500 12.583363 -0.412500
v -1.514951 12.458345 -0.485048
v -1.461043 12.315714 -0.538957
v -1.427846 12.160950 -0.572154
v -1.416637 12.000000 -0.583362
v -1.427846 11.839050 -0.572154
v -1.461043 11.684286 -0.538957
v -1.514951 11.541655 -0.485048
v -1.587500 11.416637 -0.412500
v -1.675901 11.314038 -0.324099
v -1.776757 11.237799 -0.223243
v -1.886192 11.190852 -0.113808
v -2.000000 11.175000 0.000000
v -1.866175 12.809148 -0.089419
v -1.737494 12.762201 -0.175401
v -1.618900 12.685962 -0.254643
v -1.514951 12.583363 -0.324099
v -1.429643 12.458345 -0.381100
v -1.366254 12.315714 -0.423456
v -1.327218 12.160950 -0.449538
v -1.314038 12.000000 -0.458345
v -1.327218 11.839050 -0.449538
v -1.366254 11.684286 -0.423456
v -1.429643 11.541655 -0.381100
v -1.514951 11.416637 -0.324099
v -1.618900 11.314038 -0.254643
v -1.737494 11.237799 -0.175401
v -1.866175 11.190852 -0.089419
v -1.851302 12.809148 -0.061593
v -1.708319 12.762201 -0.120818
v -1.576544 12.685962 -0.175401
v -1.461043 12.583363 -0.223243
v -1.366254 12.458345 -0.262506
v -1.295819 12.315714 -0.291681
v -1.252445 12.160950 -0.309647
v -1.237800 12.000000 -0.315713
v -1.252445 11.839050 -0.309647
v -1.295819 11.684286 -0.291681
v -1.366254 11.541655 -0.262506
v -1.461043 11.416637 -0.223243
v -1.576544 11.314038 -0.175401
v -1.708319 11.237799 -0.120818
v -1.851302 11.190852 -0.061593
v -1.842143 12.809148 -0.031400
v -1.690353 12.762201 -0.061593
v -1.550462 12.685962 -0.089419
v -1.427846 12.583363 -0.113808
v -1.327218 12.458345 -0.133824
v -1.252445 12.315714 -0.148698
v -1.206400 12.160950 -0.157857
v -1.190853 12.000000 -0.160949
v -1.206400 11.839050 -0.157857
v -1.252445 11.684286 -0.148698
v -1.327218 11.541655 -0.133824
v -1.427846 11.416637 -0.113808
v -1.550462 11.314038 -0.089419
v -1.690353 11.237799 -0.061593
v -1.842143 11.190852 -0.031400
v -1.839051 12.809148 -0.000000
v -1.684286 12.762201 -0.000000
v -1.541655 12.685962 -0.000000
v -1.416637 12.583363 0.000000
v -1.314038 12.458345 0.000000
v -1.237800 12.315714 0.000000
v -1.190853 12.160950 0.000000
v -1.175001 12.000000 0.000000
v -1.190853 11.839050 0.000000
v -1.237800 11.684286 0.000000
v -1.314038 11.541655 0.000000
v -1.416637 11.416637 0.000000
v -1.541655 11.314038 0.000000
v -1.684286 11.237799 0.000000
v -1.839051 11.190852 0.000000
v -1.842143 12.809148 0.031400
v -1.690353 12.762201 0.061593
v -1.550462 12.685962 0.089419
v -1.427846 12.583363 0.113808
v -1.327219 12.458345 0.133825
v -1.252445 12.315714 0.148698
v -1.206400 12.160950 0.157857
v -1.190853 12.000000 0.160950
v -1.206400 11.839050 0.157857
v -1.252445 11.684286 0.148698
v -1.327219 11.541655 0.133825
v -1.427846 11.416637 0.113808
v -1.550462 11.314038 0.089419
v -1.690353 11.237799 0.061593
v -1.842143 11.190852 0.031400
v -1.851302 12.809148 0.061593
v -1.708319 12.762201 0.120818
v -1.576544 12.685962 0.175401
v -1.461043 12.583363 0.223243
v -1.366254 12.458345 0.262506
v -1.295819 12.315714 0.291681
v -1.252445 12.160950 0.309648
v -1.237800 12.000000 0.315714
v -1.252445 11.839050 0.309648
v -1.295819 11.684286 0.291681
v -1.366254 11.541655 0.262506
v -1.461043 11.416637 0.223243
v -1.576544 11.314038 0.175401
v -1.708319 11.237799 0.120818
v -1.851302 11.190852 0.061593
v -1.866176 12.809148 0.089419
v -1.737494 12.762201 0.175401
v -1.618900 12.685962 0.254643
v -1.514951 12.583363 0.324099
v -1.429644 12.458345 0.381100
v -1.366254 12.315714 0.423456
v -1.327219 12.160950 0.449538
v -1.314039 12.000000 0.458345
v -1.327219 11.839050 0.449538
v -1.366254 11.684286 0.423456
v -1.429644 11.541655 0.381100
v -1.514951 11.416637 0.324099
v -1.618900 11.314038 0.254643
v -1.737494 11.237799 0.175401
v -1.866176 11.190852 0.089419
v -1.886192 12.809148 0.113808
v -1.776757 12.762201 0.223243
v -1.675901 12.685962 0.324099
v -1.587500 12.583363 0.412500
v -1.514952 12.458345 0.485048
v -1.461043 12.315714 0.538957
v -1.427847 12.160950 0.572154
v -1.416638 12.000000 0.583363
v -1.427847 11.839050 0.572154
v -1.461043 11.684286 0.538957
v -1.514952 11.541655 0.485048
v -1.587500 11.416637 0.412500
v -1.675901 11.314038 0.324099
v -1.776757 11.237799 0.223243
v -1.886192 11.190852 0.113808
v -1.910581 12.809148 0.133824
v -1.824599 12.762201 0.262506
v -1.745357 12.685962 0.381100
v -1.675901 12.583363 0.485049
v -1.618900 12.458345 0.570357
v -1.576544 12.315714 0.633746
v -1.550462 12.160950 0.672782
v -1.541655 12.000000 0.685962
v -1.550462 11.839050 0.672782
v -1.576544 11.684286 0.633746
v -1.618900 11.541655 0.570357
v -1.675901 11.416637 0.485049
v -1.745357 11.314038 0.381100
v -1.824599 11.237799 0.262506
v -1.910581 11.190852 0.133824
v -1.938407 12.809148 0.148698
v -1.879182 12.762201 0.291681
v -1.824599 12.685962 0.423456
v -1.776757 12.583363 0.538957
v -1.737494 12.458345 0.633746
v -1.708319 12.315714 0.704181
v -1.690353 12.160950 0.747555
v -1.684287 12.000000 0.762200
v -1.690353 11.839050 0.747555
v -1.708319 11.684286 0.704181
v -1.737494 11.541655 0.633746
v -1.776757 11.416637 0.538957
v -1.824599 11.314038 0.423456
v -1.879182 11.237799 0.291681
v -1.938407 11.190852 0.148698
v -1.968600 12.809148 0.157857
v -1.938407 12.762201 0.309647
v -1.910582 12.685962 0.449538
v -1.886192 12.583363 0.572154
v -1.866176 12.458345 0.672781
v -1.851302 12.315714 0.747555
v -1.842143 12.160950 0.793600
v -1.839051 12.000000 0.809147
v -1.842143 11.839050 0.793600
v -1.851302 11.684286 0.747555
v -1.866176 11.541655 0.672781
v -1.886192 11.416637 0.572154
v -1.910582 11.314038 0.449538
v -1.938407 11.237799 0.309647
v -1.968600 11.190852 0.157857
v -2.000000 12.809148 0.160949
v -2.000000 12.762201 0.315714
v -2.000000 12.583363 0.583363
v -2.000000 12.315714 0.762200
v -2.000000 11.684286 0.762200
v -2.000000 11.416637 0.583363
v -2.000000 11.314038 0.458345
v -2.000000 11.237799 0.315714
v -2.000000 11.190852 0.160949
v -1.241000 11.241000 -0.024750
v -2.759000 11.241000 -0.024750
v -1.241000 12.759000 -0.024750
v -2.759000 12.759000 -0.024750
v -1.340000 11.241000 -0.024750
v -1.670000 11.241000 -0.024750
v -2.000000 11.010000 -0.024750
v -2.330000 11.241000 -0.024750
v -2.660000 11.241000 -0.024750
v -2.660000 12.759000 -0.024750
v -2.330000 12.759000 -0.024750
v -2.000000 12.990000 -0.024750
v -1.670000 12.759000 -0.024750
v -1.340000 12.759000 -0.024750
v -1.241000 12.660000 -0.024750
v -1.241000 12.330000 -0.024750
v -1.010000 12.000000 -0.024750
v -1.241000 11.670000 -0.024750
v -1.241000 11.340000 -0.024750
v -2.759000 11.340000 -0.024750
v -2.759000 11.670000 -0.024750
v -2.990000 12.000000 -0.024750
v -2.759000 12.330000 -0.024750
v -2.759000 12.660000 -0.024750
v -1.340000 11.340000 -0.123750
v -1.340000 11.670000 -0.123750
v -1.340000 12.000000 -0.123750
v -1.340000 12.330000 -0.123750
v -1.340000 12.660000 -0.123750
v -1.670000 11.340000 -0.123750
v -1.670000 12.660000 -0.123750
v -2.000000 11.340000 -0.123750
v -2.000000 12.660000 -0.123750
v -2.330000 11.340000 -0.123750
v -2.330000 12.660000 -0.123750
v -2.660000 11.340000 -0.123750
v -2.660000 11.670000 -0.123750
v -2.660000 12.000000 -0.123750
v -2.660000 12.330000 -0.123750
v -2.660000 12.660000 -0.123750
v -1.241000 11.241000 0.024750
v -2.759000 11.241000 0.024750
v -1.241000 12.759000 0.024750
v -2.759000 12.759000 0.024750
v -1.340000 11.241000 0.024750
v -1.670000 11.241000 0.024750
v -2.000000 11.010000 0.024750
v -2.330000 11.241000 0.024750
v -2.660000 11.241000 0.024750
v -2.660000 12.759000 0.024750
v -2.330000 12.759000 0.024750
v -2.000000 12.990000 0.024750
v -1.670000 12.759000 0.024750
v -1.340000 12.759000 0.024750
v -1.241000 12.660000 0.024750
v -1.241000 12.330000 0.024750
v -1.010000 12.000000 0.024750
v -1.241000 11.670000 0.024750
v -1.241000 11.340000 0.024750
v -2.759000 11.340000 0.024750
v -2.759000 11.670000 0.024750
v -2.990000 12.000000 0.024750
v -2.759000 12.330000 0.024750
v -2.759000 12.660000 0.024750
v -1.340000 11.340000 0.123750
v -1.340000 11.670000 0.123750
v -1.340000 12.000000 0.123750
v -1.340000 12.330000 0.123750
v -1.340000 12.660000 0.123750
v -1.670000 11.340000 0.123750
v -1.670000 12.660000 0.123750
v -2.000000 11.340000 0.123750
v -2.000000 12.660000 0.123750
v -2.330000 11.340000 0.123750
v -2.330000 12.660000 0.123750
v -2.660000 11.340000 0.123750
v -2.660000 11.670000 0.123750
v -2.660000 12.000000 0.123750
v -2.660000 12.330000 0.123750
v -2.660000 12.660000 0.123750
vn -0.0624 0.7715 0.6332
vn -0.0759 -0.6326 0.7708
vn -0.0759 0.6326 0.7708
vn -0.0624 -0.7715 0.6332
vn -0.0865 0.4696 0.8786
vn -0.0464 -0.8810 0.4709
vn -0.0938 0.2890 0.9527
vn -0.0286 -0.9566 0.2902
vn -0.0976 0.0976 0.9904
vn -0.0097 0.9951 0.0980
vn -0.0097 -0.9951 0.0980
vn -0.0976 -0.0976 0.9904
vn -0.0286 0.9566 0.2902
vn -0.0938 -0.2890 0.9527
vn -0.0464 0.8810 0.4709
vn -0.0865 -0.4696 0.8786
vn -0.2779 -0.2890 0.9161
vn -0.1374 0.8810 0.4528
vn -0.2563 -0.4696 0.8448
vn -0.1847 0.7715 0.6088
vn -0.2248 -0.6326 0.7412
vn -0.2248 0.6326 0.7412
vn -0.1847 -0.7715 0.6088
vn -0.2563 0.4696 0.8448
vn -0.1374 -0.8810 0.4528
vn -0.2779 0.2890 0.9161
vn -0.0846 -0.9566 0.2790
vn -0.2889 0.0976 0.9524
vn -0.0286 0.9951 0.0942
vn -0.0286 -0.9951 0.0942
vn -0.2889 -0.0976 0.9524
vn -0.0846 0.9566 0.2790
vn -0.2231 -0.8810 0.4173
vn -0.4513 0.2890 0.8443
vn -0.1374 -0.9565 0.2571
vn -0.4692 0.0976 0.8777
vn -0.0464 0.9951 0.0869
vn -0.0464 -0.9951 0.0869
vn -0.4692 -0.0976 0.8777
vn -0.1374 0.9565 0.2571
vn -0.4513 -0.2890 0.8443
vn -0.2231 0.8810 0.4173
vn -0.4162 -0.4696 0.7786
vn -0.2999 0.7715 0.5611
vn -0.3651 -0.6326 0.6831
vn -0.3651 0.6326 0.6831
vn -0.2999 -0.7715 0.5611
vn -0.4162 0.4696 0.7786
vn -0.5601 -0.4696 0.6825
vn -0.4036 0.7715 0.4918
vn -0.4913 -0.6326 0.5987
vn -0.4913 0.6326 0.5987
vn -0.4036 -0.7715 0.4918
vn -0.5601 0.4696 0.6825
vn -0.3002 -0.8810 0.3658
vn -0.6073 0.2890 0.7400
vn -0.1850 -0.9565 0.2254
vn -0.6314 0.0975 0.7693
vn -0.0625 0.9951 0.0761
vn -0.0625 -0.9951 0.0761
vn -0.6314 -0.0975 0.7693
vn -0.1850 0.9565 0.2254
vn -0.6073 -0.2890 0.7400
vn -0.3002 0.8810 0.3658
vn -0.2254 -0.9565 0.1850
vn -0.7693 0.0975 0.6314
vn -0.0761 0.9951 0.0625
vn -0.0761 -0.9951 0.0625
vn -0.7693 -0.0975 0.6314
vn -0.2254 0.9565 0.1850
vn -0.7400 -0.2890 0.6073
vn -0.3658 0.8810 0.3002
vn -0.6825 -0.4696 0.5601
vn -0.4918 0.7715 0.4036
vn -0.5987 -0.6326 0.4913
vn -0.5987 0.6326 0.4913
vn -0.4918 -0.7715 0.4036
vn -0.6825 0.4696 0.5601
vn -0.3658 -0.8810 0.3002
vn -0.7400 0.2890 0.6073
vn -0.5611 0.7715 0.2999
vn -0.6831 -0.6326 0.3651
vn -0.6831 0.6326 0.3651
vn -0.5611 -0.7715 0.2999
vn -0.7786 0.4696 0.4162
vn -0.4173 -0.8810 0.2231
vn -0.8443 0.2890 0.4513
vn -0.2571 -0.9565 0.1374
vn -0.8777 0.0975 0.4691
vn -0.0869 0.9951 0.0464
vn -0.0869 -0.9951 0.0464
vn -0.8777 -0.0975 0.4691
vn -0.2571 0.9565 0.1374
vn -0.8443 -0.2890 0.4513
vn -0.4173 0.8810 0.2231
vn -0.7786 -0.4696 0.4162
vn -0.9524 0.0975 0.2889
vn -0.0942 0.9951 0.0286
vn -0.0942 -0.9951 0.0286
vn -0.9524 -0.0975 0.2889
vn -0.2790 0.9565 0.0846
vn -0.9161 -0.2890 0.2779
vn -0.4528 0.8810 0.1374
vn -0.8448 -0.4696 0.2563
vn -0.6088 0.7715 0.1847
vn -0.7412 -0.6326 0.2248
vn -0.7412 0.6326 0.2248
vn -0.6088 -0.7715 0.1847
vn -0.8448 0.4696 0.2563
vn -0.4528 -0.8810 0.1374
vn -0.9161 0.2890 0.2779
vn -0.2790 -0.9565 0.0846
vn -0.7708 -0.6326 0.0759
vn -0.7708 0.6326 0.0759
vn -0.6332 -0.7715 0.0624
vn -0.8786 0.4696 0.0865
vn -0.4709 -0.8810 0.0464
vn -0.9527 0.2890 0.0938
vn -0.2902 -0.9565 0.0286
vn -0.9904 0.0976 0.0976
vn -0.0980 0.9951 0.0097
vn -0.0980 -0.9951 0.0097
vn -0.9904 -0.0976 0.0976
vn -0.2902 0.9565 0.0286
vn -0.9527 -0.2890 0.0938
vn -0.4709 0.8810 0.0464
vn -0.8786 -0.4696 0.0865
vn -0.6332 0.7715 0.0624
vn -0.0980 0.9951 -0.0097
vn -0.0980 -0.9951 -0.0097
vn -0.9904 -0.0976 -0.0976
vn -0.2902 0.9565 -0.0286
vn -0.9527 -0.2890 -0.0938
vn -0.4709 0.8810 -0.0464
vn -0.8786 -0.4696 -0.0865
vn -0.6332 0.7715 -0.0624
vn -0.7708 -0.6326 -0.0759
vn -0.7708 0.6326 -0.0759
vn -0.6332 -0.7715 -0.0624
vn -0.8786 0.4696 -0.0865
vn -0.4709 -0.8810 -0.0464
vn -0.9527 0.2890 -0.0938
vn -0.2902 -0.9565 -0.0286
vn -0.9904 0.0976 -0.0976
vn -0.7412 0.6326 -0.2248
vn -0.6088 -0.7715 -0.1847
vn -0.8448 0.4696 -0.2563
vn -0.4528 -0.8810 -0.1374
vn -0.9161 0.2890 -0.2779
vn -0.2790 -0.9565 -0.0846
vn -0.9524 0.0975 -0.2889
vn -0.0942 0.9951 -0.0286
vn -0.0942 -0.9951 -0.0286
vn -0.9524 -0.0975 -0.2889
vn -0.2790 0.9565 -0.0846
vn -0.9161 -0.2890 -0.2779
vn -0.4528 0.8810 -0.1374
vn -0.8448 -0.4696 -0.2563
vn -0.6088 0.7715 -0.1847
vn -0.7412 -0.6326 -0.2248
vn -0.8777 -0.0975 -0.4691
vn -0.2571 0.9565 -0.1374
vn -0.8443 -0.2890 -0.4513
vn -0.4173 0.8810 -0.2231
vn -0.7786 -0.4696 -0.4162
vn -0.5611 0.7715 -0.2999
vn -0.6831 -0.6326 -0.3651
vn -0.6831 0.6326 -0.3651
vn -0.5611 -0.7715 -0.2999
vn -0.7786 0.4696 -0.4162
vn -0.4173 -0.8810 -0.2231
vn -0.8443 0.2890 -0.4513
vn -0.2571 -0.9565 -0.1374
vn -0.8777 0.0975 -0.4692
vn -0.0869 0.9951 -0.0464
vn -0.0869 -0.9951 -0.0464
vn -0.4918 -0.7715 -0.4036
vn -0.6825 0.4696 -0.5601
vn -0.3658 -0.8810 -0.3002
vn -0.7400 0.2890 -0.6073
vn -0.2254 -0.9565 -0.1850
vn -0.7693 0.0975 -0.6314
vn -0.0761 0.9951 -0.0625
vn -0.0761 -0.9951 -0.0625
vn -0.7693 -0.0975 -0.6314
vn -0.2254 0.9565 -0.1850
vn -0.7400 -0.2890 -0.6073
vn -0.3658 0.8810 -0.3002
vn -0.6825 -0.4696 -0.5601
vn -0.4918 0.7715 -0.4036
vn -0.5987 -0.6326 -0.4913
vn -0.5987 0.6326 -0.4913
vn -0.6073 -0.2890 -0.7400
vn -0.3002 0.8810 -0.3658
vn -0.5601 -0.4696 -0.6825
vn -0.4036 0.7715 -0.4918
vn -0.4913 -0.6326 -0.5987
vn -0.4913 0.6326 -0.5987
vn -0.4036 -0.7715 -0.4918
vn -0.5601 0.4696 -0.6825
vn -0.3002 -0.8810 -0.3658
vn -0.6073 0.2890 -0.7400
vn -0.1850 -0.9565 -0.2254
vn -0.6314 0.0975 -0.7693
vn -0.0625 0.9951 -0.0761
vn -0.0625 -0.9951 -0.0761
vn -0.6314 -0.0975 -0.7693
vn -0.1850 0.9565 -0.2254
vn -0.2231 -0.8810 -0.4173
vn -0.4513 0.2890 -0.8443
vn -0.1374 -0.9565 -0.2571
vn -0.4691 0.0975 -0.8777
vn -0.0464 0.9951 -0.0869
vn -0.0464 -0.9951 -0.0869
vn -0.4691 -0.0975 -0.8777
vn -0.1374 0.9565 -0.2571
vn -0.4513 -0.2890 -0.8443
vn -0.2231 0.8810 -0.4173
vn -0.4162 -0.4696 -0.7786
vn -0.2999 0.7715 -0.5611
vn -0.3651 -0.6326 -0.6831
vn -0.3651 0.6326 -0.6831
vn -0.2999 -0.7715 -0.5611
vn -0.4162 0.4696 -0.7786
vn -0.1374 0.8810 -0.4528
vn -0.2563 -0.4696 -0.8448
vn -0.1847 0.7715 -0.6088
vn -0.2248 -0.6326 -0.7412
vn -0.2248 0.6326 -0.7412
vn -0.1847 -0.7715 -0.6088
vn -0.2563 0.4696 -0.8448
vn -0.1374 -0.8810 -0.4528
vn -0.2779 0.2890 -0.9161
vn -0.0846 -0.9565 -0.2790
vn -0.2889 0.0975 -0.9524
vn -0.0286 0.9951 -0.0942
vn -0.0286 -0.9951 -0.0942
vn -0.2889 -0.0975 -0.9524
vn -0.0846 0.9565 -0.2790
vn -0.2779 -0.2890 -0.9161
vn -0.0938 0.2890 -0.9527
vn -0.0286 -0.9565 -0.2902
vn -0.0976 0.0975 -0.9904
vn -0.0097 0.9951 -0.0980
vn -0.0097 -0.9951 -0.0980
vn -0.0976 -0.0975 -0.9904
vn -0.0286 0.9565 -0.2902
vn -0.0938 -0.2890 -0.9527
vn -0.0464 0.8810 -0.4709
vn -0.0865 -0.4696 -0.8786
vn -0.0624 0.7715 -0.6332
vn -0.0759 -0.6326 -0.7708
vn -0.0759 0.6326 -0.7708
vn -0.0624 -0.7715 -0.6332
vn -0.0865 0.4696 -0.8786
vn -0.0464 -0.8810 -0.4709
vn 0.0865 -0.4696 -0.8786
vn 0.0624 0.7715 -0.6332
vn 0.0759 -0.6326 -0.7708
vn 0.0759 0.6326 -0.7708
vn 0.0624 -0.7715 -0.6332
vn 0.0865 0.4696 -0.8786
vn 0.0464 -0.8810 -0.4709
vn 0.0938 0.2890 -0.9527
vn 0.0286 -0.9565 -0.2902
vn 0.0976 0.0975 -0.9904
vn 0.0097 0.9951 -0.0980
vn 0.0097 -0.9951 -0.0980
vn 0.0976 -0.0975 -0.9904
vn 0.0286 0.9565 -0.2902
vn 0.0938 -0.2890 -0.9527
vn 0.0464 0.8810 -0.4709
vn 0.0846 -0.9565 -0.2790
vn 0.2889 0.0975 -0.9524
vn 0.0286 0.9951 -0.0942
vn 0.0286 -0.9951 -0.0942
vn 0.2889 -0.0975 -0.9524
vn 0.0846 0.9565 -0.2790
vn 0.2779 -0.2890 -0.9161
vn 0.1374 0.8810 -0.4528
vn 0.2563 -0.4696 -0.8448
vn 0.1847 0.7715 -0.6088
vn 0.2248 -0.6326 -0.7412
vn 0.2248 0.6326 -0.7412
vn 0.1847 -0.7715 -0.6088
vn 0.2563 0.4696 -0.8448
vn 0.1374 -0.8810 -0.4528
vn 0.2779 0.2890 -0.9161
vn 0.2999 0.7715 -0.5611
vn 0.3651 -0.6326 -0.6831
vn 0.3651 0.6326 -0.6831
vn 0.2999 -0.7715 -0.5611
vn 0.4162 0.4696 -0.7786
vn 0.2231 -0.8810 -0.4173
vn 0.4513 0.2890 -0.8443
vn 0.1374 -0.9565 -0.2571
vn 0.4691 0.0975 -0.8777
vn 0.0464 0.9951 -0.0869
vn 0.0464 -0.9951 -0.0869
vn 0.4691 -0.0975 -0.8777
vn 0.1374 0.9565 -0.2571
vn 0.4513 -0.2890 -0.8443
vn 0.2231 0.8810 -0.4173
vn 0.4162 -0.4696 -0.7786
vn 0.6314 0.0975 -0.7693
vn 0.0625 0.9951 -0.0761
vn 0.0625 -0.9951 -0.0761
vn 0.6314 -0.0975 -0.7693
vn 0.1850 0.9565 -0.2254
vn 0.6073 -0.2890 -0.7400
vn 0.3002 0.8810 -0.3658
vn 0.5601 -0.4696 -0.6825
vn 0.4036 0.7715 -0.4918
vn 0.4913 -0.6326 -0.5987
vn 0.4913 0.6326 -0.5987
vn 0.4036 -0.7715 -0.4918
vn 0.5601 0.4696 -0.6825
vn 0.3002 -0.8810 -0.3658
vn 0.6073 0.2890 -0.7400
vn 0.1850 -0.9565 -0.2254
vn 0.5987 -0.6326 -0.4913
vn 0.5987 0.6326 -0.4913
vn 0.4918 -0.7715 -0.4036
vn 0.6825 0.4696 -0.5601
vn 0.3658 -0.8810 -0.3002
vn 0.7400 0.2890 -0.6073
vn 0.2254 -0.9565 -0.1850
vn 0.7693 0.0975 -0.6314
vn 0.0761 0.9951 -0.0625
vn 0.0761 -0.9951 -0.0625
vn 0.7693 -0.0975 -0.6314
vn 0.2254 0.9565 -0.1850
vn 0.7400 -0.2890 -0.6073
vn 0.3658 0.8810 -0.3002
vn 0.6825 -0.4696 -0.5601
vn 0.4918 0.7715 -0.4036
vn 0.0869 -0.9951 -0.0464
vn 0.8777 -0.0975 -0.4691
vn 0.2571 0.9565 -0.1374
vn 0.8443 -0.2890 -0.4513
vn 0.4173 0.8810 -0.2231
vn 0.7786 -0.4696 -0.4162
vn 0.5611 0.7715 -0.2999
vn 0.6831 -0.6326 -0.3651
vn 0.6831 0.6326 -0.3651
vn 0.5611 -0.7715 -0.2999
vn 0.7786 0.4696 -0.4162
vn 0.4173 -0.8810 -0.2231
vn 0.8443 0.2890 -0.4513
vn 0.2571 -0.9565 -0.1374
vn 0.8777 0.0975 -0.4691
vn 0.0869 0.9951 -0.0464
vn 0.6088 -0.7715 -0.1847
vn 0.8448 0.4696 -0.2563
vn 0.4528 -0.8810 -0.1374
vn 0.9161 0.2890 -0.2779
vn 0.2790 -0.9565 -0.0846
vn 0.9524 0.0975 -0.2889
vn 0.0942 0.9951 -0.0286
vn 0.0942 -0.9951 -0.0286
vn 0.9524 -0.0975 -0.2889
vn 0.2790 0.9565 -0.0846
vn 0.9161 -0.2890 -0.2779
vn 0.4528 0.8810 -0.1374
vn 0.8448 -0.4696 -0.2563
vn 0.6088 0.7715 -0.1847
vn 0.7412 -0.6326 -0.2248
vn 0.7412 0.6326 -0.2248
vn 0.2902 0.9565 -0.0286
vn 0.9527 -0.2890 -0.0938
vn 0.4709 0.8810 -0.0464
vn 0.8786 -0.4696 -0.0865
vn 0.6332 0.7715 -0.0624
vn 0.7708 -0.6326 -0.0759
vn 0.7708 0.6326 -0.0759
vn 0.6332 -0.7715 -0.0624
vn 0.8786 0.4696 -0.0865
vn 0.4709 -0.8810 -0.0464
vn 0.9527 0.2890 -0.0938
vn 0.2902 -0.9565 -0.0286
vn 0.9904 0.0975 -0.0975
vn 0.0980 0.9951 -0.0097
vn 0.0980 -0.9951 -0.0097
vn 0.9904 -0.0975 -0.0975
vn 0.8786 0.4696 0.0865
vn 0.4709 -0.8810 0.0464
vn 0.9527 0.2890 0.0938
vn 0.2902 -0.9565 0.0286
vn 0.9904 0.0975 0.0975
vn 0.0980 0.9951 0.0097
vn 0.0980 -0.9951 0.0097
vn 0.9904 -0.0975 0.0975
vn 0.2902 0.9565 0.0286
vn 0.9527 -0.2890 0.0938
vn 0.4709 0.8810 0.0464
vn 0.8786 -0.4696 0.0865
vn 0.6332 0.7715 0.0624
vn 0.7708 -0.6326 0.0759
vn 0.7708 0.6326 0.0759
vn 0.6332 -0.7715 0.0624
vn 0.9161 -0.2890 0.2779
vn 0.4528 0.8810 0.1374
vn 0.8448 -0.4696 0.2563
vn 0.6088 0.7715 0.1847
vn 0.7412 -0.6326 0.2248
vn 0.7412 0.6326 0.2248
vn 0.6088 -0.7715 0.1847
vn 0.8448 0.4696 0.2563
vn 0.4528 -0.8810 0.1374
vn 0.9161 0.2890 0.2779
vn 0.2790 -0.9565 0.0846
vn 0.9524 0.0975 0.2889
vn 0.0942 0.9951 0.0286
vn 0.0942 -0.9951 0.0286
vn 0.9524 -0.0975 0.2889
vn 0.2790 0.9565 0.0846
vn 0.4173 -0.8810 0.2231
vn 0.8443 0.2890 0.4513
vn 0.2571 -0.9565 0.1374
vn 0.8777 0.0975 0.4692
vn 0.0869 0.9951 0.0464
vn 0.0869 -0.9951 0.0464
vn 0.8777 -0.0975 0.4692
vn 0.2571 0.9565 0.1374
vn 0.8443 -0.2890 0.4513
vn 0.4173 0.8810 0.2231
vn 0.7786 -0.4696 0.4162
vn 0.5611 0.7715 0.2999
vn 0.6831 -0.6326 0.3651
vn 0.6831 0.6326 0.3651
vn 0.5611 -0.7715 0.2999
vn 0.7786 0.4696 0.4162
vn 0.3658 0.8810 0.3002
vn 0.6825 -0.4696 0.5601
vn 0.4918 0.7715 0.4036
vn 0.5987 -0.6326 0.4913
vn 0.5987 0.6326 0.4913
vn 0.4918 -0.7715 0.4036
vn 0.6825 0.4696 0.5601
vn 0.3658 -0.8810 0.3002
vn 0.7400 0.2890 0.6073
vn 0.2254 -0.9566 0.1850
vn 0.7693 0.0975 0.6314
vn 0.0761 0.9951 0.0625
vn 0.0761 -0.9951 0.0625
vn 0.7693 -0.0975 0.6314
vn 0.2254 0.9565 0.1850
vn 0.7400 -0.2890 0.6073
vn 0.6073 0.2890 0.7400
vn 0.1850 -0.9565 0.2254
vn 0.6314 0.0975 0.7693
vn 0.0625 0.9951 0.0761
vn 0.0625 -0.9951 0.0761
vn 0.6314 -0.0975 0.7693
vn 0.1850 0.9565 0.2254
vn 0.6073 -0.2890 0.7400
vn 0.3002 0.8810 0.3658
vn 0.5601 -0.4696 0.6825
vn 0.4036 0.7715 0.4918
vn 0.4913 -0.6326 0.5987
vn 0.4913 0.6326 0.5987
vn 0.4036 -0.7715 0.4918
vn 0.5601 0.4696 0.6825
vn 0.3002 -0.8810 0.3658
vn 0.4162 -0.4696 0.7786
vn 0.2999 0.7715 0.5611
vn 0.3651 -0.6326 0.6831
vn 0.3651 0.6326 0.6831
vn 0.2999 -0.7715 0.5611
vn 0.4162 0.4696 0.7786
vn 0.2231 -0.8810 0.4173
vn 0.4513 0.2890 0.8443
vn 0.1374 -0.9565 0.2571
vn 0.4691 0.0975 0.8777
vn 0.0464 0.9951 0.0869
vn 0.0464 -0.9951 0.0869
vn 0.4691 -0.0975 0.8777
vn 0.1374 0.9565 0.2571
vn 0.4513 -0.2890 0.8443
vn 0.2231 0.8810 0.4173
vn 0.0846 -0.9565 0.2790
vn 0.2889 0.0975 0.9524
vn 0.0286 0.9951 0.0942
vn 0.0286 -0.9951 0.0942
vn 0.2889 -0.0975 0.9524
vn 0.0846 0.9565 0.2790
vn 0.2779 -0.2890 0.9161
vn 0.1374 0.8810 0.4528
vn 0.2563 -0.4696 0.8448
vn 0.1847 0.7715 0.6088
vn 0.2248 -0.6326 0.7412
vn 0.2248 0.6326 0.7412
vn 0.1847 -0.7715 0.6088
vn 0.2563 0.4696 0.8448
vn 0.1374 -0.8810 0.4528
vn 0.2779 0.2890 0.9161
vn 0.0759 -0.6326 0.7708
vn 0.0759 0.6326 0.7708
vn 0.0624 -0.7715 0.6332
vn 0.0865 0.4696 0.8786
vn 0.0464 -0.8810 0.4709
vn 0.0938 0.2890 0.9527
vn 0.0286 -0.9565 0.2902
vn 0.0976 0.0975 0.9904
vn 0.0097 0.9951 0.0980
vn 0.0097 -0.9951 0.0980
vn 0.0976 -0.0975 0.9904
vn 0.0286 0.9565 0.2902
vn 0.0938 -0.2890 0.9527
vn 0.0464 0.8810 0.4709
vn 0.0865 -0.4696 0.8786
vn 0.0624 0.7715 0.6332
vn -0.4082 0.4082 -0.8165
vn 0.4082 0.4082 -0.8165
vn -0.0000 0.7071 -0.7071
vn 0.1451 0.4146 -0.8983
vn -0.1451 0.4146 -0.8983
vn -0.0000 -0.7071 -0.7071
vn -0.1451 -0.4146 -0.8983
vn 0.1451 -0.4146 -0.8983
vn 0.4082 -0.4082 -0.8165
vn 0.7071 -0.0000 -0.7071
vn 0.4146 -0.1451 -0.8983
vn 0.4146 0.1451 -0.8983
vn -0.4082 -0.4082 -0.8165
vn -0.7071 -0.0000 -0.7071
vn -0.4146 -0.1451 -0.8983
vn -0.4146 0.1451 -0.8983
vn -0.0000 -0.0000 -1.0000
vn -0.4082 0.4082 0.8165
vn 0.4082 0.4082 0.8165
vn -0.0000 0.7071 0.7071
vn 0.1451 0.4146 0.8983
vn -0.1451 0.4146 0.8983
vn -0.0000 -0.7071 0.7071
vn -0.1451 -0.4146 0.8983
vn 0.1451 -0.4146 0.8983
vn 0.4082 -0.4082 0.8165
vn 0.7071 -0.0000 0.7071
vn 0.4146 -0.1451 0.8983
vn 0.4146 0.1451 0.8983
vn -0.4082 -0.4082 0.8165
vn -0.7071 -0.0000 0.7071
vn -0.4146 -0.1451 0.8983
vn -0.4146 0.1451 0.8983
vn -0.0000 -0.0000 1.0000
vn 1.0000 -0.0000 -0.0000
vn -0.0000 -1.0000 -0.0000
vn -1.0000 -0.0000 -0.0000
vn -0.0000 1.0000 -0.0000
vn 0.5735 -0.8192 -0.0000
vn -0.5735 -0.8192 -0.0000
vn -0.5735 0.8192 -0.0000
vn 0.5735 0.8192 -0.0000
vn 0.8192 0.5735 -0.0000
vn 0.8192 -0.5735 -0.0000
vn -0.8192 -0.5735 -0.0000
vn -0.8192 0.5735 -0.0000
vt 0.170807 0.170807
vt 0.170807 0.128374
vt 0.192024 0.128374
vt 0.192024 0.170807
vt 0.170807 0.510277
vt 0.170807 0.467843
vt 0.192024 0.467843
vt 0.192024 0.510277
vt 0.170807 0.213241
vt 0.192024 0.213241
vt 0.170807 0.552711
vt 0.192024 0.552711
vt 0.170807 0.255675
vt 0.192024 0.255675
vt 0.170807 0.595145
vt 0.192024 0.595145
vt 0.170807 0.298108
vt 0.192024 0.298108
vt 0.170807 0.637578
vt 0.192024 0.637578
vt 0.170807 0.340542
vt 0.192024 0.340542
vt 0.170807 0.043506
vt 0.181416 0.001072
vt 0.192024 0.043506
vt 0.181416 0.680012
vt 0.170807 0.382976
vt 0.192024 0.382976
vt 0.170807 0.085940
vt 0.192024 0.085940
vt 0.170807 0.425410
vt 0.192024 0.425410
vt 0.213241 0.382976
vt 0.213241 0.425410
vt 0.213241 0.085940
vt 0.213241 0.128374
vt 0.213241 0.467843
vt 0.213241 0.170807
vt 0.213241 0.510277
vt 0.213241 0.213241
vt 0.213241 0.552711
vt 0.213241 0.255675
vt 0.213241 0.595145
vt 0.213241 0.298108
vt 0.213241 0.637578
vt 0.213241 0.340542
vt 0.202633 0.001072
vt 0.213241 0.043506
vt 0.202633 0.680012
vt 0.234458 0.552711
vt 0.234458 0.595145
vt 0.234458 0.255675
vt 0.234458 0.298108
vt 0.234458 0.637578
vt 0.234458 0.340542
vt 0.223849 0.001072
vt 0.234458 0.043506
vt 0.223850 0.680012
vt 0.234458 0.382976
vt 0.234458 0.085940
vt 0.234458 0.425410
vt 0.234458 0.128374
vt 0.234458 0.467843
vt 0.234458 0.170807
vt 0.234458 0.510277
vt 0.234458 0.213241
vt 0.255675 0.425410
vt 0.255675 0.467843
vt 0.255675 0.128374
vt 0.255675 0.170807
vt 0.255675 0.510277
vt 0.255675 0.213241
vt 0.255675 0.552711
vt 0.255675 0.255675
vt 0.255675 0.595145
vt 0.255675 0.298108
vt 0.255675 0.637578
vt 0.255675 0.340542
vt 0.245066 0.001072
vt 0.255675 0.043506
vt 0.245066 0.680012
vt 0.255675 0.382976
vt 0.255675 0.085940
vt 0.276892 0.595145
vt 0.276892 0.637578
vt 0.276892 0.298108
vt 0.276892 0.340542
vt 0.266283 0.001072
vt 0.276892 0.043506
vt 0.266283 0.680012
vt 0.276892 0.382976
vt 0.276892 0.085940
vt 0.276892 0.425410
vt 0.276892 0.128374
vt 0.276892 0.467843
vt 0.276892 0.170807
vt 0.276892 0.510277
vt 0.276892 0.213241
vt 0.276892 0.552711
vt 0.276892 0.255675
vt 0.298108 0.128374
vt 0.298108 0.170807
vt 0.298108 0.467843
vt 0.298108 0.510277
vt 0.298108 0.213241
vt 0.298108 0.552711
vt 0.298108 0.255675
vt 0.298108 0.595145
vt 0.298108 0.298108
vt 0.298109 0.637578
vt 0.298108 0.340542
vt 0.287500 0.001072
vt 0.298108 0.043506
vt 0.287500 0.680012
vt 0.298108 0.382976
vt 0.298108 0.085940
vt 0.298108 0.425410
vt 0.319325 0.298108
vt 0.319325 0.340542
vt 0.308717 0.001072
vt 0.319325 0.043506
vt 0.308717 0.680012
vt 0.319325 0.637578
vt 0.319325 0.382976
vt 0.319325 0.085940
vt 0.319325 0.425410
vt 0.319325 0.128374
vt 0.319325 0.467843
vt 0.319325 0.170807
vt 0.319325 0.510277
vt 0.319325 0.213241
vt 0.319325 0.552711
vt 0.319325 0.255675
vt 0.319325 0.595145
vt 0.340542 0.467843
vt 0.340542 0.510277
vt 0.340542 0.170807
vt 0.340542 0.213241
vt 0.340542 0.552711
vt 0.340542 0.255675
vt 0.340542 0.595145
vt 0.340542 0.298108
vt 0.340542 0.637578
vt 0.340542 0.340542
vt 0.329934 0.001072
vt 0.340542 0.043506
vt 0.329934 0.680012
vt 0.340542 0.382976
vt 0.340542 0.085940
vt 0.340542 0.425410
vt 0.340542 0.128374
vt 0.351151 0.001072
vt 0.361759 0.043506
vt 0.351151 0.680012
vt 0.361759 0.637578
vt 0.361759 0.340542
vt 0.361759 0.382976
vt 0.361759 0.085940
vt 0.361759 0.425410
vt 0.361759 0.128374
vt 0.361759 0.467843
vt 0.361759 0.170807
vt 0.361759 0.510277
vt 0.361759 0.213241
vt 0.361759 0.552711
vt 0.361759 0.255675
vt 0.361759 0.595145
vt 0.361759 0.298108
vt 0.382976 0.170807
vt 0.382976 0.213241
vt 0.382976 0.510277
vt 0.382976 0.552711
vt 0.382976 0.255675
vt 0.382976 0.595145
vt 0.382976 0.298108
vt 0.382976 0.637578
vt 0.382976 0.340542
vt 0.372368 0.001072
vt 0.382976 0.043506
vt 0.372368 0.680012
vt 0.382976 0.382976
vt 0.382976 0.085940
vt 0.382976 0.425410
vt 0.382976 0.128373
vt 0.382976 0.467843
vt 0.404193 0.340542
vt 0.404193 0.382976
vt 0.404193 0.043506
vt 0.404193 0.085940
vt 0.404193 0.425410
vt 0.404193 0.128373
vt 0.404193 0.467843
vt 0.404193 0.170807
vt 0.404193 0.510277
vt 0.404193 0.213241
vt 0.404193 0.552711
vt 0.404193 0.255675
vt 0.404193 0.595145
vt 0.404193 0.298108
vt 0.404193 0.637578
vt 0.393584 0.001072
vt 0.393584 0.680012
vt 0.425410 0.510277
vt 0.425410 0.552711
vt 0.425410 0.213241
vt 0.425410 0.255675
vt 0.425410 0.595145
vt 0.425410 0.298108
vt 0.425410 0.637578
vt 0.425410 0.340542
vt 0.414801 0.001072
vt 0.425410 0.043506
vt 0.414801 0.680012
vt 0.425410 0.382976
vt 0.425410 0.085940
vt 0.425410 0.425410
vt 0.425410 0.128373
vt 0.425410 0.467843
vt 0.425410 0.170807
vt 0.446626 0.382976
vt 0.446626 0.425410
vt 0.446626 0.085940
vt 0.446627 0.128373
vt 0.446626 0.467843
vt 0.446627 0.170807
vt 0.446626 0.510277
vt 0.446626 0.213241
vt 0.446627 0.552711
vt 0.446626 0.255675
vt 0.446626 0.595145
vt 0.446626 0.298108
vt 0.446627 0.637578
vt 0.446627 0.340542
vt 0.436018 0.001072
vt 0.446627 0.043506
vt 0.436018 0.680012
vt 0.467843 0.552711
vt 0.467843 0.595145
vt 0.467843 0.255675
vt 0.467843 0.298108
vt 0.467843 0.637578
vt 0.467843 0.340542
vt 0.457235 0.001072
vt 0.467843 0.043506
vt 0.457235 0.680012
vt 0.467843 0.382976
vt 0.467843 0.085940
vt 0.467843 0.425410
vt 0.467843 0.128373
vt 0.467843 0.467843
vt 0.467843 0.170807
vt 0.467843 0.510277
vt 0.467843 0.213241
vt 0.489060 0.085940
vt 0.489060 0.128373
vt 0.489060 0.425410
vt 0.489060 0.467843
vt 0.489060 0.170807
vt 0.489060 0.510277
vt 0.489060 0.213241
vt 0.489060 0.552711
vt 0.489060 0.255675
vt 0.489060 0.595145
vt 0.489060 0.298108
vt 0.489060 0.637578
vt 0.489060 0.340542
vt 0.478452 0.001072
vt 0.489060 0.043506
vt 0.478452 0.680012
vt 0.489060 0.382976
vt 0.510277 0.255675
vt 0.510277 0.298108
vt 0.510277 0.595145
vt 0.510277 0.637578
vt 0.510277 0.340542
vt 0.499669 0.001072
vt 0.510277 0.043506
vt 0.499669 0.680012
vt 0.510277 0.382976
vt 0.510277 0.085940
vt 0.510277 0.425410
vt 0.510277 0.128373
vt 0.510277 0.467843
vt 0.510277 0.170807
vt 0.510277 0.510277
vt 0.510277 0.213241
vt 0.510277 0.552711
vt 0.531494 0.425410
vt 0.531494 0.467843
vt 0.531494 0.128373
vt 0.531494 0.170807
vt 0.531494 0.510277
vt 0.531494 0.213241
vt 0.531494 0.552711
vt 0.531494 0.255675
vt 0.531494 0.595145
vt 0.531494 0.298108
vt 0.531494 0.637578
vt 0.531494 0.340542
vt 0.520885 0.001072
vt 0.531494 0.043506
vt 0.520886 0.680012
vt 0.531494 0.382976
vt 0.531494 0.085940
vt 0.552711 0.595145
vt 0.552711 0.637578
vt 0.552711 0.298108
vt 0.552711 0.340542
vt 0.542102 0.001072
vt 0.552711 0.043506
vt 0.542103 0.680012
vt 0.552711 0.382976
vt 0.552711 0.085940
vt 0.552711 0.425410
vt 0.552711 0.128373
vt 0.552711 0.467843
vt 0.552711 0.170807
vt 0.552711 0.510277
vt 0.552711 0.213241
vt 0.552711 0.552711
vt 0.552711 0.255675
vt 0.573928 0.128373
vt 0.573928 0.170807
vt 0.573928 0.467843
vt 0.573928 0.510277
vt 0.573928 0.213241
vt 0.573928 0.552711
vt 0.573928 0.255675
vt 0.573928 0.595145
vt 0.573928 0.298108
vt 0.573928 0.637578
vt 0.573928 0.340542
vt 0.563319 0.001072
vt 0.573928 0.043506
vt 0.563319 0.680012
vt 0.573928 0.382976
vt 0.573928 0.085940
vt 0.573928 0.425410
vt 0.595145 0.298108
vt 0.595145 0.340542
vt 0.584536 0.001072
vt 0.595145 0.043506
vt 0.584536 0.680012
vt 0.595145 0.637578
vt 0.595145 0.382976
vt 0.595145 0.085940
vt 0.595145 0.425410
vt 0.595145 0.128373
vt 0.595145 0.467843
vt 0.595145 0.170807
vt 0.595145 0.510277
vt 0.595145 0.213241
vt 0.595145 0.552711
vt 0.595145 0.255675
vt 0.595145 0.595145
vt 0.616361 0.467843
vt 0.616361 0.510277
vt 0.616361 0.170807
vt 0.616361 0.213241
vt 0.616361 0.552711
vt 0.616361 0.255675
vt 0.616361 0.595145
vt 0.616361 0.298108
vt 0.616361 0.637578
vt 0.616361 0.340542
vt 0.605753 0.001072
vt 0.616361 0.043506
vt 0.605753 0.680012
vt 0.616361 0.382976
vt 0.616361 0.085940
vt 0.616361 0.425410
vt 0.616361 0.128373
vt 0.626970 0.680012
vt 0.637578 0.637578
vt 0.637578 0.340542
vt 0.637578 0.382976
vt 0.637578 0.043506
vt 0.637578 0.085940
vt 0.637578 0.425410
vt 0.637578 0.128373
vt 0.637578 0.467843
vt 0.637578 0.170807
vt 0.637578 0.510277
vt 0.637578 0.213241
vt 0.637578 0.552711
vt 0.637578 0.255675
vt 0.637578 0.595145
vt 0.637578 0.298108
vt 0.626970 0.001072
vt 0.658795 0.510277
vt 0.658795 0.552711
vt 0.658795 0.213241
vt 0.658795 0.255675
vt 0.658795 0.595145
vt 0.658795 0.298108
vt 0.658795 0.637578
vt 0.658795 0.340542
vt 0.648187 0.001072
vt 0.658795 0.043506
vt 0.648187 0.680012
vt 0.658795 0.382976
vt 0.658795 0.085940
vt 0.658795 0.425410
vt 0.658795 0.128373
vt 0.658795 0.467843
vt 0.658795 0.170807
vt 0.680012 0.043506
vt 0.680012 0.085940
vt 0.680012 0.382976
vt 0.680012 0.425410
vt 0.680012 0.128373
vt 0.680012 0.467843
vt 0.680012 0.170807
vt 0.680012 0.510277
vt 0.680012 0.213241
vt 0.680012 0.552711
vt 0.680012 0.255675
vt 0.680012 0.595145
vt 0.680012 0.298108
vt 0.680012 0.637578
vt 0.680012 0.340542
vt 0.669404 0.001072
vt 0.669404 0.680012
vt 0.001072 0.255675
vt 0.001072 0.213241
vt 0.022289 0.213241
vt 0.022289 0.255675
vt 0.001072 0.595145
vt 0.001072 0.552711
vt 0.022289 0.552711
vt 0.022289 0.595145
vt 0.001072 0.298108
vt 0.022289 0.298108
vt 0.001072 0.637578
vt 0.022289 0.637578
vt 0.001072 0.340542
vt 0.022289 0.340542
vt 0.001072 0.043506
vt 0.011681 0.001072
vt 0.022289 0.043506
vt 0.011681 0.680012
vt 0.001072 0.382976
vt 0.022289 0.382976
vt 0.001072 0.085940
vt 0.022289 0.085940
vt 0.001072 0.425410
vt 0.022289 0.425410
vt 0.001072 0.128373
vt 0.022289 0.128373
vt 0.001072 0.467843
vt 0.022289 0.467843
vt 0.001072 0.170807
vt 0.022289 0.170807
vt 0.001072 0.510277
vt 0.022289 0.510277
vt 0.043506 0.382976
vt 0.043506 0.425410
vt 0.043506 0.085940
vt 0.043506 0.128373
vt 0.043506 0.467843
vt 0.043506 0.170807
vt 0.043506 0.510277
vt 0.043506 0.213241
vt 0.043506 0.552711
vt 0.043506 0.255675
vt 0.043506 0.595145
vt 0.043506 0.298108
vt 0.043506 0.637578
vt 0.043506 0.340542
vt 0.032898 0.001072
vt 0.043506 0.043506
vt 0.032898 0.680012
vt 0.064723 0.552711
vt 0.064723 0.595145
vt 0.064723 0.255675
vt 0.064723 0.298108
vt 0.064723 0.637578
vt 0.064723 0.340542
vt 0.054114 0.001072
vt 0.064723 0.043506
vt 0.054115 0.680012
vt 0.064723 0.382976
vt 0.064723 0.085940
vt 0.064723 0.425410
vt 0.064723 0.128373
vt 0.064723 0.467843
vt 0.064723 0.170807
vt 0.064723 0.510277
vt 0.064723 0.213241
vt 0.085940 0.085940
vt 0.085940 0.128373
vt 0.085940 0.425410
vt 0.085940 0.467843
vt 0.085940 0.170807
vt 0.085940 0.510277
vt 0.085940 0.213241
vt 0.085940 0.552711
vt 0.085940 0.255675
vt 0.085940 0.595145
vt 0.085940 0.298108
vt 0.085940 0.637578
vt 0.085940 0.340542
vt 0.075331 0.001072
vt 0.085940 0.043506
vt 0.075331 0.680012
vt 0.085940 0.382976
vt 0.107157 0.255675
vt 0.107157 0.298108
vt 0.107157 0.595145
vt 0.107157 0.637578
vt 0.107157 0.340542
vt 0.096548 0.001072
vt 0.107157 0.043506
vt 0.096548 0.680012
vt 0.107157 0.382976
vt 0.107157 0.085940
vt 0.107157 0.425410
vt 0.107157 0.128373
vt 0.107157 0.467843
vt 0.107157 0.170807
vt 0.107157 0.510277
vt 0.107157 0.213241
vt 0.107157 0.552711
vt 0.128374 0.425410
vt 0.128374 0.467843
vt 0.128374 0.128373
vt 0.128374 0.170807
vt 0.128374 0.510277
vt 0.128374 0.213241
vt 0.128374 0.552711
vt 0.128374 0.255675
vt 0.128374 0.595145
vt 0.128374 0.298108
vt 0.128374 0.637578
vt 0.128374 0.340542
vt 0.117765 0.001072
vt 0.128374 0.043506
vt 0.117765 0.680012
vt 0.128374 0.382976
vt 0.128374 0.085940
vt 0.149590 0.595145
vt 0.149590 0.637578
vt 0.149590 0.298108
vt 0.149590 0.340542
vt 0.138982 0.001072
vt 0.149590 0.043506
vt 0.138982 0.680012
vt 0.149590 0.382976
vt 0.149590 0.085940
vt 0.149590 0.425410
vt 0.149590 0.128373
vt 0.149590 0.467843
vt 0.149590 0.170807
vt 0.149590 0.510277
vt 0.149590 0.213241
vt 0.149590 0.552711
vt 0.149590 0.255675
vt 0.160199 0.001072
vt 0.160199 0.680012
vt 0.950405 0.913754
vt 0.980834 0.907668
vt 0.986920 0.938097
vt 0.956491 0.944183
vt 0.676541 0.968527
vt 0.706971 0.962441
vt 0.713056 0.992870
vt 0.682627 0.998956
vt 0.767829 0.950269
vt 0.773915 0.980698
vt 0.828688 0.938097
vt 0.840860 0.998956
vt 0.889546 0.925926
vt 0.895632 0.956355
vt 0.834774 0.652062
vt 0.895632 0.639890
vt 0.901718 0.670319
vt 0.840860 0.682491
vt 0.767829 0.633804
vt 0.780001 0.694663
vt 0.713056 0.676405
vt 0.719142 0.706834
vt 0.652198 0.688577
vt 0.658284 0.719006
vt 0.621768 0.694663
vt 0.627854 0.725092
vt 0.670455 0.779865
vt 0.640026 0.785951
vt 0.682627 0.840724
vt 0.621768 0.852895
vt 0.694799 0.901582
vt 0.664369 0.907668
vt 0.926062 0.633804
vt 0.932148 0.664233
vt 0.944319 0.725092
vt 0.913890 0.731178
vt 0.986920 0.779865
vt 0.926062 0.792037
vt 0.968663 0.846809
vt 0.938233 0.852895
s 1
usemtl Material.024
f 4554/4292/3953 4079/4293/3953 4087/4294/3953 4088/4295/3953
f 4557/4296/3954 4084/4297/3954 4095/4298/3954 4096/4299/3954
f 4080/4300/3955 4554/4292/3955 4088/4295/3955 4089/4301/3955
f 4558/4302/3956 4557/4296/3956 4096/4299/3956 4097/4303/3956
f 4555/4304/3957 4080/4300/3957 4089/4301/3957 4090/4305/3957
f 4559/4306/3958 4558/4302/3958 4097/4303/3958 4098/4307/3958
f 4081/4308/3959 4555/4304/3959 4090/4305/3959 4091/4309/3959
f 4560/4310/3960 4559/4306/3960 4098/4307/3960 4099/4311/3960
f 4082/4312/3961 4081/4308/3961 4091/4309/3961 4092/4313/3961
f 4552/4314/3962 4160/4315/3962 4085/4316/3962
f 4386/4317/3963 4560/4310/3963 4099/4311/3963
f 4083/4318/3964 4082/4312/3964 4092/4313/3964 4093/4319/3964
f 4553/4320/3965 4552/4314/3965 4085/4316/3965 4086/4321/3965
f 4556/4322/3966 4083/4318/3966 4093/4319/3966 4094/4323/3966
f 4079/4293/3967 4553/4320/3967 4086/4321/3967 4087/4294/3967
f 4084/4297/3968 4556/4322/3968 4094/4323/3968 4095/4298/3968
f 4094/4323/3969 4093/4319/3969 4108/4324/3969 4109/4325/3969
f 4087/4294/3970 4086/4321/3970 4101/4326/3970 4102/4327/3970
f 4095/4298/3971 4094/4323/3971 4109/4325/3971 4110/4328/3971
f 4088/4295/3972 4087/4294/3972 4102/4327/3972 4103/4329/3972
f 4096/4299/3973 4095/4298/3973 4110/4328/3973 4111/4330/3973
f 4089/4301/3974 4088/4295/3974 4103/4329/3974 4104/4331/3974
f 4097/4303/3975 4096/4299/3975 4111/4330/3975 4112/4332/3975
f 4090/4305/3976 4089/4301/3976 4104/4331/3976 4105/4333/3976
f 4098/4307/3977 4097/4303/3977 4112/4332/3977 4113/4334/3977
f 4091/4309/3978 4090/4305/3978 4105/4333/3978 4106/4335/3978
f 4099/4311/3979 4098/4307/3979 4113/4334/3979 4114/4336/3979
f 4092/4313/3980 4091/4309/3980 4106/4335/3980 4107/4337/3980
f 4085/4316/3981 4160/4338/3981 4100/4339/3981
f 4386/4340/3982 4099/4311/3982 4114/4336/3982
f 4093/4319/3983 4092/4313/3983 4107/4337/3983 4108/4324/3983
f 4086/4321/3984 4085/4316/3984 4100/4339/3984 4101/4326/3984
f 4113/4334/3985 4112/4332/3985 4127/4341/3985 4128/4342/3985
f 4106/4335/3986 4105/4333/3986 4120/4343/3986 4121/4344/3986
f 4114/4336/3987 4113/4334/3987 4128/4342/3987 4129/4345/3987
f 4107/4337/3988 4106/4335/3988 4121/4344/3988 4122/4346/3988
f 4100/4339/3989 4160/4347/3989 4115/4348/3989
f 4386/4349/3990 4114/4336/3990 4129/4345/3990
f 4108/4324/3991 4107/4337/3991 4122/4346/3991 4123/4350/3991
f 4101/4326/3992 4100/4339/3992 4115/4348/3992 4116/4351/3992
f 4109/4325/3993 4108/4324/3993 4123/4350/3993 4124/4352/3993
f 4102/4327/3994 4101/4326/3994 4116/4351/3994 4117/4353/3994
f 4110/4328/3995 4109/4325/3995 4124/4352/3995 4125/4354/3995
f 4103/4329/3996 4102/4327/3996 4117/4353/3996 4118/4355/3996
f 4111/4330/3997 4110/4328/3997 4125/4354/3997 4126/4356/3997
f 4104/4331/3998 4103/4329/3998 4118/4355/3998 4119/4357/3998
f 4112/4332/3999 4111/4330/3999 4126/4356/3999 4127/4341/3999
f 4105/4333/4000 4104/4331/4000 4119/4357/4000 4120/4343/4000
f 4125/4354/4001 4124/4352/4001 4139/4358/4001 4140/4359/4001
f 4118/4355/4002 4117/4353/4002 4132/4360/4002 4133/4361/4002
f 4126/4356/4003 4125/4354/4003 4140/4359/4003 4141/4362/4003
f 4119/4357/4004 4118/4355/4004 4133/4361/4004 4134/4363/4004
f 4127/4341/4005 4126/4356/4005 4141/4362/4005 4142/4364/4005
f 4120/4343/4006 4119/4357/4006 4134/4363/4006 4135/4365/4006
f 4128/4342/4007 4127/4341/4007 4142/4364/4007 4143/4366/4007
f 4121/4344/4008 4120/4343/4008 4135/4365/4008 4136/4367/4008
f 4129/4345/4009 4128/4342/4009 4143/4366/4009 4144/4368/4009
f 4122/4346/4010 4121/4344/4010 4136/4367/4010 4137/4369/4010
f 4115/4348/4011 4160/4370/4011 4130/4371/4011
f 4386/4372/4012 4129/4345/4012 4144/4368/4012
f 4123/4350/4013 4122/4346/4013 4137/4369/4013 4138/4373/4013
f 4116/4351/4014 4115/4348/4014 4130/4371/4014 4131/4374/4014
f 4124/4352/4015 4123/4350/4015 4138/4373/4015 4139/4358/4015
f 4117/4353/4016 4116/4351/4016 4131/4374/4016 4132/4360/4016
f 4144/4368/4017 4143/4366/4017 4158/4375/4017 4159/4376/4017
f 4137/4369/4018 4136/4367/4018 4151/4377/4018 4152/4378/4018
f 4130/4371/4019 4160/4379/4019 4145/4380/4019
f 4386/4381/4020 4144/4368/4020 4159/4376/4020
f 4138/4373/4021 4137/4369/4021 4152/4378/4021 4153/4382/4021
f 4131/4374/4022 4130/4371/4022 4145/4380/4022 4146/4383/4022
f 4139/4358/4023 4138/4373/4023 4153/4382/4023 4154/4384/4023
f 4132/4360/4024 4131/4374/4024 4146/4383/4024 4147/4385/4024
f 4140/4359/4025 4139/4358/4025 4154/4384/4025 4155/4386/4025
f 4133/4361/4026 4132/4360/4026 4147/4385/4026 4148/4387/4026
f 4141/4362/4027 4140/4359/4027 4155/4386/4027 4156/4388/4027
f 4134/4363/4028 4133/4361/4028 4148/4387/4028 4149/4389/4028
f 4142/4364/4029 4141/4362/4029 4156/4388/4029 4157/4390/4029
f 4135/4365/4030 4134/4363/4030 4149/4389/4030 4150/4391/4030
f 4143/4366/4031 4142/4364/4031 4157/4390/4031 4158/4375/4031
f 4136/4367/4032 4135/4365/4032 4150/4391/4032 4151/4377/4032
f 4148/4387/4033 4147/4385/4033 4163/4392/4033 4164/4393/4033
f 4156/4388/4034 4155/4386/4034 4171/4394/4034 4172/4395/4034
f 4149/4389/4035 4148/4387/4035 4164/4393/4035 4165/4396/4035
f 4157/4390/4036 4156/4388/4036 4172/4395/4036 4173/4397/4036
f 4150/4391/4037 4149/4389/4037 4165/4396/4037 4166/4398/4037
f 4158/4375/4038 4157/4390/4038 4173/4397/4038 4174/4399/4038
f 4151/4377/4039 4150/4391/4039 4166/4398/4039 4167/4400/4039
f 4159/4376/4040 4158/4375/4040 4174/4399/4040 4175/4401/4040
f 4152/4378/4041 4151/4377/4041 4167/4400/4041 4168/4402/4041
f 4145/4380/4042 4160/4403/4042 4161/4404/4042
f 4386/4405/4043 4159/4376/4043 4175/4401/4043
f 4153/4382/4044 4152/4378/4044 4168/4402/4044 4169/4406/4044
f 4146/4383/4045 4145/4380/4045 4161/4404/4045 4162/4407/4045
f 4154/4384/4046 4153/4382/4046 4169/4406/4046 4170/4408/4046
f 4147/4385/4047 4146/4383/4047 4162/4407/4047 4163/4392/4047
f 4155/4386/4048 4154/4384/4048 4170/4408/4048 4171/4394/4048
f 4168/4402/4049 4167/4400/4049 4182/4409/4049 4183/4410/4049
f 4161/4404/4050 4160/4411/4050 4176/4412/4050
f 4386/4413/4051 4175/4401/4051 4190/4414/4051
f 4169/4406/4052 4168/4402/4052 4183/4410/4052 4184/4415/4052
f 4162/4407/4053 4161/4404/4053 4176/4412/4053 4177/4416/4053
f 4170/4408/4054 4169/4406/4054 4184/4415/4054 4185/4417/4054
f 4163/4392/4055 4162/4407/4055 4177/4416/4055 4178/4418/4055
f 4171/4394/4056 4170/4408/4056 4185/4417/4056 4186/4419/4056
f 4164/4393/4057 4163/4392/4057 4178/4418/4057 4179/4420/4057
f 4172/4395/4058 4171/4394/4058 4186/4419/4058 4187/4421/4058
f 4165/4396/4059 4164/4393/4059 4179/4420/4059 4180/4422/4059
f 4173/4397/4060 4172/4395/4060 4187/4421/4060 4188/4423/4060
f 4166/4398/4061 4165/4396/4061 4180/4422/4061 4181/4424/4061
f 4174/4399/4062 4173/4397/4062 4188/4423/4062 4189/4425/4062
f 4167/4400/4063 4166/4398/4063 4181/4424/4063 4182/4409/4063
f 4175/4401/4064 4174/4399/4064 4189/4425/4064 4190/4414/4064
f 4187/4421/4065 4186/4419/4065 4201/4426/4065 4202/4427/4065
f 4180/4422/4066 4179/4420/4066 4194/4428/4066 4195/4429/4066
f 4188/4423/4067 4187/4421/4067 4202/4427/4067 4203/4430/4067
f 4181/4424/4068 4180/4422/4068 4195/4429/4068 4196/4431/4068
f 4189/4425/4069 4188/4423/4069 4203/4430/4069 4204/4432/4069
f 4182/4409/4070 4181/4424/4070 4196/4431/4070 4197/4433/4070
f 4190/4414/4071 4189/4425/4071 4204/4432/4071 4205/4434/4071
f 4183/4410/4072 4182/4409/4072 4197/4433/4072 4198/4435/4072
f 4176/4412/4073 4160/4436/4073 4191/4437/4073
f 4386/4438/4074 4190/4414/4074 4205/4434/4074
f 4184/4415/4075 4183/4410/4075 4198/4435/4075 4199/4439/4075
f 4177/4416/4076 4176/4412/4076 4191/4437/4076 4192/4440/4076
f 4185/4417/4077 4184/4415/4077 4199/4439/4077 4200/4441/4077
f 4178/4418/4078 4177/4416/4078 4192/4440/4078 4193/4442/4078
f 4186/4419/4079 4185/4417/4079 4200/4441/4079 4201/4426/4079
f 4179/4420/4080 4178/4418/4080 4193/4442/4080 4194/4428/4080
f 4191/4437/4081 4160/4443/4081 4206/4444/4081
f 4386/4445/4082 4205/4434/4082 4220/4446/4082
f 4199/4439/4083 4198/4435/4083 4213/4447/4083 4214/4448/4083
f 4192/4440/4084 4191/4437/4084 4206/4444/4084 4207/4449/4084
f 4200/4441/4085 4199/4439/4085 4214/4448/4085 4215/4450/4085
f 4193/4442/4086 4192/4440/4086 4207/4449/4086 4208/4451/4086
f 4201/4426/4087 4200/4441/4087 4215/4450/4087 4216/4452/4087
f 4194/4428/4088 4193/4442/4088 4208/4451/4088 4209/4453/4088
f 4202/4427/4089 4201/4426/4089 4216/4452/4089 4217/4454/4089
f 4195/4429/4090 4194/4428/4090 4209/4453/4090 4210/4455/4090
f 4203/4430/4091 4202/4427/4091 4217/4454/4091 4218/4456/4091
f 4196/4431/4092 4195/4429/4092 4210/4455/4092 4211/4457/4092
f 4204/4432/4093 4203/4430/4093 4218/4456/4093 4219/4458/4093
f 4197/4433/4094 4196/4431/4094 4211/4457/4094 4212/4459/4094
f 4205/4434/4095 4204/4432/4095 4219/4458/4095 4220/4446/4095
f 4198/4435/4096 4197/4433/4096 4212/4459/4096 4213/4447/4096
f 4210/4455/4097 4209/4453/4097 4224/4460/4097 4225/4461/4097
f 4218/4456/4098 4217/4454/4098 4232/4462/4098 4233/4463/4098
f 4211/4457/4099 4210/4455/4099 4225/4461/4099 4226/4464/4099
f 4219/4458/4100 4218/4456/4100 4233/4463/4100 4234/4465/4100
f 4212/4459/4101 4211/4457/4101 4226/4464/4101 4227/4466/4101
f 4220/4446/4102 4219/4458/4102 4234/4465/4102 4235/4467/4102
f 4213/4447/4103 4212/4459/4103 4227/4466/4103 4228/4468/4103
f 4206/4444/4104 4160/4469/4104 4221/4470/4104
f 4386/4471/4105 4220/4446/4105 4235/4467/4105
f 4214/4448/4106 4213/4447/4106 4228/4468/4106 4229/4472/4106
f 4207/4449/4107 4206/4444/4107 4221/4470/4107 4222/4473/4107
f 4215/4450/4108 4214/4448/4108 4229/4472/4108 4230/4474/4108
f 4208/4451/4109 4207/4449/4109 4222/4473/4109 4223/4475/4109
f 4216/4452/4110 4215/4450/4110 4230/4474/4110 4231/4476/4110
f 4209/4453/4111 4208/4451/4111 4223/4475/4111 4224/4460/4111
f 4217/4454/4112 4216/4452/4112 4231/4476/4112 4232/4462/4112
f 4229/4472/4113 4228/4468/4113 4243/4477/4113 4244/4478/4113
f 4222/4473/4114 4221/4470/4114 4236/4479/4114 4237/4480/4114
f 4230/4474/4115 4229/4472/4115 4244/4478/4115 4245/4481/4115
f 4223/4475/4116 4222/4473/4116 4237/4480/4116 4238/4482/4116
f 4231/4476/4117 4230/4474/4117 4245/4481/4117 4246/4483/4117
f 4224/4460/4118 4223/4475/4118 4238/4482/4118 4239/4484/4118
f 4232/4462/4119 4231/4476/4119 4246/4483/4119 4247/4485/4119
f 4225/4461/4120 4224/4460/4120 4239/4484/4120 4240/4486/4120
f 4233/4463/4121 4232/4462/4121 4247/4485/4121 4248/4487/4121
f 4226/4464/4122 4225/4461/4122 4240/4486/4122 4241/4488/4122
f 4234/4465/4123 4233/4463/4123 4248/4487/4123 4249/4489/4123
f 4227/4466/4124 4226/4464/4124 4241/4488/4124 4242/4490/4124
f 4235/4467/4125 4234/4465/4125 4249/4489/4125 4250/4491/4125
f 4228/4468/4126 4227/4466/4126 4242/4490/4126 4243/4477/4126
f 4221/4470/4127 4160/4492/4127 4236/4479/4127
f 4386/4493/4128 4235/4467/4128 4250/4491/4128
f 4248/4487/4129 4247/4485/4129 4262/4494/4129 4263/4495/4129
f 4241/4488/4130 4240/4486/4130 4255/4496/4130 4256/4497/4130
f 4249/4489/4131 4248/4487/4131 4263/4495/4131 4264/4498/4131
f 4242/4490/4132 4241/4488/4132 4256/4497/4132 4257/4499/4132
f 4250/4491/4133 4249/4489/4133 4264/4498/4133 4265/4500/4133
f 4243/4477/4134 4242/4490/4134 4257/4499/4134 4258/4501/4134
f 4236/4479/4135 4160/4502/4135 4251/4503/4135
f 4386/4504/4136 4250/4491/4136 4265/4500/4136
f 4244/4478/4137 4243/4477/4137 4258/4501/4137 4259/4505/4137
f 4237/4480/4138 4236/4479/4138 4251/4503/4138 4252/4506/4138
f 4245/4481/4139 4244/4478/4139 4259/4505/4139 4260/4507/4139
f 4238/4482/4140 4237/4480/4140 4252/4506/4140 4253/4508/4140
f 4246/4483/4141 4245/4481/4141 4260/4507/4141 4261/4509/4141
f 4239/4484/4142 4238/4482/4142 4253/4508/4142 4254/4510/4142
f 4247/4485/4143 4246/4483/4143 4261/4509/4143 4262/4494/4143
f 4240/4486/4144 4239/4484/4144 4254/4510/4144 4255/4496/4144
f 4260/4507/4145 4259/4505/4145 4274/4511/4145 4275/4512/4145
f 4253/4508/4146 4252/4506/4146 4267/4513/4146 4268/4514/4146
f 4261/4509/4147 4260/4507/4147 4275/4512/4147 4276/4515/4147
f 4254/4510/4148 4253/4508/4148 4268/4514/4148 4269/4516/4148
f 4262/4494/4149 4261/4509/4149 4276/4515/4149 4277/4517/4149
f 4255/4496/4150 4254/4510/4150 4269/4516/4150 4270/4518/4150
f 4263/4495/4151 4262/4494/4151 4277/4517/4151 4278/4519/4151
f 4256/4497/4152 4255/4496/4152 4270/4518/4152 4271/4520/4152
f 4264/4498/4153 4263/4495/4153 4278/4519/4153 4279/4521/4153
f 4257/4499/4154 4256/4497/4154 4271/4520/4154 4272/4522/4154
f 4265/4500/4155 4264/4498/4155 4279/4521/4155 4280/4523/4155
f 4258/4501/4156 4257/4499/4156 4272/4522/4156 4273/4524/4156
f 4251/4503/4157 4160/4525/4157 4266/4526/4157
f 4386/4527/4158 4265/4500/4158 4280/4523/4158
f 4259/4505/4159 4258/4501/4159 4273/4524/4159 4274/4511/4159
f 4252/4506/4160 4251/4503/4160 4266/4526/4160 4267/4513/4160
f 4279/4521/4161 4278/4519/4161 4293/4528/4161 4294/4529/4161
f 4272/4522/4162 4271/4520/4162 4286/4530/4162 4287/4531/4162
f 4280/4523/4163 4279/4521/4163 4294/4529/4163 4295/4532/4163
f 4273/4524/4164 4272/4522/4164 4287/4531/4164 4288/4533/4164
f 4266/4526/4165 4160/4534/4165 4281/4535/4165
f 4386/4536/4166 4280/4523/4166 4295/4532/4166
f 4274/4511/4167 4273/4524/4167 4288/4533/4167 4289/4537/4167
f 4267/4513/4168 4266/4526/4168 4281/4535/4168 4282/4538/4168
f 4275/4512/4169 4274/4511/4169 4289/4537/4169 4290/4539/4169
f 4268/4514/4170 4267/4513/4170 4282/4538/4170 4283/4540/4170
f 4276/4515/4171 4275/4512/4171 4290/4539/4171 4291/4541/4171
f 4269/4516/4172 4268/4514/4172 4283/4540/4172 4284/4542/4172
f 4277/4517/4173 4276/4515/4173 4291/4541/4173 4292/4543/4173
f 4270/4518/4174 4269/4516/4174 4284/4542/4174 4285/4544/4174
f 4278/4519/4175 4277/4517/4175 4292/4543/4175 4293/4528/4175
f 4271/4520/4176 4270/4518/4176 4285/4544/4176 4286/4530/4176
f 4283/4540/4177 4282/4538/4177 4297/4545/4177 4298/4546/4177
f 4291/4541/4178 4290/4539/4178 4305/4547/4178 4306/4548/4178
f 4284/4542/4179 4283/4540/4179 4298/4546/4179 4299/4549/4179
f 4292/4543/4180 4291/4541/4180 4306/4548/4180 4307/4550/4180
f 4285/4544/4181 4284/4542/4181 4299/4549/4181 4300/4551/4181
f 4293/4528/4182 4292/4543/4182 4307/4550/4182 4308/4552/4182
f 4286/4530/4183 4285/4544/4183 4300/4551/4183 4301/4553/4183
f 4294/4529/4184 4293/4528/4184 4308/4552/4184 4309/4554/4184
f 4287/4531/4185 4286/4530/4185 4301/4553/4185 4302/4555/4185
f 4295/4532/4186 4294/4529/4186 4309/4554/4186 4310/4556/4186
f 4288/4533/4187 4287/4531/4187 4302/4555/4187 4303/4557/4187
f 4281/4535/4188 4160/4558/4188 4296/4559/4188
f 4386/4560/4189 4295/4532/4189 4310/4556/4189
f 4289/4537/4190 4288/4533/4190 4303/4557/4190 4304/4561/4190
f 4282/4538/4191 4281/4535/4191 4296/4559/4191 4297/4545/4191
f 4290/4539/4192 4289/4537/4192 4304/4561/4192 4305/4547/4192
f 4302/4555/4193 4301/4553/4193 4316/4562/4193 4317/4563/4193
f 4310/4556/4194 4309/4554/4194 4324/4564/4194 4325/4565/4194
f 4303/4557/4195 4302/4555/4195 4317/4563/4195 4318/4566/4195
f 4296/4559/4196 4160/4567/4196 4311/4568/4196
f 4386/4569/4197 4310/4556/4197 4325/4565/4197
f 4304/4561/4198 4303/4557/4198 4318/4566/4198 4319/4570/4198
f 4297/4545/4199 4296/4559/4199 4311/4568/4199 4312/4571/4199
f 4305/4547/4200 4304/4561/4200 4319/4570/4200 4320/4572/4200
f 4298/4546/4201 4297/4545/4201 4312/4571/4201 4313/4573/4201
f 4306/4548/4202 4305/4547/4202 4320/4572/4202 4321/4574/4202
f 4299/4549/4203 4298/4546/4203 4313/4573/4203 4314/4575/4203
f 4307/4550/4204 4306/4548/4204 4321/4574/4204 4322/4576/4204
f 4300/4551/4205 4299/4549/4205 4314/4575/4205 4315/4577/4205
f 4308/4552/4206 4307/4550/4206 4322/4576/4206 4323/4578/4206
f 4301/4553/4207 4300/4551/4207 4315/4577/4207 4316/4562/4207
f 4309/4554/4208 4308/4552/4208 4323/4578/4208 4324/4564/4208
f 4321/4574/4209 4320/4572/4209 4335/4579/4209 4336/4580/4209
f 4314/4575/4210 4313/4573/4210 4328/4581/4210 4329/4582/4210
f 4322/4576/4211 4321/4574/4211 4336/4580/4211 4337/4583/4211
f 4315/4577/4212 4314/4575/4212 4329/4582/4212 4330/4584/4212
f 4323/4578/4213 4322/4576/4213 4337/4583/4213 4338/4585/4213
f 4316/4562/4214 4315/4577/4214 4330/4584/4214 4331/4586/4214
f 4324/4564/4215 4323/4578/4215 4338/4585/4215 4339/4587/4215
f 4317/4563/4216 4316/4562/4216 4331/4586/4216 4332/4588/4216
f 4325/4565/4217 4324/4564/4217 4339/4587/4217 4340/4589/4217
f 4318/4566/4218 4317/4563/4218 4332/4588/4218 4333/4590/4218
f 4311/4568/4219 4160/4591/4219 4326/4592/4219
f 4386/4593/4220 4325/4565/4220 4340/4589/4220
f 4319/4570/4221 4318/4566/4221 4333/4590/4221 4334/4594/4221
f 4312/4571/4222 4311/4568/4222 4326/4592/4222 4327/4595/4222
f 4320/4572/4223 4319/4570/4223 4334/4594/4223 4335/4579/4223
f 4313/4573/4224 4312/4571/4224 4327/4595/4224 4328/4581/4224
f 4340/4589/4225 4339/4587/4225 4354/4596/4225 4355/4597/4225
f 4333/4590/4226 4332/4588/4226 4347/4598/4226 4348/4599/4226
f 4326/4592/4227 4160/4600/4227 4341/4601/4227
f 4386/4602/4228 4340/4589/4228 4355/4597/4228
f 4334/4594/4229 4333/4590/4229 4348/4599/4229 4349/4603/4229
f 4327/4595/4230 4326/4592/4230 4341/4601/4230 4342/4604/4230
f 4335/4579/4231 4334/4594/4231 4349/4603/4231 4350/4605/4231
f 4328/4581/4232 4327/4595/4232 4342/4604/4232 4343/4606/4232
f 4336/4580/4233 4335/4579/4233 4350/4605/4233 4351/4607/4233
f 4329/4582/4234 4328/4581/4234 4343/4606/4234 4344/4608/4234
f 4337/4583/4235 4336/4580/4235 4351/4607/4235 4352/4609/4235
f 4330/4584/4236 4329/4582/4236 4344/4608/4236 4345/4610/4236
f 4338/4585/4237 4337/4583/4237 4352/4609/4237 4353/4611/4237
f 4331/4586/4238 4330/4584/4238 4345/4610/4238 4346/4612/4238
f 4339/4587/4239 4338/4585/4239 4353/4611/4239 4354/4596/4239
f 4332/4588/4240 4331/4586/4240 4346/4612/4240 4347/4598/4240
f 4344/4608/4241 4343/4606/4241 4358/4613/4241 4359/4614/4241
f 4352/4609/4242 4351/4607/4242 4366/4615/4242 4367/4616/4242
f 4345/4610/4243 4344/4608/4243 4359/4614/4243 4360/4617/4243
f 4353/4611/4244 4352/4609/4244 4367/4616/4244 4368/4618/4244
f 4346/4612/4245 4345/4610/4245 4360/4617/4245 4361/4619/4245
f 4354/4596/4246 4353/4611/4246 4368/4618/4246 4369/4620/4246
f 4347/4598/4247 4346/4612/4247 4361/4619/4247 4362/4621/4247
f 4355/4597/4248 4354/4596/4248 4369/4620/4248 4370/4622/4248
f 4348/4599/4249 4347/4598/4249 4362/4621/4249 4363/4623/4249
f 4341/4601/4250 4160/4624/4250 4356/4625/4250
f 4386/4626/4251 4355/4597/4251 4370/4622/4251
f 4349/4603/4252 4348/4599/4252 4363/4623/4252 4364/4627/4252
f 4342/4604/4253 4341/4601/4253 4356/4625/4253 4357/4628/4253
f 4350/4605/4254 4349/4603/4254 4364/4627/4254 4365/4629/4254
f 4343/4606/4255 4342/4604/4255 4357/4628/4255 4358/4613/4255
f 4351/4607/4256 4350/4605/4256 4365/4629/4256 4366/4615/4256
f 4363/4623/4257 4362/4621/4257 4377/4630/4257 4378/4631/4257
f 4356/4625/4258 4160/4632/4258 4371/4633/4258
f 4386/4634/4259 4370/4622/4259 4385/4635/4259
f 4364/4627/4260 4363/4623/4260 4378/4631/4260 4379/4636/4260
f 4357/4628/4261 4356/4625/4261 4371/4633/4261 4372/4637/4261
f 4365/4629/4262 4364/4627/4262 4379/4636/4262 4380/4638/4262
f 4358/4613/4263 4357/4628/4263 4372/4637/4263 4373/4639/4263
f 4366/4615/4264 4365/4629/4264 4380/4638/4264 4381/4640/4264
f 4359/4614/4265 4358/4613/4265 4373/4639/4265 4374/4641/4265
f 4367/4616/4266 4366/4615/4266 4381/4640/4266 4382/4642/4266
f 4360/4617/4267 4359/4614/4267 4374/4641/4267 4375/4643/4267
f 4368/4618/4268 4367/4616/4268 4382/4642/4268 4383/4644/4268
f 4361/4619/4269 4360/4617/4269 4375/4643/4269 4376/4645/4269
f 4369/4620/4270 4368/4618/4270 4383/4644/4270 4384/4646/4270
f 4362/4621/4271 4361/4619/4271 4376/4645/4271 4377/4630/4271
f 4370/4622/4272 4369/4620/4272 4384/4646/4272 4385/4635/4272
f 4382/4642/4273 4381/4640/4273 4397/4647/4273 4398/4648/4273
f 4375/4643/4274 4374/4641/4274 4390/4649/4274 4391/4650/4274
f 4383/4644/4275 4382/4642/4275 4398/4648/4275 4399/4651/4275
f 4376/4645/4276 4375/4643/4276 4391/4650/4276 4392/4652/4276
f 4384/4646/4277 4383/4644/4277 4399/4651/4277 4400/4653/4277
f 4377/4630/4278 4376/4645/4278 4392/4652/4278 4393/4654/4278
f 4385/4635/4279 4384/4646/4279 4400/4653/4279 4401/4655/4279
f 4378/4631/4280 4377/4630/4280 4393/4654/4280 4394/4656/4280
f 4371/4633/4281 4160/4657/4281 4387/4658/4281
f 4386/4659/4282 4385/4635/4282 4401/4655/4282
f 4379/4636/4283 4378/4631/4283 4394/4656/4283 4395/4660/4283
f 4372/4637/4284 4371/4633/4284 4387/4658/4284 4388/4661/4284
f 4380/4638/4285 4379/4636/4285 4395/4660/4285 4396/4662/4285
f 4373/4639/4286 4372/4637/4286 4388/4661/4286 4389/4663/4286
f 4381/4640/4287 4380/4638/4287 4396/4662/4287 4397/4647/4287
f 4374/4641/4288 4373/4639/4288 4389/4663/4288 4390/4649/4288
f 4386/4664/4289 4401/4655/4289 4416/4665/4289
f 4395/4660/4290 4394/4656/4290 4409/4666/4290 4410/4667/4290
f 4388/4661/4291 4387/4658/4291 4402/4668/4291 4403/4669/4291
f 4396/4662/4292 4395/4660/4292 4410/4667/4292 4411/4670/4292
f 4389/4663/4293 4388/4661/4293 4403/4669/4293 4404/4671/4293
f 4397/4647/4294 4396/4662/4294 4411/4670/4294 4412/4672/4294
f 4390/4649/4295 4389/4663/4295 4404/4671/4295 4405/4673/4295
f 4398/4648/4296 4397/4647/4296 4412/4672/4296 4413/4674/4296
f 4391/4650/4297 4390/4649/4297 4405/4673/4297 4406/4675/4297
f 4399/4651/4298 4398/4648/4298 4413/4674/4298 4414/4676/4298
f 4392/4652/4299 4391/4650/4299 4406/4675/4299 4407/4677/4299
f 4400/4653/4300 4399/4651/4300 4414/4676/4300 4415/4678/4300
f 4393/4654/4301 4392/4652/4301 4407/4677/4301 4408/4679/4301
f 4401/4655/4302 4400/4653/4302 4415/4678/4302 4416/4665/4302
f 4394/4656/4303 4393/4654/4303 4408/4679/4303 4409/4666/4303
f 4387/4658/4304 4160/4680/4304 4402/4668/4304
f 4414/4676/4305 4413/4674/4305 4428/4681/4305 4429/4682/4305
f 4407/4677/4306 4406/4675/4306 4421/4683/4306 4422/4684/4306
f 4415/4678/4307 4414/4676/4307 4429/4682/4307 4430/4685/4307
f 4408/4679/4308 4407/4677/4308 4422/4684/4308 4423/4686/4308
f 4416/4665/4309 4415/4678/4309 4430/4685/4309 4431/4687/4309
f 4409/4666/4310 4408/4679/4310 4423/4686/4310 4424/4688/4310
f 4402/4668/4311 4160/4689/4311 4417/4690/4311
f 4386/4691/4312 4416/4665/4312 4431/4687/4312
f 4410/4667/4313 4409/4666/4313 4424/4688/4313 4425/4692/4313
f 4403/4669/4314 4402/4668/4314 4417/4690/4314 4418/4693/4314
f 4411/4670/4315 4410/4667/4315 4425/4692/4315 4426/4694/4315
f 4404/4671/4316 4403/4669/4316 4418/4693/4316 4419/4695/4316
f 4412/4672/4317 4411/4670/4317 4426/4694/4317 4427/4696/4317
f 4405/4673/4318 4404/4671/4318 4419/4695/4318 4420/4697/4318
f 4413/4674/4319 4412/4672/4319 4427/4696/4319 4428/4681/4319
f 4406/4675/4320 4405/4673/4320 4420/4697/4320 4421/4683/4320
f 4418/4693/4321 4417/4690/4321 4432/4698/4321 4433/4699/4321
f 4426/4694/4322 4425/4692/4322 4440/4700/4322 4441/4701/4322
f 4419/4695/4323 4418/4693/4323 4433/4699/4323 4434/4702/4323
f 4427/4696/4324 4426/4694/4324 4441/4701/4324 4442/4703/4324
f 4420/4697/4325 4419/4695/4325 4434/4702/4325 4435/4704/4325
f 4428/4681/4326 4427/4696/4326 4442/4703/4326 4443/4705/4326
f 4421/4683/4327 4420/4697/4327 4435/4704/4327 4436/4706/4327
f 4429/4682/4328 4428/4681/4328 4443/4705/4328 4444/4707/4328
f 4422/4684/4329 4421/4683/4329 4436/4706/4329 4437/4708/4329
f 4430/4685/4330 4429/4682/4330 4444/4707/4330 4445/4709/4330
f 4423/4686/4331 4422/4684/4331 4437/4708/4331 4438/4710/4331
f 4431/4687/4332 4430/4685/4332 4445/4709/4332 4446/4711/4332
f 4424/4688/4333 4423/4686/4333 4438/4710/4333 4439/4712/4333
f 4417/4690/4334 4160/4713/4334 4432/4698/4334
f 4386/4714/4335 4431/4687/4335 4446/4711/4335
f 4425/4692/4336 4424/4688/4336 4439/4712/4336 4440/4700/4336
f 4437/4715/4337 4436/4716/4337 4451/4717/4337 4452/4718/4337
f 4445/4719/4338 4444/4720/4338 4459/4721/4338 4460/4722/4338
f 4438/4723/4339 4437/4715/4339 4452/4718/4339 4453/4724/4339
f 4446/4725/4340 4445/4719/4340 4460/4722/4340 4461/4726/4340
f 4439/4727/4341 4438/4723/4341 4453/4724/4341 4454/4728/4341
f 4432/4729/4342 4160/4730/4342 4447/4731/4342
f 4386/4732/4343 4446/4725/4343 4461/4726/4343
f 4440/4733/4344 4439/4727/4344 4454/4728/4344 4455/4734/4344
f 4433/4735/4345 4432/4729/4345 4447/4731/4345 4448/4736/4345
f 4441/4737/4346 4440/4733/4346 4455/4734/4346 4456/4738/4346
f 4434/4739/4347 4433/4735/4347 4448/4736/4347 4449/4740/4347
f 4442/4741/4348 4441/4737/4348 4456/4738/4348 4457/4742/4348
f 4435/4743/4349 4434/4739/4349 4449/4740/4349 4450/4744/4349
f 4443/4745/4350 4442/4741/4350 4457/4742/4350 4458/4746/4350
f 4436/4716/4351 4435/4743/4351 4450/4744/4351 4451/4717/4351
f 4444/4720/4352 4443/4745/4352 4458/4746/4352 4459/4721/4352
f 4456/4738/4353 4455/4734/4353 4470/4747/4353 4471/4748/4353
f 4449/4740/4354 4448/4736/4354 4463/4749/4354 4464/4750/4354
f 4457/4742/4355 4456/4738/4355 4471/4748/4355 4472/4751/4355
f 4450/4744/4356 4449/4740/4356 4464/4750/4356 4465/4752/4356
f 4458/4746/4357 4457/4742/4357 4472/4751/4357 4473/4753/4357
f 4451/4717/4358 4450/4744/4358 4465/4752/4358 4466/4754/4358
f 4459/4721/4359 4458/4746/4359 4473/4753/4359 4474/4755/4359
f 4452/4718/4360 4451/4717/4360 4466/4754/4360 4467/4756/4360
f 4460/4722/4361 4459/4721/4361 4474/4755/4361 4475/4757/4361
f 4453/4724/4362 4452/4718/4362 4467/4756/4362 4468/4758/4362
f 4461/4726/4363 4460/4722/4363 4475/4757/4363 4476/4759/4363
f 4454/4728/4364 4453/4724/4364 4468/4758/4364 4469/4760/4364
f 4447/4731/4365 4160/4761/4365 4462/4762/4365
f 4386/4763/4366 4461/4726/4366 4476/4759/4366
f 4455/4734/4367 4454/4728/4367 4469/4760/4367 4470/4747/4367
f 4448/4736/4368 4447/4731/4368 4462/4762/4368 4463/4749/4368
f 4475/4757/4369 4474/4755/4369 4489/4764/4369 4490/4765/4369
f 4468/4758/4370 4467/4756/4370 4482/4766/4370 4483/4767/4370
f 4476/4759/4371 4475/4757/4371 4490/4765/4371 4491/4768/4371
f 4469/4760/4372 4468/4758/4372 4483/4767/4372 4484/4769/4372
f 4462/4762/4373 4160/4770/4373 4477/4771/4373
f 4386/4772/4374 4476/4759/4374 4491/4768/4374
f 4470/4747/4375 4469/4760/4375 4484/4769/4375 4485/4773/4375
f 4463/4749/4376 4462/4762/4376 4477/4771/4376 4478/4774/4376
f 4471/4748/4377 4470/4747/4377 4485/4773/4377 4486/4775/4377
f 4464/4750/4378 4463/4749/4378 4478/4774/4378 4479/4776/4378
f 4472/4751/4379 4471/4748/4379 4486/4775/4379 4487/4777/4379
f 4465/4752/4380 4464/4750/4380 4479/4776/4380 4480/4778/4380
f 4473/4753/4381 4472/4751/4381 4487/4777/4381 4488/4779/4381
f 4466/4754/4382 4465/4752/4382 4480/4778/4382 4481/4780/4382
f 4474/4755/4383 4473/4753/4383 4488/4779/4383 4489/4764/4383
f 4467/4756/4384 4466/4754/4384 4481/4780/4384 4482/4766/4384
f 4479/4776/4385 4478/4774/4385 4493/4781/4385 4494/4782/4385
f 4487/4777/4386 4486/4775/4386 4501/4783/4386 4502/4784/4386
f 4480/4778/4387 4479/4776/4387 4494/4782/4387 4495/4785/4387
f 4488/4779/4388 4487/4777/4388 4502/4784/4388 4503/4786/4388
f 4481/4780/4389 4480/4778/4389 4495/4785/4389 4496/4787/4389
f 4489/4764/4390 4488/4779/4390 4503/4786/4390 4504/4788/4390
f 4482/4766/4391 4481/4780/4391 4496/4787/4391 4497/4789/4391
f 4490/4765/4392 4489/4764/4392 4504/4788/4392 4505/4790/4392
f 4483/4767/4393 4482/4766/4393 4497/4789/4393 4498/4791/4393
f 4491/4768/4394 4490/4765/4394 4505/4790/4394 4506/4792/4394
f 4484/4769/4395 4483/4767/4395 4498/4791/4395 4499/4793/4395
f 4477/4771/4396 4160/4794/4396 4492/4795/4396
f 4386/4796/4397 4491/4768/4397 4506/4792/4397
f 4485/4773/4398 4484/4769/4398 4499/4793/4398 4500/4797/4398
f 4478/4774/4399 4477/4771/4399 4492/4795/4399 4493/4781/4399
f 4486/4775/4400 4485/4773/4400 4500/4797/4400 4501/4783/4400
f 4498/4791/4401 4497/4789/4401 4512/4798/4401 4513/4799/4401
f 4506/4792/4402 4505/4790/4402 4520/4800/4402 4521/4801/4402
f 4499/4793/4403 4498/4791/4403 4513/4799/4403 4514/4802/4403
f 4492/4795/4404 4160/4803/4404 4507/4804/4404
f 4386/4805/4405 4506/4792/4405 4521/4801/4405
f 4500/4797/4406 4499/4793/4406 4514/4802/4406 4515/4806/4406
f 4493/4781/4407 4492/4795/4407 4507/4804/4407 4508/4807/4407
f 4501/4783/4408 4500/4797/4408 4515/4806/4408 4516/4808/4408
f 4494/4782/4409 4493/4781/4409 4508/4807/4409 4509/4809/4409
f 4502/4784/4410 4501/4783/4410 4516/4808/4410 4517/4810/4410
f 4495/4785/4411 4494/4782/4411 4509/4809/4411 4510/4811/4411
f 4503/4786/4412 4502/4784/4412 4517/4810/4412 4518/4812/4412
f 4496/4787/4413 4495/4785/4413 4510/4811/4413 4511/4813/4413
f 4504/4788/4414 4503/4786/4414 4518/4812/4414 4519/4814/4414
f 4497/4789/4415 4496/4787/4415 4511/4813/4415 4512/4798/4415
f 4505/4790/4416 4504/4788/4416 4519/4814/4416 4520/4800/4416
f 4517/4810/4417 4516/4808/4417 4531/4815/4417 4532/4816/4417
f 4510/4811/4418 4509/4809/4418 4524/4817/4418 4525/4818/4418
f 4518/4812/4419 4517/4810/4419 4532/4816/4419 4533/4819/4419
f 4511/4813/4420 4510/4811/4420 4525/4818/4420 4526/4820/4420
f 4519/4814/4421 4518/4812/4421 4533/4819/4421 4534/4821/4421
f 4512/4798/4422 4511/4813/4422 4526/4820/4422 4527/4822/4422
f 4520/4800/4423 4519/4814/4423 4534/4821/4423 4535/4823/4423
f 4513/4799/4424 4512/4798/4424 4527/4822/4424 4528/4824/4424
f 4521/4801/4425 4520/4800/4425 4535/4823/4425 4536/4825/4425
f 4514/4802/4426 4513/4799/4426 4528/4824/4426 4529/4826/4426
f 4507/4804/4427 4160/4827/4427 4522/4828/4427
f 4386/4829/4428 4521/4801/4428 4536/4825/4428
f 4515/4806/4429 4514/4802/4429 4529/4826/4429 4530/4830/4429
f 4508/4807/4430 4507/4804/4430 4522/4828/4430 4523/4831/4430
f 4516/4808/4431 4515/4806/4431 4530/4830/4431 4531/4815/4431
f 4509/4809/4432 4508/4807/4432 4523/4831/4432 4524/4817/4432
f 4536/4825/4433 4535/4823/4433 4550/4832/4433 4551/4833/4433
f 4529/4826/4434 4528/4824/4434 4543/4834/4434 4544/4835/4434
f 4522/4828/4435 4160/4836/4435 4537/4837/4435
f 4386/4838/4436 4536/4825/4436 4551/4833/4436
f 4530/4830/4437 4529/4826/4437 4544/4835/4437 4545/4839/4437
f 4523/4831/4438 4522/4828/4438 4537/4837/4438 4538/4840/4438
f 4531/4815/4439 4530/4830/4439 4545/4839/4439 4546/4841/4439
f 4524/4817/4440 4523/4831/4440 4538/4840/4440 4539/4842/4440
f 4532/4816/4441 4531/4815/4441 4546/4841/4441 4547/4843/4441
f 4525/4818/4442 4524/4817/4442 4539/4842/4442 4540/4844/4442
f 4533/4819/4443 4532/4816/4443 4547/4843/4443 4548/4845/4443
f 4526/4820/4444 4525/4818/4444 4540/4844/4444 4541/4846/4444
f 4534/4821/4445 4533/4819/4445 4548/4845/4445 4549/4847/4445
f 4527/4822/4446 4526/4820/4446 4541/4846/4446 4542/4848/4446
f 4535/4823/4447 4534/4821/4447 4549/4847/4447 4550/4832/4447
f 4528/4824/4448 4527/4822/4448 4542/4848/4448 4543/4834/4448
f 4548/4845/4449 4547/4843/4449 4084/4297/4449 4557/4296/4449
f 4541/4846/4450 4540/4844/4450 4554/4292/4450 4080/4300/4450
f 4549/4847/4451 4548/4845/4451 4557/4296/4451 4558/4302/4451
f 4542/4848/4452 4541/4846/4452 4080/4300/4452 4555/4304/4452
f 4550/4832/4453 4549/4847/4453 4558/4302/4453 4559/4306/4453
f 4543/4834/4454 4542/4848/4454 4555/4304/4454 4081/4308/4454
f 4551/4833/4455 4550/4832/4455 4559/4306/4455 4560/4310/4455
f 4544/4835/4456 4543/4834/4456 4081/4308/4456 4082/4312/4456
f 4537/4837/4457 4160/4849/4457 4552/4314/4457
f 4386/4850/4458 4551/4833/4458 4560/4310/4458
f 4545/4839/4459 4544/4835/4459 4082/4312/4459 4083/4318/4459
f 4538/4840/4460 4537/4837/4460 4552/4314/4460 4553/4320/4460
f 4546/4841/4461 4545/4839/4461 4083/4318/4461 4556/4322/4461
f 4539/4842/4462 4538/4840/4462 4553/4320/4462 4079/4293/4462
f 4547/4843/4463 4546/4841/4463 4556/4322/4463 4084/4297/4463
f 4540/4844/4464 4539/4842/4464 4079/4293/4464 4554/4292/4464
f 4600/4851/4465 4584/4852/4465 4564/4853/4465 4570/4854/4465
f 4575/4855/4466 4589/4856/4466 4574/4857/4466 4563/4858/4466
f 4589/4856/4467 4591/4859/4467 4573/4860/4467 4574/4857/4467
f 4591/4859/4468 4593/4861/4468 4572/4862/4468 4573/4860/4468
f 4593/4861/4469 4595/4863/4469 4571/4864/4469 4572/4862/4469
f 4595/4863/4467 4600/4851/4467 4570/4854/4467 4571/4864/4467
f 4568/4865/4470 4569/4866/4470 4596/4867/4470 4594/4868/4470
f 4567/4869/4471 4568/4865/4471 4594/4868/4471 4592/4870/4471
f 4566/4871/4472 4567/4869/4472 4592/4870/4472 4590/4872/4472
f 4565/4873/4470 4566/4871/4470 4590/4872/4470 4585/4874/4470
f 4561/4875/4473 4565/4873/4473 4585/4874/4473 4579/4876/4473
f 4579/4876/4474 4585/4874/4474 4586/4877/4474 4578/4878/4474
f 4578/4878/4475 4586/4877/4475 4587/4879/4475 4577/4880/4475
f 4577/4880/4476 4587/4879/4476 4588/4881/4476 4576/4882/4476
f 4576/4882/4474 4588/4881/4474 4589/4856/4474 4575/4855/4474
f 4569/4866/4477 4562/4883/4477 4580/4884/4477 4596/4867/4477
f 4596/4867/4478 4580/4884/4478 4581/4885/4478 4597/4886/4478
f 4597/4886/4479 4581/4885/4479 4582/4887/4479 4598/4888/4479
f 4598/4888/4480 4582/4887/4480 4583/4889/4480 4599/4890/4480
f 4599/4890/4478 4583/4889/4478 4584/4852/4478 4600/4851/4478
f 4594/4868/4481 4596/4867/4481 4597/4886/4481 4598/4888/4481 4599/4890/4481 4600/4851/4481 4595/4863/4481 4593/4861/4481 4591/4859/4481 4589/4856/4481 4588/4881/4481 4587/4879/4481 4586/4877/4481 4585/4874/4481 4590/4872/4481 4592/4870/4481
f 4640/4851/4482 4610/4854/4482 4604/4853/4482 4624/4852/4482
f 4615/4855/4483 4603/4858/4483 4614/4857/4483 4629/4856/4483
f 4629/4856/4484 4614/4857/4484 4613/4860/4484 4631/4859/4484
f 4631/4859/4485 4613/4860/4485 4612/4862/4485 4633/4861/4485
f 4633/4861/4486 4612/4862/4486 4611/4864/4486 4635/4863/4486
f 4635/4863/4484 4611/4864/4484 4610/4854/4484 4640/4851/4484
f 4608/4865/4487 4634/4868/4487 4636/4867/4487 4609/4866/4487
f 4607/4869/4488 4632/4870/4488 4634/4868/4488 4608/4865/4488
f 4606/4871/4489 4630/4872/4489 4632/4870/4489 4607/4869/4489
f 4605/4873/4487 4625/4874/4487 4630/4872/4487 4606/4871/4487
f 4601/4875/4490 4619/4876/4490 4625/4874/4490 4605/4873/4490
f 4619/4876/4491 4618/4878/4491 4626/4877/4491 4625/4874/4491
f 4618/4878/4492 4617/4880/4492 4627/4879/4492 4626/4877/4492
f 4617/4880/4493 4616/4882/4493 4628/4881/4493 4627/4879/4493
f 4616/4882/4491 4615/4855/4491 4629/4856/4491 4628/4881/4491
f 4609/4866/4494 4636/4867/4494 4620/4884/4494 4602/4883/4494
f 4636/4867/4495 4637/4886/4495 4621/4885/4495 4620/4884/4495
f 4637/4886/4496 4638/4888/4496 4622/4887/4496 4621/4885/4496
f 4638/4888/4497 4639/4890/4497 4623/4889/4497 4622/4887/4497
f 4639/4890/4495 4640/4851/4495 4624/4852/4495 4623/4889/4495
f 4634/4868/4498 4632/4870/4498 4630/4872/4498 4625/4874/4498 4626/4877/4498 4627/4879/4498 4628/4881/4498 4629/4856/4498 4631/4859/4498 4633/4861/4498 4635/4863/4498 4640/4851/4498 4639/4890/4498 4638/4888/4498 4637/4886/4498 4636/4867/4498
f 4561/4875/4499 4579/4876/4499 4619/4876/4499 4601/4875/4499
f 4562/4883/4500 4569/4866/4500 4609/4866/4500 4602/4883/4500
f 4564/4853/4501 4584/4852/4501 4624/4852/4501 4604/4853/4501
f 4563/4858/4502 4574/4857/4502 4614/4857/4502 4603/4858/4502
f 4565/4873/4500 4561/4875/4500 4601/4875/4500 4605/4873/4500
f 4566/4871/4500 4565/4873/4500 4605/4873/4500 4606/4871/4500
f 4567/4869/4503 4566/4871/4503 4606/4871/4503 4607/4869/4503
f 4568/4865/4504 4567/4869/4504 4607/4869/4504 4608/4865/4504
f 4569/4866/4500 4568/4865/4500 4608/4865/4500 4609/4866/4500
f 4570/4854/4502 4564/4853/4502 4604/4853/4502 4610/4854/4502
f 4571/4864/4502 4570/4854/4502 4610/4854/4502 4611/4864/4502
f 4572/4862/4505 4571/4864/4505 4611/4864/4505 4612/4862/4505
f 4573/4860/4506 4572/4862/4506 4612/4862/4506 4613/4860/4506
f 4574/4857/4502 4573/4860/4502 4613/4860/4502 4614/4857/4502
f 4575/4855/4499 4563/4858/4499 4603/4858/4499 4615/4855/4499
f 4576/4882/4499 4575/4855/4499 4615/4855/4499 4616/4882/4499
f 4577/4880/4507 4576/4882/4507 4616/4882/4507 4617/4880/4507
f 4578/4878/4508 4577/4880/4508 4617/4880/4508 4618/4878/4508
f 4579/4876/4499 4578/4878/4499 4618/4878/4499 4619/4876/4499
f 4580/4884/4501 4562/4883/4501 4602/4883/4501 4620/4884/4501
f 4581/4885/4501 4580/4884/4501 4620/4884/4501 4621/4885/4501
f 4582/4887/4509 4581/4885/4509 4621/4885/4509 4622/4887/4509
f 4583/4889/4510 4582/4887/4510 4622/4887/4510 4623/4889/4510
f 4584/4852/4501 4583/4889/4501 4623/4889/4501 4624/4852/4501
o StageObjectSpawn.009
v -2.000000 8.685962 0.458345
v -2.000000 8.458345 0.685962
v -2.000000 8.160950 0.809148
v -2.000000 8.000000 0.825000
v -2.000000 7.839050 0.809148
v -2.000000 7.541655 0.685962
v -2.031400 8.809148 0.157857
v -2.061593 8.762201 0.309648
v -2.089419 8.685962 0.449538
v -2.113808 8.583363 0.572154
v -2.133825 8.458345 0.672782
v -2.148698 8.315714 0.747555
v -2.157857 8.160950 0.793600
v -2.160950 8.000000 0.809148
v -2.157857 7.839050 0.793600
v -2.148698 7.684286 0.747555
v -2.133825 7.541655 0.672782
v -2.113808 7.416637 0.572154
v -2.089419 7.314038 0.449538
v -2.061593 7.237799 0.309648
v -2.031400 7.190852 0.157857
v -2.061593 8.809148 0.148698
v -2.120818 8.762201 0.291682
v -2.175401 8.685962 0.423456
v -2.223243 8.583363 0.538957
v -2.262506 8.458345 0.633747
v -2.291682 8.315714 0.704181
v -2.309647 8.160950 0.747555
v -2.315714 8.000000 0.762201
v -2.309647 7.839050 0.747555
v -2.291682 7.684286 0.704181
v -2.262506 7.541655 0.633747
v -2.223243 7.416637 0.538957
v -2.175401 7.314038 0.423456
v -2.120818 7.237799 0.291682
v -2.061593 7.190852 0.148698
v -2.089419 8.809148 0.133825
v -2.175401 8.762201 0.262506
v -2.254643 8.685962 0.381100
v -2.324099 8.583363 0.485049
v -2.381100 8.458345 0.570357
v -2.423456 8.315714 0.633747
v -2.449538 8.160950 0.672782
v -2.458345 8.000000 0.685962
v -2.449538 7.839050 0.672782
v -2.423456 7.684286 0.633747
v -2.381100 7.541655 0.570357
v -2.324099 7.416637 0.485049
v -2.254643 7.314038 0.381100
v -2.175401 7.237799 0.262506
v -2.089419 7.190852 0.133825
v -2.113808 8.809148 0.113808
v -2.223243 8.762201 0.223243
v -2.324099 8.685962 0.324099
v -2.412500 8.583363 0.412500
v -2.485049 8.458345 0.485049
v -2.538957 8.315714 0.538957
v -2.572154 8.160950 0.572154
v -2.583363 8.000000 0.583363
v -2.572154 7.839050 0.572154
v -2.538957 7.684286 0.538957
v -2.485049 7.541655 0.485049
v -2.412500 7.416637 0.412500
v -2.324099 7.314038 0.324099
v -2.223243 7.237799 0.223243
v -2.113808 7.190852 0.113808
v -2.133825 8.809148 0.089419
v -2.262506 8.762201 0.175401
v -2.381100 8.685962 0.254643
v -2.485049 8.583363 0.324099
v -2.570357 8.458345 0.381100
v -2.633747 8.315714 0.423456
v -2.672782 8.160950 0.449538
v -2.685962 8.000000 0.458345
v -2.672782 7.839050 0.449538
v -2.633747 7.684286 0.423456
v -2.570357 7.541655 0.381100
v -2.485049 7.416637 0.324099
v -2.381100 7.314038 0.254643
v -2.262506 7.237799 0.175401
v -2.133825 7.190852 0.089419
v -2.000000 8.825000 -0.000000
v -2.148698 8.809148 0.061593
v -2.291682 8.762201 0.120818
v -2.423456 8.685962 0.175401
v -2.538957 8.583363 0.223243
v -2.633747 8.458345 0.262506
v -2.704181 8.315714 0.291682
v -2.747555 8.160950 0.309647
v -2.762200 8.000000 0.315714
v -2.747555 7.839050 0.309647
v -2.704181 7.684286 0.291682
v -2.633747 7.541655 0.262506
v -2.538957 7.416637 0.223243
v -2.423456 7.314038 0.175401
v -2.291682 7.237799 0.120818
v -2.148698 7.190852 0.061593
v -2.157857 8.809148 0.031400
v -2.309647 8.762201 0.061593
v -2.449538 8.685962 0.089419
v -2.572154 8.583363 0.113809
v -2.672782 8.458345 0.133825
v -2.747555 8.315714 0.148698
v -2.793600 8.160950 0.157857
v -2.809148 8.000000 0.160949
v -2.793600 7.839050 0.157857
v -2.747555 7.684286 0.148698
v -2.672782 7.541655 0.133825
v -2.572154 7.416637 0.113809
v -2.449538 7.314038 0.089419
v -2.309647 7.237799 0.061593
v -2.157857 7.190852 0.031400
v -2.160949 8.809148 -0.000000
v -2.315714 8.762201 -0.000000
v -2.458345 8.685962 -0.000000
v -2.583363 8.583363 -0.000000
v -2.685962 8.458345 -0.000000
v -2.762201 8.315714 -0.000000
v -2.809148 8.160950 -0.000000
v -2.825000 8.000000 -0.000000
v -2.809148 7.839050 -0.000000
v -2.762201 7.684286 -0.000000
v -2.685962 7.541655 -0.000000
v -2.583363 7.416637 -0.000000
v -2.458345 7.314038 0.000000
v -2.315714 7.237799 0.000000
v -2.160949 7.190852 0.000000
v -2.157857 8.809148 -0.031400
v -2.309647 8.762201 -0.061593
v -2.449538 8.685962 -0.089419
v -2.572154 8.583363 -0.113808
v -2.672782 8.458345 -0.133825
v -2.747555 8.315714 -0.148698
v -2.793600 8.160950 -0.157857
v -2.809148 8.000000 -0.160950
v -2.793600 7.839050 -0.157857
v -2.747555 7.684286 -0.148698
v -2.672782 7.541655 -0.133825
v -2.572154 7.416637 -0.113808
v -2.449538 7.314038 -0.089419
v -2.309647 7.237799 -0.061593
v -2.157857 7.190852 -0.031400
v -2.148698 8.809148 -0.061593
v -2.291682 8.762201 -0.120818
v -2.423456 8.685962 -0.175401
v -2.538957 8.583363 -0.223243
v -2.633746 8.458345 -0.262506
v -2.704181 8.315714 -0.291681
v -2.747555 8.160950 -0.309648
v -2.762200 8.000000 -0.315714
v -2.747555 7.839050 -0.309648
v -2.704181 7.684286 -0.291681
v -2.633746 7.541655 -0.262506
v -2.538957 7.416637 -0.223243
v -2.423456 7.314038 -0.175401
v -2.291682 7.237799 -0.120818
v -2.148698 7.190852 -0.061593
v -2.133825 8.809148 -0.089419
v -2.262506 8.762201 -0.175401
v -2.381100 8.685962 -0.254643
v -2.485049 8.583363 -0.324099
v -2.570357 8.458345 -0.381100
v -2.633747 8.315714 -0.423456
v -2.672782 8.160950 -0.449538
v -2.685962 8.000000 -0.458345
v -2.672782 7.839050 -0.449538
v -2.633747 7.684286 -0.423456
v -2.570357 7.541655 -0.381100
v -2.485049 7.416637 -0.324099
v -2.381100 7.314038 -0.254643
v -2.262506 7.237799 -0.175401
v -2.133825 7.190852 -0.089419
v -2.113808 8.809148 -0.113808
v -2.223243 8.762201 -0.223243
v -2.324099 8.685962 -0.324099
v -2.412500 8.583363 -0.412500
v -2.485048 8.458345 -0.485049
v -2.538957 8.315714 -0.538957
v -2.572154 8.160950 -0.572154
v -2.583363 8.000000 -0.583363
v -2.572154 7.839050 -0.572154
v -2.538957 7.684286 -0.538957
v -2.485048 7.541655 -0.485049
v -2.412500 7.416637 -0.412500
v -2.324099 7.314038 -0.324099
v -2.223243 7.237799 -0.223243
v -2.113808 7.190852 -0.113808
v -2.089419 8.809148 -0.133825
v -2.175401 8.762201 -0.262506
v -2.254643 8.685962 -0.381100
v -2.324099 8.583363 -0.485049
v -2.381100 8.458345 -0.570357
v -2.423456 8.315714 -0.633747
v -2.449538 8.160950 -0.672782
v -2.458345 8.000000 -0.685962
v -2.449538 7.839050 -0.672782
v -2.423456 7.684286 -0.633747
v -2.381100 7.541655 -0.570357
v -2.324099 7.416637 -0.485049
v -2.254643 7.314038 -0.381100
v -2.175401 7.237799 -0.262506
v -2.089419 7.190852 -0.133825
v -2.061593 8.809148 -0.148698
v -2.120818 8.762201 -0.291681
v -2.175401 8.685962 -0.423456
v -2.223243 8.583363 -0.538957
v -2.262506 8.458345 -0.633746
v -2.291682 8.315714 -0.704181
v -2.309647 8.160950 -0.747555
v -2.315713 8.000000 -0.762200
v -2.309647 7.839050 -0.747555
v -2.291682 7.684286 -0.704181
v -2.262506 7.541655 -0.633746
v -2.223243 7.416637 -0.538957
v -2.175401 7.314038 -0.423456
v -2.120818 7.237799 -0.291681
v -2.061593 7.190852 -0.148698
v -2.031400 8.809148 -0.157857
v -2.061593 8.762201 -0.309647
v -2.089419 8.685962 -0.449538
v -2.113808 8.583363 -0.572154
v -2.133824 8.458345 -0.672782
v -2.148698 8.315714 -0.747555
v -2.157857 8.160950 -0.793600
v -2.160949 8.000000 -0.809147
v -2.157857 7.839050 -0.793600
v -2.148698 7.684286 -0.747555
v -2.133824 7.541655 -0.672782
v -2.113808 7.416637 -0.572154
v -2.089419 7.314038 -0.449538
v -2.061593 7.237799 -0.309647
v -2.031400 7.190852 -0.157857
v -2.000000 8.809148 -0.160949
v -2.000000 8.762201 -0.315714
v -2.000000 8.685962 -0.458345
v -2.000000 8.583363 -0.583363
v -2.000000 8.458345 -0.685962
v -2.000000 8.315714 -0.762200
v -2.000000 8.160950 -0.809148
v -2.000000 8.000000 -0.824999
v -2.000000 7.839050 -0.809148
v -2.000000 7.684286 -0.762200
v -2.000000 7.541655 -0.685962
v -2.000000 7.416637 -0.583363
v -2.000000 7.314038 -0.458345
v -2.000000 7.237799 -0.315714
v -2.000000 7.190852 -0.160949
v -1.968600 8.809148 -0.157857
v -1.938407 8.762201 -0.309647
v -1.910581 8.685962 -0.449538
v -1.886192 8.583363 -0.572154
v -1.866175 8.458345 -0.672782
v -1.851302 8.315714 -0.747555
v -1.842143 8.160950 -0.793600
v -1.839050 8.000000 -0.809147
v -1.842143 7.839050 -0.793600
v -1.851302 7.684286 -0.747555
v -1.866175 7.541655 -0.672782
v -1.886192 7.416637 -0.572154
v -1.910581 7.314038 -0.449538
v -1.938407 7.237799 -0.309647
v -1.968600 7.190852 -0.157857
v -1.938407 8.809148 -0.148698
v -1.879182 8.762201 -0.291681
v -1.824599 8.685962 -0.423456
v -1.776757 8.583363 -0.538957
v -1.737494 8.458345 -0.633746
v -1.708319 8.315714 -0.704181
v -1.690353 8.160950 -0.747555
v -1.684286 8.000000 -0.762200
v -1.690353 7.839050 -0.747555
v -1.708319 7.684286 -0.704181
v -1.737494 7.541655 -0.633746
v -1.776757 7.416637 -0.538957
v -1.824599 7.314038 -0.423456
v -1.879182 7.237799 -0.291681
v -1.938407 7.190852 -0.148698
v -1.910581 8.809148 -0.133825
v -1.824599 8.762201 -0.262506
v -1.745357 8.685962 -0.381100
v -1.675901 8.583363 -0.485049
v -1.618900 8.458345 -0.570357
v -1.576544 8.315714 -0.633746
v -1.550462 8.160950 -0.672782
v -1.541655 8.000000 -0.685962
v -1.550462 7.839050 -0.672782
v -1.576544 7.684286 -0.633746
v -1.618900 7.541655 -0.570357
v -1.675901 7.416637 -0.485049
v -1.745357 7.314038 -0.381100
v -1.824599 7.237799 -0.262506
v -1.910581 7.190852 -0.133825
v -1.886192 8.809148 -0.113808
v -1.776757 8.762201 -0.223243
v -1.675901 8.685962 -0.324099
v -1.587500 8.583363 -0.412500
v -1.514951 8.458345 -0.485048
v -1.461043 8.315714 -0.538957
v -1.427846 8.160950 -0.572154
v -1.416637 8.000000 -0.583362
v -1.427846 7.839050 -0.572154
v -1.461043 7.684286 -0.538957
v -1.514951 7.541655 -0.485048
v -1.587500 7.416637 -0.412500
v -1.675901 7.314038 -0.324099
v -1.776757 7.237799 -0.223243
v -1.886192 7.190852 -0.113808
v -2.000000 7.175000 0.000000
v -1.866175 8.809148 -0.089419
v -1.737494 8.762201 -0.175401
v -1.618900 8.685962 -0.254643
v -1.514951 8.583363 -0.324099
v -1.429643 8.458345 -0.381100
v -1.366254 8.315714 -0.423456
v -1.327218 8.160950 -0.449538
v -1.314038 8.000000 -0.458345
v -1.327218 7.839050 -0.449538
v -1.366254 7.684286 -0.423456
v -1.429643 7.541655 -0.381100
v -1.514951 7.416637 -0.324099
v -1.618900 7.314038 -0.254643
v -1.737494 7.237799 -0.175401
v -1.866175 7.190852 -0.089419
v -1.851302 8.809148 -0.061593
v -1.708319 8.762201 -0.120818
v -1.576544 8.685962 -0.175401
v -1.461043 8.583363 -0.223243
v -1.366254 8.458345 -0.262506
v -1.295819 8.315714 -0.291681
v -1.252445 8.160950 -0.309647
v -1.237800 8.000000 -0.315713
v -1.252445 7.839050 -0.309647
v -1.295819 7.684286 -0.291681
v -1.366254 7.541655 -0.262506
v -1.461043 7.416637 -0.223243
v -1.576544 7.314038 -0.175401
v -1.708319 7.237799 -0.120818
v -1.851302 7.190852 -0.061593
v -1.842143 8.809148 -0.031400
v -1.690353 8.762201 -0.061593
v -1.550462 8.685962 -0.089419
v -1.427846 8.583363 -0.113808
v -1.327218 8.458345 -0.133824
v -1.252445 8.315714 -0.148698
v -1.206400 8.160950 -0.157857
v -1.190853 8.000000 -0.160949
v -1.206400 7.839050 -0.157857
v -1.252445 7.684286 -0.148698
v -1.327218 7.541655 -0.133824
v -1.427846 7.416637 -0.113808
v -1.550462 7.314038 -0.089419
v -1.690353 7.237799 -0.061593
v -1.842143 7.190852 -0.031400
v -1.839051 8.809148 -0.000000
v -1.684286 8.762201 -0.000000
v -1.541655 8.685962 -0.000000
v -1.416637 8.583363 0.000000
v -1.314038 8.458345 0.000000
v -1.237800 8.315714 0.000000
v -1.190853 8.160950 0.000000
v -1.175001 8.000000 0.000000
v -1.190853 7.839050 0.000000
v -1.237800 7.684286 0.000000
v -1.314038 7.541655 0.000000
v -1.416637 7.416637 0.000000
v -1.541655 7.314038 0.000000
v -1.684286 7.237799 0.000000
v -1.839051 7.190852 0.000000
v -1.842143 8.809148 0.031400
v -1.690353 8.762201 0.061593
v -1.550462 8.685962 0.089419
v -1.427846 8.583363 0.113808
v -1.327219 8.458345 0.133825
v -1.252445 8.315714 0.148698
v -1.206400 8.160950 0.157857
v -1.190853 8.000000 0.160950
v -1.206400 7.839050 0.157857
v -1.252445 7.684286 0.148698
v -1.327219 7.541655 0.133825
v -1.427846 7.416637 0.113808
v -1.550462 7.314038 0.089419
v -1.690353 7.237799 0.061593
v -1.842143 7.190852 0.031400
v -1.851302 8.809148 0.061593
v -1.708319 8.762201 0.120818
v -1.576544 8.685962 0.175401
v -1.461043 8.583363 0.223243
v -1.366254 8.458345 0.262506
v -1.295819 8.315714 0.291681
v -1.252445 8.160950 0.309648
v -1.237800 8.000000 0.315714
v -1.252445 7.839050 0.309648
v -1.295819 7.684286 0.291681
v -1.366254 7.541655 0.262506
v -1.461043 7.416637 0.223243
v -1.576544 7.314038 0.175401
v -1.708319 7.237799 0.120818
v -1.851302 7.190852 0.061593
v -1.866176 8.809148 0.089419
v -1.737494 8.762201 0.175401
v -1.618900 8.685962 0.254643
v -1.514951 8.583363 0.324099
v -1.429644 8.458345 0.381100
v -1.366254 8.315714 0.423456
v -1.327219 8.160950 0.449538
v -1.314039 8.000000 0.458345
v -1.327219 7.839050 0.449538
v -1.366254 7.684286 0.423456
v -1.429644 7.541655 0.381100
v -1.514951 7.416637 0.324099
v -1.618900 7.314038 0.254643
v -1.737494 7.237799 0.175401
v -1.866176 7.190852 0.089419
v -1.886192 8.809148 0.113808
v -1.776757 8.762201 0.223243
v -1.675901 8.685962 0.324099
v -1.587500 8.583363 0.412500
v -1.514952 8.458345 0.485048
v -1.461043 8.315714 0.538957
v -1.427847 8.160950 0.572154
v -1.416638 8.000000 0.583363
v -1.427847 7.839050 0.572154
v -1.461043 7.684286 0.538957
v -1.514952 7.541655 0.485048
v -1.587500 7.416637 0.412500
v -1.675901 7.314038 0.324099
v -1.776757 7.237799 0.223243
v -1.886192 7.190852 0.113808
v -1.910581 8.809148 0.133824
v -1.824599 8.762201 0.262506
v -1.745357 8.685962 0.381100
v -1.675901 8.583363 0.485049
v -1.618900 8.458345 0.570357
v -1.576544 8.315714 0.633746
v -1.550462 8.160950 0.672782
v -1.541655 8.000000 0.685962
v -1.550462 7.839050 0.672782
v -1.576544 7.684286 0.633746
v -1.618900 7.541655 0.570357
v -1.675901 7.416637 0.485049
v -1.745357 7.314038 0.381100
v -1.824599 7.237799 0.262506
v -1.910581 7.190852 0.133824
v -1.938407 8.809148 0.148698
v -1.879182 8.762201 0.291681
v -1.824599 8.685962 0.423456
v -1.776757 8.583363 0.538957
v -1.737494 8.458345 0.633746
v -1.708319 8.315714 0.704181
v -1.690353 8.160950 0.747555
v -1.684287 8.000000 0.762200
v -1.690353 7.839050 0.747555
v -1.708319 7.684286 0.704181
v -1.737494 7.541655 0.633746
v -1.776757 7.416637 0.538957
v -1.824599 7.314038 0.423456
v -1.879182 7.237799 0.291681
v -1.938407 7.190852 0.148698
v -1.968600 8.809148 0.157857
v -1.938407 8.762201 0.309647
v -1.910582 8.685962 0.449538
v -1.886192 8.583363 0.572154
v -1.866176 8.458345 0.672781
v -1.851302 8.315714 0.747555
v -1.842143 8.160950 0.793600
v -1.839051 8.000000 0.809147
v -1.842143 7.839050 0.793600
v -1.851302 7.684286 0.747555
v -1.866176 7.541655 0.672781
v -1.886192 7.416637 0.572154
v -1.910582 7.314038 0.449538
v -1.938407 7.237799 0.309647
v -1.968600 7.190852 0.157857
v -2.000000 8.809148 0.160949
v -2.000000 8.762201 0.315714
v -2.000000 8.583363 0.583363
v -2.000000 8.315714 0.762200
v -2.000000 7.684286 0.762200
v -2.000000 7.416637 0.583363
v -2.000000 7.314038 0.458345
v -2.000000 7.237799 0.315714
v -2.000000 7.190852 0.160949
v -1.241000 7.241000 -0.024750
v -2.759000 7.241000 -0.024750
v -1.241000 8.759000 -0.024750
v -2.759000 8.759000 -0.024750
v -1.340000 7.241000 -0.024750
v -1.670000 7.241000 -0.024750
v -2.000000 7.010000 -0.024750
v -2.330000 7.241000 -0.024750
v -2.660000 7.241000 -0.024750
v -2.660000 8.759000 -0.024750
v -2.330000 8.759000 -0.024750
v -2.000000 8.990000 -0.024750
v -1.670000 8.759000 -0.024750
v -1.340000 8.759000 -0.024750
v -1.241000 8.660000 -0.024750
v -1.241000 8.330000 -0.024750
v -1.010000 8.000000 -0.024750
v -1.241000 7.670000 -0.024750
v -1.241000 7.340000 -0.024750
v -2.759000 7.340000 -0.024750
v -2.759000 7.670000 -0.024750
v -2.990000 8.000000 -0.024750
v -2.759000 8.330000 -0.024750
v -2.759000 8.660000 -0.024750
v -1.340000 7.340000 -0.123750
v -1.340000 7.670000 -0.123750
v -1.340000 8.000000 -0.123750
v -1.340000 8.330000 -0.123750
v -1.340000 8.660000 -0.123750
v -1.670000 7.340000 -0.123750
v -1.670000 8.660000 -0.123750
v -2.000000 7.340000 -0.123750
v -2.000000 8.660000 -0.123750
v -2.330000 7.340000 -0.123750
v -2.330000 8.660000 -0.123750
v -2.660000 7.340000 -0.123750
v -2.660000 7.670000 -0.123750
v -2.660000 8.000000 -0.123750
v -2.660000 8.330000 -0.123750
v -2.660000 8.660000 -0.123750
v -1.241000 7.241000 0.024750
v -2.759000 7.241000 0.024750
v -1.241000 8.759000 0.024750
v -2.759000 8.759000 0.024750
v -1.340000 7.241000 0.024750
v -1.670000 7.241000 0.024750
v -2.000000 7.010000 0.024750
v -2.330000 7.241000 0.024750
v -2.660000 7.241000 0.024750
v -2.660000 8.759000 0.024750
v -2.330000 8.759000 0.024750
v -2.000000 8.990000 0.024750
v -1.670000 8.759000 0.024750
v -1.340000 8.759000 0.024750
v -1.241000 8.660000 0.024750
v -1.241000 8.330000 0.024750
v -1.010000 8.000000 0.024750
v -1.241000 7.670000 0.024750
v -1.241000 7.340000 0.024750
v -2.759000 7.340000 0.024750
v -2.759000 7.670000 0.024750
v -2.990000 8.000000 0.024750
v -2.759000 8.330000 0.024750
v -2.759000 8.660000 0.024750
v -1.340000 7.340000 0.123750
v -1.340000 7.670000 0.123750
v -1.340000 8.000000 0.123750
v -1.340000 8.330000 0.123750
v -1.340000 8.660000 0.123750
v -1.670000 7.340000 0.123750
v -1.670000 8.660000 0.123750
v -2.000000 7.340000 0.123750
v -2.000000 8.660000 0.123750
v -2.330000 7.340000 0.123750
v -2.330000 8.660000 0.123750
v -2.660000 7.340000 0.123750
v -2.660000 7.670000 0.123750
v -2.660000 8.000000 0.123750
v -2.660000 8.330000 0.123750
v -2.660000 8.660000 0.123750
vn -0.0624 0.7715 0.6332
vn -0.0759 -0.6326 0.7708
vn -0.0759 0.6326 0.7708
vn -0.0624 -0.7715 0.6332
vn -0.0865 0.4696 0.8786
vn -0.0464 -0.8810 0.4709
vn -0.0938 0.2890 0.9527
vn -0.0286 -0.9566 0.2902
vn -0.0976 0.0976 0.9904
vn -0.0097 0.9951 0.0980
vn -0.0097 -0.9951 0.0980
vn -0.0976 -0.0976 0.9904
vn -0.0286 0.9566 0.2902
vn -0.0938 -0.2890 0.9527
vn -0.0464 0.8810 0.4709
vn -0.0865 -0.4696 0.8786
vn -0.2779 -0.2890 0.9161
vn -0.1374 0.8810 0.4528
vn -0.2563 -0.4696 0.8448
vn -0.1847 0.7715 0.6088
vn -0.2248 -0.6326 0.7412
vn -0.2248 0.6326 0.7412
vn -0.1847 -0.7715 0.6088
vn -0.2563 0.4696 0.8448
vn -0.1374 -0.8810 0.4528
vn -0.2779 0.2890 0.9161
vn -0.0846 -0.9566 0.2790
vn -0.2889 0.0976 0.9524
vn -0.0286 0.9951 0.0942
vn -0.0286 -0.9951 0.0942
vn -0.2889 -0.0976 0.9524
vn -0.0846 0.9566 0.2790
vn -0.2231 -0.8810 0.4173
vn -0.4513 0.2890 0.8443
vn -0.1374 -0.9565 0.2571
vn -0.4692 0.0976 0.8777
vn -0.0464 0.9951 0.0869
vn -0.0464 -0.9951 0.0869
vn -0.4692 -0.0976 0.8777
vn -0.1374 0.9565 0.2571
vn -0.4513 -0.2890 0.8443
vn -0.2231 0.8810 0.4173
vn -0.4162 -0.4696 0.7786
vn -0.2999 0.7715 0.5611
vn -0.3651 -0.6326 0.6831
vn -0.3651 0.6326 0.6831
vn -0.2999 -0.7715 0.5611
vn -0.4162 0.4696 0.7786
vn -0.5601 -0.4696 0.6825
vn -0.4036 0.7715 0.4918
vn -0.4913 -0.6326 0.5987
vn -0.4913 0.6326 0.5987
vn -0.4036 -0.7715 0.4918
vn -0.5601 0.4696 0.6825
vn -0.3002 -0.8810 0.3658
vn -0.6073 0.2890 0.7400
vn -0.1850 -0.9565 0.2254
vn -0.6314 0.0975 0.7693
vn -0.0625 0.9951 0.0761
vn -0.0625 -0.9951 0.0761
vn -0.6314 -0.0975 0.7693
vn -0.1850 0.9565 0.2254
vn -0.6073 -0.2890 0.7400
vn -0.3002 0.8810 0.3658
vn -0.2254 -0.9565 0.1850
vn -0.7693 0.0975 0.6314
vn -0.0761 0.9951 0.0625
vn -0.0761 -0.9951 0.0625
vn -0.7693 -0.0975 0.6314
vn -0.2254 0.9565 0.1850
vn -0.7400 -0.2890 0.6073
vn -0.3658 0.8810 0.3002
vn -0.6825 -0.4696 0.5601
vn -0.4918 0.7715 0.4036
vn -0.5987 -0.6326 0.4913
vn -0.5987 0.6326 0.4913
vn -0.4918 -0.7715 0.4036
vn -0.6825 0.4696 0.5601
vn -0.3658 -0.8810 0.3002
vn -0.7400 0.2890 0.6073
vn -0.5611 0.7715 0.2999
vn -0.6831 -0.6326 0.3651
vn -0.6831 0.6326 0.3651
vn -0.5611 -0.7715 0.2999
vn -0.7786 0.4696 0.4162
vn -0.4173 -0.8810 0.2231
vn -0.8443 0.2890 0.4513
vn -0.2571 -0.9565 0.1374
vn -0.8777 0.0975 0.4691
vn -0.0869 0.9951 0.0464
vn -0.0869 -0.9951 0.0464
vn -0.8777 -0.0975 0.4691
vn -0.2571 0.9565 0.1374
vn -0.8443 -0.2890 0.4513
vn -0.4173 0.8810 0.2231
vn -0.7786 -0.4696 0.4162
vn -0.9524 0.0975 0.2889
vn -0.0942 0.9951 0.0286
vn -0.0942 -0.9951 0.0286
vn -0.9524 -0.0975 0.2889
vn -0.2790 0.9565 0.0846
vn -0.9161 -0.2890 0.2779
vn -0.4528 0.8810 0.1374
vn -0.8448 -0.4696 0.2563
vn -0.6088 0.7715 0.1847
vn -0.7412 -0.6326 0.2248
vn -0.7412 0.6326 0.2248
vn -0.6088 -0.7715 0.1847
vn -0.8448 0.4696 0.2563
vn -0.4528 -0.8810 0.1374
vn -0.9161 0.2890 0.2779
vn -0.2790 -0.9565 0.0846
vn -0.7708 -0.6326 0.0759
vn -0.7708 0.6326 0.0759
vn -0.6332 -0.7715 0.0624
vn -0.8786 0.4696 0.0865
vn -0.4709 -0.8810 0.0464
vn -0.9527 0.2890 0.0938
vn -0.2902 -0.9565 0.0286
vn -0.9904 0.0976 0.0976
vn -0.0980 0.9951 0.0097
vn -0.0980 -0.9951 0.0097
vn -0.9904 -0.0976 0.0976
vn -0.2902 0.9565 0.0286
vn -0.9527 -0.2890 0.0938
vn -0.4709 0.8810 0.0464
vn -0.8786 -0.4696 0.0865
vn -0.6332 0.7715 0.0624
vn -0.0980 0.9951 -0.0097
vn -0.0980 -0.9951 -0.0097
vn -0.9904 -0.0976 -0.0976
vn -0.2902 0.9565 -0.0286
vn -0.9527 -0.2890 -0.0938
vn -0.4709 0.8810 -0.0464
vn -0.8786 -0.4696 -0.0865
vn -0.6332 0.7715 -0.0624
vn -0.7708 -0.6326 -0.0759
vn -0.7708 0.6326 -0.0759
vn -0.6332 -0.7715 -0.0624
vn -0.8786 0.4696 -0.0865
vn -0.4709 -0.8810 -0.0464
vn -0.9527 0.2890 -0.0938
vn -0.2902 -0.9565 -0.0286
vn -0.9904 0.0976 -0.0976
vn -0.7412 0.6326 -0.2248
vn -0.6088 -0.7715 -0.1847
vn -0.8448 0.4696 -0.2563
vn -0.4528 -0.8810 -0.1374
vn -0.9161 0.2890 -0.2779
vn -0.2790 -0.9565 -0.0846
vn -0.9524 0.0975 -0.2889
vn -0.0942 0.9951 -0.0286
vn -0.0942 -0.9951 -0.0286
vn -0.9524 -0.0975 -0.2889
vn -0.2790 0.9565 -0.0846
vn -0.9161 -0.2890 -0.2779
vn -0.4528 0.8810 -0.1374
vn -0.8448 -0.4696 -0.2563
vn -0.6088 0.7715 -0.1847
vn -0.7412 -0.6326 -0.2248
vn -0.8777 -0.0975 -0.4691
vn -0.2571 0.9565 -0.1374
vn -0.8443 -0.2890 -0.4513
vn -0.4173 0.8810 -0.2231
vn -0.7786 -0.4696 -0.4162
vn -0.5611 0.7715 -0.2999
vn -0.6831 -0.6326 -0.3651
vn -0.6831 0.6326 -0.3651
vn -0.5611 -0.7715 -0.2999
vn -0.7786 0.4696 -0.4162
vn -0.4173 -0.8810 -0.2231
vn -0.8443 0.2890 -0.4513
vn -0.2571 -0.9565 -0.1374
vn -0.8777 0.0975 -0.4692
vn -0.0869 0.9951 -0.0464
vn -0.0869 -0.9951 -0.0464
vn -0.4918 -0.7715 -0.4036
vn -0.6825 0.4696 -0.5601
vn -0.3658 -0.8810 -0.3002
vn -0.7400 0.2890 -0.6073
vn -0.2254 -0.9565 -0.1850
vn -0.7693 0.0975 -0.6314
vn -0.0761 0.9951 -0.0625
vn -0.0761 -0.9951 -0.0625
vn -0.7693 -0.0975 -0.6314
vn -0.2254 0.9565 -0.1850
vn -0.7400 -0.2890 -0.6073
vn -0.3658 0.8810 -0.3002
vn -0.6825 -0.4696 -0.5601
vn -0.4918 0.7715 -0.4036
vn -0.5987 -0.6326 -0.4913
vn -0.5987 0.6326 -0.4913
vn -0.6073 -0.2890 -0.7400
vn -0.3002 0.8810 -0.3658
vn -0.5601 -0.4696 -0.6825
vn -0.4036 0.7715 -0.4918
vn -0.4913 -0.6326 -0.5987
vn -0.4913 0.6326 -0.5987
vn -0.4036 -0.7715 -0.4918
vn -0.5601 0.4696 -0.6825
vn -0.3002 -0.8810 -0.3658
vn -0.6073 0.2890 -0.7400
vn -0.1850 -0.9565 -0.2254
vn -0.6314 0.0975 -0.7693
vn -0.0625 0.9951 -0.0761
vn -0.0625 -0.9951 -0.0761
vn -0.6314 -0.0975 -0.7693
vn -0.1850 0.9565 -0.2254
vn -0.2231 -0.8810 -0.4173
vn -0.4513 0.2890 -0.8443
vn -0.1374 -0.9565 -0.2571
vn -0.4691 0.0975 -0.8777
vn -0.0464 0.9951 -0.0869
vn -0.0464 -0.9951 -0.0869
vn -0.4691 -0.0975 -0.8777
vn -0.1374 0.9565 -0.2571
vn -0.4513 -0.2890 -0.8443
vn -0.2231 0.8810 -0.4173
vn -0.4162 -0.4696 -0.7786
vn -0.2999 0.7715 -0.5611
vn -0.3651 -0.6326 -0.6831
vn -0.3651 0.6326 -0.6831
vn -0.2999 -0.7715 -0.5611
vn -0.4162 0.4696 -0.7786
vn -0.1374 0.8810 -0.4528
vn -0.2563 -0.4696 -0.8448
vn -0.1847 0.7715 -0.6088
vn -0.2248 -0.6326 -0.7412
vn -0.2248 0.6326 -0.7412
vn -0.1847 -0.7715 -0.6088
vn -0.2563 0.4696 -0.8448
vn -0.1374 -0.8810 -0.4528
vn -0.2779 0.2890 -0.9161
vn -0.0846 -0.9565 -0.2790
vn -0.2889 0.0975 -0.9524
vn -0.0286 0.9951 -0.0942
vn -0.0286 -0.9951 -0.0942
vn -0.2889 -0.0975 -0.9524
vn -0.0846 0.9565 -0.2790
vn -0.2779 -0.2890 -0.9161
vn -0.0938 0.2890 -0.9527
vn -0.0286 -0.9565 -0.2902
vn -0.0976 0.0975 -0.9904
vn -0.0097 0.9951 -0.0980
vn -0.0097 -0.9951 -0.0980
vn -0.0976 -0.0975 -0.9904
vn -0.0286 0.9565 -0.2902
vn -0.0938 -0.2890 -0.9527
vn -0.0464 0.8810 -0.4709
vn -0.0865 -0.4696 -0.8786
vn -0.0624 0.7715 -0.6332
vn -0.0759 -0.6326 -0.7708
vn -0.0759 0.6326 -0.7708
vn -0.0624 -0.7715 -0.6332
vn -0.0865 0.4696 -0.8786
vn -0.0464 -0.8810 -0.4709
vn 0.0865 -0.4696 -0.8786
vn 0.0624 0.7715 -0.6332
vn 0.0759 -0.6326 -0.7708
vn 0.0759 0.6326 -0.7708
vn 0.0624 -0.7715 -0.6332
vn 0.0865 0.4696 -0.8786
vn 0.0464 -0.8810 -0.4709
vn 0.0938 0.2890 -0.9527
vn 0.0286 -0.9565 -0.2902
vn 0.0976 0.0975 -0.9904
vn 0.0097 0.9951 -0.0980
vn 0.0097 -0.9951 -0.0980
vn 0.0976 -0.0975 -0.9904
vn 0.0286 0.9565 -0.2902
vn 0.0938 -0.2890 -0.9527
vn 0.0464 0.8810 -0.4709
vn 0.0846 -0.9565 -0.2790
vn 0.2889 0.0975 -0.9524
vn 0.0286 0.9951 -0.0942
vn 0.0286 -0.9951 -0.0942
vn 0.2889 -0.0975 -0.9524
vn 0.0846 0.9565 -0.2790
vn 0.2779 -0.2890 -0.9161
vn 0.1374 0.8810 -0.4528
vn 0.2563 -0.4696 -0.8448
vn 0.1847 0.7715 -0.6088
vn 0.2248 -0.6326 -0.7412
vn 0.2248 0.6326 -0.7412
vn 0.1847 -0.7715 -0.6088
vn 0.2563 0.4696 -0.8448
vn 0.1374 -0.8810 -0.4528
vn 0.2779 0.2890 -0.9161
vn 0.2999 0.7715 -0.5611
vn 0.3651 -0.6326 -0.6831
vn 0.3651 0.6326 -0.6831
vn 0.2999 -0.7715 -0.5611
vn 0.4162 0.4696 -0.7786
vn 0.2231 -0.8810 -0.4173
vn 0.4513 0.2890 -0.8443
vn 0.1374 -0.9565 -0.2571
vn 0.4691 0.0975 -0.8777
vn 0.0464 0.9951 -0.0869
vn 0.0464 -0.9951 -0.0869
vn 0.4691 -0.0975 -0.8777
vn 0.1374 0.9565 -0.2571
vn 0.4513 -0.2890 -0.8443
vn 0.2231 0.8810 -0.4173
vn 0.4162 -0.4696 -0.7786
vn 0.6314 0.0975 -0.7693
vn 0.0625 0.9951 -0.0761
vn 0.0625 -0.9951 -0.0761
vn 0.6314 -0.0975 -0.7693
vn 0.1850 0.9565 -0.2254
vn 0.6073 -0.2890 -0.7400
vn 0.3002 0.8810 -0.3658
vn 0.5601 -0.4696 -0.6825
vn 0.4036 0.7715 -0.4918
vn 0.4913 -0.6326 -0.5987
vn 0.4913 0.6326 -0.5987
vn 0.4036 -0.7715 -0.4918
vn 0.5601 0.4696 -0.6825
vn 0.3002 -0.8810 -0.3658
vn 0.6073 0.2890 -0.7400
vn 0.1850 -0.9565 -0.2254
vn 0.5987 -0.6326 -0.4913
vn 0.5987 0.6326 -0.4913
vn 0.4918 -0.7715 -0.4036
vn 0.6825 0.4696 -0.5601
vn 0.3658 -0.8810 -0.3002
vn 0.7400 0.2890 -0.6073
vn 0.2254 -0.9565 -0.1850
vn 0.7693 0.0975 -0.6314
vn 0.0761 0.9951 -0.0625
vn 0.0761 -0.9951 -0.0625
vn 0.7693 -0.0975 -0.6314
vn 0.2254 0.9565 -0.1850
vn 0.7400 -0.2890 -0.6073
vn 0.3658 0.8810 -0.3002
vn 0.6825 -0.4696 -0.5601
vn 0.4918 0.7715 -0.4036
vn 0.0869 -0.9951 -0.0464
vn 0.8777 -0.0975 -0.4691
vn 0.2571 0.9565 -0.1374
vn 0.8443 -0.2890 -0.4513
vn 0.4173 0.8810 -0.2231
vn 0.7786 -0.4696 -0.4162
vn 0.5611 0.7715 -0.2999
vn 0.6831 -0.6326 -0.3651
vn 0.6831 0.6326 -0.3651
vn 0.5611 -0.7715 -0.2999
vn 0.7786 0.4696 -0.4162
vn 0.4173 -0.8810 -0.2231
vn 0.8443 0.2890 -0.4513
vn 0.2571 -0.9565 -0.1374
vn 0.8777 0.0975 -0.4691
vn 0.0869 0.9951 -0.0464
vn 0.6088 -0.7715 -0.1847
vn 0.8448 0.4696 -0.2563
vn 0.4528 -0.8810 -0.1374
vn 0.9161 0.2890 -0.2779
vn 0.2790 -0.9565 -0.0846
vn 0.9524 0.0975 -0.2889
vn 0.0942 0.9951 -0.0286
vn 0.0942 -0.9951 -0.0286
vn 0.9524 -0.0975 -0.2889
vn 0.2790 0.9565 -0.0846
vn 0.9161 -0.2890 -0.2779
vn 0.4528 0.8810 -0.1374
vn 0.8448 -0.4696 -0.2563
vn 0.6088 0.7715 -0.1847
vn 0.7412 -0.6326 -0.2248
vn 0.7412 0.6326 -0.2248
vn 0.2902 0.9565 -0.0286
vn 0.9527 -0.2890 -0.0938
vn 0.4709 0.8810 -0.0464
vn 0.8786 -0.4696 -0.0865
vn 0.6332 0.7715 -0.0624
vn 0.7708 -0.6326 -0.0759
vn 0.7708 0.6326 -0.0759
vn 0.6332 -0.7715 -0.0624
vn 0.8786 0.4696 -0.0865
vn 0.4709 -0.8810 -0.0464
vn 0.9527 0.2890 -0.0938
vn 0.2902 -0.9565 -0.0286
vn 0.9904 0.0975 -0.0975
vn 0.0980 0.9951 -0.0097
vn 0.0980 -0.9951 -0.0097
vn 0.9904 -0.0975 -0.0975
vn 0.8786 0.4696 0.0865
vn 0.4709 -0.8810 0.0464
vn 0.9527 0.2890 0.0938
vn 0.2902 -0.9565 0.0286
vn 0.9904 0.0975 0.0975
vn 0.0980 0.9951 0.0097
vn 0.0980 -0.9951 0.0097
vn 0.9904 -0.0975 0.0975
vn 0.2902 0.9565 0.0286
vn 0.9527 -0.2890 0.0938
vn 0.4709 0.8810 0.0464
vn 0.8786 -0.4696 0.0865
vn 0.6332 0.7715 0.0624
vn 0.7708 -0.6326 0.0759
vn 0.7708 0.6326 0.0759
vn 0.6332 -0.7715 0.0624
vn 0.9161 -0.2890 0.2779
vn 0.4528 0.8810 0.1374
vn 0.8448 -0.4696 0.2563
vn 0.6088 0.7715 0.1847
vn 0.7412 -0.6326 0.2248
vn 0.7412 0.6326 0.2248
vn 0.6088 -0.7715 0.1847
vn 0.8448 0.4696 0.2563
vn 0.4528 -0.8810 0.1374
vn 0.9161 0.2890 0.2779
vn 0.2790 -0.9565 0.0846
vn 0.9524 0.0975 0.2889
vn 0.0942 0.9951 0.0286
vn 0.0942 -0.9951 0.0286
vn 0.9524 -0.0975 0.2889
vn 0.2790 0.9565 0.0846
vn 0.4173 -0.8810 0.2231
vn 0.8443 0.2890 0.4513
vn 0.2571 -0.9565 0.1374
vn 0.8777 0.0975 0.4692
vn 0.0869 0.9951 0.0464
vn 0.0869 -0.9951 0.0464
vn 0.8777 -0.0975 0.4692
vn 0.2571 0.9565 0.1374
vn 0.8443 -0.2890 0.4513
vn 0.4173 0.8810 0.2231
vn 0.7786 -0.4696 0.4162
vn 0.5611 0.7715 0.2999
vn 0.6831 -0.6326 0.3651
vn 0.6831 0.6326 0.3651
vn 0.5611 -0.7715 0.2999
vn 0.7786 0.4696 0.4162
vn 0.3658 0.8810 0.3002
vn 0.6825 -0.4696 0.5601
vn 0.4918 0.7715 0.4036
vn 0.5987 -0.6326 0.4913
vn 0.5987 0.6326 0.4913
vn 0.4918 -0.7715 0.4036
vn 0.6825 0.4696 0.5601
vn 0.3658 -0.8810 0.3002
vn 0.7400 0.2890 0.6073
vn 0.2254 -0.9566 0.1850
vn 0.7693 0.0975 0.6314
vn 0.0761 0.9951 0.0625
vn 0.0761 -0.9951 0.0625
vn 0.7693 -0.0975 0.6314
vn 0.2254 0.9565 0.1850
vn 0.7400 -0.2890 0.6073
vn 0.6073 0.2890 0.7400
vn 0.1850 -0.9565 0.2254
vn 0.6314 0.0975 0.7693
vn 0.0625 0.9951 0.0761
vn 0.0625 -0.9951 0.0761
vn 0.6314 -0.0975 0.7693
vn 0.1850 0.9565 0.2254
vn 0.6073 -0.2890 0.7400
vn 0.3002 0.8810 0.3658
vn 0.5601 -0.4696 0.6825
vn 0.4036 0.7715 0.4918
vn 0.4913 -0.6326 0.5987
vn 0.4913 0.6326 0.5987
vn 0.4036 -0.7715 0.4918
vn 0.5601 0.4696 0.6825
vn 0.3002 -0.8810 0.3658
vn 0.4162 -0.4696 0.7786
vn 0.2999 0.7715 0.5611
vn 0.3651 -0.6326 0.6831
vn 0.3651 0.6326 0.6831
vn 0.2999 -0.7715 0.5611
vn 0.4162 0.4696 0.7786
vn 0.2231 -0.8810 0.4173
vn 0.4513 0.2890 0.8443
vn 0.1374 -0.9565 0.2571
vn 0.4691 0.0975 0.8777
vn 0.0464 0.9951 0.0869
vn 0.0464 -0.9951 0.0869
vn 0.4691 -0.0975 0.8777
vn 0.1374 0.9565 0.2571
vn 0.4513 -0.2890 0.8443
vn 0.2231 0.8810 0.4173
vn 0.0846 -0.9565 0.2790
vn 0.2889 0.0975 0.9524
vn 0.0286 0.9951 0.0942
vn 0.0286 -0.9951 0.0942
vn 0.2889 -0.0975 0.9524
vn 0.0846 0.9565 0.2790
vn 0.2779 -0.2890 0.9161
vn 0.1374 0.8810 0.4528
vn 0.2563 -0.4696 0.8448
vn 0.1847 0.7715 0.6088
vn 0.2248 -0.6326 0.7412
vn 0.2248 0.6326 0.7412
vn 0.1847 -0.7715 0.6088
vn 0.2563 0.4696 0.8448
vn 0.1374 -0.8810 0.4528
vn 0.2779 0.2890 0.9161
vn 0.0759 -0.6326 0.7708
vn 0.0759 0.6326 0.7708
vn 0.0624 -0.7715 0.6332
vn 0.0865 0.4696 0.8786
vn 0.0464 -0.8810 0.4709
vn 0.0938 0.2890 0.9527
vn 0.0286 -0.9565 0.2902
vn 0.0976 0.0975 0.9904
vn 0.0097 0.9951 0.0980
vn 0.0097 -0.9951 0.0980
vn 0.0976 -0.0975 0.9904
vn 0.0286 0.9565 0.2902
vn 0.0938 -0.2890 0.9527
vn 0.0464 0.8810 0.4709
vn 0.0865 -0.4696 0.8786
vn 0.0624 0.7715 0.6332
vn -0.4082 0.4082 -0.8165
vn 0.4082 0.4082 -0.8165
vn -0.0000 0.7071 -0.7071
vn 0.1451 0.4146 -0.8983
vn -0.1451 0.4146 -0.8983
vn -0.0000 -0.7071 -0.7071
vn -0.1451 -0.4146 -0.8983
vn 0.1451 -0.4146 -0.8983
vn 0.4082 -0.4082 -0.8165
vn 0.7071 -0.0000 -0.7071
vn 0.4146 -0.1451 -0.8983
vn 0.4146 0.1451 -0.8983
vn -0.4082 -0.4082 -0.8165
vn -0.7071 -0.0000 -0.7071
vn -0.4146 -0.1451 -0.8983
vn -0.4146 0.1451 -0.8983
vn -0.0000 -0.0000 -1.0000
vn -0.4082 0.4082 0.8165
vn 0.4082 0.4082 0.8165
vn -0.0000 0.7071 0.7071
vn 0.1451 0.4146 0.8983
vn -0.1451 0.4146 0.8983
vn -0.0000 -0.7071 0.7071
vn -0.1451 -0.4146 0.8983
vn 0.1451 -0.4146 0.8983
vn 0.4082 -0.4082 0.8165
vn 0.7071 -0.0000 0.7071
vn 0.4146 -0.1451 0.8983
vn 0.4146 0.1451 0.8983
vn -0.4082 -0.4082 0.8165
vn -0.7071 -0.0000 0.7071
vn -0.4146 -0.1451 0.8983
vn -0.4146 0.1451 0.8983
vn -0.0000 -0.0000 1.0000
vn 1.0000 -0.0000 -0.0000
vn -0.0000 -1.0000 -0.0000
vn -1.0000 -0.0000 -0.0000
vn -0.0000 1.0000 -0.0000
vn 0.5735 -0.8192 -0.0000
vn -0.5735 -0.8192 -0.0000
vn -0.5735 0.8192 -0.0000
vn 0.5735 0.8192 -0.0000
vn 0.8192 0.5735 -0.0000
vn 0.8192 -0.5735 -0.0000
vn -0.8192 -0.5735 -0.0000
vn -0.8192 0.5735 -0.0000
vt 0.170807 0.170807
vt 0.170807 0.128374
vt 0.192024 0.128374
vt 0.192024 0.170807
vt 0.170807 0.510277
vt 0.170807 0.467843
vt 0.192024 0.467843
vt 0.192024 0.510277
vt 0.170807 0.213241
vt 0.192024 0.213241
vt 0.170807 0.552711
vt 0.192024 0.552711
vt 0.170807 0.255675
vt 0.192024 0.255675
vt 0.170807 0.595145
vt 0.192024 0.595145
vt 0.170807 0.298108
vt 0.192024 0.298108
vt 0.170807 0.637578
vt 0.192024 0.637578
vt 0.170807 0.340542
vt 0.192024 0.340542
vt 0.170807 0.043506
vt 0.181416 0.001072
vt 0.192024 0.043506
vt 0.181416 0.680012
vt 0.170807 0.382976
vt 0.192024 0.382976
vt 0.170807 0.085940
vt 0.192024 0.085940
vt 0.170807 0.425410
vt 0.192024 0.425410
vt 0.213241 0.382976
vt 0.213241 0.425410
vt 0.213241 0.085940
vt 0.213241 0.128374
vt 0.213241 0.467843
vt 0.213241 0.170807
vt 0.213241 0.510277
vt 0.213241 0.213241
vt 0.213241 0.552711
vt 0.213241 0.255675
vt 0.213241 0.595145
vt 0.213241 0.298108
vt 0.213241 0.637578
vt 0.213241 0.340542
vt 0.202633 0.001072
vt 0.213241 0.043506
vt 0.202633 0.680012
vt 0.234458 0.552711
vt 0.234458 0.595145
vt 0.234458 0.255675
vt 0.234458 0.298108
vt 0.234458 0.637578
vt 0.234458 0.340542
vt 0.223849 0.001072
vt 0.234458 0.043506
vt 0.223850 0.680012
vt 0.234458 0.382976
vt 0.234458 0.085940
vt 0.234458 0.425410
vt 0.234458 0.128374
vt 0.234458 0.467843
vt 0.234458 0.170807
vt 0.234458 0.510277
vt 0.234458 0.213241
vt 0.255675 0.425410
vt 0.255675 0.467843
vt 0.255675 0.128374
vt 0.255675 0.170807
vt 0.255675 0.510277
vt 0.255675 0.213241
vt 0.255675 0.552711
vt 0.255675 0.255675
vt 0.255675 0.595145
vt 0.255675 0.298108
vt 0.255675 0.637578
vt 0.255675 0.340542
vt 0.245066 0.001072
vt 0.255675 0.043506
vt 0.245066 0.680012
vt 0.255675 0.382976
vt 0.255675 0.085940
vt 0.276892 0.595145
vt 0.276892 0.637578
vt 0.276892 0.298108
vt 0.276892 0.340542
vt 0.266283 0.001072
vt 0.276892 0.043506
vt 0.266283 0.680012
vt 0.276892 0.382976
vt 0.276892 0.085940
vt 0.276892 0.425410
vt 0.276892 0.128374
vt 0.276892 0.467843
vt 0.276892 0.170807
vt 0.276892 0.510277
vt 0.276892 0.213241
vt 0.276892 0.552711
vt 0.276892 0.255675
vt 0.298108 0.128374
vt 0.298108 0.170807
vt 0.298108 0.467843
vt 0.298108 0.510277
vt 0.298108 0.213241
vt 0.298108 0.552711
vt 0.298108 0.255675
vt 0.298108 0.595145
vt 0.298108 0.298108
vt 0.298109 0.637578
vt 0.298108 0.340542
vt 0.287500 0.001072
vt 0.298108 0.043506
vt 0.287500 0.680012
vt 0.298108 0.382976
vt 0.298108 0.085940
vt 0.298108 0.425410
vt 0.319325 0.298108
vt 0.319325 0.340542
vt 0.308717 0.001072
vt 0.319325 0.043506
vt 0.308717 0.680012
vt 0.319325 0.637578
vt 0.319325 0.382976
vt 0.319325 0.085940
vt 0.319325 0.425410
vt 0.319325 0.128374
vt 0.319325 0.467843
vt 0.319325 0.170807
vt 0.319325 0.510277
vt 0.319325 0.213241
vt 0.319325 0.552711
vt 0.319325 0.255675
vt 0.319325 0.595145
vt 0.340542 0.467843
vt 0.340542 0.510277
vt 0.340542 0.170807
vt 0.340542 0.213241
vt 0.340542 0.552711
vt 0.340542 0.255675
vt 0.340542 0.595145
vt 0.340542 0.298108
vt 0.340542 0.637578
vt 0.340542 0.340542
vt 0.329934 0.001072
vt 0.340542 0.043506
vt 0.329934 0.680012
vt 0.340542 0.382976
vt 0.340542 0.085940
vt 0.340542 0.425410
vt 0.340542 0.128374
vt 0.351151 0.001072
vt 0.361759 0.043506
vt 0.351151 0.680012
vt 0.361759 0.637578
vt 0.361759 0.340542
vt 0.361759 0.382976
vt 0.361759 0.085940
vt 0.361759 0.425410
vt 0.361759 0.128374
vt 0.361759 0.467843
vt 0.361759 0.170807
vt 0.361759 0.510277
vt 0.361759 0.213241
vt 0.361759 0.552711
vt 0.361759 0.255675
vt 0.361759 0.595145
vt 0.361759 0.298108
vt 0.382976 0.170807
vt 0.382976 0.213241
vt 0.382976 0.510277
vt 0.382976 0.552711
vt 0.382976 0.255675
vt 0.382976 0.595145
vt 0.382976 0.298108
vt 0.382976 0.637578
vt 0.382976 0.340542
vt 0.372368 0.001072
vt 0.382976 0.043506
vt 0.372368 0.680012
vt 0.382976 0.382976
vt 0.382976 0.085940
vt 0.382976 0.425410
vt 0.382976 0.128373
vt 0.382976 0.467843
vt 0.404193 0.340542
vt 0.404193 0.382976
vt 0.404193 0.043506
vt 0.404193 0.085940
vt 0.404193 0.425410
vt 0.404193 0.128373
vt 0.404193 0.467843
vt 0.404193 0.170807
vt 0.404193 0.510277
vt 0.404193 0.213241
vt 0.404193 0.552711
vt 0.404193 0.255675
vt 0.404193 0.595145
vt 0.404193 0.298108
vt 0.404193 0.637578
vt 0.393584 0.001072
vt 0.393584 0.680012
vt 0.425410 0.510277
vt 0.425410 0.552711
vt 0.425410 0.213241
vt 0.425410 0.255675
vt 0.425410 0.595145
vt 0.425410 0.298108
vt 0.425410 0.637578
vt 0.425410 0.340542
vt 0.414801 0.001072
vt 0.425410 0.043506
vt 0.414801 0.680012
vt 0.425410 0.382976
vt 0.425410 0.085940
vt 0.425410 0.425410
vt 0.425410 0.128373
vt 0.425410 0.467843
vt 0.425410 0.170807
vt 0.446626 0.382976
vt 0.446626 0.425410
vt 0.446626 0.085940
vt 0.446627 0.128373
vt 0.446626 0.467843
vt 0.446627 0.170807
vt 0.446626 0.510277
vt 0.446626 0.213241
vt 0.446627 0.552711
vt 0.446626 0.255675
vt 0.446626 0.595145
vt 0.446626 0.298108
vt 0.446627 0.637578
vt 0.446627 0.340542
vt 0.436018 0.001072
vt 0.446627 0.043506
vt 0.436018 0.680012
vt 0.467843 0.552711
vt 0.467843 0.595145
vt 0.467843 0.255675
vt 0.467843 0.298108
vt 0.467843 0.637578
vt 0.467843 0.340542
vt 0.457235 0.001072
vt 0.467843 0.043506
vt 0.457235 0.680012
vt 0.467843 0.382976
vt 0.467843 0.085940
vt 0.467843 0.425410
vt 0.467843 0.128373
vt 0.467843 0.467843
vt 0.467843 0.170807
vt 0.467843 0.510277
vt 0.467843 0.213241
vt 0.489060 0.085940
vt 0.489060 0.128373
vt 0.489060 0.425410
vt 0.489060 0.467843
vt 0.489060 0.170807
vt 0.489060 0.510277
vt 0.489060 0.213241
vt 0.489060 0.552711
vt 0.489060 0.255675
vt 0.489060 0.595145
vt 0.489060 0.298108
vt 0.489060 0.637578
vt 0.489060 0.340542
vt 0.478452 0.001072
vt 0.489060 0.043506
vt 0.478452 0.680012
vt 0.489060 0.382976
vt 0.510277 0.255675
vt 0.510277 0.298108
vt 0.510277 0.595145
vt 0.510277 0.637578
vt 0.510277 0.340542
vt 0.499669 0.001072
vt 0.510277 0.043506
vt 0.499669 0.680012
vt 0.510277 0.382976
vt 0.510277 0.085940
vt 0.510277 0.425410
vt 0.510277 0.128373
vt 0.510277 0.467843
vt 0.510277 0.170807
vt 0.510277 0.510277
vt 0.510277 0.213241
vt 0.510277 0.552711
vt 0.531494 0.425410
vt 0.531494 0.467843
vt 0.531494 0.128373
vt 0.531494 0.170807
vt 0.531494 0.510277
vt 0.531494 0.213241
vt 0.531494 0.552711
vt 0.531494 0.255675
vt 0.531494 0.595145
vt 0.531494 0.298108
vt 0.531494 0.637578
vt 0.531494 0.340542
vt 0.520885 0.001072
vt 0.531494 0.043506
vt 0.520886 0.680012
vt 0.531494 0.382976
vt 0.531494 0.085940
vt 0.552711 0.595145
vt 0.552711 0.637578
vt 0.552711 0.298108
vt 0.552711 0.340542
vt 0.542102 0.001072
vt 0.552711 0.043506
vt 0.542103 0.680012
vt 0.552711 0.382976
vt 0.552711 0.085940
vt 0.552711 0.425410
vt 0.552711 0.128373
vt 0.552711 0.467843
vt 0.552711 0.170807
vt 0.552711 0.510277
vt 0.552711 0.213241
vt 0.552711 0.552711
vt 0.552711 0.255675
vt 0.573928 0.128373
vt 0.573928 0.170807
vt 0.573928 0.467843
vt 0.573928 0.510277
vt 0.573928 0.213241
vt 0.573928 0.552711
vt 0.573928 0.255675
vt 0.573928 0.595145
vt 0.573928 0.298108
vt 0.573928 0.637578
vt 0.573928 0.340542
vt 0.563319 0.001072
vt 0.573928 0.043506
vt 0.563319 0.680012
vt 0.573928 0.382976
vt 0.573928 0.085940
vt 0.573928 0.425410
vt 0.595145 0.298108
vt 0.595145 0.340542
vt 0.584536 0.001072
vt 0.595145 0.043506
vt 0.584536 0.680012
vt 0.595145 0.637578
vt 0.595145 0.382976
vt 0.595145 0.085940
vt 0.595145 0.425410
vt 0.595145 0.128373
vt 0.595145 0.467843
vt 0.595145 0.170807
vt 0.595145 0.510277
vt 0.595145 0.213241
vt 0.595145 0.552711
vt 0.595145 0.255675
vt 0.595145 0.595145
vt 0.616361 0.467843
vt 0.616361 0.510277
vt 0.616361 0.170807
vt 0.616361 0.213241
vt 0.616361 0.552711
vt 0.616361 0.255675
vt 0.616361 0.595145
vt 0.616361 0.298108
vt 0.616361 0.637578
vt 0.616361 0.340542
vt 0.605753 0.001072
vt 0.616361 0.043506
vt 0.605753 0.680012
vt 0.616361 0.382976
vt 0.616361 0.085940
vt 0.616361 0.425410
vt 0.616361 0.128373
vt 0.626970 0.680012
vt 0.637578 0.637578
vt 0.637578 0.340542
vt 0.637578 0.382976
vt 0.637578 0.043506
vt 0.637578 0.085940
vt 0.637578 0.425410
vt 0.637578 0.128373
vt 0.637578 0.467843
vt 0.637578 0.170807
vt 0.637578 0.510277
vt 0.637578 0.213241
vt 0.637578 0.552711
vt 0.637578 0.255675
vt 0.637578 0.595145
vt 0.637578 0.298108
vt 0.626970 0.001072
vt 0.658795 0.510277
vt 0.658795 0.552711
vt 0.658795 0.213241
vt 0.658795 0.255675
vt 0.658795 0.595145
vt 0.658795 0.298108
vt 0.658795 0.637578
vt 0.658795 0.340542
vt 0.648187 0.001072
vt 0.658795 0.043506
vt 0.648187 0.680012
vt 0.658795 0.382976
vt 0.658795 0.085940
vt 0.658795 0.425410
vt 0.658795 0.128373
vt 0.658795 0.467843
vt 0.658795 0.170807
vt 0.680012 0.043506
vt 0.680012 0.085940
vt 0.680012 0.382976
vt 0.680012 0.425410
vt 0.680012 0.128373
vt 0.680012 0.467843
vt 0.680012 0.170807
vt 0.680012 0.510277
vt 0.680012 0.213241
vt 0.680012 0.552711
vt 0.680012 0.255675
vt 0.680012 0.595145
vt 0.680012 0.298108
vt 0.680012 0.637578
vt 0.680012 0.340542
vt 0.669404 0.001072
vt 0.669404 0.680012
vt 0.001072 0.255675
vt 0.001072 0.213241
vt 0.022289 0.213241
vt 0.022289 0.255675
vt 0.001072 0.595145
vt 0.001072 0.552711
vt 0.022289 0.552711
vt 0.022289 0.595145
vt 0.001072 0.298108
vt 0.022289 0.298108
vt 0.001072 0.637578
vt 0.022289 0.637578
vt 0.001072 0.340542
vt 0.022289 0.340542
vt 0.001072 0.043506
vt 0.011681 0.001072
vt 0.022289 0.043506
vt 0.011681 0.680012
vt 0.001072 0.382976
vt 0.022289 0.382976
vt 0.001072 0.085940
vt 0.022289 0.085940
vt 0.001072 0.425410
vt 0.022289 0.425410
vt 0.001072 0.128373
vt 0.022289 0.128373
vt 0.001072 0.467843
vt 0.022289 0.467843
vt 0.001072 0.170807
vt 0.022289 0.170807
vt 0.001072 0.510277
vt 0.022289 0.510277
vt 0.043506 0.382976
vt 0.043506 0.425410
vt 0.043506 0.085940
vt 0.043506 0.128373
vt 0.043506 0.467843
vt 0.043506 0.170807
vt 0.043506 0.510277
vt 0.043506 0.213241
vt 0.043506 0.552711
vt 0.043506 0.255675
vt 0.043506 0.595145
vt 0.043506 0.298108
vt 0.043506 0.637578
vt 0.043506 0.340542
vt 0.032898 0.001072
vt 0.043506 0.043506
vt 0.032898 0.680012
vt 0.064723 0.552711
vt 0.064723 0.595145
vt 0.064723 0.255675
vt 0.064723 0.298108
vt 0.064723 0.637578
vt 0.064723 0.340542
vt 0.054114 0.001072
vt 0.064723 0.043506
vt 0.054115 0.680012
vt 0.064723 0.382976
vt 0.064723 0.085940
vt 0.064723 0.425410
vt 0.064723 0.128373
vt 0.064723 0.467843
vt 0.064723 0.170807
vt 0.064723 0.510277
vt 0.064723 0.213241
vt 0.085940 0.085940
vt 0.085940 0.128373
vt 0.085940 0.425410
vt 0.085940 0.467843
vt 0.085940 0.170807
vt 0.085940 0.510277
vt 0.085940 0.213241
vt 0.085940 0.552711
vt 0.085940 0.255675
vt 0.085940 0.595145
vt 0.085940 0.298108
vt 0.085940 0.637578
vt 0.085940 0.340542
vt 0.075331 0.001072
vt 0.085940 0.043506
vt 0.075331 0.680012
vt 0.085940 0.382976
vt 0.107157 0.255675
vt 0.107157 0.298108
vt 0.107157 0.595145
vt 0.107157 0.637578
vt 0.107157 0.340542
vt 0.096548 0.001072
vt 0.107157 0.043506
vt 0.096548 0.680012
vt 0.107157 0.382976
vt 0.107157 0.085940
vt 0.107157 0.425410
vt 0.107157 0.128373
vt 0.107157 0.467843
vt 0.107157 0.170807
vt 0.107157 0.510277
vt 0.107157 0.213241
vt 0.107157 0.552711
vt 0.128374 0.425410
vt 0.128374 0.467843
vt 0.128374 0.128373
vt 0.128374 0.170807
vt 0.128374 0.510277
vt 0.128374 0.213241
vt 0.128374 0.552711
vt 0.128374 0.255675
vt 0.128374 0.595145
vt 0.128374 0.298108
vt 0.128374 0.637578
vt 0.128374 0.340542
vt 0.117765 0.001072
vt 0.128374 0.043506
vt 0.117765 0.680012
vt 0.128374 0.382976
vt 0.128374 0.085940
vt 0.149590 0.595145
vt 0.149590 0.637578
vt 0.149590 0.298108
vt 0.149590 0.340542
vt 0.138982 0.001072
vt 0.149590 0.043506
vt 0.138982 0.680012
vt 0.149590 0.382976
vt 0.149590 0.085940
vt 0.149590 0.425410
vt 0.149590 0.128373
vt 0.149590 0.467843
vt 0.149590 0.170807
vt 0.149590 0.510277
vt 0.149590 0.213241
vt 0.149590 0.552711
vt 0.149590 0.255675
vt 0.160199 0.001072
vt 0.160199 0.680012
vt 0.950405 0.913754
vt 0.980834 0.907668
vt 0.986920 0.938097
vt 0.956491 0.944183
vt 0.676541 0.968527
vt 0.706971 0.962441
vt 0.713056 0.992870
vt 0.682627 0.998956
vt 0.767829 0.950269
vt 0.773915 0.980698
vt 0.828688 0.938097
vt 0.840860 0.998956
vt 0.889546 0.925926
vt 0.895632 0.956355
vt 0.834774 0.652062
vt 0.895632 0.639890
vt 0.901718 0.670319
vt 0.840860 0.682491
vt 0.767829 0.633804
vt 0.780001 0.694663
vt 0.713056 0.676405
vt 0.719142 0.706834
vt 0.652198 0.688577
vt 0.658284 0.719006
vt 0.621768 0.694663
vt 0.627854 0.725092
vt 0.670455 0.779865
vt 0.640026 0.785951
vt 0.682627 0.840724
vt 0.621768 0.852895
vt 0.694799 0.901582
vt 0.664369 0.907668
vt 0.926062 0.633804
vt 0.932148 0.664233
vt 0.944319 0.725092
vt 0.913890 0.731178
vt 0.986920 0.779865
vt 0.926062 0.792037
vt 0.968663 0.846809
vt 0.938233 0.852895
s 1
usemtl Material.025
f 5116/4891/4511 4641/4892/4511 4649/4893/4511 4650/4894/4511
f 5119/4895/4512 4646/4896/4512 4657/4897/4512 4658/4898/4512
f 4642/4899/4513 5116/4891/4513 4650/4894/4513 4651/4900/4513
f 5120/4901/4514 5119/4895/4514 4658/4898/4514 4659/4902/4514
f 5117/4903/4515 4642/4899/4515 4651/4900/4515 4652/4904/4515
f 5121/4905/4516 5120/4901/4516 4659/4902/4516 4660/4906/4516
f 4643/4907/4517 5117/4903/4517 4652/4904/4517 4653/4908/4517
f 5122/4909/4518 5121/4905/4518 4660/4906/4518 4661/4910/4518
f 4644/4911/4519 4643/4907/4519 4653/4908/4519 4654/4912/4519
f 5114/4913/4520 4722/4914/4520 4647/4915/4520
f 4948/4916/4521 5122/4909/4521 4661/4910/4521
f 4645/4917/4522 4644/4911/4522 4654/4912/4522 4655/4918/4522
f 5115/4919/4523 5114/4913/4523 4647/4915/4523 4648/4920/4523
f 5118/4921/4524 4645/4917/4524 4655/4918/4524 4656/4922/4524
f 4641/4892/4525 5115/4919/4525 4648/4920/4525 4649/4893/4525
f 4646/4896/4526 5118/4921/4526 4656/4922/4526 4657/4897/4526
f 4656/4922/4527 4655/4918/4527 4670/4923/4527 4671/4924/4527
f 4649/4893/4528 4648/4920/4528 4663/4925/4528 4664/4926/4528
f 4657/4897/4529 4656/4922/4529 4671/4924/4529 4672/4927/4529
f 4650/4894/4530 4649/4893/4530 4664/4926/4530 4665/4928/4530
f 4658/4898/4531 4657/4897/4531 4672/4927/4531 4673/4929/4531
f 4651/4900/4532 4650/4894/4532 4665/4928/4532 4666/4930/4532
f 4659/4902/4533 4658/4898/4533 4673/4929/4533 4674/4931/4533
f 4652/4904/4534 4651/4900/4534 4666/4930/4534 4667/4932/4534
f 4660/4906/4535 4659/4902/4535 4674/4931/4535 4675/4933/4535
f 4653/4908/4536 4652/4904/4536 4667/4932/4536 4668/4934/4536
f 4661/4910/4537 4660/4906/4537 4675/4933/4537 4676/4935/4537
f 4654/4912/4538 4653/4908/4538 4668/4934/4538 4669/4936/4538
f 4647/4915/4539 4722/4937/4539 4662/4938/4539
f 4948/4939/4540 4661/4910/4540 4676/4935/4540
f 4655/4918/4541 4654/4912/4541 4669/4936/4541 4670/4923/4541
f 4648/4920/4542 4647/4915/4542 4662/4938/4542 4663/4925/4542
f 4675/4933/4543 4674/4931/4543 4689/4940/4543 4690/4941/4543
f 4668/4934/4544 4667/4932/4544 4682/4942/4544 4683/4943/4544
f 4676/4935/4545 4675/4933/4545 4690/4941/4545 4691/4944/4545
f 4669/4936/4546 4668/4934/4546 4683/4943/4546 4684/4945/4546
f 4662/4938/4547 4722/4946/4547 4677/4947/4547
f 4948/4948/4548 4676/4935/4548 4691/4944/4548
f 4670/4923/4549 4669/4936/4549 4684/4945/4549 4685/4949/4549
f 4663/4925/4550 4662/4938/4550 4677/4947/4550 4678/4950/4550
f 4671/4924/4551 4670/4923/4551 4685/4949/4551 4686/4951/4551
f 4664/4926/4552 4663/4925/4552 4678/4950/4552 4679/4952/4552
f 4672/4927/4553 4671/4924/4553 4686/4951/4553 4687/4953/4553
f 4665/4928/4554 4664/4926/4554 4679/4952/4554 4680/4954/4554
f 4673/4929/4555 4672/4927/4555 4687/4953/4555 4688/4955/4555
f 4666/4930/4556 4665/4928/4556 4680/4954/4556 4681/4956/4556
f 4674/4931/4557 4673/4929/4557 4688/4955/4557 4689/4940/4557
f 4667/4932/4558 4666/4930/4558 4681/4956/4558 4682/4942/4558
f 4687/4953/4559 4686/4951/4559 4701/4957/4559 4702/4958/4559
f 4680/4954/4560 4679/4952/4560 4694/4959/4560 4695/4960/4560
f 4688/4955/4561 4687/4953/4561 4702/4958/4561 4703/4961/4561
f 4681/4956/4562 4680/4954/4562 4695/4960/4562 4696/4962/4562
f 4689/4940/4563 4688/4955/4563 4703/4961/4563 4704/4963/4563
f 4682/4942/4564 4681/4956/4564 4696/4962/4564 4697/4964/4564
f 4690/4941/4565 4689/4940/4565 4704/4963/4565 4705/4965/4565
f 4683/4943/4566 4682/4942/4566 4697/4964/4566 4698/4966/4566
f 4691/4944/4567 4690/4941/4567 4705/4965/4567 4706/4967/4567
f 4684/4945/4568 4683/4943/4568 4698/4966/4568 4699/4968/4568
f 4677/4947/4569 4722/4969/4569 4692/4970/4569
f 4948/4971/4570 4691/4944/4570 4706/4967/4570
f 4685/4949/4571 4684/4945/4571 4699/4968/4571 4700/4972/4571
f 4678/4950/4572 4677/4947/4572 4692/4970/4572 4693/4973/4572
f 4686/4951/4573 4685/4949/4573 4700/4972/4573 4701/4957/4573
f 4679/4952/4574 4678/4950/4574 4693/4973/4574 4694/4959/4574
f 4706/4967/4575 4705/4965/4575 4720/4974/4575 4721/4975/4575
f 4699/4968/4576 4698/4966/4576 4713/4976/4576 4714/4977/4576
f 4692/4970/4577 4722/4978/4577 4707/4979/4577
f 4948/4980/4578 4706/4967/4578 4721/4975/4578
f 4700/4972/4579 4699/4968/4579 4714/4977/4579 4715/4981/4579
f 4693/4973/4580 4692/4970/4580 4707/4979/4580 4708/4982/4580
f 4701/4957/4581 4700/4972/4581 4715/4981/4581 4716/4983/4581
f 4694/4959/4582 4693/4973/4582 4708/4982/4582 4709/4984/4582
f 4702/4958/4583 4701/4957/4583 4716/4983/4583 4717/4985/4583
f 4695/4960/4584 4694/4959/4584 4709/4984/4584 4710/4986/4584
f 4703/4961/4585 4702/4958/4585 4717/4985/4585 4718/4987/4585
f 4696/4962/4586 4695/4960/4586 4710/4986/4586 4711/4988/4586
f 4704/4963/4587 4703/4961/4587 4718/4987/4587 4719/4989/4587
f 4697/4964/4588 4696/4962/4588 4711/4988/4588 4712/4990/4588
f 4705/4965/4589 4704/4963/4589 4719/4989/4589 4720/4974/4589
f 4698/4966/4590 4697/4964/4590 4712/4990/4590 4713/4976/4590
f 4710/4986/4591 4709/4984/4591 4725/4991/4591 4726/4992/4591
f 4718/4987/4592 4717/4985/4592 4733/4993/4592 4734/4994/4592
f 4711/4988/4593 4710/4986/4593 4726/4992/4593 4727/4995/4593
f 4719/4989/4594 4718/4987/4594 4734/4994/4594 4735/4996/4594
f 4712/4990/4595 4711/4988/4595 4727/4995/4595 4728/4997/4595
f 4720/4974/4596 4719/4989/4596 4735/4996/4596 4736/4998/4596
f 4713/4976/4597 4712/4990/4597 4728/4997/4597 4729/4999/4597
f 4721/4975/4598 4720/4974/4598 4736/4998/4598 4737/5000/4598
f 4714/4977/4599 4713/4976/4599 4729/4999/4599 4730/5001/4599
f 4707/4979/4600 4722/5002/4600 4723/5003/4600
f 4948/5004/4601 4721/4975/4601 4737/5000/4601
f 4715/4981/4602 4714/4977/4602 4730/5001/4602 4731/5005/4602
f 4708/4982/4603 4707/4979/4603 4723/5003/4603 4724/5006/4603
f 4716/4983/4604 4715/4981/4604 4731/5005/4604 4732/5007/4604
f 4709/4984/4605 4708/4982/4605 4724/5006/4605 4725/4991/4605
f 4717/4985/4606 4716/4983/4606 4732/5007/4606 4733/4993/4606
f 4730/5001/4607 4729/4999/4607 4744/5008/4607 4745/5009/4607
f 4723/5003/4608 4722/5010/4608 4738/5011/4608
f 4948/5012/4609 4737/5000/4609 4752/5013/4609
f 4731/5005/4610 4730/5001/4610 4745/5009/4610 4746/5014/4610
f 4724/5006/4611 4723/5003/4611 4738/5011/4611 4739/5015/4611
f 4732/5007/4612 4731/5005/4612 4746/5014/4612 4747/5016/4612
f 4725/4991/4613 4724/5006/4613 4739/5015/4613 4740/5017/4613
f 4733/4993/4614 4732/5007/4614 4747/5016/4614 4748/5018/4614
f 4726/4992/4615 4725/4991/4615 4740/5017/4615 4741/5019/4615
f 4734/4994/4616 4733/4993/4616 4748/5018/4616 4749/5020/4616
f 4727/4995/4617 4726/4992/4617 4741/5019/4617 4742/5021/4617
f 4735/4996/4618 4734/4994/4618 4749/5020/4618 4750/5022/4618
f 4728/4997/4619 4727/4995/4619 4742/5021/4619 4743/5023/4619
f 4736/4998/4620 4735/4996/4620 4750/5022/4620 4751/5024/4620
f 4729/4999/4621 4728/4997/4621 4743/5023/4621 4744/5008/4621
f 4737/5000/4622 4736/4998/4622 4751/5024/4622 4752/5013/4622
f 4749/5020/4623 4748/5018/4623 4763/5025/4623 4764/5026/4623
f 4742/5021/4624 4741/5019/4624 4756/5027/4624 4757/5028/4624
f 4750/5022/4625 4749/5020/4625 4764/5026/4625 4765/5029/4625
f 4743/5023/4626 4742/5021/4626 4757/5028/4626 4758/5030/4626
f 4751/5024/4627 4750/5022/4627 4765/5029/4627 4766/5031/4627
f 4744/5008/4628 4743/5023/4628 4758/5030/4628 4759/5032/4628
f 4752/5013/4629 4751/5024/4629 4766/5031/4629 4767/5033/4629
f 4745/5009/4630 4744/5008/4630 4759/5032/4630 4760/5034/4630
f 4738/5011/4631 4722/5035/4631 4753/5036/4631
f 4948/5037/4632 4752/5013/4632 4767/5033/4632
f 4746/5014/4633 4745/5009/4633 4760/5034/4633 4761/5038/4633
f 4739/5015/4634 4738/5011/4634 4753/5036/4634 4754/5039/4634
f 4747/5016/4635 4746/5014/4635 4761/5038/4635 4762/5040/4635
f 4740/5017/4636 4739/5015/4636 4754/5039/4636 4755/5041/4636
f 4748/5018/4637 4747/5016/4637 4762/5040/4637 4763/5025/4637
f 4741/5019/4638 4740/5017/4638 4755/5041/4638 4756/5027/4638
f 4753/5036/4639 4722/5042/4639 4768/5043/4639
f 4948/5044/4640 4767/5033/4640 4782/5045/4640
f 4761/5038/4641 4760/5034/4641 4775/5046/4641 4776/5047/4641
f 4754/5039/4642 4753/5036/4642 4768/5043/4642 4769/5048/4642
f 4762/5040/4643 4761/5038/4643 4776/5047/4643 4777/5049/4643
f 4755/5041/4644 4754/5039/4644 4769/5048/4644 4770/5050/4644
f 4763/5025/4645 4762/5040/4645 4777/5049/4645 4778/5051/4645
f 4756/5027/4646 4755/5041/4646 4770/5050/4646 4771/5052/4646
f 4764/5026/4647 4763/5025/4647 4778/5051/4647 4779/5053/4647
f 4757/5028/4648 4756/5027/4648 4771/5052/4648 4772/5054/4648
f 4765/5029/4649 4764/5026/4649 4779/5053/4649 4780/5055/4649
f 4758/5030/4650 4757/5028/4650 4772/5054/4650 4773/5056/4650
f 4766/5031/4651 4765/5029/4651 4780/5055/4651 4781/5057/4651
f 4759/5032/4652 4758/5030/4652 4773/5056/4652 4774/5058/4652
f 4767/5033/4653 4766/5031/4653 4781/5057/4653 4782/5045/4653
f 4760/5034/4654 4759/5032/4654 4774/5058/4654 4775/5046/4654
f 4772/5054/4655 4771/5052/4655 4786/5059/4655 4787/5060/4655
f 4780/5055/4656 4779/5053/4656 4794/5061/4656 4795/5062/4656
f 4773/5056/4657 4772/5054/4657 4787/5060/4657 4788/5063/4657
f 4781/5057/4658 4780/5055/4658 4795/5062/4658 4796/5064/4658
f 4774/5058/4659 4773/5056/4659 4788/5063/4659 4789/5065/4659
f 4782/5045/4660 4781/5057/4660 4796/5064/4660 4797/5066/4660
f 4775/5046/4661 4774/5058/4661 4789/5065/4661 4790/5067/4661
f 4768/5043/4662 4722/5068/4662 4783/5069/4662
f 4948/5070/4663 4782/5045/4663 4797/5066/4663
f 4776/5047/4664 4775/5046/4664 4790/5067/4664 4791/5071/4664
f 4769/5048/4665 4768/5043/4665 4783/5069/4665 4784/5072/4665
f 4777/5049/4666 4776/5047/4666 4791/5071/4666 4792/5073/4666
f 4770/5050/4667 4769/5048/4667 4784/5072/4667 4785/5074/4667
f 4778/5051/4668 4777/5049/4668 4792/5073/4668 4793/5075/4668
f 4771/5052/4669 4770/5050/4669 4785/5074/4669 4786/5059/4669
f 4779/5053/4670 4778/5051/4670 4793/5075/4670 4794/5061/4670
f 4791/5071/4671 4790/5067/4671 4805/5076/4671 4806/5077/4671
f 4784/5072/4672 4783/5069/4672 4798/5078/4672 4799/5079/4672
f 4792/5073/4673 4791/5071/4673 4806/5077/4673 4807/5080/4673
f 4785/5074/4674 4784/5072/4674 4799/5079/4674 4800/5081/4674
f 4793/5075/4675 4792/5073/4675 4807/5080/4675 4808/5082/4675
f 4786/5059/4676 4785/5074/4676 4800/5081/4676 4801/5083/4676
f 4794/5061/4677 4793/5075/4677 4808/5082/4677 4809/5084/4677
f 4787/5060/4678 4786/5059/4678 4801/5083/4678 4802/5085/4678
f 4795/5062/4679 4794/5061/4679 4809/5084/4679 4810/5086/4679
f 4788/5063/4680 4787/5060/4680 4802/5085/4680 4803/5087/4680
f 4796/5064/4681 4795/5062/4681 4810/5086/4681 4811/5088/4681
f 4789/5065/4682 4788/5063/4682 4803/5087/4682 4804/5089/4682
f 4797/5066/4683 4796/5064/4683 4811/5088/4683 4812/5090/4683
f 4790/5067/4684 4789/5065/4684 4804/5089/4684 4805/5076/4684
f 4783/5069/4685 4722/5091/4685 4798/5078/4685
f 4948/5092/4686 4797/5066/4686 4812/5090/4686
f 4810/5086/4687 4809/5084/4687 4824/5093/4687 4825/5094/4687
f 4803/5087/4688 4802/5085/4688 4817/5095/4688 4818/5096/4688
f 4811/5088/4689 4810/5086/4689 4825/5094/4689 4826/5097/4689
f 4804/5089/4690 4803/5087/4690 4818/5096/4690 4819/5098/4690
f 4812/5090/4691 4811/5088/4691 4826/5097/4691 4827/5099/4691
f 4805/5076/4692 4804/5089/4692 4819/5098/4692 4820/5100/4692
f 4798/5078/4693 4722/5101/4693 4813/5102/4693
f 4948/5103/4694 4812/5090/4694 4827/5099/4694
f 4806/5077/4695 4805/5076/4695 4820/5100/4695 4821/5104/4695
f 4799/5079/4696 4798/5078/4696 4813/5102/4696 4814/5105/4696
f 4807/5080/4697 4806/5077/4697 4821/5104/4697 4822/5106/4697
f 4800/5081/4698 4799/5079/4698 4814/5105/4698 4815/5107/4698
f 4808/5082/4699 4807/5080/4699 4822/5106/4699 4823/5108/4699
f 4801/5083/4700 4800/5081/4700 4815/5107/4700 4816/5109/4700
f 4809/5084/4701 4808/5082/4701 4823/5108/4701 4824/5093/4701
f 4802/5085/4702 4801/5083/4702 4816/5109/4702 4817/5095/4702
f 4822/5106/4703 4821/5104/4703 4836/5110/4703 4837/5111/4703
f 4815/5107/4704 4814/5105/4704 4829/5112/4704 4830/5113/4704
f 4823/5108/4705 4822/5106/4705 4837/5111/4705 4838/5114/4705
f 4816/5109/4706 4815/5107/4706 4830/5113/4706 4831/5115/4706
f 4824/5093/4707 4823/5108/4707 4838/5114/4707 4839/5116/4707
f 4817/5095/4708 4816/5109/4708 4831/5115/4708 4832/5117/4708
f 4825/5094/4709 4824/5093/4709 4839/5116/4709 4840/5118/4709
f 4818/5096/4710 4817/5095/4710 4832/5117/4710 4833/5119/4710
f 4826/5097/4711 4825/5094/4711 4840/5118/4711 4841/5120/4711
f 4819/5098/4712 4818/5096/4712 4833/5119/4712 4834/5121/4712
f 4827/5099/4713 4826/5097/4713 4841/5120/4713 4842/5122/4713
f 4820/5100/4714 4819/5098/4714 4834/5121/4714 4835/5123/4714
f 4813/5102/4715 4722/5124/4715 4828/5125/4715
f 4948/5126/4716 4827/5099/4716 4842/5122/4716
f 4821/5104/4717 4820/5100/4717 4835/5123/4717 4836/5110/4717
f 4814/5105/4718 4813/5102/4718 4828/5125/4718 4829/5112/4718
f 4841/5120/4719 4840/5118/4719 4855/5127/4719 4856/5128/4719
f 4834/5121/4720 4833/5119/4720 4848/5129/4720 4849/5130/4720
f 4842/5122/4721 4841/5120/4721 4856/5128/4721 4857/5131/4721
f 4835/5123/4722 4834/5121/4722 4849/5130/4722 4850/5132/4722
f 4828/5125/4723 4722/5133/4723 4843/5134/4723
f 4948/5135/4724 4842/5122/4724 4857/5131/4724
f 4836/5110/4725 4835/5123/4725 4850/5132/4725 4851/5136/4725
f 4829/5112/4726 4828/5125/4726 4843/5134/4726 4844/5137/4726
f 4837/5111/4727 4836/5110/4727 4851/5136/4727 4852/5138/4727
f 4830/5113/4728 4829/5112/4728 4844/5137/4728 4845/5139/4728
f 4838/5114/4729 4837/5111/4729 4852/5138/4729 4853/5140/4729
f 4831/5115/4730 4830/5113/4730 4845/5139/4730 4846/5141/4730
f 4839/5116/4731 4838/5114/4731 4853/5140/4731 4854/5142/4731
f 4832/5117/4732 4831/5115/4732 4846/5141/4732 4847/5143/4732
f 4840/5118/4733 4839/5116/4733 4854/5142/4733 4855/5127/4733
f 4833/5119/4734 4832/5117/4734 4847/5143/4734 4848/5129/4734
f 4845/5139/4735 4844/5137/4735 4859/5144/4735 4860/5145/4735
f 4853/5140/4736 4852/5138/4736 4867/5146/4736 4868/5147/4736
f 4846/5141/4737 4845/5139/4737 4860/5145/4737 4861/5148/4737
f 4854/5142/4738 4853/5140/4738 4868/5147/4738 4869/5149/4738
f 4847/5143/4739 4846/5141/4739 4861/5148/4739 4862/5150/4739
f 4855/5127/4740 4854/5142/4740 4869/5149/4740 4870/5151/4740
f 4848/5129/4741 4847/5143/4741 4862/5150/4741 4863/5152/4741
f 4856/5128/4742 4855/5127/4742 4870/5151/4742 4871/5153/4742
f 4849/5130/4743 4848/5129/4743 4863/5152/4743 4864/5154/4743
f 4857/5131/4744 4856/5128/4744 4871/5153/4744 4872/5155/4744
f 4850/5132/4745 4849/5130/4745 4864/5154/4745 4865/5156/4745
f 4843/5134/4746 4722/5157/4746 4858/5158/4746
f 4948/5159/4747 4857/5131/4747 4872/5155/4747
f 4851/5136/4748 4850/5132/4748 4865/5156/4748 4866/5160/4748
f 4844/5137/4749 4843/5134/4749 4858/5158/4749 4859/5144/4749
f 4852/5138/4750 4851/5136/4750 4866/5160/4750 4867/5146/4750
f 4864/5154/4751 4863/5152/4751 4878/5161/4751 4879/5162/4751
f 4872/5155/4752 4871/5153/4752 4886/5163/4752 4887/5164/4752
f 4865/5156/4753 4864/5154/4753 4879/5162/4753 4880/5165/4753
f 4858/5158/4754 4722/5166/4754 4873/5167/4754
f 4948/5168/4755 4872/5155/4755 4887/5164/4755
f 4866/5160/4756 4865/5156/4756 4880/5165/4756 4881/5169/4756
f 4859/5144/4757 4858/5158/4757 4873/5167/4757 4874/5170/4757
f 4867/5146/4758 4866/5160/4758 4881/5169/4758 4882/5171/4758
f 4860/5145/4759 4859/5144/4759 4874/5170/4759 4875/5172/4759
f 4868/5147/4760 4867/5146/4760 4882/5171/4760 4883/5173/4760
f 4861/5148/4761 4860/5145/4761 4875/5172/4761 4876/5174/4761
f 4869/5149/4762 4868/5147/4762 4883/5173/4762 4884/5175/4762
f 4862/5150/4763 4861/5148/4763 4876/5174/4763 4877/5176/4763
f 4870/5151/4764 4869/5149/4764 4884/5175/4764 4885/5177/4764
f 4863/5152/4765 4862/5150/4765 4877/5176/4765 4878/5161/4765
f 4871/5153/4766 4870/5151/4766 4885/5177/4766 4886/5163/4766
f 4883/5173/4767 4882/5171/4767 4897/5178/4767 4898/5179/4767
f 4876/5174/4768 4875/5172/4768 4890/5180/4768 4891/5181/4768
f 4884/5175/4769 4883/5173/4769 4898/5179/4769 4899/5182/4769
f 4877/5176/4770 4876/5174/4770 4891/5181/4770 4892/5183/4770
f 4885/5177/4771 4884/5175/4771 4899/5182/4771 4900/5184/4771
f 4878/5161/4772 4877/5176/4772 4892/5183/4772 4893/5185/4772
f 4886/5163/4773 4885/5177/4773 4900/5184/4773 4901/5186/4773
f 4879/5162/4774 4878/5161/4774 4893/5185/4774 4894/5187/4774
f 4887/5164/4775 4886/5163/4775 4901/5186/4775 4902/5188/4775
f 4880/5165/4776 4879/5162/4776 4894/5187/4776 4895/5189/4776
f 4873/5167/4777 4722/5190/4777 4888/5191/4777
f 4948/5192/4778 4887/5164/4778 4902/5188/4778
f 4881/5169/4779 4880/5165/4779 4895/5189/4779 4896/5193/4779
f 4874/5170/4780 4873/5167/4780 4888/5191/4780 4889/5194/4780
f 4882/5171/4781 4881/5169/4781 4896/5193/4781 4897/5178/4781
f 4875/5172/4782 4874/5170/4782 4889/5194/4782 4890/5180/4782
f 4902/5188/4783 4901/5186/4783 4916/5195/4783 4917/5196/4783
f 4895/5189/4784 4894/5187/4784 4909/5197/4784 4910/5198/4784
f 4888/5191/4785 4722/5199/4785 4903/5200/4785
f 4948/5201/4786 4902/5188/4786 4917/5196/4786
f 4896/5193/4787 4895/5189/4787 4910/5198/4787 4911/5202/4787
f 4889/5194/4788 4888/5191/4788 4903/5200/4788 4904/5203/4788
f 4897/5178/4789 4896/5193/4789 4911/5202/4789 4912/5204/4789
f 4890/5180/4790 4889/5194/4790 4904/5203/4790 4905/5205/4790
f 4898/5179/4791 4897/5178/4791 4912/5204/4791 4913/5206/4791
f 4891/5181/4792 4890/5180/4792 4905/5205/4792 4906/5207/4792
f 4899/5182/4793 4898/5179/4793 4913/5206/4793 4914/5208/4793
f 4892/5183/4794 4891/5181/4794 4906/5207/4794 4907/5209/4794
f 4900/5184/4795 4899/5182/4795 4914/5208/4795 4915/5210/4795
f 4893/5185/4796 4892/5183/4796 4907/5209/4796 4908/5211/4796
f 4901/5186/4797 4900/5184/4797 4915/5210/4797 4916/5195/4797
f 4894/5187/4798 4893/5185/4798 4908/5211/4798 4909/5197/4798
f 4906/5207/4799 4905/5205/4799 4920/5212/4799 4921/5213/4799
f 4914/5208/4800 4913/5206/4800 4928/5214/4800 4929/5215/4800
f 4907/5209/4801 4906/5207/4801 4921/5213/4801 4922/5216/4801
f 4915/5210/4802 4914/5208/4802 4929/5215/4802 4930/5217/4802
f 4908/5211/4803 4907/5209/4803 4922/5216/4803 4923/5218/4803
f 4916/5195/4804 4915/5210/4804 4930/5217/4804 4931/5219/4804
f 4909/5197/4805 4908/5211/4805 4923/5218/4805 4924/5220/4805
f 4917/5196/4806 4916/5195/4806 4931/5219/4806 4932/5221/4806
f 4910/5198/4807 4909/5197/4807 4924/5220/4807 4925/5222/4807
f 4903/5200/4808 4722/5223/4808 4918/5224/4808
f 4948/5225/4809 4917/5196/4809 4932/5221/4809
f 4911/5202/4810 4910/5198/4810 4925/5222/4810 4926/5226/4810
f 4904/5203/4811 4903/5200/4811 4918/5224/4811 4919/5227/4811
f 4912/5204/4812 4911/5202/4812 4926/5226/4812 4927/5228/4812
f 4905/5205/4813 4904/5203/4813 4919/5227/4813 4920/5212/4813
f 4913/5206/4814 4912/5204/4814 4927/5228/4814 4928/5214/4814
f 4925/5222/4815 4924/5220/4815 4939/5229/4815 4940/5230/4815
f 4918/5224/4816 4722/5231/4816 4933/5232/4816
f 4948/5233/4817 4932/5221/4817 4947/5234/4817
f 4926/5226/4818 4925/5222/4818 4940/5230/4818 4941/5235/4818
f 4919/5227/4819 4918/5224/4819 4933/5232/4819 4934/5236/4819
f 4927/5228/4820 4926/5226/4820 4941/5235/4820 4942/5237/4820
f 4920/5212/4821 4919/5227/4821 4934/5236/4821 4935/5238/4821
f 4928/5214/4822 4927/5228/4822 4942/5237/4822 4943/5239/4822
f 4921/5213/4823 4920/5212/4823 4935/5238/4823 4936/5240/4823
f 4929/5215/4824 4928/5214/4824 4943/5239/4824 4944/5241/4824
f 4922/5216/4825 4921/5213/4825 4936/5240/4825 4937/5242/4825
f 4930/5217/4826 4929/5215/4826 4944/5241/4826 4945/5243/4826
f 4923/5218/4827 4922/5216/4827 4937/5242/4827 4938/5244/4827
f 4931/5219/4828 4930/5217/4828 4945/5243/4828 4946/5245/4828
f 4924/5220/4829 4923/5218/4829 4938/5244/4829 4939/5229/4829
f 4932/5221/4830 4931/5219/4830 4946/5245/4830 4947/5234/4830
f 4944/5241/4831 4943/5239/4831 4959/5246/4831 4960/5247/4831
f 4937/5242/4832 4936/5240/4832 4952/5248/4832 4953/5249/4832
f 4945/5243/4833 4944/5241/4833 4960/5247/4833 4961/5250/4833
f 4938/5244/4834 4937/5242/4834 4953/5249/4834 4954/5251/4834
f 4946/5245/4835 4945/5243/4835 4961/5250/4835 4962/5252/4835
f 4939/5229/4836 4938/5244/4836 4954/5251/4836 4955/5253/4836
f 4947/5234/4837 4946/5245/4837 4962/5252/4837 4963/5254/4837
f 4940/5230/4838 4939/5229/4838 4955/5253/4838 4956/5255/4838
f 4933/5232/4839 4722/5256/4839 4949/5257/4839
f 4948/5258/4840 4947/5234/4840 4963/5254/4840
f 4941/5235/4841 4940/5230/4841 4956/5255/4841 4957/5259/4841
f 4934/5236/4842 4933/5232/4842 4949/5257/4842 4950/5260/4842
f 4942/5237/4843 4941/5235/4843 4957/5259/4843 4958/5261/4843
f 4935/5238/4844 4934/5236/4844 4950/5260/4844 4951/5262/4844
f 4943/5239/4845 4942/5237/4845 4958/5261/4845 4959/5246/4845
f 4936/5240/4846 4935/5238/4846 4951/5262/4846 4952/5248/4846
f 4948/5263/4847 4963/5254/4847 4978/5264/4847
f 4957/5259/4848 4956/5255/4848 4971/5265/4848 4972/5266/4848
f 4950/5260/4849 4949/5257/4849 4964/5267/4849 4965/5268/4849
f 4958/5261/4850 4957/5259/4850 4972/5266/4850 4973/5269/4850
f 4951/5262/4851 4950/5260/4851 4965/5268/4851 4966/5270/4851
f 4959/5246/4852 4958/5261/4852 4973/5269/4852 4974/5271/4852
f 4952/5248/4853 4951/5262/4853 4966/5270/4853 4967/5272/4853
f 4960/5247/4854 4959/5246/4854 4974/5271/4854 4975/5273/4854
f 4953/5249/4855 4952/5248/4855 4967/5272/4855 4968/5274/4855
f 4961/5250/4856 4960/5247/4856 4975/5273/4856 4976/5275/4856
f 4954/5251/4857 4953/5249/4857 4968/5274/4857 4969/5276/4857
f 4962/5252/4858 4961/5250/4858 4976/5275/4858 4977/5277/4858
f 4955/5253/4859 4954/5251/4859 4969/5276/4859 4970/5278/4859
f 4963/5254/4860 4962/5252/4860 4977/5277/4860 4978/5264/4860
f 4956/5255/4861 4955/5253/4861 4970/5278/4861 4971/5265/4861
f 4949/5257/4862 4722/5279/4862 4964/5267/4862
f 4976/5275/4863 4975/5273/4863 4990/5280/4863 4991/5281/4863
f 4969/5276/4864 4968/5274/4864 4983/5282/4864 4984/5283/4864
f 4977/5277/4865 4976/5275/4865 4991/5281/4865 4992/5284/4865
f 4970/5278/4866 4969/5276/4866 4984/5283/4866 4985/5285/4866
f 4978/5264/4867 4977/5277/4867 4992/5284/4867 4993/5286/4867
f 4971/5265/4868 4970/5278/4868 4985/5285/4868 4986/5287/4868
f 4964/5267/4869 4722/5288/4869 4979/5289/4869
f 4948/5290/4870 4978/5264/4870 4993/5286/4870
f 4972/5266/4871 4971/5265/4871 4986/5287/4871 4987/5291/4871
f 4965/5268/4872 4964/5267/4872 4979/5289/4872 4980/5292/4872
f 4973/5269/4873 4972/5266/4873 4987/5291/4873 4988/5293/4873
f 4966/5270/4874 4965/5268/4874 4980/5292/4874 4981/5294/4874
f 4974/5271/4875 4973/5269/4875 4988/5293/4875 4989/5295/4875
f 4967/5272/4876 4966/5270/4876 4981/5294/4876 4982/5296/4876
f 4975/5273/4877 4974/5271/4877 4989/5295/4877 4990/5280/4877
f 4968/5274/4878 4967/5272/4878 4982/5296/4878 4983/5282/4878
f 4980/5292/4879 4979/5289/4879 4994/5297/4879 4995/5298/4879
f 4988/5293/4880 4987/5291/4880 5002/5299/4880 5003/5300/4880
f 4981/5294/4881 4980/5292/4881 4995/5298/4881 4996/5301/4881
f 4989/5295/4882 4988/5293/4882 5003/5300/4882 5004/5302/4882
f 4982/5296/4883 4981/5294/4883 4996/5301/4883 4997/5303/4883
f 4990/5280/4884 4989/5295/4884 5004/5302/4884 5005/5304/4884
f 4983/5282/4885 4982/5296/4885 4997/5303/4885 4998/5305/4885
f 4991/5281/4886 4990/5280/4886 5005/5304/4886 5006/5306/4886
f 4984/5283/4887 4983/5282/4887 4998/5305/4887 4999/5307/4887
f 4992/5284/4888 4991/5281/4888 5006/5306/4888 5007/5308/4888
f 4985/5285/4889 4984/5283/4889 4999/5307/4889 5000/5309/4889
f 4993/5286/4890 4992/5284/4890 5007/5308/4890 5008/5310/4890
f 4986/5287/4891 4985/5285/4891 5000/5309/4891 5001/5311/4891
f 4979/5289/4892 4722/5312/4892 4994/5297/4892
f 4948/5313/4893 4993/5286/4893 5008/5310/4893
f 4987/5291/4894 4986/5287/4894 5001/5311/4894 5002/5299/4894
f 4999/5314/4895 4998/5315/4895 5013/5316/4895 5014/5317/4895
f 5007/5318/4896 5006/5319/4896 5021/5320/4896 5022/5321/4896
f 5000/5322/4897 4999/5314/4897 5014/5317/4897 5015/5323/4897
f 5008/5324/4898 5007/5318/4898 5022/5321/4898 5023/5325/4898
f 5001/5326/4899 5000/5322/4899 5015/5323/4899 5016/5327/4899
f 4994/5328/4900 4722/5329/4900 5009/5330/4900
f 4948/5331/4901 5008/5324/4901 5023/5325/4901
f 5002/5332/4902 5001/5326/4902 5016/5327/4902 5017/5333/4902
f 4995/5334/4903 4994/5328/4903 5009/5330/4903 5010/5335/4903
f 5003/5336/4904 5002/5332/4904 5017/5333/4904 5018/5337/4904
f 4996/5338/4905 4995/5334/4905 5010/5335/4905 5011/5339/4905
f 5004/5340/4906 5003/5336/4906 5018/5337/4906 5019/5341/4906
f 4997/5342/4907 4996/5338/4907 5011/5339/4907 5012/5343/4907
f 5005/5344/4908 5004/5340/4908 5019/5341/4908 5020/5345/4908
f 4998/5315/4909 4997/5342/4909 5012/5343/4909 5013/5316/4909
f 5006/5319/4910 5005/5344/4910 5020/5345/4910 5021/5320/4910
f 5018/5337/4911 5017/5333/4911 5032/5346/4911 5033/5347/4911
f 5011/5339/4912 5010/5335/4912 5025/5348/4912 5026/5349/4912
f 5019/5341/4913 5018/5337/4913 5033/5347/4913 5034/5350/4913
f 5012/5343/4914 5011/5339/4914 5026/5349/4914 5027/5351/4914
f 5020/5345/4915 5019/5341/4915 5034/5350/4915 5035/5352/4915
f 5013/5316/4916 5012/5343/4916 5027/5351/4916 5028/5353/4916
f 5021/5320/4917 5020/5345/4917 5035/5352/4917 5036/5354/4917
f 5014/5317/4918 5013/5316/4918 5028/5353/4918 5029/5355/4918
f 5022/5321/4919 5021/5320/4919 5036/5354/4919 5037/5356/4919
f 5015/5323/4920 5014/5317/4920 5029/5355/4920 5030/5357/4920
f 5023/5325/4921 5022/5321/4921 5037/5356/4921 5038/5358/4921
f 5016/5327/4922 5015/5323/4922 5030/5357/4922 5031/5359/4922
f 5009/5330/4923 4722/5360/4923 5024/5361/4923
f 4948/5362/4924 5023/5325/4924 5038/5358/4924
f 5017/5333/4925 5016/5327/4925 5031/5359/4925 5032/5346/4925
f 5010/5335/4926 5009/5330/4926 5024/5361/4926 5025/5348/4926
f 5037/5356/4927 5036/5354/4927 5051/5363/4927 5052/5364/4927
f 5030/5357/4928 5029/5355/4928 5044/5365/4928 5045/5366/4928
f 5038/5358/4929 5037/5356/4929 5052/5364/4929 5053/5367/4929
f 5031/5359/4930 5030/5357/4930 5045/5366/4930 5046/5368/4930
f 5024/5361/4931 4722/5369/4931 5039/5370/4931
f 4948/5371/4932 5038/5358/4932 5053/5367/4932
f 5032/5346/4933 5031/5359/4933 5046/5368/4933 5047/5372/4933
f 5025/5348/4934 5024/5361/4934 5039/5370/4934 5040/5373/4934
f 5033/5347/4935 5032/5346/4935 5047/5372/4935 5048/5374/4935
f 5026/5349/4936 5025/5348/4936 5040/5373/4936 5041/5375/4936
f 5034/5350/4937 5033/5347/4937 5048/5374/4937 5049/5376/4937
f 5027/5351/4938 5026/5349/4938 5041/5375/4938 5042/5377/4938
f 5035/5352/4939 5034/5350/4939 5049/5376/4939 5050/5378/4939
f 5028/5353/4940 5027/5351/4940 5042/5377/4940 5043/5379/4940
f 5036/5354/4941 5035/5352/4941 5050/5378/4941 5051/5363/4941
f 5029/5355/4942 5028/5353/4942 5043/5379/4942 5044/5365/4942
f 5041/5375/4943 5040/5373/4943 5055/5380/4943 5056/5381/4943
f 5049/5376/4944 5048/5374/4944 5063/5382/4944 5064/5383/4944
f 5042/5377/4945 5041/5375/4945 5056/5381/4945 5057/5384/4945
f 5050/5378/4946 5049/5376/4946 5064/5383/4946 5065/5385/4946
f 5043/5379/4947 5042/5377/4947 5057/5384/4947 5058/5386/4947
f 5051/5363/4948 5050/5378/4948 5065/5385/4948 5066/5387/4948
f 5044/5365/4949 5043/5379/4949 5058/5386/4949 5059/5388/4949
f 5052/5364/4950 5051/5363/4950 5066/5387/4950 5067/5389/4950
f 5045/5366/4951 5044/5365/4951 5059/5388/4951 5060/5390/4951
f 5053/5367/4952 5052/5364/4952 5067/5389/4952 5068/5391/4952
f 5046/5368/4953 5045/5366/4953 5060/5390/4953 5061/5392/4953
f 5039/5370/4954 4722/5393/4954 5054/5394/4954
f 4948/5395/4955 5053/5367/4955 5068/5391/4955
f 5047/5372/4956 5046/5368/4956 5061/5392/4956 5062/5396/4956
f 5040/5373/4957 5039/5370/4957 5054/5394/4957 5055/5380/4957
f 5048/5374/4958 5047/5372/4958 5062/5396/4958 5063/5382/4958
f 5060/5390/4959 5059/5388/4959 5074/5397/4959 5075/5398/4959
f 5068/5391/4960 5067/5389/4960 5082/5399/4960 5083/5400/4960
f 5061/5392/4961 5060/5390/4961 5075/5398/4961 5076/5401/4961
f 5054/5394/4962 4722/5402/4962 5069/5403/4962
f 4948/5404/4963 5068/5391/4963 5083/5400/4963
f 5062/5396/4964 5061/5392/4964 5076/5401/4964 5077/5405/4964
f 5055/5380/4965 5054/5394/4965 5069/5403/4965 5070/5406/4965
f 5063/5382/4966 5062/5396/4966 5077/5405/4966 5078/5407/4966
f 5056/5381/4967 5055/5380/4967 5070/5406/4967 5071/5408/4967
f 5064/5383/4968 5063/5382/4968 5078/5407/4968 5079/5409/4968
f 5057/5384/4969 5056/5381/4969 5071/5408/4969 5072/5410/4969
f 5065/5385/4970 5064/5383/4970 5079/5409/4970 5080/5411/4970
f 5058/5386/4971 5057/5384/4971 5072/5410/4971 5073/5412/4971
f 5066/5387/4972 5065/5385/4972 5080/5411/4972 5081/5413/4972
f 5059/5388/4973 5058/5386/4973 5073/5412/4973 5074/5397/4973
f 5067/5389/4974 5066/5387/4974 5081/5413/4974 5082/5399/4974
f 5079/5409/4975 5078/5407/4975 5093/5414/4975 5094/5415/4975
f 5072/5410/4976 5071/5408/4976 5086/5416/4976 5087/5417/4976
f 5080/5411/4977 5079/5409/4977 5094/5415/4977 5095/5418/4977
f 5073/5412/4978 5072/5410/4978 5087/5417/4978 5088/5419/4978
f 5081/5413/4979 5080/5411/4979 5095/5418/4979 5096/5420/4979
f 5074/5397/4980 5073/5412/4980 5088/5419/4980 5089/5421/4980
f 5082/5399/4981 5081/5413/4981 5096/5420/4981 5097/5422/4981
f 5075/5398/4982 5074/5397/4982 5089/5421/4982 5090/5423/4982
f 5083/5400/4983 5082/5399/4983 5097/5422/4983 5098/5424/4983
f 5076/5401/4984 5075/5398/4984 5090/5423/4984 5091/5425/4984
f 5069/5403/4985 4722/5426/4985 5084/5427/4985
f 4948/5428/4986 5083/5400/4986 5098/5424/4986
f 5077/5405/4987 5076/5401/4987 5091/5425/4987 5092/5429/4987
f 5070/5406/4988 5069/5403/4988 5084/5427/4988 5085/5430/4988
f 5078/5407/4989 5077/5405/4989 5092/5429/4989 5093/5414/4989
f 5071/5408/4990 5070/5406/4990 5085/5430/4990 5086/5416/4990
f 5098/5424/4991 5097/5422/4991 5112/5431/4991 5113/5432/4991
f 5091/5425/4992 5090/5423/4992 5105/5433/4992 5106/5434/4992
f 5084/5427/4993 4722/5435/4993 5099/5436/4993
f 4948/5437/4994 5098/5424/4994 5113/5432/4994
f 5092/5429/4995 5091/5425/4995 5106/5434/4995 5107/5438/4995
f 5085/5430/4996 5084/5427/4996 5099/5436/4996 5100/5439/4996
f 5093/5414/4997 5092/5429/4997 5107/5438/4997 5108/5440/4997
f 5086/5416/4998 5085/5430/4998 5100/5439/4998 5101/5441/4998
f 5094/5415/4999 5093/5414/4999 5108/5440/4999 5109/5442/4999
f 5087/5417/5000 5086/5416/5000 5101/5441/5000 5102/5443/5000
f 5095/5418/5001 5094/5415/5001 5109/5442/5001 5110/5444/5001
f 5088/5419/5002 5087/5417/5002 5102/5443/5002 5103/5445/5002
f 5096/5420/5003 5095/5418/5003 5110/5444/5003 5111/5446/5003
f 5089/5421/5004 5088/5419/5004 5103/5445/5004 5104/5447/5004
f 5097/5422/5005 5096/5420/5005 5111/5446/5005 5112/5431/5005
f 5090/5423/5006 5089/5421/5006 5104/5447/5006 5105/5433/5006
f 5110/5444/5007 5109/5442/5007 4646/4896/5007 5119/4895/5007
f 5103/5445/5008 5102/5443/5008 5116/4891/5008 4642/4899/5008
f 5111/5446/5009 5110/5444/5009 5119/4895/5009 5120/4901/5009
f 5104/5447/5010 5103/5445/5010 4642/4899/5010 5117/4903/5010
f 5112/5431/5011 5111/5446/5011 5120/4901/5011 5121/4905/5011
f 5105/5433/5012 5104/5447/5012 5117/4903/5012 4643/4907/5012
f 5113/5432/5013 5112/5431/5013 5121/4905/5013 5122/4909/5013
f 5106/5434/5014 5105/5433/5014 4643/4907/5014 4644/4911/5014
f 5099/5436/5015 4722/5448/5015 5114/4913/5015
f 4948/5449/5016 5113/5432/5016 5122/4909/5016
f 5107/5438/5017 5106/5434/5017 4644/4911/5017 4645/4917/5017
f 5100/5439/5018 5099/5436/5018 5114/4913/5018 5115/4919/5018
f 5108/5440/5019 5107/5438/5019 4645/4917/5019 5118/4921/5019
f 5101/5441/5020 5100/5439/5020 5115/4919/5020 4641/4892/5020
f 5109/5442/5021 5108/5440/5021 5118/4921/5021 4646/4896/5021
f 5102/5443/5022 5101/5441/5022 4641/4892/5022 5116/4891/5022
f 5162/5450/5023 5146/5451/5023 5126/5452/5023 5132/5453/5023
f 5137/5454/5024 5151/5455/5024 5136/5456/5024 5125/5457/5024
f 5151/5455/5025 5153/5458/5025 5135/5459/5025 5136/5456/5025
f 5153/5458/5026 5155/5460/5026 5134/5461/5026 5135/5459/5026
f 5155/5460/5027 5157/5462/5027 5133/5463/5027 5134/5461/5027
f 5157/5462/5025 5162/5450/5025 5132/5453/5025 5133/5463/5025
f 5130/5464/5028 5131/5465/5028 5158/5466/5028 5156/5467/5028
f 5129/5468/5029 5130/5464/5029 5156/5467/5029 5154/5469/5029
f 5128/5470/5030 5129/5468/5030 5154/5469/5030 5152/5471/5030
f 5127/5472/5028 5128/5470/5028 5152/5471/5028 5147/5473/5028
f 5123/5474/5031 5127/5472/5031 5147/5473/5031 5141/5475/5031
f 5141/5475/5032 5147/5473/5032 5148/5476/5032 5140/5477/5032
f 5140/5477/5033 5148/5476/5033 5149/5478/5033 5139/5479/5033
f 5139/5479/5034 5149/5478/5034 5150/5480/5034 5138/5481/5034
f 5138/5481/5032 5150/5480/5032 5151/5455/5032 5137/5454/5032
f 5131/5465/5035 5124/5482/5035 5142/5483/5035 5158/5466/5035
f 5158/5466/5036 5142/5483/5036 5143/5484/5036 5159/5485/5036
f 5159/5485/5037 5143/5484/5037 5144/5486/5037 5160/5487/5037
f 5160/5487/5038 5144/5486/5038 5145/5488/5038 5161/5489/5038
f 5161/5489/5036 5145/5488/5036 5146/5451/5036 5162/5450/5036
f 5156/5467/5039 5158/5466/5039 5159/5485/5039 5160/5487/5039 5161/5489/5039 5162/5450/5039 5157/5462/5039 5155/5460/5039 5153/5458/5039 5151/5455/5039 5150/5480/5039 5149/5478/5039 5148/5476/5039 5147/5473/5039 5152/5471/5039 5154/5469/5039
f 5202/5450/5040 5172/5453/5040 5166/5452/5040 5186/5451/5040
f 5177/5454/5041 5165/5457/5041 5176/5456/5041 5191/5455/5041
f 5191/5455/5042 5176/5456/5042 5175/5459/5042 5193/5458/5042
f 5193/5458/5043 5175/5459/5043 5174/5461/5043 5195/5460/5043
f 5195/5460/5044 5174/5461/5044 5173/5463/5044 5197/5462/5044
f 5197/5462/5042 5173/5463/5042 5172/5453/5042 5202/5450/5042
f 5170/5464/5045 5196/5467/5045 5198/5466/5045 5171/5465/5045
f 5169/5468/5046 5194/5469/5046 5196/5467/5046 5170/5464/5046
f 5168/5470/5047 5192/5471/5047 5194/5469/5047 5169/5468/5047
f 5167/5472/5045 5187/5473/5045 5192/5471/5045 5168/5470/5045
f 5163/5474/5048 5181/5475/5048 5187/5473/5048 5167/5472/5048
f 5181/5475/5049 5180/5477/5049 5188/5476/5049 5187/5473/5049
f 5180/5477/5050 5179/5479/5050 5189/5478/5050 5188/5476/5050
f 5179/5479/5051 5178/5481/5051 5190/5480/5051 5189/5478/5051
f 5178/5481/5049 5177/5454/5049 5191/5455/5049 5190/5480/5049
f 5171/5465/5052 5198/5466/5052 5182/5483/5052 5164/5482/5052
f 5198/5466/5053 5199/5485/5053 5183/5484/5053 5182/5483/5053
f 5199/5485/5054 5200/5487/5054 5184/5486/5054 5183/5484/5054
f 5200/5487/5055 5201/5489/5055 5185/5488/5055 5184/5486/5055
f 5201/5489/5053 5202/5450/5053 5186/5451/5053 5185/5488/5053
f 5196/5467/5056 5194/5469/5056 5192/5471/5056 5187/5473/5056 5188/5476/5056 5189/5478/5056 5190/5480/5056 5191/5455/5056 5193/5458/5056 5195/5460/5056 5197/5462/5056 5202/5450/5056 5201/5489/5056 5200/5487/5056 5199/5485/5056 5198/5466/5056
f 5123/5474/5057 5141/5475/5057 5181/5475/5057 5163/5474/5057
f 5124/5482/5058 5131/5465/5058 5171/5465/5058 5164/5482/5058
f 5126/5452/5059 5146/5451/5059 5186/5451/5059 5166/5452/5059
f 5125/5457/5060 5136/5456/5060 5176/5456/5060 5165/5457/5060
f 5127/5472/5058 5123/5474/5058 5163/5474/5058 5167/5472/5058
f 5128/5470/5058 5127/5472/5058 5167/5472/5058 5168/5470/5058
f 5129/5468/5061 5128/5470/5061 5168/5470/5061 5169/5468/5061
f 5130/5464/5062 5129/5468/5062 5169/5468/5062 5170/5464/5062
f 5131/5465/5058 5130/5464/5058 5170/5464/5058 5171/5465/5058
f 5132/5453/5060 5126/5452/5060 5166/5452/5060 5172/5453/5060
f 5133/5463/5060 5132/5453/5060 5172/5453/5060 5173/5463/5060
f 5134/5461/5063 5133/5463/5063 5173/5463/5063 5174/5461/5063
f 5135/5459/5064 5134/5461/5064 5174/5461/5064 5175/5459/5064
f 5136/5456/5060 5135/5459/5060 5175/5459/5060 5176/5456/5060
f 5137/5454/5057 5125/5457/5057 5165/5457/5057 5177/5454/5057
f 5138/5481/5057 5137/5454/5057 5177/5454/5057 5178/5481/5057
f 5139/5479/5065 5138/5481/5065 5178/5481/5065 5179/5479/5065
f 5140/5477/5066 5139/5479/5066 5179/5479/5066 5180/5477/5066
f 5141/5475/5057 5140/5477/5057 5180/5477/5057 5181/5475/5057
f 5142/5483/5059 5124/5482/5059 5164/5482/5059 5182/5483/5059
f 5143/5484/5059 5142/5483/5059 5182/5483/5059 5183/5484/5059
f 5144/5486/5067 5143/5484/5067 5183/5484/5067 5184/5486/5067
f 5145/5488/5068 5144/5486/5068 5184/5486/5068 5185/5488/5068
f 5146/5451/5059 5145/5488/5059 5185/5488/5059 5186/5451/5059
o ground.006
v 23.800001 17.000000 -9.500000
v 23.800001 21.000000 -9.500000
v 23.800001 17.000000 9.500000
v 23.800001 21.000000 9.500000
v 18.199999 17.000000 -9.500000
v 18.199999 21.000000 -9.500000
v 18.199999 17.000000 9.500000
v 18.199999 21.000000 9.500000
vn 1.0000 -0.0000 -0.0000
vn -0.0000 -0.0000 1.0000
vn -1.0000 -0.0000 -0.0000
vn -0.0000 -0.0000 -1.0000
vn -0.0000 -1.0000 -0.0000
vn -0.0000 1.0000 -0.0000
vt 0.375000 0.000000
vt 0.625000 0.000000
vt 0.625000 0.250000
vt 0.375000 0.250000
vt 0.625000 0.500000
vt 0.375000 0.500000
vt 0.625000 0.750000
vt 0.375000 0.750000
vt 0.625000 1.000000
vt 0.375000 1.000000
vt 0.125000 0.500000
vt 0.125000 0.750000
vt 0.875000 0.500000
vt 0.875000 0.750000
s 0
f 5203/5490/5069 5204/5491/5069 5206/5492/5069 5205/5493/5069
f 5205/5493/5070 5206/5492/5070 5210/5494/5070 5209/5495/5070
f 5209/5495/5071 5210/5494/5071 5208/5496/5071 5207/5497/5071
f 5207/5497/5072 5208/5496/5072 5204/5498/5072 5203/5499/5072
f 5205/5500/5073 5209/5495/5073 5207/5497/5073 5203/5501/5073
f 5210/5494/5074 5206/5502/5074 5204/5503/5074 5208/5496/5074
o ground.007
v 3.200001 17.000000 -9.500000
v 3.200001 21.000000 -9.500000
v 3.200001 17.000000 9.500000
v 3.200001 21.000000 9.500000
v -2.400001 17.000000 -9.500000
v -2.400001 21.000000 -9.500000
v -2.400001 17.000000 9.500000
v -2.400001 21.000000 9.500000
vn 1.0000 -0.0000 -0.0000
vn -0.0000 -0.0000 1.0000
vn -1.0000 -0.0000 -0.0000
vn -0.0000 -0.0000 -1.0000
vn -0.0000 -1.0000 -0.0000
vn -0.0000 1.0000 -0.0000
vt 0.375000 0.000000
vt 0.625000 0.000000
vt 0.625000 0.250000
vt 0.375000 0.250000
vt 0.625000 0.500000
vt 0.375000 0.500000
vt 0.625000 0.750000
vt 0.375000 0.750000
vt 0.625000 1.000000
vt 0.375000 1.000000
vt 0.125000 0.500000
vt 0.125000 0.750000
vt 0.875000 0.500000
vt 0.875000 0.750000
s 0
f 5211/5504/5075 5212/5505/5075 5214/5506/5075 5213/5507/5075
f 5213/5507/5076 5214/5506/5076 5218/5508/5076 5217/5509/5076
f 5217/5509/5077 5218/5508/5077 5216/5510/5077 5215/5511/5077
f 5215/5511/5078 5216/5510/5078 5212/5512/5078 5211/5513/5078
f 5213/5514/5079 5217/5509/5079 5215/5511/5079 5211/5515/5079
f 5218/5508/5080 5214/5516/5080 5212/5517/5080 5216/5510/5080
o ground.008
v -11.199999 17.000000 -9.500000
v -11.199999 21.000000 -9.500000
v -11.199999 17.000000 9.500000
v -11.199999 21.000000 9.500000
v -16.800001 17.000000 -9.500000
v -16.800001 21.000000 -9.500000
v -16.800001 17.000000 9.500000
v -16.800001 21.000000 9.500000
vn 1.0000 -0.0000 -0.0000
vn -0.0000 -0.0000 1.0000
vn -1.0000 -0.0000 -0.0000
vn -0.0000 -0.0000 -1.0000
vn -0.0000 -1.0000 -0.0000
vn -0.0000 1.0000 -0.0000
vt 0.375000 0.000000
vt 0.625000 0.000000
vt 0.625000 0.250000
vt 0.375000 0.250000
vt 0.625000 0.500000
vt 0.375000 0.500000
vt 0.625000 0.750000
vt 0.375000 0.750000
vt 0.625000 1.000000
vt 0.375000 1.000000
vt 0.125000 0.500000
vt 0.125000 0.750000
vt 0.875000 0.500000
vt 0.875000 0.750000
s 0
f 5219/5518/5081 5220/5519/5081 5222/5520/5081 5221/5521/5081
f 5221/5521/5082 5222/5520/5082 5226/5522/5082 5225/5523/5082
f 5225/5523/5083 5226/5522/5083 5224/5524/5083 5223/5525/5083
f 5223/5525/5084 5224/5524/5084 5220/5526/5084 5219/5527/5084
f 5221/5528/5085 5225/5523/5085 5223/5525/5085 5219/5529/5085
f 5226/5522/5086 5222/5530/5086 5220/5531/5086 5224/5524/5086
o StageObjectSpawn.003
v -9.100000 18.900000 -1.000000
v -9.100000 20.900000 -1.000000
v -9.100000 18.900000 1.000000
v -9.100000 20.900000 1.000000
v -11.100000 18.900000 -1.000000
v -11.100000 20.900000 -1.000000
v -11.100000 18.900000 1.000000
v -11.100000 20.900000 1.000000
v -9.020000 18.982000 0.918000
v -9.020000 18.982000 -0.918000
v -9.020000 20.817999 -0.918000
v -9.020000 20.817999 0.918000
v -9.182000 18.982000 -1.080000
v -9.182000 20.817999 -1.080000
v -11.018001 20.817999 -1.080000
v -11.018001 18.982000 -1.080000
v -11.180000 20.817999 0.918000
v -11.180000 18.982000 0.918000
v -11.180000 18.982000 -0.918000
v -11.180000 20.817999 -0.918000
v -9.182000 20.817999 1.080000
v -9.182000 18.982000 1.080000
v -11.018001 18.982000 1.080000
v -11.018001 20.817999 1.080000
v -9.182000 20.980000 -0.918000
v -9.182000 20.980000 0.918000
v -11.018001 20.980000 0.918000
v -11.018001 20.980000 -0.918000
v -9.182000 18.820000 0.918000
v -9.182000 18.820000 -0.918000
v -11.018001 18.820000 0.918000
v -11.018001 18.820000 -0.918000
vn 0.7071 0.7071 -0.0000
vn 0.7158 0.6983 -0.0000
vn -0.7071 -0.0000 0.7071
vn -0.6983 -0.0000 0.7158
vn -0.7158 -0.0000 0.6983
vn -0.0000 0.7071 -0.7071
vn -0.0000 0.6983 -0.7158
vn -0.0000 -0.7071 -0.7071
vn -0.0000 -0.7158 -0.6983
vn -0.7071 0.7071 -0.0000
vn -0.6983 0.7158 -0.0000
vn 1.0000 -0.0000 -0.0000
vn 0.7071 -0.7071 -0.0000
vn 0.7158 -0.6983 -0.0000
vn 0.7071 -0.0000 0.7071
vn 0.7158 -0.0000 0.6983
vn 0.7071 -0.0000 -0.7071
vn 0.7158 -0.0000 -0.6983
vn -0.0000 -0.0000 -1.0000
vn -0.7071 -0.0000 -0.7071
vn -0.6983 -0.0000 -0.7158
vn 0.6983 -0.0000 -0.7158
vn -0.0000 -0.6983 -0.7158
vn -1.0000 -0.0000 -0.0000
vn -0.7158 -0.0000 -0.6983
vn -0.7071 -0.7071 -0.0000
vn -0.7158 -0.6983 -0.0000
vn -0.7158 0.6983 -0.0000
vn -0.0000 -0.0000 1.0000
vn -0.0000 -0.7071 0.7071
vn -0.0000 -0.6983 0.7158
vn -0.0000 0.7071 0.7071
vn -0.0000 0.6983 0.7158
vn 0.6983 -0.0000 0.7158
vn -0.0000 1.0000 -0.0000
vn 0.6983 0.7158 -0.0000
vn -0.0000 0.7158 -0.6983
vn -0.0000 0.7158 0.6983
vn -0.0000 -1.0000 -0.0000
vn -0.0000 -0.7158 0.6983
vn 0.6983 -0.7158 -0.0000
vn -0.6983 -0.7158 -0.0000
vt 0.498299 0.996600
vt 0.249176 0.999914
vt 0.263204 0.985151
vt 0.483724 0.982726
vt 0.000086 0.498344
vt 0.249176 0.501657
vt 0.235110 0.516045
vt 0.014660 0.512566
vt 0.249176 0.252528
vt 0.263751 0.266403
vt 0.263204 0.486894
vt 0.747389 0.501656
vt 0.747389 0.750785
vt 0.732815 0.736562
vt 0.733323 0.516045
vt 0.498299 0.498343
vt 0.498299 0.747472
vt 0.483724 0.733597
vt 0.484271 0.513106
vt 0.498299 0.249215
vt 0.263204 0.237766
vt 0.483724 0.235340
vt 0.484271 0.762234
vt 0.263751 0.764660
vt 0.249176 0.750785
vt 0.512873 0.512566
vt 0.512365 0.733083
vt 0.484271 0.263977
vt 0.483724 0.484469
vt 0.234602 0.736562
vt 0.014153 0.733084
vt 0.000086 0.747472
vt 0.263751 0.017274
vt 0.484271 0.014849
vt 0.249176 0.003400
vt 0.498299 0.000086
vt 0.263204 0.736022
vt 0.263751 0.515531
s 1
usemtl Material.010
f 5228/5532/5087 5230/5533/5087 5238/5534/5088 5237/5535/5088
f 5234/5536/5089 5233/5537/5089 5249/5538/5090 5250/5539/5090
f 5233/5537/5089 5234/5540/5089 5243/5541/5091 5244/5542/5091
f 5232/5543/5092 5228/5544/5092 5240/5545/5093 5241/5546/5093
f 5231/5547/5094 5227/5548/5094 5256/5549/5095 5258/5550/5095
f 5232/5551/5096 5234/5540/5096 5253/5552/5097 5254/5553/5097
f 5236/5554/5098 5237/5535/5098 5238/5534/5098 5235/5555/5098
f 5229/5556/5099 5227/5548/5099 5236/5554/5100 5235/5555/5100
f 5230/5533/5101 5229/5556/5101 5235/5555/5102 5238/5534/5102
f 5227/5548/5103 5228/5532/5103 5237/5535/5104 5236/5554/5104
f 5242/5557/5105 5241/5546/5105 5240/5545/5105 5239/5558/5105
f 5231/5547/5106 5232/5543/5106 5241/5546/5107 5242/5557/5107
f 5228/5544/5103 5227/5548/5103 5239/5558/5108 5240/5545/5108
f 5227/5548/5094 5231/5547/5094 5242/5557/5109 5239/5558/5109
f 5244/5542/5110 5243/5541/5110 5246/5559/5110 5245/5560/5110
f 5232/5551/5106 5231/5547/5106 5245/5560/5111 5246/5559/5111
f 5231/5547/5112 5233/5537/5112 5244/5542/5113 5245/5560/5113
f 5234/5540/5096 5232/5551/5096 5246/5559/5114 5243/5541/5114
f 5248/5561/5115 5247/5562/5115 5250/5539/5115 5249/5538/5115
f 5233/5537/5116 5229/5556/5116 5248/5561/5117 5249/5538/5117
f 5230/5563/5118 5234/5536/5118 5250/5539/5119 5247/5562/5119
f 5229/5556/5101 5230/5563/5101 5247/5562/5120 5248/5561/5120
f 5253/5552/5121 5252/5564/5121 5251/5565/5121 5254/5553/5121
f 5230/5566/5087 5228/5567/5087 5251/5565/5122 5252/5564/5122
f 5228/5567/5092 5232/5551/5092 5254/5553/5123 5251/5565/5123
f 5234/5540/5118 5230/5566/5118 5252/5564/5124 5253/5552/5124
f 5255/5568/5125 5257/5569/5125 5258/5550/5125 5256/5549/5125
f 5229/5556/5116 5233/5537/5116 5257/5569/5126 5255/5568/5126
f 5227/5548/5099 5229/5556/5099 5255/5568/5127 5256/5549/5127
f 5233/5537/5112 5231/5547/5112 5258/5550/5128 5257/5569/5128
o StageObjectSpawn.004
v -6.900000 18.900000 -1.000000
v -6.900000 20.900000 -1.000000
v -6.900000 18.900000 1.000000
v -6.900000 20.900000 1.000000
v -8.900000 18.900000 -1.000000
v -8.900000 20.900000 -1.000000
v -8.900001 18.900000 1.000000
v -8.900001 20.900000 1.000000
v -6.820000 18.982000 0.918000
v -6.820000 18.982000 -0.918000
v -6.820000 20.817999 -0.918000
v -6.820000 20.817999 0.918000
v -6.982000 18.982000 -1.080000
v -6.982000 20.817999 -1.080000
v -8.818000 20.817999 -1.080000
v -8.818000 18.982000 -1.080000
v -8.980000 20.817999 0.918000
v -8.980000 18.982000 0.918000
v -8.980000 18.982000 -0.918000
v -8.980000 20.817999 -0.918000
v -6.982000 20.817999 1.080000
v -6.982000 18.982000 1.080000
v -8.818000 18.982000 1.080000
v -8.818000 20.817999 1.080000
v -6.982000 20.980000 -0.918000
v -6.982000 20.980000 0.918000
v -8.818000 20.980000 0.918000
v -8.818000 20.980000 -0.918000
v -6.982000 18.820000 0.918000
v -6.982000 18.820000 -0.918000
v -8.818000 18.820000 0.918000
v -8.818000 18.820000 -0.918000
vn 0.7071 0.7071 -0.0000
vn 0.7158 0.6983 -0.0000
vn -0.7071 -0.0000 0.7071
vn -0.6983 -0.0000 0.7158
vn -0.7158 -0.0000 0.6983
vn -0.0000 0.7071 -0.7071
vn -0.0000 0.6983 -0.7158
vn -0.0000 -0.7071 -0.7071
vn -0.0000 -0.7158 -0.6983
vn -0.7071 0.7071 -0.0000
vn -0.6983 0.7158 -0.0000
vn 1.0000 -0.0000 -0.0000
vn 0.7071 -0.7071 -0.0000
vn 0.7158 -0.6983 -0.0000
vn 0.7071 -0.0000 0.7071
vn 0.7158 -0.0000 0.6983
vn 0.7071 -0.0000 -0.7071
vn 0.7158 -0.0000 -0.6983
vn -0.0000 -0.0000 -1.0000
vn -0.7071 -0.0000 -0.7071
vn -0.6983 -0.0000 -0.7158
vn 0.6983 -0.0000 -0.7158
vn -0.0000 -0.6983 -0.7158
vn -1.0000 -0.0000 -0.0000
vn -0.7158 -0.0000 -0.6983
vn -0.7071 -0.7071 -0.0000
vn -0.7158 -0.6983 -0.0000
vn -0.7158 0.6983 -0.0000
vn -0.0000 -0.0000 1.0000
vn -0.0000 -0.7071 0.7071
vn -0.0000 -0.6983 0.7158
vn -0.0000 0.7071 0.7071
vn -0.0000 0.6983 0.7158
vn 0.6983 -0.0000 0.7158
vn -0.0000 1.0000 -0.0000
vn 0.6983 0.7158 -0.0000
vn -0.0000 0.7158 -0.6983
vn -0.0000 0.7158 0.6983
vn -0.0000 -1.0000 -0.0000
vn -0.0000 -0.7158 0.6983
vn 0.6983 -0.7158 -0.0000
vn -0.6983 -0.7158 -0.0000
vt 0.498299 0.996600
vt 0.249176 0.999914
vt 0.263204 0.985151
vt 0.483724 0.982726
vt 0.000086 0.498344
vt 0.249176 0.501657
vt 0.235110 0.516045
vt 0.014660 0.512566
vt 0.249176 0.252528
vt 0.263751 0.266403
vt 0.263204 0.486894
vt 0.747389 0.501656
vt 0.747389 0.750785
vt 0.732815 0.736562
vt 0.733323 0.516045
vt 0.498299 0.498343
vt 0.498299 0.747472
vt 0.483724 0.733597
vt 0.484271 0.513106
vt 0.498299 0.249215
vt 0.263204 0.237766
vt 0.483724 0.235340
vt 0.484271 0.762234
vt 0.263751 0.764660
vt 0.249176 0.750785
vt 0.512873 0.512566
vt 0.512365 0.733083
vt 0.484271 0.263977
vt 0.483724 0.484469
vt 0.234602 0.736562
vt 0.014153 0.733084
vt 0.000086 0.747472
vt 0.263751 0.017274
vt 0.484271 0.014849
vt 0.249176 0.003400
vt 0.498299 0.000086
vt 0.263204 0.736022
vt 0.263751 0.515531
s 1
usemtl Material.026
f 5260/5570/5129 5262/5571/5129 5270/5572/5130 5269/5573/5130
f 5266/5574/5131 5265/5575/5131 5281/5576/5132 5282/5577/5132
f 5265/5575/5131 5266/5578/5131 5275/5579/5133 5276/5580/5133
f 5264/5581/5134 5260/5582/5134 5272/5583/5135 5273/5584/5135
f 5263/5585/5136 5259/5586/5136 5288/5587/5137 5290/5588/5137
f 5264/5589/5138 5266/5578/5138 5285/5590/5139 5286/5591/5139
f 5268/5592/5140 5269/5573/5140 5270/5572/5140 5267/5593/5140
f 5261/5594/5141 5259/5586/5141 5268/5592/5142 5267/5593/5142
f 5262/5571/5143 5261/5594/5143 5267/5593/5144 5270/5572/5144
f 5259/5586/5145 5260/5570/5145 5269/5573/5146 5268/5592/5146
f 5274/5595/5147 5273/5584/5147 5272/5583/5147 5271/5596/5147
f 5263/5585/5148 5264/5581/5148 5273/5584/5149 5274/5595/5149
f 5260/5582/5145 5259/5586/5145 5271/5596/5150 5272/5583/5150
f 5259/5586/5136 5263/5585/5136 5274/5595/5151 5271/5596/5151
f 5276/5580/5152 5275/5579/5152 5278/5597/5152 5277/5598/5152
f 5264/5589/5148 5263/5585/5148 5277/5598/5153 5278/5597/5153
f 5263/5585/5154 5265/5575/5154 5276/5580/5155 5277/5598/5155
f 5266/5578/5138 5264/5589/5138 5278/5597/5156 5275/5579/5156
f 5280/5599/5157 5279/5600/5157 5282/5577/5157 5281/5576/5157
f 5265/5575/5158 5261/5594/5158 5280/5599/5159 5281/5576/5159
f 5262/5601/5160 5266/5574/5160 5282/5577/5161 5279/5600/5161
f 5261/5594/5143 5262/5601/5143 5279/5600/5162 5280/5599/5162
f 5285/5590/5163 5284/5602/5163 5283/5603/5163 5286/5591/5163
f 5262/5604/5129 5260/5605/5129 5283/5603/5164 5284/5602/5164
f 5260/5605/5134 5264/5589/5134 5286/5591/5165 5283/5603/5165
f 5266/5578/5160 5262/5604/5160 5284/5602/5166 5285/5590/5166
f 5287/5606/5167 5289/5607/5167 5290/5588/5167 5288/5587/5167
f 5261/5594/5158 5265/5575/5158 5289/5607/5168 5287/5606/5168
f 5259/5586/5141 5261/5594/5141 5287/5606/5169 5288/5587/5169
f 5265/5575/5154 5263/5585/5154 5290/5588/5170 5289/5607/5170
o StageObjectSpawn.011
v -2.500000 18.900000 -1.000000
v -2.500000 20.900000 -1.000000
v -2.500000 18.900000 1.000000
v -2.500000 20.900000 1.000000
v -4.500000 18.900000 -1.000000
v -4.500000 20.900000 -1.000000
v -4.500000 18.900000 1.000000
v -4.500000 20.900000 1.000000
v -2.420000 18.982000 0.918000
v -2.420000 18.982000 -0.918000
v -2.420000 20.817999 -0.918000
v -2.420000 20.817999 0.918000
v -2.582000 18.982000 -1.080000
v -2.582000 20.817999 -1.080000
v -4.418000 20.817999 -1.080000
v -4.418000 18.982000 -1.080000
v -4.580000 20.817999 0.918000
v -4.580000 18.982000 0.918000
v -4.580000 18.982000 -0.918000
v -4.580000 20.817999 -0.918000
v -2.582000 20.817999 1.080000
v -2.582000 18.982000 1.080000
v -4.418000 18.982000 1.080000
v -4.418000 20.817999 1.080000
v -2.582000 20.980000 -0.918000
v -2.582000 20.980000 0.918000
v -4.418000 20.980000 0.918000
v -4.418000 20.980000 -0.918000
v -2.582000 18.820000 0.918000
v -2.582000 18.820000 -0.918000
v -4.418000 18.820000 0.918000
v -4.418000 18.820000 -0.918000
vn 0.7071 0.7071 -0.0000
vn 0.7158 0.6983 -0.0000
vn -0.7071 -0.0000 0.7071
vn -0.6983 -0.0000 0.7158
vn -0.7158 -0.0000 0.6983
vn -0.0000 0.7071 -0.7071
vn -0.0000 0.6983 -0.7158
vn -0.0000 -0.7071 -0.7071
vn -0.0000 -0.7158 -0.6983
vn -0.7071 0.7071 -0.0000
vn -0.6983 0.7158 -0.0000
vn 1.0000 -0.0000 -0.0000
vn 0.7071 -0.7071 -0.0000
vn 0.7158 -0.6983 -0.0000
vn 0.7071 -0.0000 0.7071
vn 0.7158 -0.0000 0.6983
vn 0.7071 -0.0000 -0.7071
vn 0.7158 -0.0000 -0.6983
vn -0.0000 -0.0000 -1.0000
vn -0.7071 -0.0000 -0.7071
vn -0.6983 -0.0000 -0.7158
vn 0.6983 -0.0000 -0.7158
vn -0.0000 -0.6983 -0.7158
vn -1.0000 -0.0000 -0.0000
vn -0.7158 -0.0000 -0.6983
vn -0.7071 -0.7071 -0.0000
vn -0.7158 -0.6983 -0.0000
vn -0.7158 0.6983 -0.0000
vn -0.0000 -0.0000 1.0000
vn -0.0000 -0.7071 0.7071
vn -0.0000 -0.6983 0.7158
vn -0.0000 0.7071 0.7071
vn -0.0000 0.6983 0.7158
vn 0.6983 -0.0000 0.7158
vn -0.0000 1.0000 -0.0000
vn 0.6983 0.7158 -0.0000
vn -0.0000 0.7158 -0.6983
vn -0.0000 0.7158 0.6983
vn -0.0000 -1.0000 -0.0000
vn -0.0000 -0.7158 0.6983
vn 0.6983 -0.7158 -0.0000
vn -0.6983 -0.7158 -0.0000
vt 0.498299 0.996600
vt 0.249176 0.999914
vt 0.263204 0.985151
vt 0.483724 0.982726
vt 0.000086 0.498344
vt 0.249176 0.501657
vt 0.235110 0.516045
vt 0.014660 0.512566
vt 0.249176 0.252528
vt 0.263751 0.266403
vt 0.263204 0.486894
vt 0.747389 0.501656
vt 0.747389 0.750785
vt 0.732815 0.736562
vt 0.733323 0.516045
vt 0.498299 0.498343
vt 0.498299 0.747472
vt 0.483724 0.733597
vt 0.484271 0.513106
vt 0.498299 0.249215
vt 0.263204 0.237766
vt 0.483724 0.235340
vt 0.484271 0.762234
vt 0.263751 0.764660
vt 0.249176 0.750785
vt 0.512873 0.512566
vt 0.512365 0.733083
vt 0.484271 0.263977
vt 0.483724 0.484469
vt 0.234602 0.736562
vt 0.014153 0.733084
vt 0.000086 0.747472
vt 0.263751 0.017274
vt 0.484271 0.014849
vt 0.249176 0.003400
vt 0.498299 0.000086
vt 0.263204 0.736022
vt 0.263751 0.515531
s 1
usemtl Material.027
f 5292/5608/5171 5294/5609/5171 5302/5610/5172 5301/5611/5172
f 5298/5612/5173 5297/5613/5173 5313/5614/5174 5314/5615/5174
f 5297/5613/5173 5298/5616/5173 5307/5617/5175 5308/5618/5175
f 5296/5619/5176 5292/5620/5176 5304/5621/5177 5305/5622/5177
f 5295/5623/5178 5291/5624/5178 5320/5625/5179 5322/5626/5179
f 5296/5627/5180 5298/5616/5180 5317/5628/5181 5318/5629/5181
f 5300/5630/5182 5301/5611/5182 5302/5610/5182 5299/5631/5182
f 5293/5632/5183 5291/5624/5183 5300/5630/5184 5299/5631/5184
f 5294/5609/5185 5293/5632/5185 5299/5631/5186 5302/5610/5186
f 5291/5624/5187 5292/5608/5187 5301/5611/5188 5300/5630/5188
f 5306/5633/5189 5305/5622/5189 5304/5621/5189 5303/5634/5189
f 5295/5623/5190 5296/5619/5190 5305/5622/5191 5306/5633/5191
f 5292/5620/5187 5291/5624/5187 5303/5634/5192 5304/5621/5192
f 5291/5624/5178 5295/5623/5178 5306/5633/5193 5303/5634/5193
f 5308/5618/5194 5307/5617/5194 5310/5635/5194 5309/5636/5194
f 5296/5627/5190 5295/5623/5190 5309/5636/5195 5310/5635/5195
f 5295/5623/5196 5297/5613/5196 5308/5618/5197 5309/5636/5197
f 5298/5616/5180 5296/5627/5180 5310/5635/5198 5307/5617/5198
f 5312/5637/5199 5311/5638/5199 5314/5615/5199 5313/5614/5199
f 5297/5613/5200 5293/5632/5200 5312/5637/5201 5313/5614/5201
f 5294/5639/5202 5298/5612/5202 5314/5615/5203 5311/5638/5203
f 5293/5632/5185 5294/5639/5185 5311/5638/5204 5312/5637/5204
f 5317/5628/5205 5316/5640/5205 5315/5641/5205 5318/5629/5205
f 5294/5642/5171 5292/5643/5171 5315/5641/5206 5316/5640/5206
f 5292/5643/5176 5296/5627/5176 5318/5629/5207 5315/5641/5207
f 5298/5616/5202 5294/5642/5202 5316/5640/5208 5317/5628/5208
f 5319/5644/5209 5321/5645/5209 5322/5626/5209 5320/5625/5209
f 5293/5632/5200 5297/5613/5200 5321/5645/5210 5319/5644/5210
f 5291/5624/5183 5293/5632/5183 5319/5644/5211 5320/5625/5211
f 5297/5613/5196 5295/5623/5196 5322/5626/5212 5321/5645/5212
o StageObjectSpawn.012
v -4.700000 18.900000 -1.000000
v -4.700000 20.900000 -1.000000
v -4.700000 18.900000 1.000000
v -4.700000 20.900000 1.000000
v -6.700000 18.900000 -1.000000
v -6.700000 20.900000 -1.000000
v -6.700000 18.900000 1.000000
v -6.700000 20.900000 1.000000
v -4.620000 18.982000 0.918000
v -4.620000 18.982000 -0.918000
v -4.620000 20.817999 -0.918000
v -4.620000 20.817999 0.918000
v -4.782000 18.982000 -1.080000
v -4.782000 20.817999 -1.080000
v -6.618000 20.817999 -1.080000
v -6.618000 18.982000 -1.080000
v -6.780001 20.817999 0.918000
v -6.780001 18.982000 0.918000
v -6.780000 18.982000 -0.918000
v -6.780000 20.817999 -0.918000
v -4.782001 20.817999 1.080000
v -4.782001 18.982000 1.080000
v -6.618001 18.982000 1.080000
v -6.618001 20.817999 1.080000
v -4.782000 20.980000 -0.918000
v -4.782001 20.980000 0.918000
v -6.618001 20.980000 0.918000
v -6.618000 20.980000 -0.918000
v -4.782001 18.820000 0.918000
v -4.782000 18.820000 -0.918000
v -6.618001 18.820000 0.918000
v -6.618000 18.820000 -0.918000
vn 0.7071 0.7071 -0.0000
vn 0.7158 0.6983 -0.0000
vn -0.7071 -0.0000 0.7071
vn -0.6983 -0.0000 0.7158
vn -0.7158 -0.0000 0.6983
vn -0.0000 0.7071 -0.7071
vn -0.0000 0.6983 -0.7158
vn -0.0000 -0.7071 -0.7071
vn -0.0000 -0.7158 -0.6983
vn -0.7071 0.7071 -0.0000
vn -0.6983 0.7158 -0.0000
vn 1.0000 -0.0000 -0.0000
vn 0.7071 -0.7071 -0.0000
vn 0.7158 -0.6983 -0.0000
vn 0.7071 -0.0000 0.7071
vn 0.7158 -0.0000 0.6983
vn 0.7071 -0.0000 -0.7071
vn 0.7158 -0.0000 -0.6983
vn -0.0000 -0.0000 -1.0000
vn -0.7071 -0.0000 -0.7071
vn -0.6983 -0.0000 -0.7158
vn 0.6983 -0.0000 -0.7158
vn -0.0000 -0.6983 -0.7158
vn -1.0000 -0.0000 -0.0000
vn -0.7158 -0.0000 -0.6983
vn -0.7071 -0.7071 -0.0000
vn -0.7158 -0.6983 -0.0000
vn -0.7158 0.6983 -0.0000
vn -0.0000 -0.0000 1.0000
vn -0.0000 -0.7071 0.7071
vn -0.0000 -0.6983 0.7158
vn -0.0000 0.7071 0.7071
vn -0.0000 0.6983 0.7158
vn 0.6983 -0.0000 0.7158
vn -0.0000 1.0000 -0.0000
vn 0.6983 0.7158 -0.0000
vn -0.0000 0.7158 -0.6983
vn -0.0000 0.7158 0.6983
vn -0.0000 -1.0000 -0.0000
vn -0.0000 -0.7158 0.6983
vn 0.6983 -0.7158 -0.0000
vn -0.6983 -0.7158 -0.0000
vt 0.498299 0.996600
vt 0.249176 0.999914
vt 0.263204 0.985151
vt 0.483724 0.982726
vt 0.000086 0.498344
vt 0.249176 0.501657
vt 0.235110 0.516045
vt 0.014660 0.512566
vt 0.249176 0.252528
vt 0.263751 0.266403
vt 0.263204 0.486894
vt 0.747389 0.501656
vt 0.747389 0.750785
vt 0.732815 0.736562
vt 0.733323 0.516045
vt 0.498299 0.498343
vt 0.498299 0.747472
vt 0.483724 0.733597
vt 0.484271 0.513106
vt 0.498299 0.249215
vt 0.263204 0.237766
vt 0.483724 0.235340
vt 0.484271 0.762234
vt 0.263751 0.764660
vt 0.249176 0.750785
vt 0.512873 0.512566
vt 0.512365 0.733083
vt 0.484271 0.263977
vt 0.483724 0.484469
vt 0.234602 0.736562
vt 0.014153 0.733084
vt 0.000086 0.747472
vt 0.263751 0.017274
vt 0.484271 0.014849
vt 0.249176 0.003400
vt 0.498299 0.000086
vt 0.263204 0.736022
vt 0.263751 0.515531
s 1
usemtl Material.028
f 5324/5646/5213 5326/5647/5213 5334/5648/5214 5333/5649/5214
f 5330/5650/5215 5329/5651/5215 5345/5652/5216 5346/5653/5216
f 5329/5651/5215 5330/5654/5215 5339/5655/5217 5340/5656/5217
f 5328/5657/5218 5324/5658/5218 5336/5659/5219 5337/5660/5219
f 5327/5661/5220 5323/5662/5220 5352/5663/5221 5354/5664/5221
f 5328/5665/5222 5330/5654/5222 5349/5666/5223 5350/5667/5223
f 5332/5668/5224 5333/5649/5224 5334/5648/5224 5331/5669/5224
f 5325/5670/5225 5323/5662/5225 5332/5668/5226 5331/5669/5226
f 5326/5647/5227 5325/5670/5227 5331/5669/5228 5334/5648/5228
f 5323/5662/5229 5324/5646/5229 5333/5649/5230 5332/5668/5230
f 5338/5671/5231 5337/5660/5231 5336/5659/5231 5335/5672/5231
f 5327/5661/5232 5328/5657/5232 5337/5660/5233 5338/5671/5233
f 5324/5658/5229 5323/5662/5229 5335/5672/5234 5336/5659/5234
f 5323/5662/5220 5327/5661/5220 5338/5671/5235 5335/5672/5235
f 5340/5656/5236 5339/5655/5236 5342/5673/5236 5341/5674/5236
f 5328/5665/5232 5327/5661/5232 5341/5674/5237 5342/5673/5237
f 5327/5661/5238 5329/5651/5238 5340/5656/5239 5341/5674/5239
f 5330/5654/5222 5328/5665/5222 5342/5673/5240 5339/5655/5240
f 5344/5675/5241 5343/5676/5241 5346/5653/5241 5345/5652/5241
f 5329/5651/5242 5325/5670/5242 5344/5675/5243 5345/5652/5243
f 5326/5677/5244 5330/5650/5244 5346/5653/5245 5343/5676/5245
f 5325/5670/5227 5326/5677/5227 5343/5676/5246 5344/5675/5246
f 5349/5666/5247 5348/5678/5247 5347/5679/5247 5350/5667/5247
f 5326/5680/5213 5324/5681/5213 5347/5679/5248 5348/5678/5248
f 5324/5681/5218 5328/5665/5218 5350/5667/5249 5347/5679/5249
f 5330/5654/5244 5326/5680/5244 5348/5678/5250 5349/5666/5250
f 5351/5682/5251 5353/5683/5251 5354/5664/5251 5352/5663/5251
f 5325/5670/5242 5329/5651/5242 5353/5683/5252 5351/5682/5252
f 5323/5662/5225 5325/5670/5225 5351/5682/5253 5352/5663/5253
f 5329/5651/5238 5327/5661/5238 5354/5664/5254 5353/5683/5254
o ground.009
v 13.800001 17.000000 -9.500000
v 13.800001 21.000000 -9.500000
v 13.800001 17.000000 9.500000
v 13.800001 21.000000 9.500000
v 8.199999 17.000000 -9.500000
v 8.199999 21.000000 -9.500000
v 8.199999 17.000000 9.500000
v 8.199999 21.000000 9.500000
vn 1.0000 -0.0000 -0.0000
vn -0.0000 -0.0000 1.0000
vn -1.0000 -0.0000 -0.0000
vn -0.0000 -0.0000 -1.0000
vn -0.0000 -1.0000 -0.0000
vn -0.0000 1.0000 -0.0000
vt 0.375000 0.000000
vt 0.625000 0.000000
vt 0.625000 0.250000
vt 0.375000 0.250000
vt 0.625000 0.500000
vt 0.375000 0.500000
vt 0.625000 0.750000
vt 0.375000 0.750000
vt 0.625000 1.000000
vt 0.375000 1.000000
vt 0.125000 0.500000
vt 0.125000 0.750000
vt 0.875000 0.500000
vt 0.875000 0.750000
s 0
f 5355/5684/5255 5356/5685/5255 5358/5686/5255 5357/5687/5255
f 5357/5687/5256 5358/5686/5256 5362/5688/5256 5361/5689/5256
f 5361/5689/5257 5362/5688/5257 5360/5690/5257 5359/5691/5257
f 5359/5691/5258 5360/5690/5258 5356/5692/5258 5355/5693/5258
f 5357/5694/5259 5361/5689/5259 5359/5691/5259 5355/5695/5259
f 5362/5688/5260 5358/5696/5260 5356/5697/5260 5360/5690/5260
o StageObjectSpawn.013
v -9.000000 28.057886 1.375035
v -9.000000 27.375034 2.057886
v -9.000000 26.482851 2.427444
v -9.000000 26.000000 2.475000
v -9.000000 25.517151 2.427444
v -9.000000 24.624966 2.057886
v -9.094200 28.427444 0.473571
v -9.184779 28.286602 0.928944
v -9.268257 28.057886 1.348614
v -9.341424 27.750090 1.716462
v -9.401475 27.375034 2.018346
v -9.446095 26.947142 2.242665
v -9.473571 26.482851 2.380800
v -9.482850 26.000000 2.427444
v -9.473571 25.517151 2.380800
v -9.446095 25.052858 2.242665
v -9.401475 24.624966 2.018346
v -9.341424 24.249910 1.716462
v -9.268257 23.942114 1.348614
v -9.184779 23.713398 0.928944
v -9.094200 23.572556 0.473571
v -9.184779 28.427444 0.446094
v -9.362454 28.286602 0.875046
v -9.526203 28.057886 1.270368
v -9.669729 27.750090 1.616871
v -9.787519 27.375034 1.901241
v -9.875046 26.947142 2.112543
v -9.928941 26.482851 2.242665
v -9.947143 26.000000 2.286603
v -9.928941 25.517151 2.242665
v -9.875046 25.052858 2.112543
v -9.787519 24.624966 1.901241
v -9.669729 24.249910 1.616871
v -9.526203 23.942114 1.270368
v -9.362454 23.713398 0.875046
v -9.184779 23.572556 0.446094
v -9.268257 28.427444 0.401475
v -9.526203 28.286602 0.787518
v -9.763929 28.057886 1.143300
v -9.972297 27.750090 1.455147
v -10.143300 27.375034 1.711071
v -10.270369 26.947142 1.901241
v -10.348614 26.482851 2.018346
v -10.375035 26.000000 2.057886
v -10.348614 25.517151 2.018346
v -10.270369 25.052858 1.901241
v -10.143300 24.624966 1.711071
v -9.972297 24.249910 1.455147
v -9.763929 23.942114 1.143300
v -9.526203 23.713398 0.787518
v -9.268257 23.572556 0.401475
v -9.341424 28.427444 0.341424
v -9.669729 28.286602 0.669729
v -9.972297 28.057886 0.972297
v -10.237500 27.750090 1.237500
v -10.455147 27.375034 1.455147
v -10.616871 26.947142 1.616871
v -10.716462 26.482851 1.716462
v -10.750090 26.000000 1.750089
v -10.716462 25.517151 1.716462
v -10.616871 25.052858 1.616871
v -10.455147 24.624966 1.455147
v -10.237500 24.249910 1.237500
v -9.972297 23.942114 0.972297
v -9.669729 23.713398 0.669729
v -9.341424 23.572556 0.341424
v -9.401475 28.427444 0.268257
v -9.787519 28.286602 0.526203
v -10.143300 28.057886 0.763929
v -10.455147 27.750090 0.972297
v -10.711071 27.375034 1.143300
v -10.901241 26.947142 1.270368
v -11.018347 26.482851 1.348614
v -11.057886 26.000000 1.375035
v -11.018347 25.517151 1.348614
v -10.901241 25.052858 1.270368
v -10.711071 24.624966 1.143300
v -10.455147 24.249910 0.972297
v -10.143300 23.942114 0.763929
v -9.787519 23.713398 0.526203
v -9.401475 23.572556 0.268257
v -9.000000 28.475000 -0.000000
v -9.446094 28.427444 0.184779
v -9.875046 28.286602 0.362454
v -10.270369 28.057886 0.526203
v -10.616871 27.750090 0.669729
v -10.901241 27.375034 0.787518
v -11.112543 26.947142 0.875046
v -11.242665 26.482851 0.928941
v -11.286600 26.000000 0.947142
v -11.242665 25.517151 0.928941
v -11.112543 25.052858 0.875046
v -10.901241 24.624966 0.787518
v -10.616871 24.249910 0.669729
v -10.270369 23.942114 0.526203
v -9.875046 23.713398 0.362454
v -9.446094 23.572556 0.184779
v -9.473571 28.427444 0.094200
v -9.928941 28.286602 0.184779
v -10.348614 28.057886 0.268257
v -10.716462 27.750090 0.341427
v -11.018346 27.375034 0.401475
v -11.242665 26.947142 0.446094
v -11.380800 26.482849 0.473571
v -11.427444 26.000000 0.482847
v -11.380800 25.517151 0.473571
v -11.242665 25.052858 0.446094
v -11.018346 24.624966 0.401475
v -10.716462 24.249910 0.341427
v -10.348614 23.942114 0.268257
v -9.928941 23.713398 0.184779
v -9.473571 23.572556 0.094200
v -9.482847 28.427444 -0.000000
v -9.947142 28.286602 -0.000000
v -10.375035 28.057886 -0.000000
v -10.750089 27.750090 -0.000000
v -11.057886 27.375034 -0.000000
v -11.286603 26.947142 -0.000000
v -11.427444 26.482849 -0.000000
v -11.475000 26.000000 -0.000000
v -11.427444 25.517151 -0.000000
v -11.286603 25.052858 -0.000000
v -11.057886 24.624966 -0.000000
v -10.750089 24.249910 -0.000000
v -10.375035 23.942114 0.000000
v -9.947142 23.713398 0.000000
v -9.482847 23.572556 0.000000
v -9.473571 28.427444 -0.094200
v -9.928941 28.286602 -0.184779
v -10.348614 28.057886 -0.268257
v -10.716462 27.750090 -0.341424
v -11.018346 27.375034 -0.401475
v -11.242665 26.947142 -0.446094
v -11.380800 26.482849 -0.473571
v -11.427444 26.000000 -0.482850
v -11.380800 25.517151 -0.473571
v -11.242665 25.052858 -0.446094
v -11.018346 24.624966 -0.401475
v -10.716462 24.249910 -0.341424
v -10.348614 23.942114 -0.268257
v -9.928941 23.713398 -0.184779
v -9.473571 23.572556 -0.094200
v -9.446094 28.427444 -0.184779
v -9.875046 28.286602 -0.362454
v -10.270368 28.057886 -0.526203
v -10.616871 27.750090 -0.669729
v -10.901238 27.375034 -0.787518
v -11.112543 26.947142 -0.875043
v -11.242665 26.482849 -0.928944
v -11.286600 26.000000 -0.947142
v -11.242665 25.517149 -0.928944
v -11.112543 25.052858 -0.875043
v -10.901238 24.624966 -0.787518
v -10.616871 24.249910 -0.669729
v -10.270368 23.942114 -0.526203
v -9.875046 23.713398 -0.362454
v -9.446094 23.572556 -0.184779
v -9.401475 28.427444 -0.268257
v -9.787518 28.286602 -0.526203
v -10.143300 28.057886 -0.763929
v -10.455147 27.750090 -0.972297
v -10.711071 27.375034 -1.143300
v -10.901241 26.947142 -1.270368
v -11.018346 26.482849 -1.348614
v -11.057886 26.000000 -1.375035
v -11.018346 25.517149 -1.348614
v -10.901241 25.052858 -1.270368
v -10.711071 24.624966 -1.143300
v -10.455147 24.249910 -0.972297
v -10.143300 23.942114 -0.763929
v -9.787518 23.713398 -0.526203
v -9.401475 23.572556 -0.268257
v -9.341424 28.427444 -0.341424
v -9.669729 28.286602 -0.669729
v -9.972297 28.057886 -0.972297
v -10.237500 27.750090 -1.237500
v -10.455144 27.375034 -1.455147
v -10.616871 26.947142 -1.616871
v -10.716462 26.482849 -1.716462
v -10.750089 26.000000 -1.750089
v -10.716462 25.517149 -1.716462
v -10.616871 25.052858 -1.616871
v -10.455144 24.624966 -1.455147
v -10.237500 24.249910 -1.237500
v -9.972297 23.942114 -0.972297
v -9.669729 23.713398 -0.669729
v -9.341424 23.572556 -0.341424
v -9.268257 28.427444 -0.401475
v -9.526203 28.286602 -0.787518
v -9.763929 28.057886 -1.143300
v -9.972297 27.750090 -1.455147
v -10.143300 27.375034 -1.711071
v -10.270368 26.947142 -1.901241
v -10.348614 26.482849 -2.018346
v -10.375034 26.000000 -2.057886
v -10.348614 25.517149 -2.018346
v -10.270368 25.052858 -1.901241
v -10.143300 24.624966 -1.711071
v -9.972297 24.249910 -1.455147
v -9.763929 23.942114 -1.143300
v -9.526203 23.713398 -0.787518
v -9.268257 23.572556 -0.401475
v -9.184779 28.427444 -0.446094
v -9.362453 28.286602 -0.875043
v -9.526203 28.057886 -1.270368
v -9.669729 27.750090 -1.616871
v -9.787518 27.375034 -1.901238
v -9.875046 26.947142 -2.112543
v -9.928941 26.482849 -2.242665
v -9.947139 26.000000 -2.286600
v -9.928941 25.517149 -2.242665
v -9.875046 25.052858 -2.112543
v -9.787518 24.624966 -1.901238
v -9.669729 24.249910 -1.616871
v -9.526203 23.942114 -1.270368
v -9.362453 23.713398 -0.875043
v -9.184779 23.572556 -0.446094
v -9.094200 28.427444 -0.473571
v -9.184779 28.286602 -0.928941
v -9.268257 28.057886 -1.348614
v -9.341424 27.750090 -1.716462
v -9.401472 27.375034 -2.018346
v -9.446094 26.947142 -2.242665
v -9.473571 26.482849 -2.380800
v -9.482847 26.000000 -2.427441
v -9.473571 25.517149 -2.380800
v -9.446094 25.052858 -2.242665
v -9.401472 24.624966 -2.018346
v -9.341424 24.249910 -1.716462
v -9.268257 23.942114 -1.348614
v -9.184779 23.713398 -0.928941
v -9.094200 23.572556 -0.473571
v -9.000000 28.427444 -0.482847
v -9.000000 28.286602 -0.947142
v -9.000000 28.057886 -1.375035
v -9.000000 27.750090 -1.750089
v -9.000000 27.375034 -2.057886
v -9.000000 26.947142 -2.286600
v -9.000000 26.482849 -2.427444
v -9.000000 26.000000 -2.474997
v -9.000000 25.517149 -2.427444
v -9.000000 25.052858 -2.286600
v -9.000000 24.624966 -2.057886
v -9.000000 24.249910 -1.750089
v -9.000000 23.942114 -1.375035
v -9.000000 23.713398 -0.947142
v -9.000000 23.572556 -0.482847
v -8.905800 28.427444 -0.473571
v -8.815221 28.286602 -0.928941
v -8.731743 28.057886 -1.348614
v -8.658576 27.750090 -1.716462
v -8.598525 27.375034 -2.018346
v -8.553905 26.947142 -2.242665
v -8.526429 26.482849 -2.380800
v -8.517150 26.000000 -2.427441
v -8.526429 25.517149 -2.380800
v -8.553905 25.052858 -2.242665
v -8.598525 24.624966 -2.018346
v -8.658576 24.249910 -1.716462
v -8.731743 23.942114 -1.348614
v -8.815221 23.713398 -0.928941
v -8.905800 23.572556 -0.473571
v -8.815221 28.427444 -0.446094
v -8.637546 28.286602 -0.875043
v -8.473797 28.057886 -1.270368
v -8.330271 27.750090 -1.616871
v -8.212481 27.375034 -1.901238
v -8.124957 26.947142 -2.112543
v -8.071059 26.482849 -2.242665
v -8.052857 26.000000 -2.286600
v -8.071059 25.517149 -2.242665
v -8.124957 25.052858 -2.112543
v -8.212481 24.624966 -1.901238
v -8.330271 24.249910 -1.616871
v -8.473797 23.942114 -1.270368
v -8.637546 23.713398 -0.875043
v -8.815221 23.572556 -0.446094
v -8.731743 28.427444 -0.401475
v -8.473797 28.286602 -0.787518
v -8.236071 28.057886 -1.143300
v -8.027703 27.750090 -1.455147
v -7.856700 27.375034 -1.711071
v -7.729632 26.947142 -1.901238
v -7.651386 26.482849 -2.018346
v -7.624965 26.000000 -2.057886
v -7.651386 25.517149 -2.018346
v -7.729632 25.052858 -1.901238
v -7.856700 24.624966 -1.711071
v -8.027703 24.249910 -1.455147
v -8.236071 23.942114 -1.143300
v -8.473797 23.713398 -0.787518
v -8.731743 23.572556 -0.401475
v -8.658576 28.427444 -0.341424
v -8.330271 28.286602 -0.669729
v -8.027703 28.057886 -0.972297
v -7.762500 27.750090 -1.237500
v -7.544853 27.375034 -1.455144
v -7.383129 26.947142 -1.616871
v -7.283538 26.482849 -1.716462
v -7.249911 26.000000 -1.750086
v -7.283538 25.517149 -1.716462
v -7.383129 25.052858 -1.616871
v -7.544853 24.624966 -1.455144
v -7.762500 24.249910 -1.237500
v -8.027703 23.942114 -0.972297
v -8.330271 23.713398 -0.669729
v -8.658576 23.572556 -0.341424
v -9.000000 23.525000 0.000000
v -8.598525 28.427444 -0.268257
v -8.212481 28.286602 -0.526203
v -7.856700 28.057886 -0.763929
v -7.544853 27.750090 -0.972297
v -7.288929 27.375034 -1.143300
v -7.098762 26.947142 -1.270368
v -6.981654 26.482849 -1.348614
v -6.942114 26.000000 -1.375035
v -6.981654 25.517149 -1.348614
v -7.098762 25.052858 -1.270368
v -7.288929 24.624966 -1.143300
v -7.544853 24.249910 -0.972297
v -7.856700 23.942114 -0.763929
v -8.212481 23.713398 -0.526203
v -8.598525 23.572556 -0.268257
v -8.553906 28.427444 -0.184779
v -8.124957 28.286602 -0.362454
v -7.729632 28.057886 -0.526203
v -7.383129 27.750090 -0.669729
v -7.098762 27.375034 -0.787518
v -6.887457 26.947142 -0.875043
v -6.757335 26.482849 -0.928941
v -6.713400 26.000000 -0.947139
v -6.757335 25.517149 -0.928941
v -6.887457 25.052858 -0.875043
v -7.098762 24.624966 -0.787518
v -7.383129 24.249910 -0.669729
v -7.729632 23.942114 -0.526203
v -8.124957 23.713398 -0.362454
v -8.553906 23.572556 -0.184779
v -8.526429 28.427444 -0.094200
v -8.071059 28.286602 -0.184779
v -7.651386 28.057886 -0.268257
v -7.283538 27.750090 -0.341424
v -6.981654 27.375034 -0.401472
v -6.757335 26.947142 -0.446094
v -6.619200 26.482849 -0.473571
v -6.572559 26.000000 -0.482847
v -6.619200 25.517151 -0.473571
v -6.757335 25.052858 -0.446094
v -6.981654 24.624966 -0.401472
v -7.283538 24.249910 -0.341424
v -7.651386 23.942114 -0.268257
v -8.071059 23.713398 -0.184779
v -8.526429 23.572556 -0.094200
v -8.517153 28.427444 -0.000000
v -8.052858 28.286602 -0.000000
v -7.624965 28.057886 -0.000000
v -7.249911 27.750090 0.000000
v -6.942114 27.375034 0.000000
v -6.713400 26.947142 0.000000
v -6.572559 26.482849 0.000000
v -6.525003 26.000000 0.000000
v -6.572559 25.517151 0.000000
v -6.713400 25.052858 0.000000
v -6.942114 24.624966 0.000000
v -7.249911 24.249910 0.000000
v -7.624965 23.942114 0.000000
v -8.052858 23.713398 0.000000
v -8.517153 23.572556 0.000000
v -8.526429 28.427444 0.094200
v -8.071059 28.286602 0.184779
v -7.651386 28.057886 0.268257
v -7.283538 27.750090 0.341424
v -6.981657 27.375034 0.401475
v -6.757335 26.947142 0.446094
v -6.619200 26.482849 0.473571
v -6.572559 26.000000 0.482850
v -6.619200 25.517151 0.473571
v -6.757335 25.052858 0.446094
v -6.981657 24.624966 0.401475
v -7.283538 24.249910 0.341424
v -7.651386 23.942114 0.268257
v -8.071059 23.713398 0.184779
v -8.526429 23.572556 0.094200
v -8.553906 28.427444 0.184779
v -8.124957 28.286602 0.362454
v -7.729632 28.057886 0.526203
v -7.383129 27.750090 0.669729
v -7.098762 27.375034 0.787518
v -6.887457 26.947142 0.875043
v -6.757335 26.482851 0.928944
v -6.713400 26.000000 0.947142
v -6.757335 25.517151 0.928944
v -6.887457 25.052858 0.875043
v -7.098762 24.624966 0.787518
v -7.383129 24.249910 0.669729
v -7.729632 23.942114 0.526203
v -8.124957 23.713398 0.362454
v -8.553906 23.572556 0.184779
v -8.598528 28.427444 0.268257
v -8.212482 28.286602 0.526203
v -7.856700 28.057886 0.763929
v -7.544853 27.750090 0.972297
v -7.288932 27.375034 1.143300
v -7.098762 26.947142 1.270368
v -6.981657 26.482851 1.348614
v -6.942117 26.000000 1.375035
v -6.981657 25.517151 1.348614
v -7.098762 25.052858 1.270368
v -7.288932 24.624966 1.143300
v -7.544853 24.249910 0.972297
v -7.856700 23.942114 0.763929
v -8.212482 23.713398 0.526203
v -8.598528 23.572556 0.268257
v -8.658576 28.427444 0.341424
v -8.330271 28.286602 0.669729
v -8.027703 28.057886 0.972297
v -7.762500 27.750090 1.237500
v -7.544856 27.375034 1.455144
v -7.383129 26.947142 1.616871
v -7.283541 26.482851 1.716462
v -7.249914 26.000000 1.750089
v -7.283541 25.517151 1.716462
v -7.383129 25.052858 1.616871
v -7.544856 24.624966 1.455144
v -7.762500 24.249910 1.237500
v -8.027703 23.942114 0.972297
v -8.330271 23.713398 0.669729
v -8.658576 23.572556 0.341424
v -8.731743 28.427444 0.401472
v -8.473797 28.286602 0.787518
v -8.236071 28.057886 1.143300
v -8.027703 27.750090 1.455147
v -7.856700 27.375034 1.711071
v -7.729632 26.947142 1.901238
v -7.651386 26.482851 2.018346
v -7.624965 26.000000 2.057886
v -7.651386 25.517151 2.018346
v -7.729632 25.052858 1.901238
v -7.856700 24.624966 1.711071
v -8.027703 24.249910 1.455147
v -8.236071 23.942114 1.143300
v -8.473797 23.713398 0.787518
v -8.731743 23.572556 0.401472
v -8.815221 28.427444 0.446094
v -8.637547 28.286602 0.875043
v -8.473797 28.057886 1.270368
v -8.330271 27.750090 1.616871
v -8.212482 27.375034 1.901238
v -8.124957 26.947142 2.112543
v -8.071059 26.482851 2.242665
v -8.052861 26.000000 2.286600
v -8.071059 25.517151 2.242665
v -8.124957 25.052858 2.112543
v -8.212482 24.624966 1.901238
v -8.330271 24.249910 1.616871
v -8.473797 23.942114 1.270368
v -8.637547 23.713398 0.875043
v -8.815221 23.572556 0.446094
v -8.905800 28.427444 0.473571
v -8.815221 28.286602 0.928941
v -8.731746 28.057886 1.348614
v -8.658576 27.750090 1.716462
v -8.598528 27.375034 2.018343
v -8.553906 26.947142 2.242665
v -8.526429 26.482851 2.380800
v -8.517153 26.000000 2.427441
v -8.526429 25.517151 2.380800
v -8.553906 25.052858 2.242665
v -8.598528 24.624966 2.018343
v -8.658576 24.249910 1.716462
v -8.731746 23.942114 1.348614
v -8.815221 23.713398 0.928941
v -8.905800 23.572556 0.473571
v -9.000000 28.427444 0.482847
v -9.000000 28.286602 0.947142
v -9.000000 27.750090 1.750089
v -9.000000 26.947142 2.286600
v -9.000000 25.052858 2.286600
v -9.000000 24.249910 1.750089
v -9.000000 23.942114 1.375035
v -9.000000 23.713398 0.947142
v -9.000000 23.572556 0.482847
v -6.723000 23.723000 -0.074250
v -11.277000 23.723000 -0.074250
v -6.723000 28.277000 -0.074250
v -11.277000 28.277000 -0.074250
v -7.020000 23.723000 -0.074250
v -8.010000 23.723000 -0.074250
v -9.000000 23.030001 -0.074250
v -9.990000 23.723000 -0.074250
v -10.980000 23.723000 -0.074250
v -10.980000 28.277000 -0.074250
v -9.990000 28.277000 -0.074250
v -9.000000 28.969999 -0.074250
v -8.010000 28.277000 -0.074250
v -7.020000 28.277000 -0.074250
v -6.723000 27.980000 -0.074250
v -6.723000 26.990000 -0.074250
v -6.030000 26.000000 -0.074250
v -6.723000 25.010000 -0.074250
v -6.723000 24.020000 -0.074250
v -11.277000 24.020000 -0.074250
v -11.277000 25.010000 -0.074250
v -11.970000 26.000000 -0.074250
v -11.277000 26.990000 -0.074250
v -11.277000 27.980000 -0.074250
v -7.020000 24.020000 -0.371250
v -7.020000 25.010000 -0.371250
v -7.020000 26.000000 -0.371250
v -7.020000 26.990000 -0.371250
v -7.020000 27.980000 -0.371250
v -8.010000 24.020000 -0.371250
v -8.010000 27.980000 -0.371250
v -9.000000 24.020000 -0.371250
v -9.000000 27.980000 -0.371250
v -9.990000 24.020000 -0.371250
v -9.990000 27.980000 -0.371250
v -10.980000 24.020000 -0.371250
v -10.980000 25.010000 -0.371250
v -10.980000 26.000000 -0.371250
v -10.980000 26.990000 -0.371250
v -10.980000 27.980000 -0.371250
v -6.723000 23.723000 0.074250
v -11.277000 23.723000 0.074250
v -6.723000 28.277000 0.074250
v -11.277000 28.277000 0.074250
v -7.020000 23.723000 0.074250
v -8.010000 23.723000 0.074250
v -9.000000 23.030001 0.074250
v -9.990000 23.723000 0.074250
v -10.980000 23.723000 0.074250
v -10.980000 28.277000 0.074250
v -9.990000 28.277000 0.074250
v -9.000000 28.969999 0.074250
v -8.010000 28.277000 0.074250
v -7.020000 28.277000 0.074250
v -6.723000 27.980000 0.074250
v -6.723000 26.990000 0.074250
v -6.030000 26.000000 0.074250
v -6.723000 25.010000 0.074250
v -6.723000 24.020000 0.074250
v -11.277000 24.020000 0.074250
v -11.277000 25.010000 0.074250
v -11.970000 26.000000 0.074250
v -11.277000 26.990000 0.074250
v -11.277000 27.980000 0.074250
v -7.020000 24.020000 0.371250
v -7.020000 25.010000 0.371250
v -7.020000 26.000000 0.371250
v -7.020000 26.990000 0.371250
v -7.020000 27.980000 0.371250
v -8.010000 24.020000 0.371250
v -8.010000 27.980000 0.371250
v -9.000000 24.020000 0.371250
v -9.000000 27.980000 0.371250
v -9.990000 24.020000 0.371250
v -9.990000 27.980000 0.371250
v -10.980000 24.020000 0.371250
v -10.980000 25.010000 0.371250
v -10.980000 26.000000 0.371250
v -10.980000 26.990000 0.371250
v -10.980000 27.980000 0.371250
vn -0.0624 0.7715 0.6332
vn -0.0759 -0.6326 0.7708
vn -0.0759 0.6326 0.7708
vn -0.0624 -0.7715 0.6332
vn -0.0865 0.4696 0.8786
vn -0.0464 -0.8810 0.4709
vn -0.0938 0.2890 0.9527
vn -0.0286 -0.9566 0.2902
vn -0.0976 0.0976 0.9904
vn -0.0097 0.9951 0.0980
vn -0.0097 -0.9951 0.0980
vn -0.0976 -0.0976 0.9904
vn -0.0286 0.9566 0.2902
vn -0.0938 -0.2890 0.9527
vn -0.0464 0.8810 0.4709
vn -0.0865 -0.4696 0.8786
vn -0.2779 -0.2890 0.9161
vn -0.1374 0.8810 0.4528
vn -0.2563 -0.4696 0.8448
vn -0.1847 0.7715 0.6088
vn -0.2248 -0.6326 0.7412
vn -0.2248 0.6326 0.7412
vn -0.1847 -0.7715 0.6088
vn -0.2563 0.4696 0.8448
vn -0.1374 -0.8810 0.4528
vn -0.2779 0.2890 0.9161
vn -0.0846 -0.9566 0.2790
vn -0.2889 0.0976 0.9524
vn -0.0286 0.9951 0.0942
vn -0.0286 -0.9951 0.0942
vn -0.2889 -0.0976 0.9524
vn -0.0846 0.9566 0.2790
vn -0.2231 -0.8810 0.4173
vn -0.4513 0.2890 0.8443
vn -0.1374 -0.9565 0.2571
vn -0.4692 0.0976 0.8777
vn -0.0464 0.9951 0.0869
vn -0.0464 -0.9951 0.0869
vn -0.4692 -0.0976 0.8777
vn -0.1374 0.9565 0.2571
vn -0.4513 -0.2890 0.8443
vn -0.2231 0.8810 0.4173
vn -0.4162 -0.4696 0.7786
vn -0.2999 0.7715 0.5611
vn -0.3651 -0.6326 0.6831
vn -0.3651 0.6326 0.6831
vn -0.2999 -0.7715 0.5611
vn -0.4162 0.4696 0.7786
vn -0.5601 -0.4696 0.6825
vn -0.4036 0.7715 0.4918
vn -0.4913 -0.6326 0.5987
vn -0.4913 0.6326 0.5987
vn -0.4036 -0.7715 0.4918
vn -0.5601 0.4696 0.6825
vn -0.3002 -0.8810 0.3658
vn -0.6073 0.2890 0.7400
vn -0.1850 -0.9565 0.2254
vn -0.6314 0.0975 0.7693
vn -0.0625 0.9951 0.0761
vn -0.0625 -0.9951 0.0761
vn -0.6314 -0.0975 0.7693
vn -0.1850 0.9565 0.2254
vn -0.6073 -0.2890 0.7400
vn -0.3002 0.8810 0.3658
vn -0.2254 -0.9565 0.1850
vn -0.7693 0.0975 0.6314
vn -0.0761 0.9951 0.0625
vn -0.0761 -0.9951 0.0625
vn -0.7693 -0.0975 0.6314
vn -0.2254 0.9565 0.1850
vn -0.7400 -0.2890 0.6073
vn -0.3658 0.8810 0.3002
vn -0.6825 -0.4696 0.5601
vn -0.4918 0.7715 0.4036
vn -0.5987 -0.6326 0.4913
vn -0.5987 0.6326 0.4913
vn -0.4918 -0.7715 0.4036
vn -0.6825 0.4696 0.5601
vn -0.3658 -0.8810 0.3002
vn -0.7400 0.2890 0.6073
vn -0.5611 0.7715 0.2999
vn -0.6831 -0.6326 0.3651
vn -0.6831 0.6326 0.3651
vn -0.5611 -0.7715 0.2999
vn -0.7786 0.4696 0.4162
vn -0.4173 -0.8810 0.2231
vn -0.8443 0.2890 0.4513
vn -0.2571 -0.9565 0.1374
vn -0.8777 0.0975 0.4691
vn -0.0869 0.9951 0.0464
vn -0.0869 -0.9951 0.0464
vn -0.8777 -0.0975 0.4691
vn -0.2571 0.9565 0.1374
vn -0.8443 -0.2890 0.4513
vn -0.4173 0.8810 0.2231
vn -0.7786 -0.4696 0.4162
vn -0.9524 0.0975 0.2889
vn -0.0942 0.9951 0.0286
vn -0.0942 -0.9951 0.0286
vn -0.9524 -0.0975 0.2889
vn -0.2790 0.9565 0.0846
vn -0.9161 -0.2890 0.2779
vn -0.4528 0.8810 0.1374
vn -0.8448 -0.4696 0.2563
vn -0.6088 0.7715 0.1847
vn -0.7412 -0.6326 0.2248
vn -0.7412 0.6326 0.2248
vn -0.6088 -0.7715 0.1847
vn -0.8448 0.4696 0.2563
vn -0.4528 -0.8810 0.1374
vn -0.9161 0.2890 0.2779
vn -0.2790 -0.9565 0.0846
vn -0.7708 -0.6326 0.0759
vn -0.7708 0.6326 0.0759
vn -0.6332 -0.7715 0.0624
vn -0.8786 0.4696 0.0865
vn -0.4709 -0.8810 0.0464
vn -0.9527 0.2890 0.0938
vn -0.2902 -0.9565 0.0286
vn -0.9904 0.0976 0.0976
vn -0.0980 0.9951 0.0097
vn -0.0980 -0.9951 0.0097
vn -0.9904 -0.0976 0.0976
vn -0.2902 0.9565 0.0286
vn -0.9527 -0.2890 0.0938
vn -0.4709 0.8810 0.0464
vn -0.8786 -0.4696 0.0865
vn -0.6332 0.7715 0.0624
vn -0.0980 0.9951 -0.0097
vn -0.0980 -0.9951 -0.0097
vn -0.9904 -0.0976 -0.0976
vn -0.2902 0.9565 -0.0286
vn -0.9527 -0.2890 -0.0938
vn -0.4709 0.8810 -0.0464
vn -0.8786 -0.4696 -0.0865
vn -0.6332 0.7715 -0.0624
vn -0.7708 -0.6326 -0.0759
vn -0.7708 0.6326 -0.0759
vn -0.6332 -0.7715 -0.0624
vn -0.8786 0.4696 -0.0865
vn -0.4709 -0.8810 -0.0464
vn -0.9527 0.2890 -0.0938
vn -0.2902 -0.9565 -0.0286
vn -0.9904 0.0976 -0.0976
vn -0.7412 0.6326 -0.2248
vn -0.6088 -0.7715 -0.1847
vn -0.8448 0.4696 -0.2563
vn -0.4528 -0.8810 -0.1374
vn -0.9161 0.2890 -0.2779
vn -0.2790 -0.9565 -0.0846
vn -0.9524 0.0975 -0.2889
vn -0.0942 0.9951 -0.0286
vn -0.0942 -0.9951 -0.0286
vn -0.9524 -0.0975 -0.2889
vn -0.2790 0.9565 -0.0846
vn -0.9161 -0.2890 -0.2779
vn -0.4528 0.8810 -0.1374
vn -0.8448 -0.4696 -0.2563
vn -0.6088 0.7715 -0.1847
vn -0.7412 -0.6326 -0.2248
vn -0.8777 -0.0975 -0.4691
vn -0.2571 0.9565 -0.1374
vn -0.8443 -0.2890 -0.4513
vn -0.4173 0.8810 -0.2231
vn -0.7786 -0.4696 -0.4162
vn -0.5611 0.7715 -0.2999
vn -0.6831 -0.6326 -0.3651
vn -0.6831 0.6326 -0.3651
vn -0.5611 -0.7715 -0.2999
vn -0.7786 0.4696 -0.4162
vn -0.4173 -0.8810 -0.2231
vn -0.8443 0.2890 -0.4513
vn -0.2571 -0.9565 -0.1374
vn -0.8777 0.0975 -0.4692
vn -0.0869 0.9951 -0.0464
vn -0.0869 -0.9951 -0.0464
vn -0.4918 -0.7715 -0.4036
vn -0.6825 0.4696 -0.5601
vn -0.3658 -0.8810 -0.3002
vn -0.7400 0.2890 -0.6073
vn -0.2254 -0.9565 -0.1850
vn -0.7693 0.0975 -0.6314
vn -0.0761 0.9951 -0.0625
vn -0.0761 -0.9951 -0.0625
vn -0.7693 -0.0975 -0.6314
vn -0.2254 0.9565 -0.1850
vn -0.7400 -0.2890 -0.6073
vn -0.3658 0.8810 -0.3002
vn -0.6825 -0.4696 -0.5601
vn -0.4918 0.7715 -0.4036
vn -0.5987 -0.6326 -0.4913
vn -0.5987 0.6326 -0.4913
vn -0.6073 -0.2890 -0.7400
vn -0.3002 0.8810 -0.3658
vn -0.5601 -0.4696 -0.6825
vn -0.4036 0.7715 -0.4918
vn -0.4913 -0.6326 -0.5987
vn -0.4913 0.6326 -0.5987
vn -0.4036 -0.7715 -0.4918
vn -0.5601 0.4696 -0.6825
vn -0.3002 -0.8810 -0.3658
vn -0.6073 0.2890 -0.7400
vn -0.1850 -0.9565 -0.2254
vn -0.6314 0.0975 -0.7693
vn -0.0625 0.9951 -0.0761
vn -0.0625 -0.9951 -0.0761
vn -0.6314 -0.0975 -0.7693
vn -0.1850 0.9565 -0.2254
vn -0.2231 -0.8810 -0.4173
vn -0.4513 0.2890 -0.8443
vn -0.1374 -0.9565 -0.2571
vn -0.4691 0.0975 -0.8777
vn -0.0464 0.9951 -0.0869
vn -0.0464 -0.9951 -0.0869
vn -0.4691 -0.0975 -0.8777
vn -0.1374 0.9565 -0.2571
vn -0.4513 -0.2890 -0.8443
vn -0.2231 0.8810 -0.4173
vn -0.4162 -0.4696 -0.7786
vn -0.2999 0.7715 -0.5611
vn -0.3651 -0.6326 -0.6831
vn -0.3651 0.6326 -0.6831
vn -0.2999 -0.7715 -0.5611
vn -0.4162 0.4696 -0.7786
vn -0.1374 0.8810 -0.4528
vn -0.2563 -0.4696 -0.8448
vn -0.1847 0.7715 -0.6088
vn -0.2248 -0.6326 -0.7412
vn -0.2248 0.6326 -0.7412
vn -0.1847 -0.7715 -0.6088
vn -0.2563 0.4696 -0.8448
vn -0.1374 -0.8810 -0.4528
vn -0.2779 0.2890 -0.9161
vn -0.0846 -0.9565 -0.2790
vn -0.2889 0.0975 -0.9524
vn -0.0286 0.9951 -0.0942
vn -0.0286 -0.9951 -0.0942
vn -0.2889 -0.0975 -0.9524
vn -0.0846 0.9565 -0.2790
vn -0.2779 -0.2890 -0.9161
vn -0.0938 0.2890 -0.9527
vn -0.0286 -0.9565 -0.2902
vn -0.0976 0.0975 -0.9904
vn -0.0097 0.9951 -0.0980
vn -0.0097 -0.9951 -0.0980
vn -0.0976 -0.0975 -0.9904
vn -0.0286 0.9565 -0.2902
vn -0.0938 -0.2890 -0.9527
vn -0.0464 0.8810 -0.4709
vn -0.0865 -0.4696 -0.8786
vn -0.0624 0.7715 -0.6332
vn -0.0759 -0.6326 -0.7708
vn -0.0759 0.6326 -0.7708
vn -0.0624 -0.7715 -0.6332
vn -0.0865 0.4696 -0.8786
vn -0.0464 -0.8810 -0.4709
vn 0.0865 -0.4696 -0.8786
vn 0.0624 0.7715 -0.6332
vn 0.0759 -0.6326 -0.7708
vn 0.0759 0.6326 -0.7708
vn 0.0624 -0.7715 -0.6332
vn 0.0865 0.4696 -0.8786
vn 0.0464 -0.8810 -0.4709
vn 0.0938 0.2890 -0.9527
vn 0.0286 -0.9565 -0.2902
vn 0.0976 0.0975 -0.9904
vn 0.0097 0.9951 -0.0980
vn 0.0097 -0.9951 -0.0980
vn 0.0976 -0.0975 -0.9904
vn 0.0286 0.9565 -0.2902
vn 0.0938 -0.2890 -0.9527
vn 0.0464 0.8810 -0.4709
vn 0.0846 -0.9565 -0.2790
vn 0.2889 0.0975 -0.9524
vn 0.0286 0.9951 -0.0942
vn 0.0286 -0.9951 -0.0942
vn 0.2889 -0.0975 -0.9524
vn 0.0846 0.9565 -0.2790
vn 0.2779 -0.2890 -0.9161
vn 0.1374 0.8810 -0.4528
vn 0.2563 -0.4696 -0.8448
vn 0.1847 0.7715 -0.6088
vn 0.2248 -0.6326 -0.7412
vn 0.2248 0.6326 -0.7412
vn 0.1847 -0.7715 -0.6088
vn 0.2563 0.4696 -0.8448
vn 0.1374 -0.8810 -0.4528
vn 0.2779 0.2890 -0.9161
vn 0.2999 0.7715 -0.5611
vn 0.3651 -0.6326 -0.6831
vn 0.3651 0.6326 -0.6831
vn 0.2999 -0.7715 -0.5611
vn 0.4162 0.4696 -0.7786
vn 0.2231 -0.8810 -0.4173
vn 0.4513 0.2890 -0.8443
vn 0.1374 -0.9565 -0.2571
vn 0.4691 0.0975 -0.8777
vn 0.0464 0.9951 -0.0869
vn 0.0464 -0.9951 -0.0869
vn 0.4691 -0.0975 -0.8777
vn 0.1374 0.9565 -0.2571
vn 0.4513 -0.2890 -0.8443
vn 0.2231 0.8810 -0.4173
vn 0.4162 -0.4696 -0.7786
vn 0.6314 0.0975 -0.7693
vn 0.0625 0.9951 -0.0761
vn 0.0625 -0.9951 -0.0761
vn 0.6314 -0.0975 -0.7693
vn 0.1850 0.9565 -0.2254
vn 0.6073 -0.2890 -0.7400
vn 0.3002 0.8810 -0.3658
vn 0.5601 -0.4696 -0.6825
vn 0.4036 0.7715 -0.4918
vn 0.4913 -0.6326 -0.5987
vn 0.4913 0.6326 -0.5987
vn 0.4036 -0.7715 -0.4918
vn 0.5601 0.4696 -0.6825
vn 0.3002 -0.8810 -0.3658
vn 0.6073 0.2890 -0.7400
vn 0.1850 -0.9565 -0.2254
vn 0.5987 -0.6326 -0.4913
vn 0.5987 0.6326 -0.4913
vn 0.4918 -0.7715 -0.4036
vn 0.6825 0.4696 -0.5601
vn 0.3658 -0.8810 -0.3002
vn 0.7400 0.2890 -0.6073
vn 0.2254 -0.9565 -0.1850
vn 0.7693 0.0975 -0.6314
vn 0.0761 0.9951 -0.0625
vn 0.0761 -0.9951 -0.0625
vn 0.7693 -0.0975 -0.6314
vn 0.2254 0.9565 -0.1850
vn 0.7400 -0.2890 -0.6073
vn 0.3658 0.8810 -0.3002
vn 0.6825 -0.4696 -0.5601
vn 0.4918 0.7715 -0.4036
vn 0.0869 -0.9951 -0.0464
vn 0.8777 -0.0975 -0.4691
vn 0.2571 0.9565 -0.1374
vn 0.8443 -0.2890 -0.4513
vn 0.4173 0.8810 -0.2231
vn 0.7786 -0.4696 -0.4162
vn 0.5611 0.7715 -0.2999
vn 0.6831 -0.6326 -0.3651
vn 0.6831 0.6326 -0.3651
vn 0.5611 -0.7715 -0.2999
vn 0.7786 0.4696 -0.4162
vn 0.4173 -0.8810 -0.2231
vn 0.8443 0.2890 -0.4513
vn 0.2571 -0.9565 -0.1374
vn 0.8777 0.0975 -0.4691
vn 0.0869 0.9951 -0.0464
vn 0.6088 -0.7715 -0.1847
vn 0.8448 0.4696 -0.2563
vn 0.4528 -0.8810 -0.1374
vn 0.9161 0.2890 -0.2779
vn 0.2790 -0.9565 -0.0846
vn 0.9524 0.0975 -0.2889
vn 0.0942 0.9951 -0.0286
vn 0.0942 -0.9951 -0.0286
vn 0.9524 -0.0975 -0.2889
vn 0.2790 0.9565 -0.0846
vn 0.9161 -0.2890 -0.2779
vn 0.4528 0.8810 -0.1374
vn 0.8448 -0.4696 -0.2563
vn 0.6088 0.7715 -0.1847
vn 0.7412 -0.6326 -0.2248
vn 0.7412 0.6326 -0.2248
vn 0.2902 0.9565 -0.0286
vn 0.9527 -0.2890 -0.0938
vn 0.4709 0.8810 -0.0464
vn 0.8786 -0.4696 -0.0865
vn 0.6332 0.7715 -0.0624
vn 0.7708 -0.6326 -0.0759
vn 0.7708 0.6326 -0.0759
vn 0.6332 -0.7715 -0.0624
vn 0.8786 0.4696 -0.0865
vn 0.4709 -0.8810 -0.0464
vn 0.9527 0.2890 -0.0938
vn 0.2902 -0.9565 -0.0286
vn 0.9904 0.0975 -0.0975
vn 0.0980 0.9951 -0.0097
vn 0.0980 -0.9951 -0.0097
vn 0.9904 -0.0975 -0.0975
vn 0.8786 0.4696 0.0865
vn 0.4709 -0.8810 0.0464
vn 0.9527 0.2890 0.0938
vn 0.2902 -0.9565 0.0286
vn 0.9904 0.0975 0.0975
vn 0.0980 0.9951 0.0097
vn 0.0980 -0.9951 0.0097
vn 0.9904 -0.0975 0.0975
vn 0.2902 0.9565 0.0286
vn 0.9527 -0.2890 0.0938
vn 0.4709 0.8810 0.0464
vn 0.8786 -0.4696 0.0865
vn 0.6332 0.7715 0.0624
vn 0.7708 -0.6326 0.0759
vn 0.7708 0.6326 0.0759
vn 0.6332 -0.7715 0.0624
vn 0.9161 -0.2890 0.2779
vn 0.4528 0.8810 0.1374
vn 0.8448 -0.4696 0.2563
vn 0.6088 0.7715 0.1847
vn 0.7412 -0.6326 0.2248
vn 0.7412 0.6326 0.2248
vn 0.6088 -0.7715 0.1847
vn 0.8448 0.4696 0.2563
vn 0.4528 -0.8810 0.1374
vn 0.9161 0.2890 0.2779
vn 0.2790 -0.9565 0.0846
vn 0.9524 0.0975 0.2889
vn 0.0942 0.9951 0.0286
vn 0.0942 -0.9951 0.0286
vn 0.9524 -0.0975 0.2889
vn 0.2790 0.9565 0.0846
vn 0.4173 -0.8810 0.2231
vn 0.8443 0.2890 0.4513
vn 0.2571 -0.9565 0.1374
vn 0.8777 0.0975 0.4692
vn 0.0869 0.9951 0.0464
vn 0.0869 -0.9951 0.0464
vn 0.8777 -0.0975 0.4692
vn 0.2571 0.9565 0.1374
vn 0.8443 -0.2890 0.4513
vn 0.4173 0.8810 0.2231
vn 0.7786 -0.4696 0.4162
vn 0.5611 0.7715 0.2999
vn 0.6831 -0.6326 0.3651
vn 0.6831 0.6326 0.3651
vn 0.5611 -0.7715 0.2999
vn 0.7786 0.4696 0.4162
vn 0.3658 0.8810 0.3002
vn 0.6825 -0.4696 0.5601
vn 0.4918 0.7715 0.4036
vn 0.5987 -0.6326 0.4913
vn 0.5987 0.6326 0.4913
vn 0.4918 -0.7715 0.4036
vn 0.6825 0.4696 0.5601
vn 0.3658 -0.8810 0.3002
vn 0.7400 0.2890 0.6073
vn 0.2254 -0.9566 0.1850
vn 0.7693 0.0975 0.6314
vn 0.0761 0.9951 0.0625
vn 0.0761 -0.9951 0.0625
vn 0.7693 -0.0975 0.6314
vn 0.2254 0.9565 0.1850
vn 0.7400 -0.2890 0.6073
vn 0.6073 0.2890 0.7400
vn 0.1850 -0.9565 0.2254
vn 0.6314 0.0975 0.7693
vn 0.0625 0.9951 0.0761
vn 0.0625 -0.9951 0.0761
vn 0.6314 -0.0975 0.7693
vn 0.1850 0.9565 0.2254
vn 0.6073 -0.2890 0.7400
vn 0.3002 0.8810 0.3658
vn 0.5601 -0.4696 0.6825
vn 0.4036 0.7715 0.4918
vn 0.4913 -0.6326 0.5987
vn 0.4913 0.6326 0.5987
vn 0.4036 -0.7715 0.4918
vn 0.5601 0.4696 0.6825
vn 0.3002 -0.8810 0.3658
vn 0.4162 -0.4696 0.7786
vn 0.2999 0.7715 0.5611
vn 0.3651 -0.6326 0.6831
vn 0.3651 0.6326 0.6831
vn 0.2999 -0.7715 0.5611
vn 0.4162 0.4696 0.7786
vn 0.2231 -0.8810 0.4173
vn 0.4513 0.2890 0.8443
vn 0.1374 -0.9565 0.2571
vn 0.4691 0.0975 0.8777
vn 0.0464 0.9951 0.0869
vn 0.0464 -0.9951 0.0869
vn 0.4691 -0.0975 0.8777
vn 0.1374 0.9565 0.2571
vn 0.4513 -0.2890 0.8443
vn 0.2231 0.8810 0.4173
vn 0.0846 -0.9565 0.2790
vn 0.2889 0.0975 0.9524
vn 0.0286 0.9951 0.0942
vn 0.0286 -0.9951 0.0942
vn 0.2889 -0.0975 0.9524
vn 0.0846 0.9565 0.2790
vn 0.2779 -0.2890 0.9161
vn 0.1374 0.8810 0.4528
vn 0.2563 -0.4696 0.8448
vn 0.1847 0.7715 0.6088
vn 0.2248 -0.6326 0.7412
vn 0.2248 0.6326 0.7412
vn 0.1847 -0.7715 0.6088
vn 0.2563 0.4696 0.8448
vn 0.1374 -0.8810 0.4528
vn 0.2779 0.2890 0.9161
vn 0.0759 -0.6326 0.7708
vn 0.0759 0.6326 0.7708
vn 0.0624 -0.7715 0.6332
vn 0.0865 0.4696 0.8786
vn 0.0464 -0.8810 0.4709
vn 0.0938 0.2890 0.9527
vn 0.0286 -0.9565 0.2902
vn 0.0976 0.0975 0.9904
vn 0.0097 0.9951 0.0980
vn 0.0097 -0.9951 0.0980
vn 0.0976 -0.0975 0.9904
vn 0.0286 0.9565 0.2902
vn 0.0938 -0.2890 0.9527
vn 0.0464 0.8810 0.4709
vn 0.0865 -0.4696 0.8786
vn 0.0624 0.7715 0.6332
vn -0.4082 0.4082 -0.8165
vn 0.4082 0.4082 -0.8165
vn -0.0000 0.7071 -0.7071
vn 0.1451 0.4146 -0.8983
vn -0.1451 0.4146 -0.8983
vn -0.0000 -0.7071 -0.7071
vn -0.1451 -0.4146 -0.8983
vn 0.1451 -0.4146 -0.8983
vn 0.4082 -0.4082 -0.8165
vn 0.7071 -0.0000 -0.7071
vn 0.4146 -0.1451 -0.8983
vn 0.4146 0.1451 -0.8983
vn -0.4082 -0.4082 -0.8165
vn -0.7071 -0.0000 -0.7071
vn -0.4146 -0.1451 -0.8983
vn -0.4146 0.1451 -0.8983
vn -0.0000 -0.0000 -1.0000
vn -0.4082 0.4082 0.8165
vn 0.4082 0.4082 0.8165
vn -0.0000 0.7071 0.7071
vn 0.1451 0.4146 0.8983
vn -0.1451 0.4146 0.8983
vn -0.0000 -0.7071 0.7071
vn -0.1451 -0.4146 0.8983
vn 0.1451 -0.4146 0.8983
vn 0.4082 -0.4082 0.8165
vn 0.7071 -0.0000 0.7071
vn 0.4146 -0.1451 0.8983
vn 0.4146 0.1451 0.8983
vn -0.4082 -0.4082 0.8165
vn -0.7071 -0.0000 0.7071
vn -0.4146 -0.1451 0.8983
vn -0.4146 0.1451 0.8983
vn -0.0000 -0.0000 1.0000
vn 1.0000 -0.0000 -0.0000
vn -0.0000 -1.0000 -0.0000
vn -1.0000 -0.0000 -0.0000
vn -0.0000 1.0000 -0.0000
vn 0.5735 -0.8192 -0.0000
vn -0.5735 -0.8192 -0.0000
vn -0.5735 0.8192 -0.0000
vn 0.5735 0.8192 -0.0000
vn 0.8192 0.5735 -0.0000
vn 0.8192 -0.5735 -0.0000
vn -0.8192 -0.5735 -0.0000
vn -0.8192 0.5735 -0.0000
vt 0.170807 0.170807
vt 0.170807 0.128374
vt 0.192024 0.128374
vt 0.192024 0.170807
vt 0.170807 0.510277
vt 0.170807 0.467843
vt 0.192024 0.467843
vt 0.192024 0.510277
vt 0.170807 0.213241
vt 0.192024 0.213241
vt 0.170807 0.552711
vt 0.192024 0.552711
vt 0.170807 0.255675
vt 0.192024 0.255675
vt 0.170807 0.595145
vt 0.192024 0.595145
vt 0.170807 0.298108
vt 0.192024 0.298108
vt 0.170807 0.637578
vt 0.192024 0.637578
vt 0.170807 0.340542
vt 0.192024 0.340542
vt 0.170807 0.043506
vt 0.181416 0.001072
vt 0.192024 0.043506
vt 0.181416 0.680012
vt 0.170807 0.382976
vt 0.192024 0.382976
vt 0.170807 0.085940
vt 0.192024 0.085940
vt 0.170807 0.425410
vt 0.192024 0.425410
vt 0.213241 0.382976
vt 0.213241 0.425410
vt 0.213241 0.085940
vt 0.213241 0.128374
vt 0.213241 0.467843
vt 0.213241 0.170807
vt 0.213241 0.510277
vt 0.213241 0.213241
vt 0.213241 0.552711
vt 0.213241 0.255675
vt 0.213241 0.595145
vt 0.213241 0.298108
vt 0.213241 0.637578
vt 0.213241 0.340542
vt 0.202633 0.001072
vt 0.213241 0.043506
vt 0.202633 0.680012
vt 0.234458 0.552711
vt 0.234458 0.595145
vt 0.234458 0.255675
vt 0.234458 0.298108
vt 0.234458 0.637578
vt 0.234458 0.340542
vt 0.223849 0.001072
vt 0.234458 0.043506
vt 0.223850 0.680012
vt 0.234458 0.382976
vt 0.234458 0.085940
vt 0.234458 0.425410
vt 0.234458 0.128374
vt 0.234458 0.467843
vt 0.234458 0.170807
vt 0.234458 0.510277
vt 0.234458 0.213241
vt 0.255675 0.425410
vt 0.255675 0.467843
vt 0.255675 0.128374
vt 0.255675 0.170807
vt 0.255675 0.510277
vt 0.255675 0.213241
vt 0.255675 0.552711
vt 0.255675 0.255675
vt 0.255675 0.595145
vt 0.255675 0.298108
vt 0.255675 0.637578
vt 0.255675 0.340542
vt 0.245066 0.001072
vt 0.255675 0.043506
vt 0.245066 0.680012
vt 0.255675 0.382976
vt 0.255675 0.085940
vt 0.276892 0.595145
vt 0.276892 0.637578
vt 0.276892 0.298108
vt 0.276892 0.340542
vt 0.266283 0.001072
vt 0.276892 0.043506
vt 0.266283 0.680012
vt 0.276892 0.382976
vt 0.276892 0.085940
vt 0.276892 0.425410
vt 0.276892 0.128374
vt 0.276892 0.467843
vt 0.276892 0.170807
vt 0.276892 0.510277
vt 0.276892 0.213241
vt 0.276892 0.552711
vt 0.276892 0.255675
vt 0.298108 0.128374
vt 0.298108 0.170807
vt 0.298108 0.467843
vt 0.298108 0.510277
vt 0.298108 0.213241
vt 0.298108 0.552711
vt 0.298108 0.255675
vt 0.298108 0.595145
vt 0.298108 0.298108
vt 0.298109 0.637578
vt 0.298108 0.340542
vt 0.287500 0.001072
vt 0.298108 0.043506
vt 0.287500 0.680012
vt 0.298108 0.382976
vt 0.298108 0.085940
vt 0.298108 0.425410
vt 0.319325 0.298108
vt 0.319325 0.340542
vt 0.308717 0.001072
vt 0.319325 0.043506
vt 0.308717 0.680012
vt 0.319325 0.637578
vt 0.319325 0.382976
vt 0.319325 0.085940
vt 0.319325 0.425410
vt 0.319325 0.128374
vt 0.319325 0.467843
vt 0.319325 0.170807
vt 0.319325 0.510277
vt 0.319325 0.213241
vt 0.319325 0.552711
vt 0.319325 0.255675
vt 0.319325 0.595145
vt 0.340542 0.467843
vt 0.340542 0.510277
vt 0.340542 0.170807
vt 0.340542 0.213241
vt 0.340542 0.552711
vt 0.340542 0.255675
vt 0.340542 0.595145
vt 0.340542 0.298108
vt 0.340542 0.637578
vt 0.340542 0.340542
vt 0.329934 0.001072
vt 0.340542 0.043506
vt 0.329934 0.680012
vt 0.340542 0.382976
vt 0.340542 0.085940
vt 0.340542 0.425410
vt 0.340542 0.128374
vt 0.351151 0.001072
vt 0.361759 0.043506
vt 0.351151 0.680012
vt 0.361759 0.637578
vt 0.361759 0.340542
vt 0.361759 0.382976
vt 0.361759 0.085940
vt 0.361759 0.425410
vt 0.361759 0.128374
vt 0.361759 0.467843
vt 0.361759 0.170807
vt 0.361759 0.510277
vt 0.361759 0.213241
vt 0.361759 0.552711
vt 0.361759 0.255675
vt 0.361759 0.595145
vt 0.361759 0.298108
vt 0.382976 0.170807
vt 0.382976 0.213241
vt 0.382976 0.510277
vt 0.382976 0.552711
vt 0.382976 0.255675
vt 0.382976 0.595145
vt 0.382976 0.298108
vt 0.382976 0.637578
vt 0.382976 0.340542
vt 0.372368 0.001072
vt 0.382976 0.043506
vt 0.372368 0.680012
vt 0.382976 0.382976
vt 0.382976 0.085940
vt 0.382976 0.425410
vt 0.382976 0.128373
vt 0.382976 0.467843
vt 0.404193 0.340542
vt 0.404193 0.382976
vt 0.404193 0.043506
vt 0.404193 0.085940
vt 0.404193 0.425410
vt 0.404193 0.128373
vt 0.404193 0.467843
vt 0.404193 0.170807
vt 0.404193 0.510277
vt 0.404193 0.213241
vt 0.404193 0.552711
vt 0.404193 0.255675
vt 0.404193 0.595145
vt 0.404193 0.298108
vt 0.404193 0.637578
vt 0.393584 0.001072
vt 0.393584 0.680012
vt 0.425410 0.510277
vt 0.425410 0.552711
vt 0.425410 0.213241
vt 0.425410 0.255675
vt 0.425410 0.595145
vt 0.425410 0.298108
vt 0.425410 0.637578
vt 0.425410 0.340542
vt 0.414801 0.001072
vt 0.425410 0.043506
vt 0.414801 0.680012
vt 0.425410 0.382976
vt 0.425410 0.085940
vt 0.425410 0.425410
vt 0.425410 0.128373
vt 0.425410 0.467843
vt 0.425410 0.170807
vt 0.446626 0.382976
vt 0.446626 0.425410
vt 0.446626 0.085940
vt 0.446627 0.128373
vt 0.446626 0.467843
vt 0.446627 0.170807
vt 0.446626 0.510277
vt 0.446626 0.213241
vt 0.446627 0.552711
vt 0.446626 0.255675
vt 0.446626 0.595145
vt 0.446626 0.298108
vt 0.446627 0.637578
vt 0.446627 0.340542
vt 0.436018 0.001072
vt 0.446627 0.043506
vt 0.436018 0.680012
vt 0.467843 0.552711
vt 0.467843 0.595145
vt 0.467843 0.255675
vt 0.467843 0.298108
vt 0.467843 0.637578
vt 0.467843 0.340542
vt 0.457235 0.001072
vt 0.467843 0.043506
vt 0.457235 0.680012
vt 0.467843 0.382976
vt 0.467843 0.085940
vt 0.467843 0.425410
vt 0.467843 0.128373
vt 0.467843 0.467843
vt 0.467843 0.170807
vt 0.467843 0.510277
vt 0.467843 0.213241
vt 0.489060 0.085940
vt 0.489060 0.128373
vt 0.489060 0.425410
vt 0.489060 0.467843
vt 0.489060 0.170807
vt 0.489060 0.510277
vt 0.489060 0.213241
vt 0.489060 0.552711
vt 0.489060 0.255675
vt 0.489060 0.595145
vt 0.489060 0.298108
vt 0.489060 0.637578
vt 0.489060 0.340542
vt 0.478452 0.001072
vt 0.489060 0.043506
vt 0.478452 0.680012
vt 0.489060 0.382976
vt 0.510277 0.255675
vt 0.510277 0.298108
vt 0.510277 0.595145
vt 0.510277 0.637578
vt 0.510277 0.340542
vt 0.499669 0.001072
vt 0.510277 0.043506
vt 0.499669 0.680012
vt 0.510277 0.382976
vt 0.510277 0.085940
vt 0.510277 0.425410
vt 0.510277 0.128373
vt 0.510277 0.467843
vt 0.510277 0.170807
vt 0.510277 0.510277
vt 0.510277 0.213241
vt 0.510277 0.552711
vt 0.531494 0.425410
vt 0.531494 0.467843
vt 0.531494 0.128373
vt 0.531494 0.170807
vt 0.531494 0.510277
vt 0.531494 0.213241
vt 0.531494 0.552711
vt 0.531494 0.255675
vt 0.531494 0.595145
vt 0.531494 0.298108
vt 0.531494 0.637578
vt 0.531494 0.340542
vt 0.520885 0.001072
vt 0.531494 0.043506
vt 0.520886 0.680012
vt 0.531494 0.382976
vt 0.531494 0.085940
vt 0.552711 0.595145
vt 0.552711 0.637578
vt 0.552711 0.298108
vt 0.552711 0.340542
vt 0.542102 0.001072
vt 0.552711 0.043506
vt 0.542103 0.680012
vt 0.552711 0.382976
vt 0.552711 0.085940
vt 0.552711 0.425410
vt 0.552711 0.128373
vt 0.552711 0.467843
vt 0.552711 0.170807
vt 0.552711 0.510277
vt 0.552711 0.213241
vt 0.552711 0.552711
vt 0.552711 0.255675
vt 0.573928 0.128373
vt 0.573928 0.170807
vt 0.573928 0.467843
vt 0.573928 0.510277
vt 0.573928 0.213241
vt 0.573928 0.552711
vt 0.573928 0.255675
vt 0.573928 0.595145
vt 0.573928 0.298108
vt 0.573928 0.637578
vt 0.573928 0.340542
vt 0.563319 0.001072
vt 0.573928 0.043506
vt 0.563319 0.680012
vt 0.573928 0.382976
vt 0.573928 0.085940
vt 0.573928 0.425410
vt 0.595145 0.298108
vt 0.595145 0.340542
vt 0.584536 0.001072
vt 0.595145 0.043506
vt 0.584536 0.680012
vt 0.595145 0.637578
vt 0.595145 0.382976
vt 0.595145 0.085940
vt 0.595145 0.425410
vt 0.595145 0.128373
vt 0.595145 0.467843
vt 0.595145 0.170807
vt 0.595145 0.510277
vt 0.595145 0.213241
vt 0.595145 0.552711
vt 0.595145 0.255675
vt 0.595145 0.595145
vt 0.616361 0.467843
vt 0.616361 0.510277
vt 0.616361 0.170807
vt 0.616361 0.213241
vt 0.616361 0.552711
vt 0.616361 0.255675
vt 0.616361 0.595145
vt 0.616361 0.298108
vt 0.616361 0.637578
vt 0.616361 0.340542
vt 0.605753 0.001072
vt 0.616361 0.043506
vt 0.605753 0.680012
vt 0.616361 0.382976
vt 0.616361 0.085940
vt 0.616361 0.425410
vt 0.616361 0.128373
vt 0.626970 0.680012
vt 0.637578 0.637578
vt 0.637578 0.340542
vt 0.637578 0.382976
vt 0.637578 0.043506
vt 0.637578 0.085940
vt 0.637578 0.425410
vt 0.637578 0.128373
vt 0.637578 0.467843
vt 0.637578 0.170807
vt 0.637578 0.510277
vt 0.637578 0.213241
vt 0.637578 0.552711
vt 0.637578 0.255675
vt 0.637578 0.595145
vt 0.637578 0.298108
vt 0.626970 0.001072
vt 0.658795 0.510277
vt 0.658795 0.552711
vt 0.658795 0.213241
vt 0.658795 0.255675
vt 0.658795 0.595145
vt 0.658795 0.298108
vt 0.658795 0.637578
vt 0.658795 0.340542
vt 0.648187 0.001072
vt 0.658795 0.043506
vt 0.648187 0.680012
vt 0.658795 0.382976
vt 0.658795 0.085940
vt 0.658795 0.425410
vt 0.658795 0.128373
vt 0.658795 0.467843
vt 0.658795 0.170807
vt 0.680012 0.043506
vt 0.680012 0.085940
vt 0.680012 0.382976
vt 0.680012 0.425410
vt 0.680012 0.128373
vt 0.680012 0.467843
vt 0.680012 0.170807
vt 0.680012 0.510277
vt 0.680012 0.213241
vt 0.680012 0.552711
vt 0.680012 0.255675
vt 0.680012 0.595145
vt 0.680012 0.298108
vt 0.680012 0.637578
vt 0.680012 0.340542
vt 0.669404 0.001072
vt 0.669404 0.680012
vt 0.001072 0.255675
vt 0.001072 0.213241
vt 0.022289 0.213241
vt 0.022289 0.255675
vt 0.001072 0.595145
vt 0.001072 0.552711
vt 0.022289 0.552711
vt 0.022289 0.595145
vt 0.001072 0.298108
vt 0.022289 0.298108
vt 0.001072 0.637578
vt 0.022289 0.637578
vt 0.001072 0.340542
vt 0.022289 0.340542
vt 0.001072 0.043506
vt 0.011681 0.001072
vt 0.022289 0.043506
vt 0.011681 0.680012
vt 0.001072 0.382976
vt 0.022289 0.382976
vt 0.001072 0.085940
vt 0.022289 0.085940
vt 0.001072 0.425410
vt 0.022289 0.425410
vt 0.001072 0.128373
vt 0.022289 0.128373
vt 0.001072 0.467843
vt 0.022289 0.467843
vt 0.001072 0.170807
vt 0.022289 0.170807
vt 0.001072 0.510277
vt 0.022289 0.510277
vt 0.043506 0.382976
vt 0.043506 0.425410
vt 0.043506 0.085940
vt 0.043506 0.128373
vt 0.043506 0.467843
vt 0.043506 0.170807
vt 0.043506 0.510277
vt 0.043506 0.213241
vt 0.043506 0.552711
vt 0.043506 0.255675
vt 0.043506 0.595145
vt 0.043506 0.298108
vt 0.043506 0.637578
vt 0.043506 0.340542
vt 0.032898 0.001072
vt 0.043506 0.043506
vt 0.032898 0.680012
vt 0.064723 0.552711
vt 0.064723 0.595145
vt 0.064723 0.255675
vt 0.064723 0.298108
vt 0.064723 0.637578
vt 0.064723 0.340542
vt 0.054114 0.001072
vt 0.064723 0.043506
vt 0.054115 0.680012
vt 0.064723 0.382976
vt 0.064723 0.085940
vt 0.064723 0.425410
vt 0.064723 0.128373
vt 0.064723 0.467843
vt 0.064723 0.170807
vt 0.064723 0.510277
vt 0.064723 0.213241
vt 0.085940 0.085940
vt 0.085940 0.128373
vt 0.085940 0.425410
vt 0.085940 0.467843
vt 0.085940 0.170807
vt 0.085940 0.510277
vt 0.085940 0.213241
vt 0.085940 0.552711
vt 0.085940 0.255675
vt 0.085940 0.595145
vt 0.085940 0.298108
vt 0.085940 0.637578
vt 0.085940 0.340542
vt 0.075331 0.001072
vt 0.085940 0.043506
vt 0.075331 0.680012
vt 0.085940 0.382976
vt 0.107157 0.255675
vt 0.107157 0.298108
vt 0.107157 0.595145
vt 0.107157 0.637578
vt 0.107157 0.340542
vt 0.096548 0.001072
vt 0.107157 0.043506
vt 0.096548 0.680012
vt 0.107157 0.382976
vt 0.107157 0.085940
vt 0.107157 0.425410
vt 0.107157 0.128373
vt 0.107157 0.467843
vt 0.107157 0.170807
vt 0.107157 0.510277
vt 0.107157 0.213241
vt 0.107157 0.552711
vt 0.128374 0.425410
vt 0.128374 0.467843
vt 0.128374 0.128373
vt 0.128374 0.170807
vt 0.128374 0.510277
vt 0.128374 0.213241
vt 0.128374 0.552711
vt 0.128374 0.255675
vt 0.128374 0.595145
vt 0.128374 0.298108
vt 0.128374 0.637578
vt 0.128374 0.340542
vt 0.117765 0.001072
vt 0.128374 0.043506
vt 0.117765 0.680012
vt 0.128374 0.382976
vt 0.128374 0.085940
vt 0.149590 0.595145
vt 0.149590 0.637578
vt 0.149590 0.298108
vt 0.149590 0.340542
vt 0.138982 0.001072
vt 0.149590 0.043506
vt 0.138982 0.680012
vt 0.149590 0.382976
vt 0.149590 0.085940
vt 0.149590 0.425410
vt 0.149590 0.128373
vt 0.149590 0.467843
vt 0.149590 0.170807
vt 0.149590 0.510277
vt 0.149590 0.213241
vt 0.149590 0.552711
vt 0.149590 0.255675
vt 0.160199 0.001072
vt 0.160199 0.680012
vt 0.950405 0.913754
vt 0.980834 0.907668
vt 0.986920 0.938097
vt 0.956491 0.944183
vt 0.676541 0.968527
vt 0.706971 0.962441
vt 0.713056 0.992870
vt 0.682627 0.998956
vt 0.767829 0.950269
vt 0.773915 0.980698
vt 0.828688 0.938097
vt 0.840860 0.998956
vt 0.889546 0.925926
vt 0.895632 0.956355
vt 0.834774 0.652062
vt 0.895632 0.639890
vt 0.901718 0.670319
vt 0.840860 0.682491
vt 0.767829 0.633804
vt 0.780001 0.694663
vt 0.713056 0.676405
vt 0.719142 0.706834
vt 0.652198 0.688577
vt 0.658284 0.719006
vt 0.621768 0.694663
vt 0.627854 0.725092
vt 0.670455 0.779865
vt 0.640026 0.785951
vt 0.682627 0.840724
vt 0.621768 0.852895
vt 0.694799 0.901582
vt 0.664369 0.907668
vt 0.926062 0.633804
vt 0.932148 0.664233
vt 0.944319 0.725092
vt 0.913890 0.731178
vt 0.986920 0.779865
vt 0.926062 0.792037
vt 0.968663 0.846809
vt 0.938233 0.852895
s 1
usemtl Material.029
f 5838/5698/5261 5363/5699/5261 5371/5700/5261 5372/5701/5261
f 5841/5702/5262 5368/5703/5262 5379/5704/5262 5380/5705/5262
f 5364/5706/5263 5838/5698/5263 5372/5701/5263 5373/5707/5263
f 5842/5708/5264 5841/5702/5264 5380/5705/5264 5381/5709/5264
f 5839/5710/5265 5364/5706/5265 5373/5707/5265 5374/5711/5265
f 5843/5712/5266 5842/5708/5266 5381/5709/5266 5382/5713/5266
f 5365/5714/5267 5839/5710/5267 5374/5711/5267 5375/5715/5267
f 5844/5716/5268 5843/5712/5268 5382/5713/5268 5383/5717/5268
f 5366/5718/5269 5365/5714/5269 5375/5715/5269 5376/5719/5269
f 5836/5720/5270 5444/5721/5270 5369/5722/5270
f 5670/5723/5271 5844/5716/5271 5383/5717/5271
f 5367/5724/5272 5366/5718/5272 5376/5719/5272 5377/5725/5272
f 5837/5726/5273 5836/5720/5273 5369/5722/5273 5370/5727/5273
f 5840/5728/5274 5367/5724/5274 5377/5725/5274 5378/5729/5274
f 5363/5699/5275 5837/5726/5275 5370/5727/5275 5371/5700/5275
f 5368/5703/5276 5840/5728/5276 5378/5729/5276 5379/5704/5276
f 5378/5729/5277 5377/5725/5277 5392/5730/5277 5393/5731/5277
f 5371/5700/5278 5370/5727/5278 5385/5732/5278 5386/5733/5278
f 5379/5704/5279 5378/5729/5279 5393/5731/5279 5394/5734/5279
f 5372/5701/5280 5371/5700/5280 5386/5733/5280 5387/5735/5280
f 5380/5705/5281 5379/5704/5281 5394/5734/5281 5395/5736/5281
f 5373/5707/5282 5372/5701/5282 5387/5735/5282 5388/5737/5282
f 5381/5709/5283 5380/5705/5283 5395/5736/5283 5396/5738/5283
f 5374/5711/5284 5373/5707/5284 5388/5737/5284 5389/5739/5284
f 5382/5713/5285 5381/5709/5285 5396/5738/5285 5397/5740/5285
f 5375/5715/5286 5374/5711/5286 5389/5739/5286 5390/5741/5286
f 5383/5717/5287 5382/5713/5287 5397/5740/5287 5398/5742/5287
f 5376/5719/5288 5375/5715/5288 5390/5741/5288 5391/5743/5288
f 5369/5722/5289 5444/5744/5289 5384/5745/5289
f 5670/5746/5290 5383/5717/5290 5398/5742/5290
f 5377/5725/5291 5376/5719/5291 5391/5743/5291 5392/5730/5291
f 5370/5727/5292 5369/5722/5292 5384/5745/5292 5385/5732/5292
f 5397/5740/5293 5396/5738/5293 5411/5747/5293 5412/5748/5293
f 5390/5741/5294 5389/5739/5294 5404/5749/5294 5405/5750/5294
f 5398/5742/5295 5397/5740/5295 5412/5748/5295 5413/5751/5295
f 5391/5743/5296 5390/5741/5296 5405/5750/5296 5406/5752/5296
f 5384/5745/5297 5444/5753/5297 5399/5754/5297
f 5670/5755/5298 5398/5742/5298 5413/5751/5298
f 5392/5730/5299 5391/5743/5299 5406/5752/5299 5407/5756/5299
f 5385/5732/5300 5384/5745/5300 5399/5754/5300 5400/5757/5300
f 5393/5731/5301 5392/5730/5301 5407/5756/5301 5408/5758/5301
f 5386/5733/5302 5385/5732/5302 5400/5757/5302 5401/5759/5302
f 5394/5734/5303 5393/5731/5303 5408/5758/5303 5409/5760/5303
f 5387/5735/5304 5386/5733/5304 5401/5759/5304 5402/5761/5304
f 5395/5736/5305 5394/5734/5305 5409/5760/5305 5410/5762/5305
f 5388/5737/5306 5387/5735/5306 5402/5761/5306 5403/5763/5306
f 5396/5738/5307 5395/5736/5307 5410/5762/5307 5411/5747/5307
f 5389/5739/5308 5388/5737/5308 5403/5763/5308 5404/5749/5308
f 5409/5760/5309 5408/5758/5309 5423/5764/5309 5424/5765/5309
f 5402/5761/5310 5401/5759/5310 5416/5766/5310 5417/5767/5310
f 5410/5762/5311 5409/5760/5311 5424/5765/5311 5425/5768/5311
f 5403/5763/5312 5402/5761/5312 5417/5767/5312 5418/5769/5312
f 5411/5747/5313 5410/5762/5313 5425/5768/5313 5426/5770/5313
f 5404/5749/5314 5403/5763/5314 5418/5769/5314 5419/5771/5314
f 5412/5748/5315 5411/5747/5315 5426/5770/5315 5427/5772/5315
f 5405/5750/5316 5404/5749/5316 5419/5771/5316 5420/5773/5316
f 5413/5751/5317 5412/5748/5317 5427/5772/5317 5428/5774/5317
f 5406/5752/5318 5405/5750/5318 5420/5773/5318 5421/5775/5318
f 5399/5754/5319 5444/5776/5319 5414/5777/5319
f 5670/5778/5320 5413/5751/5320 5428/5774/5320
f 5407/5756/5321 5406/5752/5321 5421/5775/5321 5422/5779/5321
f 5400/5757/5322 5399/5754/5322 5414/5777/5322 5415/5780/5322
f 5408/5758/5323 5407/5756/5323 5422/5779/5323 5423/5764/5323
f 5401/5759/5324 5400/5757/5324 5415/5780/5324 5416/5766/5324
f 5428/5774/5325 5427/5772/5325 5442/5781/5325 5443/5782/5325
f 5421/5775/5326 5420/5773/5326 5435/5783/5326 5436/5784/5326
f 5414/5777/5327 5444/5785/5327 5429/5786/5327
f 5670/5787/5328 5428/5774/5328 5443/5782/5328
f 5422/5779/5329 5421/5775/5329 5436/5784/5329 5437/5788/5329
f 5415/5780/5330 5414/5777/5330 5429/5786/5330 5430/5789/5330
f 5423/5764/5331 5422/5779/5331 5437/5788/5331 5438/5790/5331
f 5416/5766/5332 5415/5780/5332 5430/5789/5332 5431/5791/5332
f 5424/5765/5333 5423/5764/5333 5438/5790/5333 5439/5792/5333
f 5417/5767/5334 5416/5766/5334 5431/5791/5334 5432/5793/5334
f 5425/5768/5335 5424/5765/5335 5439/5792/5335 5440/5794/5335
f 5418/5769/5336 5417/5767/5336 5432/5793/5336 5433/5795/5336
f 5426/5770/5337 5425/5768/5337 5440/5794/5337 5441/5796/5337
f 5419/5771/5338 5418/5769/5338 5433/5795/5338 5434/5797/5338
f 5427/5772/5339 5426/5770/5339 5441/5796/5339 5442/5781/5339
f 5420/5773/5340 5419/5771/5340 5434/5797/5340 5435/5783/5340
f 5432/5793/5341 5431/5791/5341 5447/5798/5341 5448/5799/5341
f 5440/5794/5342 5439/5792/5342 5455/5800/5342 5456/5801/5342
f 5433/5795/5343 5432/5793/5343 5448/5799/5343 5449/5802/5343
f 5441/5796/5344 5440/5794/5344 5456/5801/5344 5457/5803/5344
f 5434/5797/5345 5433/5795/5345 5449/5802/5345 5450/5804/5345
f 5442/5781/5346 5441/5796/5346 5457/5803/5346 5458/5805/5346
f 5435/5783/5347 5434/5797/5347 5450/5804/5347 5451/5806/5347
f 5443/5782/5348 5442/5781/5348 5458/5805/5348 5459/5807/5348
f 5436/5784/5349 5435/5783/5349 5451/5806/5349 5452/5808/5349
f 5429/5786/5350 5444/5809/5350 5445/5810/5350
f 5670/5811/5351 5443/5782/5351 5459/5807/5351
f 5437/5788/5352 5436/5784/5352 5452/5808/5352 5453/5812/5352
f 5430/5789/5353 5429/5786/5353 5445/5810/5353 5446/5813/5353
f 5438/5790/5354 5437/5788/5354 5453/5812/5354 5454/5814/5354
f 5431/5791/5355 5430/5789/5355 5446/5813/5355 5447/5798/5355
f 5439/5792/5356 5438/5790/5356 5454/5814/5356 5455/5800/5356
f 5452/5808/5357 5451/5806/5357 5466/5815/5357 5467/5816/5357
f 5445/5810/5358 5444/5817/5358 5460/5818/5358
f 5670/5819/5359 5459/5807/5359 5474/5820/5359
f 5453/5812/5360 5452/5808/5360 5467/5816/5360 5468/5821/5360
f 5446/5813/5361 5445/5810/5361 5460/5818/5361 5461/5822/5361
f 5454/5814/5362 5453/5812/5362 5468/5821/5362 5469/5823/5362
f 5447/5798/5363 5446/5813/5363 5461/5822/5363 5462/5824/5363
f 5455/5800/5364 5454/5814/5364 5469/5823/5364 5470/5825/5364
f 5448/5799/5365 5447/5798/5365 5462/5824/5365 5463/5826/5365
f 5456/5801/5366 5455/5800/5366 5470/5825/5366 5471/5827/5366
f 5449/5802/5367 5448/5799/5367 5463/5826/5367 5464/5828/5367
f 5457/5803/5368 5456/5801/5368 5471/5827/5368 5472/5829/5368
f 5450/5804/5369 5449/5802/5369 5464/5828/5369 5465/5830/5369
f 5458/5805/5370 5457/5803/5370 5472/5829/5370 5473/5831/5370
f 5451/5806/5371 5450/5804/5371 5465/5830/5371 5466/5815/5371
f 5459/5807/5372 5458/5805/5372 5473/5831/5372 5474/5820/5372
f 5471/5827/5373 5470/5825/5373 5485/5832/5373 5486/5833/5373
f 5464/5828/5374 5463/5826/5374 5478/5834/5374 5479/5835/5374
f 5472/5829/5375 5471/5827/5375 5486/5833/5375 5487/5836/5375
f 5465/5830/5376 5464/5828/5376 5479/5835/5376 5480/5837/5376
f 5473/5831/5377 5472/5829/5377 5487/5836/5377 5488/5838/5377
f 5466/5815/5378 5465/5830/5378 5480/5837/5378 5481/5839/5378
f 5474/5820/5379 5473/5831/5379 5488/5838/5379 5489/5840/5379
f 5467/5816/5380 5466/5815/5380 5481/5839/5380 5482/5841/5380
f 5460/5818/5381 5444/5842/5381 5475/5843/5381
f 5670/5844/5382 5474/5820/5382 5489/5840/5382
f 5468/5821/5383 5467/5816/5383 5482/5841/5383 5483/5845/5383
f 5461/5822/5384 5460/5818/5384 5475/5843/5384 5476/5846/5384
f 5469/5823/5385 5468/5821/5385 5483/5845/5385 5484/5847/5385
f 5462/5824/5386 5461/5822/5386 5476/5846/5386 5477/5848/5386
f 5470/5825/5387 5469/5823/5387 5484/5847/5387 5485/5832/5387
f 5463/5826/5388 5462/5824/5388 5477/5848/5388 5478/5834/5388
f 5475/5843/5389 5444/5849/5389 5490/5850/5389
f 5670/5851/5390 5489/5840/5390 5504/5852/5390
f 5483/5845/5391 5482/5841/5391 5497/5853/5391 5498/5854/5391
f 5476/5846/5392 5475/5843/5392 5490/5850/5392 5491/5855/5392
f 5484/5847/5393 5483/5845/5393 5498/5854/5393 5499/5856/5393
f 5477/5848/5394 5476/5846/5394 5491/5855/5394 5492/5857/5394
f 5485/5832/5395 5484/5847/5395 5499/5856/5395 5500/5858/5395
f 5478/5834/5396 5477/5848/5396 5492/5857/5396 5493/5859/5396
f 5486/5833/5397 5485/5832/5397 5500/5858/5397 5501/5860/5397
f 5479/5835/5398 5478/5834/5398 5493/5859/5398 5494/5861/5398
f 5487/5836/5399 5486/5833/5399 5501/5860/5399 5502/5862/5399
f 5480/5837/5400 5479/5835/5400 5494/5861/5400 5495/5863/5400
f 5488/5838/5401 5487/5836/5401 5502/5862/5401 5503/5864/5401
f 5481/5839/5402 5480/5837/5402 5495/5863/5402 5496/5865/5402
f 5489/5840/5403 5488/5838/5403 5503/5864/5403 5504/5852/5403
f 5482/5841/5404 5481/5839/5404 5496/5865/5404 5497/5853/5404
f 5494/5861/5405 5493/5859/5405 5508/5866/5405 5509/5867/5405
f 5502/5862/5406 5501/5860/5406 5516/5868/5406 5517/5869/5406
f 5495/5863/5407 5494/5861/5407 5509/5867/5407 5510/5870/5407
f 5503/5864/5408 5502/5862/5408 5517/5869/5408 5518/5871/5408
f 5496/5865/5409 5495/5863/5409 5510/5870/5409 5511/5872/5409
f 5504/5852/5410 5503/5864/5410 5518/5871/5410 5519/5873/5410
f 5497/5853/5411 5496/5865/5411 5511/5872/5411 5512/5874/5411
f 5490/5850/5412 5444/5875/5412 5505/5876/5412
f 5670/5877/5413 5504/5852/5413 5519/5873/5413
f 5498/5854/5414 5497/5853/5414 5512/5874/5414 5513/5878/5414
f 5491/5855/5415 5490/5850/5415 5505/5876/5415 5506/5879/5415
f 5499/5856/5416 5498/5854/5416 5513/5878/5416 5514/5880/5416
f 5492/5857/5417 5491/5855/5417 5506/5879/5417 5507/5881/5417
f 5500/5858/5418 5499/5856/5418 5514/5880/5418 5515/5882/5418
f 5493/5859/5419 5492/5857/5419 5507/5881/5419 5508/5866/5419
f 5501/5860/5420 5500/5858/5420 5515/5882/5420 5516/5868/5420
f 5513/5878/5421 5512/5874/5421 5527/5883/5421 5528/5884/5421
f 5506/5879/5422 5505/5876/5422 5520/5885/5422 5521/5886/5422
f 5514/5880/5423 5513/5878/5423 5528/5884/5423 5529/5887/5423
f 5507/5881/5424 5506/5879/5424 5521/5886/5424 5522/5888/5424
f 5515/5882/5425 5514/5880/5425 5529/5887/5425 5530/5889/5425
f 5508/5866/5426 5507/5881/5426 5522/5888/5426 5523/5890/5426
f 5516/5868/5427 5515/5882/5427 5530/5889/5427 5531/5891/5427
f 5509/5867/5428 5508/5866/5428 5523/5890/5428 5524/5892/5428
f 5517/5869/5429 5516/5868/5429 5531/5891/5429 5532/5893/5429
f 5510/5870/5430 5509/5867/5430 5524/5892/5430 5525/5894/5430
f 5518/5871/5431 5517/5869/5431 5532/5893/5431 5533/5895/5431
f 5511/5872/5432 5510/5870/5432 5525/5894/5432 5526/5896/5432
f 5519/5873/5433 5518/5871/5433 5533/5895/5433 5534/5897/5433
f 5512/5874/5434 5511/5872/5434 5526/5896/5434 5527/5883/5434
f 5505/5876/5435 5444/5898/5435 5520/5885/5435
f 5670/5899/5436 5519/5873/5436 5534/5897/5436
f 5532/5893/5437 5531/5891/5437 5546/5900/5437 5547/5901/5437
f 5525/5894/5438 5524/5892/5438 5539/5902/5438 5540/5903/5438
f 5533/5895/5439 5532/5893/5439 5547/5901/5439 5548/5904/5439
f 5526/5896/5440 5525/5894/5440 5540/5903/5440 5541/5905/5440
f 5534/5897/5441 5533/5895/5441 5548/5904/5441 5549/5906/5441
f 5527/5883/5442 5526/5896/5442 5541/5905/5442 5542/5907/5442
f 5520/5885/5443 5444/5908/5443 5535/5909/5443
f 5670/5910/5444 5534/5897/5444 5549/5906/5444
f 5528/5884/5445 5527/5883/5445 5542/5907/5445 5543/5911/5445
f 5521/5886/5446 5520/5885/5446 5535/5909/5446 5536/5912/5446
f 5529/5887/5447 5528/5884/5447 5543/5911/5447 5544/5913/5447
f 5522/5888/5448 5521/5886/5448 5536/5912/5448 5537/5914/5448
f 5530/5889/5449 5529/5887/5449 5544/5913/5449 5545/5915/5449
f 5523/5890/5450 5522/5888/5450 5537/5914/5450 5538/5916/5450
f 5531/5891/5451 5530/5889/5451 5545/5915/5451 5546/5900/5451
f 5524/5892/5452 5523/5890/5452 5538/5916/5452 5539/5902/5452
f 5544/5913/5453 5543/5911/5453 5558/5917/5453 5559/5918/5453
f 5537/5914/5454 5536/5912/5454 5551/5919/5454 5552/5920/5454
f 5545/5915/5455 5544/5913/5455 5559/5918/5455 5560/5921/5455
f 5538/5916/5456 5537/5914/5456 5552/5920/5456 5553/5922/5456
f 5546/5900/5457 5545/5915/5457 5560/5921/5457 5561/5923/5457
f 5539/5902/5458 5538/5916/5458 5553/5922/5458 5554/5924/5458
f 5547/5901/5459 5546/5900/5459 5561/5923/5459 5562/5925/5459
f 5540/5903/5460 5539/5902/5460 5554/5924/5460 5555/5926/5460
f 5548/5904/5461 5547/5901/5461 5562/5925/5461 5563/5927/5461
f 5541/5905/5462 5540/5903/5462 5555/5926/5462 5556/5928/5462
f 5549/5906/5463 5548/5904/5463 5563/5927/5463 5564/5929/5463
f 5542/5907/5464 5541/5905/5464 5556/5928/5464 5557/5930/5464
f 5535/5909/5465 5444/5931/5465 5550/5932/5465
f 5670/5933/5466 5549/5906/5466 5564/5929/5466
f 5543/5911/5467 5542/5907/5467 5557/5930/5467 5558/5917/5467
f 5536/5912/5468 5535/5909/5468 5550/5932/5468 5551/5919/5468
f 5563/5927/5469 5562/5925/5469 5577/5934/5469 5578/5935/5469
f 5556/5928/5470 5555/5926/5470 5570/5936/5470 5571/5937/5470
f 5564/5929/5471 5563/5927/5471 5578/5935/5471 5579/5938/5471
f 5557/5930/5472 5556/5928/5472 5571/5937/5472 5572/5939/5472
f 5550/5932/5473 5444/5940/5473 5565/5941/5473
f 5670/5942/5474 5564/5929/5474 5579/5938/5474
f 5558/5917/5475 5557/5930/5475 5572/5939/5475 5573/5943/5475
f 5551/5919/5476 5550/5932/5476 5565/5941/5476 5566/5944/5476
f 5559/5918/5477 5558/5917/5477 5573/5943/5477 5574/5945/5477
f 5552/5920/5478 5551/5919/5478 5566/5944/5478 5567/5946/5478
f 5560/5921/5479 5559/5918/5479 5574/5945/5479 5575/5947/5479
f 5553/5922/5480 5552/5920/5480 5567/5946/5480 5568/5948/5480
f 5561/5923/5481 5560/5921/5481 5575/5947/5481 5576/5949/5481
f 5554/5924/5482 5553/5922/5482 5568/5948/5482 5569/5950/5482
f 5562/5925/5483 5561/5923/5483 5576/5949/5483 5577/5934/5483
f 5555/5926/5484 5554/5924/5484 5569/5950/5484 5570/5936/5484
f 5567/5946/5485 5566/5944/5485 5581/5951/5485 5582/5952/5485
f 5575/5947/5486 5574/5945/5486 5589/5953/5486 5590/5954/5486
f 5568/5948/5487 5567/5946/5487 5582/5952/5487 5583/5955/5487
f 5576/5949/5488 5575/5947/5488 5590/5954/5488 5591/5956/5488
f 5569/5950/5489 5568/5948/5489 5583/5955/5489 5584/5957/5489
f 5577/5934/5490 5576/5949/5490 5591/5956/5490 5592/5958/5490
f 5570/5936/5491 5569/5950/5491 5584/5957/5491 5585/5959/5491
f 5578/5935/5492 5577/5934/5492 5592/5958/5492 5593/5960/5492
f 5571/5937/5493 5570/5936/5493 5585/5959/5493 5586/5961/5493
f 5579/5938/5494 5578/5935/5494 5593/5960/5494 5594/5962/5494
f 5572/5939/5495 5571/5937/5495 5586/5961/5495 5587/5963/5495
f 5565/5941/5496 5444/5964/5496 5580/5965/5496
f 5670/5966/5497 5579/5938/5497 5594/5962/5497
f 5573/5943/5498 5572/5939/5498 5587/5963/5498 5588/5967/5498
f 5566/5944/5499 5565/5941/5499 5580/5965/5499 5581/5951/5499
f 5574/5945/5500 5573/5943/5500 5588/5967/5500 5589/5953/5500
f 5586/5961/5501 5585/5959/5501 5600/5968/5501 5601/5969/5501
f 5594/5962/5502 5593/5960/5502 5608/5970/5502 5609/5971/5502
f 5587/5963/5503 5586/5961/5503 5601/5969/5503 5602/5972/5503
f 5580/5965/5504 5444/5973/5504 5595/5974/5504
f 5670/5975/5505 5594/5962/5505 5609/5971/5505
f 5588/5967/5506 5587/5963/5506 5602/5972/5506 5603/5976/5506
f 5581/5951/5507 5580/5965/5507 5595/5974/5507 5596/5977/5507
f 5589/5953/5508 5588/5967/5508 5603/5976/5508 5604/5978/5508
f 5582/5952/5509 5581/5951/5509 5596/5977/5509 5597/5979/5509
f 5590/5954/5510 5589/5953/5510 5604/5978/5510 5605/5980/5510
f 5583/5955/5511 5582/5952/5511 5597/5979/5511 5598/5981/5511
f 5591/5956/5512 5590/5954/5512 5605/5980/5512 5606/5982/5512
f 5584/5957/5513 5583/5955/5513 5598/5981/5513 5599/5983/5513
f 5592/5958/5514 5591/5956/5514 5606/5982/5514 5607/5984/5514
f 5585/5959/5515 5584/5957/5515 5599/5983/5515 5600/5968/5515
f 5593/5960/5516 5592/5958/5516 5607/5984/5516 5608/5970/5516
f 5605/5980/5517 5604/5978/5517 5619/5985/5517 5620/5986/5517
f 5598/5981/5518 5597/5979/5518 5612/5987/5518 5613/5988/5518
f 5606/5982/5519 5605/5980/5519 5620/5986/5519 5621/5989/5519
f 5599/5983/5520 5598/5981/5520 5613/5988/5520 5614/5990/5520
f 5607/5984/5521 5606/5982/5521 5621/5989/5521 5622/5991/5521
f 5600/5968/5522 5599/5983/5522 5614/5990/5522 5615/5992/5522
f 5608/5970/5523 5607/5984/5523 5622/5991/5523 5623/5993/5523
f 5601/5969/5524 5600/5968/5524 5615/5992/5524 5616/5994/5524
f 5609/5971/5525 5608/5970/5525 5623/5993/5525 5624/5995/5525
f 5602/5972/5526 5601/5969/5526 5616/5994/5526 5617/5996/5526
f 5595/5974/5527 5444/5997/5527 5610/5998/5527
f 5670/5999/5528 5609/5971/5528 5624/5995/5528
f 5603/5976/5529 5602/5972/5529 5617/5996/5529 5618/6000/5529
f 5596/5977/5530 5595/5974/5530 5610/5998/5530 5611/6001/5530
f 5604/5978/5531 5603/5976/5531 5618/6000/5531 5619/5985/5531
f 5597/5979/5532 5596/5977/5532 5611/6001/5532 5612/5987/5532
f 5624/5995/5533 5623/5993/5533 5638/6002/5533 5639/6003/5533
f 5617/5996/5534 5616/5994/5534 5631/6004/5534 5632/6005/5534
f 5610/5998/5535 5444/6006/5535 5625/6007/5535
f 5670/6008/5536 5624/5995/5536 5639/6003/5536
f 5618/6000/5537 5617/5996/5537 5632/6005/5537 5633/6009/5537
f 5611/6001/5538 5610/5998/5538 5625/6007/5538 5626/6010/5538
f 5619/5985/5539 5618/6000/5539 5633/6009/5539 5634/6011/5539
f 5612/5987/5540 5611/6001/5540 5626/6010/5540 5627/6012/5540
f 5620/5986/5541 5619/5985/5541 5634/6011/5541 5635/6013/5541
f 5613/5988/5542 5612/5987/5542 5627/6012/5542 5628/6014/5542
f 5621/5989/5543 5620/5986/5543 5635/6013/5543 5636/6015/5543
f 5614/5990/5544 5613/5988/5544 5628/6014/5544 5629/6016/5544
f 5622/5991/5545 5621/5989/5545 5636/6015/5545 5637/6017/5545
f 5615/5992/5546 5614/5990/5546 5629/6016/5546 5630/6018/5546
f 5623/5993/5547 5622/5991/5547 5637/6017/5547 5638/6002/5547
f 5616/5994/5548 5615/5992/5548 5630/6018/5548 5631/6004/5548
f 5628/6014/5549 5627/6012/5549 5642/6019/5549 5643/6020/5549
f 5636/6015/5550 5635/6013/5550 5650/6021/5550 5651/6022/5550
f 5629/6016/5551 5628/6014/5551 5643/6020/5551 5644/6023/5551
f 5637/6017/5552 5636/6015/5552 5651/6022/5552 5652/6024/5552
f 5630/6018/5553 5629/6016/5553 5644/6023/5553 5645/6025/5553
f 5638/6002/5554 5637/6017/5554 5652/6024/5554 5653/6026/5554
f 5631/6004/5555 5630/6018/5555 5645/6025/5555 5646/6027/5555
f 5639/6003/5556 5638/6002/5556 5653/6026/5556 5654/6028/5556
f 5632/6005/5557 5631/6004/5557 5646/6027/5557 5647/6029/5557
f 5625/6007/5558 5444/6030/5558 5640/6031/5558
f 5670/6032/5559 5639/6003/5559 5654/6028/5559
f 5633/6009/5560 5632/6005/5560 5647/6029/5560 5648/6033/5560
f 5626/6010/5561 5625/6007/5561 5640/6031/5561 5641/6034/5561
f 5634/6011/5562 5633/6009/5562 5648/6033/5562 5649/6035/5562
f 5627/6012/5563 5626/6010/5563 5641/6034/5563 5642/6019/5563
f 5635/6013/5564 5634/6011/5564 5649/6035/5564 5650/6021/5564
f 5647/6029/5565 5646/6027/5565 5661/6036/5565 5662/6037/5565
f 5640/6031/5566 5444/6038/5566 5655/6039/5566
f 5670/6040/5567 5654/6028/5567 5669/6041/5567
f 5648/6033/5568 5647/6029/5568 5662/6037/5568 5663/6042/5568
f 5641/6034/5569 5640/6031/5569 5655/6039/5569 5656/6043/5569
f 5649/6035/5570 5648/6033/5570 5663/6042/5570 5664/6044/5570
f 5642/6019/5571 5641/6034/5571 5656/6043/5571 5657/6045/5571
f 5650/6021/5572 5649/6035/5572 5664/6044/5572 5665/6046/5572
f 5643/6020/5573 5642/6019/5573 5657/6045/5573 5658/6047/5573
f 5651/6022/5574 5650/6021/5574 5665/6046/5574 5666/6048/5574
f 5644/6023/5575 5643/6020/5575 5658/6047/5575 5659/6049/5575
f 5652/6024/5576 5651/6022/5576 5666/6048/5576 5667/6050/5576
f 5645/6025/5577 5644/6023/5577 5659/6049/5577 5660/6051/5577
f 5653/6026/5578 5652/6024/5578 5667/6050/5578 5668/6052/5578
f 5646/6027/5579 5645/6025/5579 5660/6051/5579 5661/6036/5579
f 5654/6028/5580 5653/6026/5580 5668/6052/5580 5669/6041/5580
f 5666/6048/5581 5665/6046/5581 5681/6053/5581 5682/6054/5581
f 5659/6049/5582 5658/6047/5582 5674/6055/5582 5675/6056/5582
f 5667/6050/5583 5666/6048/5583 5682/6054/5583 5683/6057/5583
f 5660/6051/5584 5659/6049/5584 5675/6056/5584 5676/6058/5584
f 5668/6052/5585 5667/6050/5585 5683/6057/5585 5684/6059/5585
f 5661/6036/5586 5660/6051/5586 5676/6058/5586 5677/6060/5586
f 5669/6041/5587 5668/6052/5587 5684/6059/5587 5685/6061/5587
f 5662/6037/5588 5661/6036/5588 5677/6060/5588 5678/6062/5588
f 5655/6039/5589 5444/6063/5589 5671/6064/5589
f 5670/6065/5590 5669/6041/5590 5685/6061/5590
f 5663/6042/5591 5662/6037/5591 5678/6062/5591 5679/6066/5591
f 5656/6043/5592 5655/6039/5592 5671/6064/5592 5672/6067/5592
f 5664/6044/5593 5663/6042/5593 5679/6066/5593 5680/6068/5593
f 5657/6045/5594 5656/6043/5594 5672/6067/5594 5673/6069/5594
f 5665/6046/5595 5664/6044/5595 5680/6068/5595 5681/6053/5595
f 5658/6047/5596 5657/6045/5596 5673/6069/5596 5674/6055/5596
f 5670/6070/5597 5685/6061/5597 5700/6071/5597
f 5679/6066/5598 5678/6062/5598 5693/6072/5598 5694/6073/5598
f 5672/6067/5599 5671/6064/5599 5686/6074/5599 5687/6075/5599
f 5680/6068/5600 5679/6066/5600 5694/6073/5600 5695/6076/5600
f 5673/6069/5601 5672/6067/5601 5687/6075/5601 5688/6077/5601
f 5681/6053/5602 5680/6068/5602 5695/6076/5602 5696/6078/5602
f 5674/6055/5603 5673/6069/5603 5688/6077/5603 5689/6079/5603
f 5682/6054/5604 5681/6053/5604 5696/6078/5604 5697/6080/5604
f 5675/6056/5605 5674/6055/5605 5689/6079/5605 5690/6081/5605
f 5683/6057/5606 5682/6054/5606 5697/6080/5606 5698/6082/5606
f 5676/6058/5607 5675/6056/5607 5690/6081/5607 5691/6083/5607
f 5684/6059/5608 5683/6057/5608 5698/6082/5608 5699/6084/5608
f 5677/6060/5609 5676/6058/5609 5691/6083/5609 5692/6085/5609
f 5685/6061/5610 5684/6059/5610 5699/6084/5610 5700/6071/5610
f 5678/6062/5611 5677/6060/5611 5692/6085/5611 5693/6072/5611
f 5671/6064/5612 5444/6086/5612 5686/6074/5612
f 5698/6082/5613 5697/6080/5613 5712/6087/5613 5713/6088/5613
f 5691/6083/5614 5690/6081/5614 5705/6089/5614 5706/6090/5614
f 5699/6084/5615 5698/6082/5615 5713/6088/5615 5714/6091/5615
f 5692/6085/5616 5691/6083/5616 5706/6090/5616 5707/6092/5616
f 5700/6071/5617 5699/6084/5617 5714/6091/5617 5715/6093/5617
f 5693/6072/5618 5692/6085/5618 5707/6092/5618 5708/6094/5618
f 5686/6074/5619 5444/6095/5619 5701/6096/5619
f 5670/6097/5620 5700/6071/5620 5715/6093/5620
f 5694/6073/5621 5693/6072/5621 5708/6094/5621 5709/6098/5621
f 5687/6075/5622 5686/6074/5622 5701/6096/5622 5702/6099/5622
f 5695/6076/5623 5694/6073/5623 5709/6098/5623 5710/6100/5623
f 5688/6077/5624 5687/6075/5624 5702/6099/5624 5703/6101/5624
f 5696/6078/5625 5695/6076/5625 5710/6100/5625 5711/6102/5625
f 5689/6079/5626 5688/6077/5626 5703/6101/5626 5704/6103/5626
f 5697/6080/5627 5696/6078/5627 5711/6102/5627 5712/6087/5627
f 5690/6081/5628 5689/6079/5628 5704/6103/5628 5705/6089/5628
f 5702/6099/5629 5701/6096/5629 5716/6104/5629 5717/6105/5629
f 5710/6100/5630 5709/6098/5630 5724/6106/5630 5725/6107/5630
f 5703/6101/5631 5702/6099/5631 5717/6105/5631 5718/6108/5631
f 5711/6102/5632 5710/6100/5632 5725/6107/5632 5726/6109/5632
f 5704/6103/5633 5703/6101/5633 5718/6108/5633 5719/6110/5633
f 5712/6087/5634 5711/6102/5634 5726/6109/5634 5727/6111/5634
f 5705/6089/5635 5704/6103/5635 5719/6110/5635 5720/6112/5635
f 5713/6088/5636 5712/6087/5636 5727/6111/5636 5728/6113/5636
f 5706/6090/5637 5705/6089/5637 5720/6112/5637 5721/6114/5637
f 5714/6091/5638 5713/6088/5638 5728/6113/5638 5729/6115/5638
f 5707/6092/5639 5706/6090/5639 5721/6114/5639 5722/6116/5639
f 5715/6093/5640 5714/6091/5640 5729/6115/5640 5730/6117/5640
f 5708/6094/5641 5707/6092/5641 5722/6116/5641 5723/6118/5641
f 5701/6096/5642 5444/6119/5642 5716/6104/5642
f 5670/6120/5643 5715/6093/5643 5730/6117/5643
f 5709/6098/5644 5708/6094/5644 5723/6118/5644 5724/6106/5644
f 5721/6121/5645 5720/6122/5645 5735/6123/5645 5736/6124/5645
f 5729/6125/5646 5728/6126/5646 5743/6127/5646 5744/6128/5646
f 5722/6129/5647 5721/6121/5647 5736/6124/5647 5737/6130/5647
f 5730/6131/5648 5729/6125/5648 5744/6128/5648 5745/6132/5648
f 5723/6133/5649 5722/6129/5649 5737/6130/5649 5738/6134/5649
f 5716/6135/5650 5444/6136/5650 5731/6137/5650
f 5670/6138/5651 5730/6131/5651 5745/6132/5651
f 5724/6139/5652 5723/6133/5652 5738/6134/5652 5739/6140/5652
f 5717/6141/5653 5716/6135/5653 5731/6137/5653 5732/6142/5653
f 5725/6143/5654 5724/6139/5654 5739/6140/5654 5740/6144/5654
f 5718/6145/5655 5717/6141/5655 5732/6142/5655 5733/6146/5655
f 5726/6147/5656 5725/6143/5656 5740/6144/5656 5741/6148/5656
f 5719/6149/5657 5718/6145/5657 5733/6146/5657 5734/6150/5657
f 5727/6151/5658 5726/6147/5658 5741/6148/5658 5742/6152/5658
f 5720/6122/5659 5719/6149/5659 5734/6150/5659 5735/6123/5659
f 5728/6126/5660 5727/6151/5660 5742/6152/5660 5743/6127/5660
f 5740/6144/5661 5739/6140/5661 5754/6153/5661 5755/6154/5661
f 5733/6146/5662 5732/6142/5662 5747/6155/5662 5748/6156/5662
f 5741/6148/5663 5740/6144/5663 5755/6154/5663 5756/6157/5663
f 5734/6150/5664 5733/6146/5664 5748/6156/5664 5749/6158/5664
f 5742/6152/5665 5741/6148/5665 5756/6157/5665 5757/6159/5665
f 5735/6123/5666 5734/6150/5666 5749/6158/5666 5750/6160/5666
f 5743/6127/5667 5742/6152/5667 5757/6159/5667 5758/6161/5667
f 5736/6124/5668 5735/6123/5668 5750/6160/5668 5751/6162/5668
f 5744/6128/5669 5743/6127/5669 5758/6161/5669 5759/6163/5669
f 5737/6130/5670 5736/6124/5670 5751/6162/5670 5752/6164/5670
f 5745/6132/5671 5744/6128/5671 5759/6163/5671 5760/6165/5671
f 5738/6134/5672 5737/6130/5672 5752/6164/5672 5753/6166/5672
f 5731/6137/5673 5444/6167/5673 5746/6168/5673
f 5670/6169/5674 5745/6132/5674 5760/6165/5674
f 5739/6140/5675 5738/6134/5675 5753/6166/5675 5754/6153/5675
f 5732/6142/5676 5731/6137/5676 5746/6168/5676 5747/6155/5676
f 5759/6163/5677 5758/6161/5677 5773/6170/5677 5774/6171/5677
f 5752/6164/5678 5751/6162/5678 5766/6172/5678 5767/6173/5678
f 5760/6165/5679 5759/6163/5679 5774/6171/5679 5775/6174/5679
f 5753/6166/5680 5752/6164/5680 5767/6173/5680 5768/6175/5680
f 5746/6168/5681 5444/6176/5681 5761/6177/5681
f 5670/6178/5682 5760/6165/5682 5775/6174/5682
f 5754/6153/5683 5753/6166/5683 5768/6175/5683 5769/6179/5683
f 5747/6155/5684 5746/6168/5684 5761/6177/5684 5762/6180/5684
f 5755/6154/5685 5754/6153/5685 5769/6179/5685 5770/6181/5685
f 5748/6156/5686 5747/6155/5686 5762/6180/5686 5763/6182/5686
f 5756/6157/5687 5755/6154/5687 5770/6181/5687 5771/6183/5687
f 5749/6158/5688 5748/6156/5688 5763/6182/5688 5764/6184/5688
f 5757/6159/5689 5756/6157/5689 5771/6183/5689 5772/6185/5689
f 5750/6160/5690 5749/6158/5690 5764/6184/5690 5765/6186/5690
f 5758/6161/5691 5757/6159/5691 5772/6185/5691 5773/6170/5691
f 5751/6162/5692 5750/6160/5692 5765/6186/5692 5766/6172/5692
f 5763/6182/5693 5762/6180/5693 5777/6187/5693 5778/6188/5693
f 5771/6183/5694 5770/6181/5694 5785/6189/5694 5786/6190/5694
f 5764/6184/5695 5763/6182/5695 5778/6188/5695 5779/6191/5695
f 5772/6185/5696 5771/6183/5696 5786/6190/5696 5787/6192/5696
f 5765/6186/5697 5764/6184/5697 5779/6191/5697 5780/6193/5697
f 5773/6170/5698 5772/6185/5698 5787/6192/5698 5788/6194/5698
f 5766/6172/5699 5765/6186/5699 5780/6193/5699 5781/6195/5699
f 5774/6171/5700 5773/6170/5700 5788/6194/5700 5789/6196/5700
f 5767/6173/5701 5766/6172/5701 5781/6195/5701 5782/6197/5701
f 5775/6174/5702 5774/6171/5702 5789/6196/5702 5790/6198/5702
f 5768/6175/5703 5767/6173/5703 5782/6197/5703 5783/6199/5703
f 5761/6177/5704 5444/6200/5704 5776/6201/5704
f 5670/6202/5705 5775/6174/5705 5790/6198/5705
f 5769/6179/5706 5768/6175/5706 5783/6199/5706 5784/6203/5706
f 5762/6180/5707 5761/6177/5707 5776/6201/5707 5777/6187/5707
f 5770/6181/5708 5769/6179/5708 5784/6203/5708 5785/6189/5708
f 5782/6197/5709 5781/6195/5709 5796/6204/5709 5797/6205/5709
f 5790/6198/5710 5789/6196/5710 5804/6206/5710 5805/6207/5710
f 5783/6199/5711 5782/6197/5711 5797/6205/5711 5798/6208/5711
f 5776/6201/5712 5444/6209/5712 5791/6210/5712
f 5670/6211/5713 5790/6198/5713 5805/6207/5713
f 5784/6203/5714 5783/6199/5714 5798/6208/5714 5799/6212/5714
f 5777/6187/5715 5776/6201/5715 5791/6210/5715 5792/6213/5715
f 5785/6189/5716 5784/6203/5716 5799/6212/5716 5800/6214/5716
f 5778/6188/5717 5777/6187/5717 5792/6213/5717 5793/6215/5717
f 5786/6190/5718 5785/6189/5718 5800/6214/5718 5801/6216/5718
f 5779/6191/5719 5778/6188/5719 5793/6215/5719 5794/6217/5719
f 5787/6192/5720 5786/6190/5720 5801/6216/5720 5802/6218/5720
f 5780/6193/5721 5779/6191/5721 5794/6217/5721 5795/6219/5721
f 5788/6194/5722 5787/6192/5722 5802/6218/5722 5803/6220/5722
f 5781/6195/5723 5780/6193/5723 5795/6219/5723 5796/6204/5723
f 5789/6196/5724 5788/6194/5724 5803/6220/5724 5804/6206/5724
f 5801/6216/5725 5800/6214/5725 5815/6221/5725 5816/6222/5725
f 5794/6217/5726 5793/6215/5726 5808/6223/5726 5809/6224/5726
f 5802/6218/5727 5801/6216/5727 5816/6222/5727 5817/6225/5727
f 5795/6219/5728 5794/6217/5728 5809/6224/5728 5810/6226/5728
f 5803/6220/5729 5802/6218/5729 5817/6225/5729 5818/6227/5729
f 5796/6204/5730 5795/6219/5730 5810/6226/5730 5811/6228/5730
f 5804/6206/5731 5803/6220/5731 5818/6227/5731 5819/6229/5731
f 5797/6205/5732 5796/6204/5732 5811/6228/5732 5812/6230/5732
f 5805/6207/5733 5804/6206/5733 5819/6229/5733 5820/6231/5733
f 5798/6208/5734 5797/6205/5734 5812/6230/5734 5813/6232/5734
f 5791/6210/5735 5444/6233/5735 5806/6234/5735
f 5670/6235/5736 5805/6207/5736 5820/6231/5736
f 5799/6212/5737 5798/6208/5737 5813/6232/5737 5814/6236/5737
f 5792/6213/5738 5791/6210/5738 5806/6234/5738 5807/6237/5738
f 5800/6214/5739 5799/6212/5739 5814/6236/5739 5815/6221/5739
f 5793/6215/5740 5792/6213/5740 5807/6237/5740 5808/6223/5740
f 5820/6231/5741 5819/6229/5741 5834/6238/5741 5835/6239/5741
f 5813/6232/5742 5812/6230/5742 5827/6240/5742 5828/6241/5742
f 5806/6234/5743 5444/6242/5743 5821/6243/5743
f 5670/6244/5744 5820/6231/5744 5835/6239/5744
f 5814/6236/5745 5813/6232/5745 5828/6241/5745 5829/6245/5745
f 5807/6237/5746 5806/6234/5746 5821/6243/5746 5822/6246/5746
f 5815/6221/5747 5814/6236/5747 5829/6245/5747 5830/6247/5747
f 5808/6223/5748 5807/6237/5748 5822/6246/5748 5823/6248/5748
f 5816/6222/5749 5815/6221/5749 5830/6247/5749 5831/6249/5749
f 5809/6224/5750 5808/6223/5750 5823/6248/5750 5824/6250/5750
f 5817/6225/5751 5816/6222/5751 5831/6249/5751 5832/6251/5751
f 5810/6226/5752 5809/6224/5752 5824/6250/5752 5825/6252/5752
f 5818/6227/5753 5817/6225/5753 5832/6251/5753 5833/6253/5753
f 5811/6228/5754 5810/6226/5754 5825/6252/5754 5826/6254/5754
f 5819/6229/5755 5818/6227/5755 5833/6253/5755 5834/6238/5755
f 5812/6230/5756 5811/6228/5756 5826/6254/5756 5827/6240/5756
f 5832/6251/5757 5831/6249/5757 5368/5703/5757 5841/5702/5757
f 5825/6252/5758 5824/6250/5758 5838/5698/5758 5364/5706/5758
f 5833/6253/5759 5832/6251/5759 5841/5702/5759 5842/5708/5759
f 5826/6254/5760 5825/6252/5760 5364/5706/5760 5839/5710/5760
f 5834/6238/5761 5833/6253/5761 5842/5708/5761 5843/5712/5761
f 5827/6240/5762 5826/6254/5762 5839/5710/5762 5365/5714/5762
f 5835/6239/5763 5834/6238/5763 5843/5712/5763 5844/5716/5763
f 5828/6241/5764 5827/6240/5764 5365/5714/5764 5366/5718/5764
f 5821/6243/5765 5444/6255/5765 5836/5720/5765
f 5670/6256/5766 5835/6239/5766 5844/5716/5766
f 5829/6245/5767 5828/6241/5767 5366/5718/5767 5367/5724/5767
f 5822/6246/5768 5821/6243/5768 5836/5720/5768 5837/5726/5768
f 5830/6247/5769 5829/6245/5769 5367/5724/5769 5840/5728/5769
f 5823/6248/5770 5822/6246/5770 5837/5726/5770 5363/5699/5770
f 5831/6249/5771 5830/6247/5771 5840/5728/5771 5368/5703/5771
f 5824/6250/5772 5823/6248/5772 5363/5699/5772 5838/5698/5772
f 5884/6257/5773 5868/6258/5773 5848/6259/5773 5854/6260/5773
f 5859/6261/5774 5873/6262/5774 5858/6263/5774 5847/6264/5774
f 5873/6262/5775 5875/6265/5775 5857/6266/5775 5858/6263/5775
f 5875/6265/5776 5877/6267/5776 5856/6268/5776 5857/6266/5776
f 5877/6267/5777 5879/6269/5777 5855/6270/5777 5856/6268/5777
f 5879/6269/5775 5884/6257/5775 5854/6260/5775 5855/6270/5775
f 5852/6271/5778 5853/6272/5778 5880/6273/5778 5878/6274/5778
f 5851/6275/5779 5852/6271/5779 5878/6274/5779 5876/6276/5779
f 5850/6277/5780 5851/6275/5780 5876/6276/5780 5874/6278/5780
f 5849/6279/5778 5850/6277/5778 5874/6278/5778 5869/6280/5778
f 5845/6281/5781 5849/6279/5781 5869/6280/5781 5863/6282/5781
f 5863/6282/5782 5869/6280/5782 5870/6283/5782 5862/6284/5782
f 5862/6284/5783 5870/6283/5783 5871/6285/5783 5861/6286/5783
f 5861/6286/5784 5871/6285/5784 5872/6287/5784 5860/6288/5784
f 5860/6288/5782 5872/6287/5782 5873/6262/5782 5859/6261/5782
f 5853/6272/5785 5846/6289/5785 5864/6290/5785 5880/6273/5785
f 5880/6273/5786 5864/6290/5786 5865/6291/5786 5881/6292/5786
f 5881/6292/5787 5865/6291/5787 5866/6293/5787 5882/6294/5787
f 5882/6294/5788 5866/6293/5788 5867/6295/5788 5883/6296/5788
f 5883/6296/5786 5867/6295/5786 5868/6258/5786 5884/6257/5786
f 5878/6274/5789 5880/6273/5789 5881/6292/5789 5882/6294/5789 5883/6296/5789 5884/6257/5789 5879/6269/5789 5877/6267/5789 5875/6265/5789 5873/6262/5789 5872/6287/5789 5871/6285/5789 5870/6283/5789 5869/6280/5789 5874/6278/5789 5876/6276/5789
f 5924/6257/5790 5894/6260/5790 5888/6259/5790 5908/6258/5790
f 5899/6261/5791 5887/6264/5791 5898/6263/5791 5913/6262/5791
f 5913/6262/5792 5898/6263/5792 5897/6266/5792 5915/6265/5792
f 5915/6265/5793 5897/6266/5793 5896/6268/5793 5917/6267/5793
f 5917/6267/5794 5896/6268/5794 5895/6270/5794 5919/6269/5794
f 5919/6269/5792 5895/6270/5792 5894/6260/5792 5924/6257/5792
f 5892/6271/5795 5918/6274/5795 5920/6273/5795 5893/6272/5795
f 5891/6275/5796 5916/6276/5796 5918/6274/5796 5892/6271/5796
f 5890/6277/5797 5914/6278/5797 5916/6276/5797 5891/6275/5797
f 5889/6279/5795 5909/6280/5795 5914/6278/5795 5890/6277/5795
f 5885/6281/5798 5903/6282/5798 5909/6280/5798 5889/6279/5798
f 5903/6282/5799 5902/6284/5799 5910/6283/5799 5909/6280/5799
f 5902/6284/5800 5901/6286/5800 5911/6285/5800 5910/6283/5800
f 5901/6286/5801 5900/6288/5801 5912/6287/5801 5911/6285/5801
f 5900/6288/5799 5899/6261/5799 5913/6262/5799 5912/6287/5799
f 5893/6272/5802 5920/6273/5802 5904/6290/5802 5886/6289/5802
f 5920/6273/5803 5921/6292/5803 5905/6291/5803 5904/6290/5803
f 5921/6292/5804 5922/6294/5804 5906/6293/5804 5905/6291/5804
f 5922/6294/5805 5923/6296/5805 5907/6295/5805 5906/6293/5805
f 5923/6296/5803 5924/6257/5803 5908/6258/5803 5907/6295/5803
f 5918/6274/5806 5916/6276/5806 5914/6278/5806 5909/6280/5806 5910/6283/5806 5911/6285/5806 5912/6287/5806 5913/6262/5806 5915/6265/5806 5917/6267/5806 5919/6269/5806 5924/6257/5806 5923/6296/5806 5922/6294/5806 5921/6292/5806 5920/6273/5806
f 5845/6281/5807 5863/6282/5807 5903/6282/5807 5885/6281/5807
f 5846/6289/5808 5853/6272/5808 5893/6272/5808 5886/6289/5808
f 5848/6259/5809 5868/6258/5809 5908/6258/5809 5888/6259/5809
f 5847/6264/5810 5858/6263/5810 5898/6263/5810 5887/6264/5810
f 5849/6279/5808 5845/6281/5808 5885/6281/5808 5889/6279/5808
f 5850/6277/5808 5849/6279/5808 5889/6279/5808 5890/6277/5808
f 5851/6275/5811 5850/6277/5811 5890/6277/5811 5891/6275/5811
f 5852/6271/5812 5851/6275/5812 5891/6275/5812 5892/6271/5812
f 5853/6272/5808 5852/6271/5808 5892/6271/5808 5893/6272/5808
f 5854/6260/5810 5848/6259/5810 5888/6259/5810 5894/6260/5810
f 5855/6270/5810 5854/6260/5810 5894/6260/5810 5895/6270/5810
f 5856/6268/5813 5855/6270/5813 5895/6270/5813 5896/6268/5813
f 5857/6266/5814 5856/6268/5814 5896/6268/5814 5897/6266/5814
f 5858/6263/5810 5857/6266/5810 5897/6266/5810 5898/6263/5810
f 5859/6261/5807 5847/6264/5807 5887/6264/5807 5899/6261/5807
f 5860/6288/5807 5859/6261/5807 5899/6261/5807 5900/6288/5807
f 5861/6286/5815 5860/6288/5815 5900/6288/5815 5901/6286/5815
f 5862/6284/5816 5861/6286/5816 5901/6286/5816 5902/6284/5816
f 5863/6282/5807 5862/6284/5807 5902/6284/5807 5903/6282/5807
f 5864/6290/5809 5846/6289/5809 5886/6289/5809 5904/6290/5809
f 5865/6291/5809 5864/6290/5809 5904/6290/5809 5905/6291/5809
f 5866/6293/5817 5865/6291/5817 5905/6291/5817 5906/6293/5817
f 5867/6295/5818 5866/6293/5818 5906/6293/5818 5907/6295/5818
f 5868/6258/5809 5867/6295/5809 5907/6295/5809 5908/6258/5809
o StageObjectSpawn.014
v -15.000000 27.057886 1.375035
v -15.000000 26.375034 2.057886
v -15.000000 25.482851 2.427444
v -15.000000 25.000000 2.475000
v -15.000000 24.517151 2.427444
v -15.000000 23.624966 2.057886
v -15.094200 27.427444 0.473571
v -15.184779 27.286602 0.928944
v -15.268257 27.057886 1.348614
v -15.341424 26.750090 1.716462
v -15.401475 26.375034 2.018346
v -15.446095 25.947142 2.242665
v -15.473571 25.482851 2.380800
v -15.482850 25.000000 2.427444
v -15.473571 24.517151 2.380800
v -15.446095 24.052858 2.242665
v -15.401475 23.624966 2.018346
v -15.341424 23.249910 1.716462
v -15.268257 22.942114 1.348614
v -15.184779 22.713398 0.928944
v -15.094200 22.572556 0.473571
v -15.184779 27.427444 0.446094
v -15.362454 27.286602 0.875046
v -15.526203 27.057886 1.270368
v -15.669729 26.750090 1.616871
v -15.787519 26.375034 1.901241
v -15.875046 25.947142 2.112543
v -15.928941 25.482851 2.242665
v -15.947143 25.000000 2.286603
v -15.928941 24.517151 2.242665
v -15.875046 24.052858 2.112543
v -15.787519 23.624966 1.901241
v -15.669729 23.249910 1.616871
v -15.526203 22.942114 1.270368
v -15.362454 22.713398 0.875046
v -15.184779 22.572556 0.446094
v -15.268257 27.427444 0.401475
v -15.526203 27.286602 0.787518
v -15.763929 27.057886 1.143300
v -15.972297 26.750090 1.455147
v -16.143301 26.375034 1.711071
v -16.270369 25.947142 1.901241
v -16.348614 25.482851 2.018346
v -16.375034 25.000000 2.057886
v -16.348614 24.517151 2.018346
v -16.270369 24.052858 1.901241
v -16.143301 23.624966 1.711071
v -15.972297 23.249910 1.455147
v -15.763929 22.942114 1.143300
v -15.526203 22.713398 0.787518
v -15.268257 22.572556 0.401475
v -15.341424 27.427444 0.341424
v -15.669729 27.286602 0.669729
v -15.972297 27.057886 0.972297
v -16.237499 26.750090 1.237500
v -16.455147 26.375034 1.455147
v -16.616871 25.947142 1.616871
v -16.716461 25.482851 1.716462
v -16.750090 25.000000 1.750089
v -16.716461 24.517151 1.716462
v -16.616871 24.052858 1.616871
v -16.455147 23.624966 1.455147
v -16.237499 23.249910 1.237500
v -15.972297 22.942114 0.972297
v -15.669729 22.713398 0.669729
v -15.341424 22.572556 0.341424
v -15.401475 27.427444 0.268257
v -15.787519 27.286602 0.526203
v -16.143299 27.057886 0.763929
v -16.455147 26.750090 0.972297
v -16.711071 26.375034 1.143300
v -16.901241 25.947142 1.270368
v -17.018347 25.482851 1.348614
v -17.057886 25.000000 1.375035
v -17.018347 24.517151 1.348614
v -16.901241 24.052858 1.270368
v -16.711071 23.624966 1.143300
v -16.455147 23.249910 0.972297
v -16.143299 22.942114 0.763929
v -15.787519 22.713398 0.526203
v -15.401475 22.572556 0.268257
v -15.000000 27.475000 -0.000000
v -15.446094 27.427444 0.184779
v -15.875046 27.286602 0.362454
v -16.270369 27.057886 0.526203
v -16.616871 26.750090 0.669729
v -16.901241 26.375034 0.787518
v -17.112543 25.947142 0.875046
v -17.242664 25.482851 0.928941
v -17.286600 25.000000 0.947142
v -17.242664 24.517151 0.928941
v -17.112543 24.052858 0.875046
v -16.901241 23.624966 0.787518
v -16.616871 23.249910 0.669729
v -16.270369 22.942114 0.526203
v -15.875046 22.713398 0.362454
v -15.446094 22.572556 0.184779
v -15.473571 27.427444 0.094200
v -15.928941 27.286602 0.184779
v -16.348614 27.057886 0.268257
v -16.716461 26.750090 0.341427
v -17.018347 26.375034 0.401475
v -17.242664 25.947142 0.446094
v -17.380800 25.482849 0.473571
v -17.427444 25.000000 0.482847
v -17.380800 24.517151 0.473571
v -17.242664 24.052858 0.446094
v -17.018347 23.624966 0.401475
v -16.716461 23.249910 0.341427
v -16.348614 22.942114 0.268257
v -15.928941 22.713398 0.184779
v -15.473571 22.572556 0.094200
v -15.482847 27.427444 -0.000000
v -15.947142 27.286602 -0.000000
v -16.375034 27.057886 -0.000000
v -16.750090 26.750090 -0.000000
v -17.057886 26.375034 -0.000000
v -17.286602 25.947142 -0.000000
v -17.427444 25.482849 -0.000000
v -17.475000 25.000000 -0.000000
v -17.427444 24.517151 -0.000000
v -17.286602 24.052858 -0.000000
v -17.057886 23.624966 -0.000000
v -16.750090 23.249910 -0.000000
v -16.375034 22.942114 0.000000
v -15.947142 22.713398 0.000000
v -15.482847 22.572556 0.000000
v -15.473571 27.427444 -0.094200
v -15.928941 27.286602 -0.184779
v -16.348614 27.057886 -0.268257
v -16.716461 26.750090 -0.341424
v -17.018347 26.375034 -0.401475
v -17.242664 25.947142 -0.446094
v -17.380800 25.482849 -0.473571
v -17.427444 25.000000 -0.482850
v -17.380800 24.517151 -0.473571
v -17.242664 24.052858 -0.446094
v -17.018347 23.624966 -0.401475
v -16.716461 23.249910 -0.341424
v -16.348614 22.942114 -0.268257
v -15.928941 22.713398 -0.184779
v -15.473571 22.572556 -0.094200
v -15.446094 27.427444 -0.184779
v -15.875046 27.286602 -0.362454
v -16.270369 27.057886 -0.526203
v -16.616871 26.750090 -0.669729
v -16.901237 26.375034 -0.787518
v -17.112543 25.947142 -0.875043
v -17.242664 25.482849 -0.928944
v -17.286600 25.000000 -0.947142
v -17.242664 24.517149 -0.928944
v -17.112543 24.052858 -0.875043
v -16.901237 23.624966 -0.787518
v -16.616871 23.249910 -0.669729
v -16.270369 22.942114 -0.526203
v -15.875046 22.713398 -0.362454
v -15.446094 22.572556 -0.184779
v -15.401475 27.427444 -0.268257
v -15.787518 27.286602 -0.526203
v -16.143299 27.057886 -0.763929
v -16.455147 26.750090 -0.972297
v -16.711071 26.375034 -1.143300
v -16.901241 25.947142 -1.270368
v -17.018345 25.482849 -1.348614
v -17.057886 25.000000 -1.375035
v -17.018345 24.517149 -1.348614
v -16.901241 24.052858 -1.270368
v -16.711071 23.624966 -1.143300
v -16.455147 23.249910 -0.972297
v -16.143299 22.942114 -0.763929
v -15.787518 22.713398 -0.526203
v -15.401475 22.572556 -0.268257
v -15.341424 27.427444 -0.341424
v -15.669729 27.286602 -0.669729
v -15.972297 27.057886 -0.972297
v -16.237499 26.750090 -1.237500
v -16.455143 26.375034 -1.455147
v -16.616871 25.947142 -1.616871
v -16.716461 25.482849 -1.716462
v -16.750090 25.000000 -1.750089
v -16.716461 24.517149 -1.716462
v -16.616871 24.052858 -1.616871
v -16.455143 23.624966 -1.455147
v -16.237499 23.249910 -1.237500
v -15.972297 22.942114 -0.972297
v -15.669729 22.713398 -0.669729
v -15.341424 22.572556 -0.341424
v -15.268257 27.427444 -0.401475
v -15.526203 27.286602 -0.787518
v -15.763929 27.057886 -1.143300
v -15.972297 26.750090 -1.455147
v -16.143299 26.375034 -1.711071
v -16.270369 25.947142 -1.901241
v -16.348614 25.482849 -2.018346
v -16.375034 25.000000 -2.057886
v -16.348614 24.517149 -2.018346
v -16.270369 24.052858 -1.901241
v -16.143299 23.624966 -1.711071
v -15.972297 23.249910 -1.455147
v -15.763929 22.942114 -1.143300
v -15.526203 22.713398 -0.787518
v -15.268257 22.572556 -0.401475
v -15.184779 27.427444 -0.446094
v -15.362453 27.286602 -0.875043
v -15.526203 27.057886 -1.270368
v -15.669729 26.750090 -1.616871
v -15.787518 26.375034 -1.901238
v -15.875046 25.947142 -2.112543
v -15.928941 25.482849 -2.242665
v -15.947139 25.000000 -2.286600
v -15.928941 24.517149 -2.242665
v -15.875046 24.052858 -2.112543
v -15.787518 23.624966 -1.901238
v -15.669729 23.249910 -1.616871
v -15.526203 22.942114 -1.270368
v -15.362453 22.713398 -0.875043
v -15.184779 22.572556 -0.446094
v -15.094200 27.427444 -0.473571
v -15.184779 27.286602 -0.928941
v -15.268257 27.057886 -1.348614
v -15.341424 26.750090 -1.716462
v -15.401472 26.375034 -2.018346
v -15.446094 25.947142 -2.242665
v -15.473571 25.482849 -2.380800
v -15.482847 25.000000 -2.427441
v -15.473571 24.517149 -2.380800
v -15.446094 24.052858 -2.242665
v -15.401472 23.624966 -2.018346
v -15.341424 23.249910 -1.716462
v -15.268257 22.942114 -1.348614
v -15.184779 22.713398 -0.928941
v -15.094200 22.572556 -0.473571
v -15.000000 27.427444 -0.482847
v -15.000000 27.286602 -0.947142
v -15.000000 27.057886 -1.375035
v -15.000000 26.750090 -1.750089
v -15.000000 26.375034 -2.057886
v -15.000000 25.947142 -2.286600
v -15.000000 25.482849 -2.427444
v -15.000000 25.000000 -2.474997
v -15.000000 24.517149 -2.427444
v -15.000000 24.052858 -2.286600
v -15.000000 23.624966 -2.057886
v -15.000000 23.249910 -1.750089
v -15.000000 22.942114 -1.375035
v -15.000000 22.713398 -0.947142
v -15.000000 22.572556 -0.482847
v -14.905800 27.427444 -0.473571
v -14.815221 27.286602 -0.928941
v -14.731743 27.057886 -1.348614
v -14.658576 26.750090 -1.716462
v -14.598525 26.375034 -2.018346
v -14.553905 25.947142 -2.242665
v -14.526429 25.482849 -2.380800
v -14.517150 25.000000 -2.427441
v -14.526429 24.517149 -2.380800
v -14.553905 24.052858 -2.242665
v -14.598525 23.624966 -2.018346
v -14.658576 23.249910 -1.716462
v -14.731743 22.942114 -1.348614
v -14.815221 22.713398 -0.928941
v -14.905800 22.572556 -0.473571
v -14.815221 27.427444 -0.446094
v -14.637546 27.286602 -0.875043
v -14.473797 27.057886 -1.270368
v -14.330271 26.750090 -1.616871
v -14.212481 26.375034 -1.901238
v -14.124957 25.947142 -2.112543
v -14.071059 25.482849 -2.242665
v -14.052857 25.000000 -2.286600
v -14.071059 24.517149 -2.242665
v -14.124957 24.052858 -2.112543
v -14.212481 23.624966 -1.901238
v -14.330271 23.249910 -1.616871
v -14.473797 22.942114 -1.270368
v -14.637546 22.713398 -0.875043
v -14.815221 22.572556 -0.446094
v -14.731743 27.427444 -0.401475
v -14.473797 27.286602 -0.787518
v -14.236071 27.057886 -1.143300
v -14.027703 26.750090 -1.455147
v -13.856700 26.375034 -1.711071
v -13.729631 25.947142 -1.901238
v -13.651386 25.482849 -2.018346
v -13.624965 25.000000 -2.057886
v -13.651386 24.517149 -2.018346
v -13.729631 24.052858 -1.901238
v -13.856700 23.624966 -1.711071
v -14.027703 23.249910 -1.455147
v -14.236071 22.942114 -1.143300
v -14.473797 22.713398 -0.787518
v -14.731743 22.572556 -0.401475
v -14.658576 27.427444 -0.341424
v -14.330271 27.286602 -0.669729
v -14.027703 27.057886 -0.972297
v -13.762500 26.750090 -1.237500
v -13.544853 26.375034 -1.455144
v -13.383129 25.947142 -1.616871
v -13.283538 25.482849 -1.716462
v -13.249910 25.000000 -1.750086
v -13.283538 24.517149 -1.716462
v -13.383129 24.052858 -1.616871
v -13.544853 23.624966 -1.455144
v -13.762500 23.249910 -1.237500
v -14.027703 22.942114 -0.972297
v -14.330271 22.713398 -0.669729
v -14.658576 22.572556 -0.341424
v -15.000000 22.525000 0.000000
v -14.598525 27.427444 -0.268257
v -14.212481 27.286602 -0.526203
v -13.856700 27.057886 -0.763929
v -13.544853 26.750090 -0.972297
v -13.288929 26.375034 -1.143300
v -13.098762 25.947142 -1.270368
v -12.981653 25.482849 -1.348614
v -12.942114 25.000000 -1.375035
v -12.981653 24.517149 -1.348614
v -13.098762 24.052858 -1.270368
v -13.288929 23.624966 -1.143300
v -13.544853 23.249910 -0.972297
v -13.856700 22.942114 -0.763929
v -14.212481 22.713398 -0.526203
v -14.598525 22.572556 -0.268257
v -14.553906 27.427444 -0.184779
v -14.124957 27.286602 -0.362454
v -13.729631 27.057886 -0.526203
v -13.383129 26.750090 -0.669729
v -13.098762 26.375034 -0.787518
v -12.887457 25.947142 -0.875043
v -12.757335 25.482849 -0.928941
v -12.713400 25.000000 -0.947139
v -12.757335 24.517149 -0.928941
v -12.887457 24.052858 -0.875043
v -13.098762 23.624966 -0.787518
v -13.383129 23.249910 -0.669729
v -13.729631 22.942114 -0.526203
v -14.124957 22.713398 -0.362454
v -14.553906 22.572556 -0.184779
v -14.526429 27.427444 -0.094200
v -14.071059 27.286602 -0.184779
v -13.651386 27.057886 -0.268257
v -13.283538 26.750090 -0.341424
v -12.981654 26.375034 -0.401472
v -12.757335 25.947142 -0.446094
v -12.619200 25.482849 -0.473571
v -12.572559 25.000000 -0.482847
v -12.619200 24.517151 -0.473571
v -12.757335 24.052858 -0.446094
v -12.981654 23.624966 -0.401472
v -13.283538 23.249910 -0.341424
v -13.651386 22.942114 -0.268257
v -14.071059 22.713398 -0.184779
v -14.526429 22.572556 -0.094200
v -14.517153 27.427444 -0.000000
v -14.052858 27.286602 -0.000000
v -13.624965 27.057886 -0.000000
v -13.249911 26.750090 0.000000
v -12.942114 26.375034 0.000000
v -12.713400 25.947142 0.000000
v -12.572559 25.482849 0.000000
v -12.525003 25.000000 0.000000
v -12.572559 24.517151 0.000000
v -12.713400 24.052858 0.000000
v -12.942114 23.624966 0.000000
v -13.249911 23.249910 0.000000
v -13.624965 22.942114 0.000000
v -14.052858 22.713398 0.000000
v -14.517153 22.572556 0.000000
v -14.526429 27.427444 0.094200
v -14.071059 27.286602 0.184779
v -13.651386 27.057886 0.268257
v -13.283538 26.750090 0.341424
v -12.981657 26.375034 0.401475
v -12.757335 25.947142 0.446094
v -12.619200 25.482849 0.473571
v -12.572559 25.000000 0.482850
v -12.619200 24.517151 0.473571
v -12.757335 24.052858 0.446094
v -12.981657 23.624966 0.401475
v -13.283538 23.249910 0.341424
v -13.651386 22.942114 0.268257
v -14.071059 22.713398 0.184779
v -14.526429 22.572556 0.094200
v -14.553906 27.427444 0.184779
v -14.124957 27.286602 0.362454
v -13.729632 27.057886 0.526203
v -13.383129 26.750090 0.669729
v -13.098762 26.375034 0.787518
v -12.887457 25.947142 0.875043
v -12.757335 25.482851 0.928944
v -12.713400 25.000000 0.947142
v -12.757335 24.517151 0.928944
v -12.887457 24.052858 0.875043
v -13.098762 23.624966 0.787518
v -13.383129 23.249910 0.669729
v -13.729632 22.942114 0.526203
v -14.124957 22.713398 0.362454
v -14.553906 22.572556 0.184779
v -14.598528 27.427444 0.268257
v -14.212482 27.286602 0.526203
v -13.856700 27.057886 0.763929
v -13.544853 26.750090 0.972297
v -13.288932 26.375034 1.143300
v -13.098763 25.947142 1.270368
v -12.981657 25.482851 1.348614
v -12.942118 25.000000 1.375035
v -12.981657 24.517151 1.348614
v -13.098763 24.052858 1.270368
v -13.288932 23.624966 1.143300
v -13.544853 23.249910 0.972297
v -13.856700 22.942114 0.763929
v -14.212482 22.713398 0.526203
v -14.598528 22.572556 0.268257
v -14.658576 27.427444 0.341424
v -14.330271 27.286602 0.669729
v -14.027703 27.057886 0.972297
v -13.762500 26.750090 1.237500
v -13.544856 26.375034 1.455144
v -13.383129 25.947142 1.616871
v -13.283541 25.482851 1.716462
v -13.249914 25.000000 1.750089
v -13.283541 24.517151 1.716462
v -13.383129 24.052858 1.616871
v -13.544856 23.624966 1.455144
v -13.762500 23.249910 1.237500
v -14.027703 22.942114 0.972297
v -14.330271 22.713398 0.669729
v -14.658576 22.572556 0.341424
v -14.731743 27.427444 0.401472
v -14.473797 27.286602 0.787518
v -14.236071 27.057886 1.143300
v -14.027703 26.750090 1.455147
v -13.856700 26.375034 1.711071
v -13.729632 25.947142 1.901238
v -13.651386 25.482851 2.018346
v -13.624966 25.000000 2.057886
v -13.651386 24.517151 2.018346
v -13.729632 24.052858 1.901238
v -13.856700 23.624966 1.711071
v -14.027703 23.249910 1.455147
v -14.236071 22.942114 1.143300
v -14.473797 22.713398 0.787518
v -14.731743 22.572556 0.401472
v -14.815221 27.427444 0.446094
v -14.637547 27.286602 0.875043
v -14.473797 27.057886 1.270368
v -14.330271 26.750090 1.616871
v -14.212482 26.375034 1.901238
v -14.124957 25.947142 2.112543
v -14.071059 25.482851 2.242665
v -14.052861 25.000000 2.286600
v -14.071059 24.517151 2.242665
v -14.124957 24.052858 2.112543
v -14.212482 23.624966 1.901238
v -14.330271 23.249910 1.616871
v -14.473797 22.942114 1.270368
v -14.637547 22.713398 0.875043
v -14.815221 22.572556 0.446094
v -14.905800 27.427444 0.473571
v -14.815221 27.286602 0.928941
v -14.731746 27.057886 1.348614
v -14.658576 26.750090 1.716462
v -14.598528 26.375034 2.018343
v -14.553906 25.947142 2.242665
v -14.526429 25.482851 2.380800
v -14.517153 25.000000 2.427441
v -14.526429 24.517151 2.380800
v -14.553906 24.052858 2.242665
v -14.598528 23.624966 2.018343
v -14.658576 23.249910 1.716462
v -14.731746 22.942114 1.348614
v -14.815221 22.713398 0.928941
v -14.905800 22.572556 0.473571
v -15.000000 27.427444 0.482847
v -15.000000 27.286602 0.947142
v -15.000000 26.750090 1.750089
v -15.000000 25.947142 2.286600
v -15.000000 24.052858 2.286600
v -15.000000 23.249910 1.750089
v -15.000000 22.942114 1.375035
v -15.000000 22.713398 0.947142
v -15.000000 22.572556 0.482847
v -12.723000 22.723000 -0.074250
v -17.277000 22.723000 -0.074250
v -12.723000 27.277000 -0.074250
v -17.277000 27.277000 -0.074250
v -13.020000 22.723000 -0.074250
v -14.010000 22.723000 -0.074250
v -15.000000 22.030001 -0.074250
v -15.990000 22.723000 -0.074250
v -16.980000 22.723000 -0.074250
v -16.980000 27.277000 -0.074250
v -15.990000 27.277000 -0.074250
v -15.000000 27.969999 -0.074250
v -14.010000 27.277000 -0.074250
v -13.020000 27.277000 -0.074250
v -12.723000 26.980000 -0.074250
v -12.723000 25.990000 -0.074250
v -12.030000 25.000000 -0.074250
v -12.723000 24.010000 -0.074250
v -12.723000 23.020000 -0.074250
v -17.277000 23.020000 -0.074250
v -17.277000 24.010000 -0.074250
v -17.969999 25.000000 -0.074250
v -17.277000 25.990000 -0.074250
v -17.277000 26.980000 -0.074250
v -13.020000 23.020000 -0.371250
v -13.020000 24.010000 -0.371250
v -13.020000 25.000000 -0.371250
v -13.020000 25.990000 -0.371250
v -13.020000 26.980000 -0.371250
v -14.010000 23.020000 -0.371250
v -14.010000 26.980000 -0.371250
v -15.000000 23.020000 -0.371250
v -15.000000 26.980000 -0.371250
v -15.990000 23.020000 -0.371250
v -15.990000 26.980000 -0.371250
v -16.980000 23.020000 -0.371250
v -16.980000 24.010000 -0.371250
v -16.980000 25.000000 -0.371250
v -16.980000 25.990000 -0.371250
v -16.980000 26.980000 -0.371250
v -12.723000 22.723000 0.074250
v -17.277000 22.723000 0.074250
v -12.723000 27.277000 0.074250
v -17.277000 27.277000 0.074250
v -13.020000 22.723000 0.074250
v -14.010000 22.723000 0.074250
v -15.000000 22.030001 0.074250
v -15.990000 22.723000 0.074250
v -16.980000 22.723000 0.074250
v -16.980000 27.277000 0.074250
v -15.990000 27.277000 0.074250
v -15.000000 27.969999 0.074250
v -14.010000 27.277000 0.074250
v -13.020000 27.277000 0.074250
v -12.723000 26.980000 0.074250
v -12.723000 25.990000 0.074250
v -12.030000 25.000000 0.074250
v -12.723000 24.010000 0.074250
v -12.723000 23.020000 0.074250
v -17.277000 23.020000 0.074250
v -17.277000 24.010000 0.074250
v -17.969999 25.000000 0.074250
v -17.277000 25.990000 0.074250
v -17.277000 26.980000 0.074250
v -13.020000 23.020000 0.371250
v -13.020000 24.010000 0.371250
v -13.020000 25.000000 0.371250
v -13.020000 25.990000 0.371250
v -13.020000 26.980000 0.371250
v -14.010000 23.020000 0.371250
v -14.010000 26.980000 0.371250
v -15.000000 23.020000 0.371250
v -15.000000 26.980000 0.371250
v -15.990000 23.020000 0.371250
v -15.990000 26.980000 0.371250
v -16.980000 23.020000 0.371250
v -16.980000 24.010000 0.371250
v -16.980000 25.000000 0.371250
v -16.980000 25.990000 0.371250
v -16.980000 26.980000 0.371250
vn -0.0624 0.7715 0.6332
vn -0.0759 -0.6326 0.7708
vn -0.0759 0.6326 0.7708
vn -0.0624 -0.7715 0.6332
vn -0.0865 0.4696 0.8786
vn -0.0464 -0.8810 0.4709
vn -0.0938 0.2890 0.9527
vn -0.0286 -0.9566 0.2902
vn -0.0976 0.0976 0.9904
vn -0.0097 0.9951 0.0980
vn -0.0097 -0.9951 0.0980
vn -0.0976 -0.0976 0.9904
vn -0.0286 0.9566 0.2902
vn -0.0938 -0.2890 0.9527
vn -0.0464 0.8810 0.4709
vn -0.0865 -0.4696 0.8786
vn -0.2779 -0.2890 0.9161
vn -0.1374 0.8810 0.4528
vn -0.2563 -0.4696 0.8448
vn -0.1847 0.7715 0.6088
vn -0.2248 -0.6326 0.7412
vn -0.2248 0.6326 0.7412
vn -0.1847 -0.7715 0.6088
vn -0.2563 0.4696 0.8448
vn -0.1374 -0.8810 0.4528
vn -0.2779 0.2890 0.9161
vn -0.0846 -0.9566 0.2790
vn -0.2889 0.0976 0.9524
vn -0.0286 0.9951 0.0942
vn -0.0286 -0.9951 0.0942
vn -0.2889 -0.0976 0.9524
vn -0.0846 0.9566 0.2790
vn -0.2231 -0.8810 0.4173
vn -0.4513 0.2890 0.8443
vn -0.1374 -0.9565 0.2571
vn -0.4692 0.0976 0.8777
vn -0.0464 0.9951 0.0869
vn -0.0464 -0.9951 0.0869
vn -0.4692 -0.0976 0.8777
vn -0.1374 0.9565 0.2571
vn -0.4513 -0.2890 0.8443
vn -0.2231 0.8810 0.4173
vn -0.4162 -0.4696 0.7786
vn -0.2999 0.7715 0.5611
vn -0.3651 -0.6326 0.6831
vn -0.3651 0.6326 0.6831
vn -0.2999 -0.7715 0.5611
vn -0.4162 0.4696 0.7786
vn -0.5601 -0.4696 0.6825
vn -0.4036 0.7715 0.4918
vn -0.4913 -0.6326 0.5987
vn -0.4913 0.6326 0.5987
vn -0.4036 -0.7715 0.4918
vn -0.5601 0.4696 0.6825
vn -0.3002 -0.8810 0.3658
vn -0.6073 0.2890 0.7400
vn -0.1850 -0.9565 0.2254
vn -0.6314 0.0975 0.7693
vn -0.0625 0.9951 0.0761
vn -0.0625 -0.9951 0.0761
vn -0.6314 -0.0975 0.7693
vn -0.1850 0.9565 0.2254
vn -0.6073 -0.2890 0.7400
vn -0.3002 0.8810 0.3658
vn -0.2254 -0.9565 0.1850
vn -0.7693 0.0975 0.6314
vn -0.0761 0.9951 0.0625
vn -0.0761 -0.9951 0.0625
vn -0.7693 -0.0975 0.6314
vn -0.2254 0.9565 0.1850
vn -0.7400 -0.2890 0.6073
vn -0.3658 0.8810 0.3002
vn -0.6825 -0.4696 0.5601
vn -0.4918 0.7715 0.4036
vn -0.5987 -0.6326 0.4913
vn -0.5987 0.6326 0.4913
vn -0.4918 -0.7715 0.4036
vn -0.6825 0.4696 0.5601
vn -0.3658 -0.8810 0.3002
vn -0.7400 0.2890 0.6073
vn -0.5611 0.7715 0.2999
vn -0.6831 -0.6326 0.3651
vn -0.6831 0.6326 0.3651
vn -0.5611 -0.7715 0.2999
vn -0.7786 0.4696 0.4162
vn -0.4173 -0.8810 0.2231
vn -0.8443 0.2890 0.4513
vn -0.2571 -0.9565 0.1374
vn -0.8777 0.0975 0.4691
vn -0.0869 0.9951 0.0464
vn -0.0869 -0.9951 0.0464
vn -0.8777 -0.0975 0.4691
vn -0.2571 0.9565 0.1374
vn -0.8443 -0.2890 0.4513
vn -0.4173 0.8810 0.2231
vn -0.7786 -0.4696 0.4162
vn -0.9524 0.0975 0.2889
vn -0.0942 0.9951 0.0286
vn -0.0942 -0.9951 0.0286
vn -0.9524 -0.0975 0.2889
vn -0.2790 0.9565 0.0846
vn -0.9161 -0.2890 0.2779
vn -0.4528 0.8810 0.1374
vn -0.8448 -0.4696 0.2563
vn -0.6088 0.7715 0.1847
vn -0.7412 -0.6326 0.2248
vn -0.7412 0.6326 0.2248
vn -0.6088 -0.7715 0.1847
vn -0.8448 0.4696 0.2563
vn -0.4528 -0.8810 0.1374
vn -0.9161 0.2890 0.2779
vn -0.2790 -0.9565 0.0846
vn -0.7708 -0.6326 0.0759
vn -0.7708 0.6326 0.0759
vn -0.6332 -0.7715 0.0624
vn -0.8786 0.4696 0.0865
vn -0.4709 -0.8810 0.0464
vn -0.9527 0.2890 0.0938
vn -0.2902 -0.9565 0.0286
vn -0.9904 0.0976 0.0976
vn -0.0980 0.9951 0.0097
vn -0.0980 -0.9951 0.0097
vn -0.9904 -0.0976 0.0976
vn -0.2902 0.9565 0.0286
vn -0.9527 -0.2890 0.0938
vn -0.4709 0.8810 0.0464
vn -0.8786 -0.4696 0.0865
vn -0.6332 0.7715 0.0624
vn -0.0980 0.9951 -0.0097
vn -0.0980 -0.9951 -0.0097
vn -0.9904 -0.0976 -0.0976
vn -0.2902 0.9565 -0.0286
vn -0.9527 -0.2890 -0.0938
vn -0.4709 0.8810 -0.0464
vn -0.8786 -0.4696 -0.0865
vn -0.6332 0.7715 -0.0624
vn -0.7708 -0.6326 -0.0759
vn -0.7708 0.6326 -0.0759
vn -0.6332 -0.7715 -0.0624
vn -0.8786 0.4696 -0.0865
vn -0.4709 -0.8810 -0.0464
vn -0.9527 0.2890 -0.0938
vn -0.2902 -0.9565 -0.0286
vn -0.9904 0.0976 -0.0976
vn -0.7412 0.6326 -0.2248
vn -0.6088 -0.7715 -0.1847
vn -0.8448 0.4696 -0.2563
vn -0.4528 -0.8810 -0.1374
vn -0.9161 0.2890 -0.2779
vn -0.2790 -0.9565 -0.0846
vn -0.9524 0.0975 -0.2889
vn -0.0942 0.9951 -0.0286
vn -0.0942 -0.9951 -0.0286
vn -0.9524 -0.0975 -0.2889
vn -0.2790 0.9565 -0.0846
vn -0.9161 -0.2890 -0.2779
vn -0.4528 0.8810 -0.1374
vn -0.8448 -0.4696 -0.2563
vn -0.6088 0.7715 -0.1847
vn -0.7412 -0.6326 -0.2248
vn -0.8777 -0.0975 -0.4691
vn -0.2571 0.9565 -0.1374
vn -0.8443 -0.2890 -0.4513
vn -0.4173 0.8810 -0.2231
vn -0.7786 -0.4696 -0.4162
vn -0.5611 0.7715 -0.2999
vn -0.6831 -0.6326 -0.3651
vn -0.6831 0.6326 -0.3651
vn -0.5611 -0.7715 -0.2999
vn -0.7786 0.4696 -0.4162
vn -0.4173 -0.8810 -0.2231
vn -0.8443 0.2890 -0.4513
vn -0.2571 -0.9565 -0.1374
vn -0.8777 0.0975 -0.4692
vn -0.0869 0.9951 -0.0464
vn -0.0869 -0.9951 -0.0464
vn -0.4918 -0.7715 -0.4036
vn -0.6825 0.4696 -0.5601
vn -0.3658 -0.8810 -0.3002
vn -0.7400 0.2890 -0.6073
vn -0.2254 -0.9565 -0.1850
vn -0.7693 0.0975 -0.6314
vn -0.0761 0.9951 -0.0625
vn -0.0761 -0.9951 -0.0625
vn -0.7693 -0.0975 -0.6314
vn -0.2254 0.9565 -0.1850
vn -0.7400 -0.2890 -0.6073
vn -0.3658 0.8810 -0.3002
vn -0.6825 -0.4696 -0.5601
vn -0.4918 0.7715 -0.4036
vn -0.5987 -0.6326 -0.4913
vn -0.5987 0.6326 -0.4913
vn -0.6073 -0.2890 -0.7400
vn -0.3002 0.8810 -0.3658
vn -0.5601 -0.4696 -0.6825
vn -0.4036 0.7715 -0.4918
vn -0.4913 -0.6326 -0.5987
vn -0.4913 0.6326 -0.5987
vn -0.4036 -0.7715 -0.4918
vn -0.5601 0.4696 -0.6825
vn -0.3002 -0.8810 -0.3658
vn -0.6073 0.2890 -0.7400
vn -0.1850 -0.9565 -0.2254
vn -0.6314 0.0975 -0.7693
vn -0.0625 0.9951 -0.0761
vn -0.0625 -0.9951 -0.0761
vn -0.6314 -0.0975 -0.7693
vn -0.1850 0.9565 -0.2254
vn -0.2231 -0.8810 -0.4173
vn -0.4513 0.2890 -0.8443
vn -0.1374 -0.9565 -0.2571
vn -0.4691 0.0975 -0.8777
vn -0.0464 0.9951 -0.0869
vn -0.0464 -0.9951 -0.0869
vn -0.4691 -0.0975 -0.8777
vn -0.1374 0.9565 -0.2571
vn -0.4513 -0.2890 -0.8443
vn -0.2231 0.8810 -0.4173
vn -0.4162 -0.4696 -0.7786
vn -0.2999 0.7715 -0.5611
vn -0.3651 -0.6326 -0.6831
vn -0.3651 0.6326 -0.6831
vn -0.2999 -0.7715 -0.5611
vn -0.4162 0.4696 -0.7786
vn -0.1374 0.8810 -0.4528
vn -0.2563 -0.4696 -0.8448
vn -0.1847 0.7715 -0.6088
vn -0.2248 -0.6326 -0.7412
vn -0.2248 0.6326 -0.7412
vn -0.1847 -0.7715 -0.6088
vn -0.2563 0.4696 -0.8448
vn -0.1374 -0.8810 -0.4528
vn -0.2779 0.2890 -0.9161
vn -0.0846 -0.9565 -0.2790
vn -0.2889 0.0975 -0.9524
vn -0.0286 0.9951 -0.0942
vn -0.0286 -0.9951 -0.0942
vn -0.2889 -0.0975 -0.9524
vn -0.0846 0.9565 -0.2790
vn -0.2779 -0.2890 -0.9161
vn -0.0938 0.2890 -0.9527
vn -0.0286 -0.9565 -0.2902
vn -0.0976 0.0975 -0.9904
vn -0.0097 0.9951 -0.0980
vn -0.0097 -0.9951 -0.0980
vn -0.0976 -0.0975 -0.9904
vn -0.0286 0.9565 -0.2902
vn -0.0938 -0.2890 -0.9527
vn -0.0464 0.8810 -0.4709
vn -0.0865 -0.4696 -0.8786
vn -0.0624 0.7715 -0.6332
vn -0.0759 -0.6326 -0.7708
vn -0.0759 0.6326 -0.7708
vn -0.0624 -0.7715 -0.6332
vn -0.0865 0.4696 -0.8786
vn -0.0464 -0.8810 -0.4709
vn 0.0865 -0.4696 -0.8786
vn 0.0624 0.7715 -0.6332
vn 0.0759 -0.6326 -0.7708
vn 0.0759 0.6326 -0.7708
vn 0.0624 -0.7715 -0.6332
vn 0.0865 0.4696 -0.8786
vn 0.0464 -0.8810 -0.4709
vn 0.0938 0.2890 -0.9527
vn 0.0286 -0.9565 -0.2902
vn 0.0976 0.0975 -0.9904
vn 0.0097 0.9951 -0.0980
vn 0.0097 -0.9951 -0.0980
vn 0.0976 -0.0975 -0.9904
vn 0.0286 0.9565 -0.2902
vn 0.0938 -0.2890 -0.9527
vn 0.0464 0.8810 -0.4709
vn 0.0846 -0.9565 -0.2790
vn 0.2889 0.0975 -0.9524
vn 0.0286 0.9951 -0.0942
vn 0.0286 -0.9951 -0.0942
vn 0.2889 -0.0975 -0.9524
vn 0.0846 0.9565 -0.2790
vn 0.2779 -0.2890 -0.9161
vn 0.1374 0.8810 -0.4528
vn 0.2563 -0.4696 -0.8448
vn 0.1847 0.7715 -0.6088
vn 0.2248 -0.6326 -0.7412
vn 0.2248 0.6326 -0.7412
vn 0.1847 -0.7715 -0.6088
vn 0.2563 0.4696 -0.8448
vn 0.1374 -0.8810 -0.4528
vn 0.2779 0.2890 -0.9161
vn 0.2999 0.7715 -0.5611
vn 0.3651 -0.6326 -0.6831
vn 0.3651 0.6326 -0.6831
vn 0.2999 -0.7715 -0.5611
vn 0.4162 0.4696 -0.7786
vn 0.2231 -0.8810 -0.4173
vn 0.4513 0.2890 -0.8443
vn 0.1374 -0.9565 -0.2571
vn 0.4691 0.0975 -0.8777
vn 0.0464 0.9951 -0.0869
vn 0.0464 -0.9951 -0.0869
vn 0.4691 -0.0975 -0.8777
vn 0.1374 0.9565 -0.2571
vn 0.4513 -0.2890 -0.8443
vn 0.2231 0.8810 -0.4173
vn 0.4162 -0.4696 -0.7786
vn 0.6314 0.0975 -0.7693
vn 0.0625 0.9951 -0.0761
vn 0.0625 -0.9951 -0.0761
vn 0.6314 -0.0975 -0.7693
vn 0.1850 0.9565 -0.2254
vn 0.6073 -0.2890 -0.7400
vn 0.3002 0.8810 -0.3658
vn 0.5601 -0.4696 -0.6825
vn 0.4036 0.7715 -0.4918
vn 0.4913 -0.6326 -0.5987
vn 0.4913 0.6326 -0.5987
vn 0.4036 -0.7715 -0.4918
vn 0.5601 0.4696 -0.6825
vn 0.3002 -0.8810 -0.3658
vn 0.6073 0.2890 -0.7400
vn 0.1850 -0.9565 -0.2254
vn 0.5987 -0.6326 -0.4913
vn 0.5987 0.6326 -0.4913
vn 0.4918 -0.7715 -0.4036
vn 0.6825 0.4696 -0.5601
vn 0.3658 -0.8810 -0.3002
vn 0.7400 0.2890 -0.6073
vn 0.2254 -0.9565 -0.1850
vn 0.7693 0.0975 -0.6314
vn 0.0761 0.9951 -0.0625
vn 0.0761 -0.9951 -0.0625
vn 0.7693 -0.0975 -0.6314
vn 0.2254 0.9565 -0.1850
vn 0.7400 -0.2890 -0.6073
vn 0.3658 0.8810 -0.3002
vn 0.6825 -0.4696 -0.5601
vn 0.4918 0.7715 -0.4036
vn 0.0869 -0.9951 -0.0464
vn 0.8777 -0.0975 -0.4691
vn 0.2571 0.9565 -0.1374
vn 0.8443 -0.2890 -0.4513
vn 0.4173 0.8810 -0.2231
vn 0.7786 -0.4696 -0.4162
vn 0.5611 0.7715 -0.2999
vn 0.6831 -0.6326 -0.3651
vn 0.6831 0.6326 -0.3651
vn 0.5611 -0.7715 -0.2999
vn 0.7786 0.4696 -0.4162
vn 0.4173 -0.8810 -0.2231
vn 0.8443 0.2890 -0.4513
vn 0.2571 -0.9565 -0.1374
vn 0.8777 0.0975 -0.4691
vn 0.0869 0.9951 -0.0464
vn 0.6088 -0.7715 -0.1847
vn 0.8448 0.4696 -0.2563
vn 0.4528 -0.8810 -0.1374
vn 0.9161 0.2890 -0.2779
vn 0.2790 -0.9565 -0.0846
vn 0.9524 0.0975 -0.2889
vn 0.0942 0.9951 -0.0286
vn 0.0942 -0.9951 -0.0286
vn 0.9524 -0.0975 -0.2889
vn 0.2790 0.9565 -0.0846
vn 0.9161 -0.2890 -0.2779
vn 0.4528 0.8810 -0.1374
vn 0.8448 -0.4696 -0.2563
vn 0.6088 0.7715 -0.1847
vn 0.7412 -0.6326 -0.2248
vn 0.7412 0.6326 -0.2248
vn 0.2902 0.9565 -0.0286
vn 0.9527 -0.2890 -0.0938
vn 0.4709 0.8810 -0.0464
vn 0.8786 -0.4696 -0.0865
vn 0.6332 0.7715 -0.0624
vn 0.7708 -0.6326 -0.0759
vn 0.7708 0.6326 -0.0759
vn 0.6332 -0.7715 -0.0624
vn 0.8786 0.4696 -0.0865
vn 0.4709 -0.8810 -0.0464
vn 0.9527 0.2890 -0.0938
vn 0.2902 -0.9565 -0.0286
vn 0.9904 0.0975 -0.0975
vn 0.0980 0.9951 -0.0097
vn 0.0980 -0.9951 -0.0097
vn 0.9904 -0.0975 -0.0975
vn 0.8786 0.4696 0.0865
vn 0.4709 -0.8810 0.0464
vn 0.9527 0.2890 0.0938
vn 0.2902 -0.9565 0.0286
vn 0.9904 0.0975 0.0975
vn 0.0980 0.9951 0.0097
vn 0.0980 -0.9951 0.0097
vn 0.9904 -0.0975 0.0975
vn 0.2902 0.9565 0.0286
vn 0.9527 -0.2890 0.0938
vn 0.4709 0.8810 0.0464
vn 0.8786 -0.4696 0.0865
vn 0.6332 0.7715 0.0624
vn 0.7708 -0.6326 0.0759
vn 0.7708 0.6326 0.0759
vn 0.6332 -0.7715 0.0624
vn 0.9161 -0.2890 0.2779
vn 0.4528 0.8810 0.1374
vn 0.8448 -0.4696 0.2563
vn 0.6088 0.7715 0.1847
vn 0.7412 -0.6326 0.2248
vn 0.7412 0.6326 0.2248
vn 0.6088 -0.7715 0.1847
vn 0.8448 0.4696 0.2563
vn 0.4528 -0.8810 0.1374
vn 0.9161 0.2890 0.2779
vn 0.2790 -0.9565 0.0846
vn 0.9524 0.0975 0.2889
vn 0.0942 0.9951 0.0286
vn 0.0942 -0.9951 0.0286
vn 0.9524 -0.0975 0.2889
vn 0.2790 0.9565 0.0846
vn 0.4173 -0.8810 0.2231
vn 0.8443 0.2890 0.4513
vn 0.2571 -0.9565 0.1374
vn 0.8777 0.0975 0.4692
vn 0.0869 0.9951 0.0464
vn 0.0869 -0.9951 0.0464
vn 0.8777 -0.0975 0.4692
vn 0.2571 0.9565 0.1374
vn 0.8443 -0.2890 0.4513
vn 0.4173 0.8810 0.2231
vn 0.7786 -0.4696 0.4162
vn 0.5611 0.7715 0.2999
vn 0.6831 -0.6326 0.3651
vn 0.6831 0.6326 0.3651
vn 0.5611 -0.7715 0.2999
vn 0.7786 0.4696 0.4162
vn 0.3658 0.8810 0.3002
vn 0.6825 -0.4696 0.5601
vn 0.4918 0.7715 0.4036
vn 0.5987 -0.6326 0.4913
vn 0.5987 0.6326 0.4913
vn 0.4918 -0.7715 0.4036
vn 0.6825 0.4696 0.5601
vn 0.3658 -0.8810 0.3002
vn 0.7400 0.2890 0.6073
vn 0.2254 -0.9566 0.1850
vn 0.7693 0.0975 0.6314
vn 0.0761 0.9951 0.0625
vn 0.0761 -0.9951 0.0625
vn 0.7693 -0.0975 0.6314
vn 0.2254 0.9565 0.1850
vn 0.7400 -0.2890 0.6073
vn 0.6073 0.2890 0.7400
vn 0.1850 -0.9565 0.2254
vn 0.6314 0.0975 0.7693
vn 0.0625 0.9951 0.0761
vn 0.0625 -0.9951 0.0761
vn 0.6314 -0.0975 0.7693
vn 0.1850 0.9565 0.2254
vn 0.6073 -0.2890 0.7400
vn 0.3002 0.8810 0.3658
vn 0.5601 -0.4696 0.6825
vn 0.4036 0.7715 0.4918
vn 0.4913 -0.6326 0.5987
vn 0.4913 0.6326 0.5987
vn 0.4036 -0.7715 0.4918
vn 0.5601 0.4696 0.6825
vn 0.3002 -0.8810 0.3658
vn 0.4162 -0.4696 0.7786
vn 0.2999 0.7715 0.5611
vn 0.3651 -0.6326 0.6831
vn 0.3651 0.6326 0.6831
vn 0.2999 -0.7715 0.5611
vn 0.4162 0.4696 0.7786
vn 0.2231 -0.8810 0.4173
vn 0.4513 0.2890 0.8443
vn 0.1374 -0.9565 0.2571
vn 0.4691 0.0975 0.8777
vn 0.0464 0.9951 0.0869
vn 0.0464 -0.9951 0.0869
vn 0.4691 -0.0975 0.8777
vn 0.1374 0.9565 0.2571
vn 0.4513 -0.2890 0.8443
vn 0.2231 0.8810 0.4173
vn 0.0846 -0.9565 0.2790
vn 0.2889 0.0975 0.9524
vn 0.0286 0.9951 0.0942
vn 0.0286 -0.9951 0.0942
vn 0.2889 -0.0975 0.9524
vn 0.0846 0.9565 0.2790
vn 0.2779 -0.2890 0.9161
vn 0.1374 0.8810 0.4528
vn 0.2563 -0.4696 0.8448
vn 0.1847 0.7715 0.6088
vn 0.2248 -0.6326 0.7412
vn 0.2248 0.6326 0.7412
vn 0.1847 -0.7715 0.6088
vn 0.2563 0.4696 0.8448
vn 0.1374 -0.8810 0.4528
vn 0.2779 0.2890 0.9161
vn 0.0759 -0.6326 0.7708
vn 0.0759 0.6326 0.7708
vn 0.0624 -0.7715 0.6332
vn 0.0865 0.4696 0.8786
vn 0.0464 -0.8810 0.4709
vn 0.0938 0.2890 0.9527
vn 0.0286 -0.9565 0.2902
vn 0.0976 0.0975 0.9904
vn 0.0097 0.9951 0.0980
vn 0.0097 -0.9951 0.0980
vn 0.0976 -0.0975 0.9904
vn 0.0286 0.9565 0.2902
vn 0.0938 -0.2890 0.9527
vn 0.0464 0.8810 0.4709
vn 0.0865 -0.4696 0.8786
vn 0.0624 0.7715 0.6332
vn -0.4082 0.4082 -0.8165
vn 0.4082 0.4082 -0.8165
vn -0.0000 0.7071 -0.7071
vn 0.1451 0.4146 -0.8983
vn -0.1451 0.4146 -0.8983
vn -0.0000 -0.7071 -0.7071
vn -0.1451 -0.4146 -0.8983
vn 0.1451 -0.4146 -0.8983
vn 0.4082 -0.4082 -0.8165
vn 0.7071 -0.0000 -0.7071
vn 0.4146 -0.1451 -0.8983
vn 0.4146 0.1451 -0.8983
vn -0.4082 -0.4082 -0.8165
vn -0.7071 -0.0000 -0.7071
vn -0.4146 -0.1451 -0.8983
vn -0.4146 0.1451 -0.8983
vn -0.0000 -0.0000 -1.0000
vn -0.4082 0.4082 0.8165
vn 0.4082 0.4082 0.8165
vn -0.0000 0.7071 0.7071
vn 0.1451 0.4146 0.8983
vn -0.1451 0.4146 0.8983
vn -0.0000 -0.7071 0.7071
vn -0.1451 -0.4146 0.8983
vn 0.1451 -0.4146 0.8983
vn 0.4082 -0.4082 0.8165
vn 0.7071 -0.0000 0.7071
vn 0.4146 -0.1451 0.8983
vn 0.4146 0.1451 0.8983
vn -0.4082 -0.4082 0.8165
vn -0.7071 -0.0000 0.7071
vn -0.4146 -0.1451 0.8983
vn -0.4146 0.1451 0.8983
vn -0.0000 -0.0000 1.0000
vn 1.0000 -0.0000 -0.0000
vn -0.0000 -1.0000 -0.0000
vn -1.0000 -0.0000 -0.0000
vn -0.0000 1.0000 -0.0000
vn 0.5735 -0.8192 -0.0000
vn -0.5735 -0.8192 -0.0000
vn -0.5735 0.8192 -0.0000
vn 0.5735 0.8192 -0.0000
vn 0.8192 0.5735 -0.0000
vn 0.8192 -0.5735 -0.0000
vn -0.8192 -0.5735 -0.0000
vn -0.8192 0.5735 -0.0000
vt 0.170807 0.170807
vt 0.170807 0.128374
vt 0.192024 0.128374
vt 0.192024 0.170807
vt 0.170807 0.510277
vt 0.170807 0.467843
vt 0.192024 0.467843
vt 0.192024 0.510277
vt 0.170807 0.213241
vt 0.192024 0.213241
vt 0.170807 0.552711
vt 0.192024 0.552711
vt 0.170807 0.255675
vt 0.192024 0.255675
vt 0.170807 0.595145
vt 0.192024 0.595145
vt 0.170807 0.298108
vt 0.192024 0.298108
vt 0.170807 0.637578
vt 0.192024 0.637578
vt 0.170807 0.340542
vt 0.192024 0.340542
vt 0.170807 0.043506
vt 0.181416 0.001072
vt 0.192024 0.043506
vt 0.181416 0.680012
vt 0.170807 0.382976
vt 0.192024 0.382976
vt 0.170807 0.085940
vt 0.192024 0.085940
vt 0.170807 0.425410
vt 0.192024 0.425410
vt 0.213241 0.382976
vt 0.213241 0.425410
vt 0.213241 0.085940
vt 0.213241 0.128374
vt 0.213241 0.467843
vt 0.213241 0.170807
vt 0.213241 0.510277
vt 0.213241 0.213241
vt 0.213241 0.552711
vt 0.213241 0.255675
vt 0.213241 0.595145
vt 0.213241 0.298108
vt 0.213241 0.637578
vt 0.213241 0.340542
vt 0.202633 0.001072
vt 0.213241 0.043506
vt 0.202633 0.680012
vt 0.234458 0.552711
vt 0.234458 0.595145
vt 0.234458 0.255675
vt 0.234458 0.298108
vt 0.234458 0.637578
vt 0.234458 0.340542
vt 0.223849 0.001072
vt 0.234458 0.043506
vt 0.223850 0.680012
vt 0.234458 0.382976
vt 0.234458 0.085940
vt 0.234458 0.425410
vt 0.234458 0.128374
vt 0.234458 0.467843
vt 0.234458 0.170807
vt 0.234458 0.510277
vt 0.234458 0.213241
vt 0.255675 0.425410
vt 0.255675 0.467843
vt 0.255675 0.128374
vt 0.255675 0.170807
vt 0.255675 0.510277
vt 0.255675 0.213241
vt 0.255675 0.552711
vt 0.255675 0.255675
vt 0.255675 0.595145
vt 0.255675 0.298108
vt 0.255675 0.637578
vt 0.255675 0.340542
vt 0.245066 0.001072
vt 0.255675 0.043506
vt 0.245066 0.680012
vt 0.255675 0.382976
vt 0.255675 0.085940
vt 0.276892 0.595145
vt 0.276892 0.637578
vt 0.276892 0.298108
vt 0.276892 0.340542
vt 0.266283 0.001072
vt 0.276892 0.043506
vt 0.266283 0.680012
vt 0.276892 0.382976
vt 0.276892 0.085940
vt 0.276892 0.425410
vt 0.276892 0.128374
vt 0.276892 0.467843
vt 0.276892 0.170807
vt 0.276892 0.510277
vt 0.276892 0.213241
vt 0.276892 0.552711
vt 0.276892 0.255675
vt 0.298108 0.128374
vt 0.298108 0.170807
vt 0.298108 0.467843
vt 0.298108 0.510277
vt 0.298108 0.213241
vt 0.298108 0.552711
vt 0.298108 0.255675
vt 0.298108 0.595145
vt 0.298108 0.298108
vt 0.298109 0.637578
vt 0.298108 0.340542
vt 0.287500 0.001072
vt 0.298108 0.043506
vt 0.287500 0.680012
vt 0.298108 0.382976
vt 0.298108 0.085940
vt 0.298108 0.425410
vt 0.319325 0.298108
vt 0.319325 0.340542
vt 0.308717 0.001072
vt 0.319325 0.043506
vt 0.308717 0.680012
vt 0.319325 0.637578
vt 0.319325 0.382976
vt 0.319325 0.085940
vt 0.319325 0.425410
vt 0.319325 0.128374
vt 0.319325 0.467843
vt 0.319325 0.170807
vt 0.319325 0.510277
vt 0.319325 0.213241
vt 0.319325 0.552711
vt 0.319325 0.255675
vt 0.319325 0.595145
vt 0.340542 0.467843
vt 0.340542 0.510277
vt 0.340542 0.170807
vt 0.340542 0.213241
vt 0.340542 0.552711
vt 0.340542 0.255675
vt 0.340542 0.595145
vt 0.340542 0.298108
vt 0.340542 0.637578
vt 0.340542 0.340542
vt 0.329934 0.001072
vt 0.340542 0.043506
vt 0.329934 0.680012
vt 0.340542 0.382976
vt 0.340542 0.085940
vt 0.340542 0.425410
vt 0.340542 0.128374
vt 0.351151 0.001072
vt 0.361759 0.043506
vt 0.351151 0.680012
vt 0.361759 0.637578
vt 0.361759 0.340542
vt 0.361759 0.382976
vt 0.361759 0.085940
vt 0.361759 0.425410
vt 0.361759 0.128374
vt 0.361759 0.467843
vt 0.361759 0.170807
vt 0.361759 0.510277
vt 0.361759 0.213241
vt 0.361759 0.552711
vt 0.361759 0.255675
vt 0.361759 0.595145
vt 0.361759 0.298108
vt 0.382976 0.170807
vt 0.382976 0.213241
vt 0.382976 0.510277
vt 0.382976 0.552711
vt 0.382976 0.255675
vt 0.382976 0.595145
vt 0.382976 0.298108
vt 0.382976 0.637578
vt 0.382976 0.340542
vt 0.372368 0.001072
vt 0.382976 0.043506
vt 0.372368 0.680012
vt 0.382976 0.382976
vt 0.382976 0.085940
vt 0.382976 0.425410
vt 0.382976 0.128373
vt 0.382976 0.467843
vt 0.404193 0.340542
vt 0.404193 0.382976
vt 0.404193 0.043506
vt 0.404193 0.085940
vt 0.404193 0.425410
vt 0.404193 0.128373
vt 0.404193 0.467843
vt 0.404193 0.170807
vt 0.404193 0.510277
vt 0.404193 0.213241
vt 0.404193 0.552711
vt 0.404193 0.255675
vt 0.404193 0.595145
vt 0.404193 0.298108
vt 0.404193 0.637578
vt 0.393584 0.001072
vt 0.393584 0.680012
vt 0.425410 0.510277
vt 0.425410 0.552711
vt 0.425410 0.213241
vt 0.425410 0.255675
vt 0.425410 0.595145
vt 0.425410 0.298108
vt 0.425410 0.637578
vt 0.425410 0.340542
vt 0.414801 0.001072
vt 0.425410 0.043506
vt 0.414801 0.680012
vt 0.425410 0.382976
vt 0.425410 0.085940
vt 0.425410 0.425410
vt 0.425410 0.128373
vt 0.425410 0.467843
vt 0.425410 0.170807
vt 0.446626 0.382976
vt 0.446626 0.425410
vt 0.446626 0.085940
vt 0.446627 0.128373
vt 0.446626 0.467843
vt 0.446627 0.170807
vt 0.446626 0.510277
vt 0.446626 0.213241
vt 0.446627 0.552711
vt 0.446626 0.255675
vt 0.446626 0.595145
vt 0.446626 0.298108
vt 0.446627 0.637578
vt 0.446627 0.340542
vt 0.436018 0.001072
vt 0.446627 0.043506
vt 0.436018 0.680012
vt 0.467843 0.552711
vt 0.467843 0.595145
vt 0.467843 0.255675
vt 0.467843 0.298108
vt 0.467843 0.637578
vt 0.467843 0.340542
vt 0.457235 0.001072
vt 0.467843 0.043506
vt 0.457235 0.680012
vt 0.467843 0.382976
vt 0.467843 0.085940
vt 0.467843 0.425410
vt 0.467843 0.128373
vt 0.467843 0.467843
vt 0.467843 0.170807
vt 0.467843 0.510277
vt 0.467843 0.213241
vt 0.489060 0.085940
vt 0.489060 0.128373
vt 0.489060 0.425410
vt 0.489060 0.467843
vt 0.489060 0.170807
vt 0.489060 0.510277
vt 0.489060 0.213241
vt 0.489060 0.552711
vt 0.489060 0.255675
vt 0.489060 0.595145
vt 0.489060 0.298108
vt 0.489060 0.637578
vt 0.489060 0.340542
vt 0.478452 0.001072
vt 0.489060 0.043506
vt 0.478452 0.680012
vt 0.489060 0.382976
vt 0.510277 0.255675
vt 0.510277 0.298108
vt 0.510277 0.595145
vt 0.510277 0.637578
vt 0.510277 0.340542
vt 0.499669 0.001072
vt 0.510277 0.043506
vt 0.499669 0.680012
vt 0.510277 0.382976
vt 0.510277 0.085940
vt 0.510277 0.425410
vt 0.510277 0.128373
vt 0.510277 0.467843
vt 0.510277 0.170807
vt 0.510277 0.510277
vt 0.510277 0.213241
vt 0.510277 0.552711
vt 0.531494 0.425410
vt 0.531494 0.467843
vt 0.531494 0.128373
vt 0.531494 0.170807
vt 0.531494 0.510277
vt 0.531494 0.213241
vt 0.531494 0.552711
vt 0.531494 0.255675
vt 0.531494 0.595145
vt 0.531494 0.298108
vt 0.531494 0.637578
vt 0.531494 0.340542
vt 0.520885 0.001072
vt 0.531494 0.043506
vt 0.520886 0.680012
vt 0.531494 0.382976
vt 0.531494 0.085940
vt 0.552711 0.595145
vt 0.552711 0.637578
vt 0.552711 0.298108
vt 0.552711 0.340542
vt 0.542102 0.001072
vt 0.552711 0.043506
vt 0.542103 0.680012
vt 0.552711 0.382976
vt 0.552711 0.085940
vt 0.552711 0.425410
vt 0.552711 0.128373
vt 0.552711 0.467843
vt 0.552711 0.170807
vt 0.552711 0.510277
vt 0.552711 0.213241
vt 0.552711 0.552711
vt 0.552711 0.255675
vt 0.573928 0.128373
vt 0.573928 0.170807
vt 0.573928 0.467843
vt 0.573928 0.510277
vt 0.573928 0.213241
vt 0.573928 0.552711
vt 0.573928 0.255675
vt 0.573928 0.595145
vt 0.573928 0.298108
vt 0.573928 0.637578
vt 0.573928 0.340542
vt 0.563319 0.001072
vt 0.573928 0.043506
vt 0.563319 0.680012
vt 0.573928 0.382976
vt 0.573928 0.085940
vt 0.573928 0.425410
vt 0.595145 0.298108
vt 0.595145 0.340542
vt 0.584536 0.001072
vt 0.595145 0.043506
vt 0.584536 0.680012
vt 0.595145 0.637578
vt 0.595145 0.382976
vt 0.595145 0.085940
vt 0.595145 0.425410
vt 0.595145 0.128373
vt 0.595145 0.467843
vt 0.595145 0.170807
vt 0.595145 0.510277
vt 0.595145 0.213241
vt 0.595145 0.552711
vt 0.595145 0.255675
vt 0.595145 0.595145
vt 0.616361 0.467843
vt 0.616361 0.510277
vt 0.616361 0.170807
vt 0.616361 0.213241
vt 0.616361 0.552711
vt 0.616361 0.255675
vt 0.616361 0.595145
vt 0.616361 0.298108
vt 0.616361 0.637578
vt 0.616361 0.340542
vt 0.605753 0.001072
vt 0.616361 0.043506
vt 0.605753 0.680012
vt 0.616361 0.382976
vt 0.616361 0.085940
vt 0.616361 0.425410
vt 0.616361 0.128373
vt 0.626970 0.680012
vt 0.637578 0.637578
vt 0.637578 0.340542
vt 0.637578 0.382976
vt 0.637578 0.043506
vt 0.637578 0.085940
vt 0.637578 0.425410
vt 0.637578 0.128373
vt 0.637578 0.467843
vt 0.637578 0.170807
vt 0.637578 0.510277
vt 0.637578 0.213241
vt 0.637578 0.552711
vt 0.637578 0.255675
vt 0.637578 0.595145
vt 0.637578 0.298108
vt 0.626970 0.001072
vt 0.658795 0.510277
vt 0.658795 0.552711
vt 0.658795 0.213241
vt 0.658795 0.255675
vt 0.658795 0.595145
vt 0.658795 0.298108
vt 0.658795 0.637578
vt 0.658795 0.340542
vt 0.648187 0.001072
vt 0.658795 0.043506
vt 0.648187 0.680012
vt 0.658795 0.382976
vt 0.658795 0.085940
vt 0.658795 0.425410
vt 0.658795 0.128373
vt 0.658795 0.467843
vt 0.658795 0.170807
vt 0.680012 0.043506
vt 0.680012 0.085940
vt 0.680012 0.382976
vt 0.680012 0.425410
vt 0.680012 0.128373
vt 0.680012 0.467843
vt 0.680012 0.170807
vt 0.680012 0.510277
vt 0.680012 0.213241
vt 0.680012 0.552711
vt 0.680012 0.255675
vt 0.680012 0.595145
vt 0.680012 0.298108
vt 0.680012 0.637578
vt 0.680012 0.340542
vt 0.669404 0.001072
vt 0.669404 0.680012
vt 0.001072 0.255675
vt 0.001072 0.213241
vt 0.022289 0.213241
vt 0.022289 0.255675
vt 0.001072 0.595145
vt 0.001072 0.552711
vt 0.022289 0.552711
vt 0.022289 0.595145
vt 0.001072 0.298108
vt 0.022289 0.298108
vt 0.001072 0.637578
vt 0.022289 0.637578
vt 0.001072 0.340542
vt 0.022289 0.340542
vt 0.001072 0.043506
vt 0.011681 0.001072
vt 0.022289 0.043506
vt 0.011681 0.680012
vt 0.001072 0.382976
vt 0.022289 0.382976
vt 0.001072 0.085940
vt 0.022289 0.085940
vt 0.001072 0.425410
vt 0.022289 0.425410
vt 0.001072 0.128373
vt 0.022289 0.128373
vt 0.001072 0.467843
vt 0.022289 0.467843
vt 0.001072 0.170807
vt 0.022289 0.170807
vt 0.001072 0.510277
vt 0.022289 0.510277
vt 0.043506 0.382976
vt 0.043506 0.425410
vt 0.043506 0.085940
vt 0.043506 0.128373
vt 0.043506 0.467843
vt 0.043506 0.170807
vt 0.043506 0.510277
vt 0.043506 0.213241
vt 0.043506 0.552711
vt 0.043506 0.255675
vt 0.043506 0.595145
vt 0.043506 0.298108
vt 0.043506 0.637578
vt 0.043506 0.340542
vt 0.032898 0.001072
vt 0.043506 0.043506
vt 0.032898 0.680012
vt 0.064723 0.552711
vt 0.064723 0.595145
vt 0.064723 0.255675
vt 0.064723 0.298108
vt 0.064723 0.637578
vt 0.064723 0.340542
vt 0.054114 0.001072
vt 0.064723 0.043506
vt 0.054115 0.680012
vt 0.064723 0.382976
vt 0.064723 0.085940
vt 0.064723 0.425410
vt 0.064723 0.128373
vt 0.064723 0.467843
vt 0.064723 0.170807
vt 0.064723 0.510277
vt 0.064723 0.213241
vt 0.085940 0.085940
vt 0.085940 0.128373
vt 0.085940 0.425410
vt 0.085940 0.467843
vt 0.085940 0.170807
vt 0.085940 0.510277
vt 0.085940 0.213241
vt 0.085940 0.552711
vt 0.085940 0.255675
vt 0.085940 0.595145
vt 0.085940 0.298108
vt 0.085940 0.637578
vt 0.085940 0.340542
vt 0.075331 0.001072
vt 0.085940 0.043506
vt 0.075331 0.680012
vt 0.085940 0.382976
vt 0.107157 0.255675
vt 0.107157 0.298108
vt 0.107157 0.595145
vt 0.107157 0.637578
vt 0.107157 0.340542
vt 0.096548 0.001072
vt 0.107157 0.043506
vt 0.096548 0.680012
vt 0.107157 0.382976
vt 0.107157 0.085940
vt 0.107157 0.425410
vt 0.107157 0.128373
vt 0.107157 0.467843
vt 0.107157 0.170807
vt 0.107157 0.510277
vt 0.107157 0.213241
vt 0.107157 0.552711
vt 0.128374 0.425410
vt 0.128374 0.467843
vt 0.128374 0.128373
vt 0.128374 0.170807
vt 0.128374 0.510277
vt 0.128374 0.213241
vt 0.128374 0.552711
vt 0.128374 0.255675
vt 0.128374 0.595145
vt 0.128374 0.298108
vt 0.128374 0.637578
vt 0.128374 0.340542
vt 0.117765 0.001072
vt 0.128374 0.043506
vt 0.117765 0.680012
vt 0.128374 0.382976
vt 0.128374 0.085940
vt 0.149590 0.595145
vt 0.149590 0.637578
vt 0.149590 0.298108
vt 0.149590 0.340542
vt 0.138982 0.001072
vt 0.149590 0.043506
vt 0.138982 0.680012
vt 0.149590 0.382976
vt 0.149590 0.085940
vt 0.149590 0.425410
vt 0.149590 0.128373
vt 0.149590 0.467843
vt 0.149590 0.170807
vt 0.149590 0.510277
vt 0.149590 0.213241
vt 0.149590 0.552711
vt 0.149590 0.255675
vt 0.160199 0.001072
vt 0.160199 0.680012
vt 0.950405 0.913754
vt 0.980834 0.907668
vt 0.986920 0.938097
vt 0.956491 0.944183
vt 0.676541 0.968527
vt 0.706971 0.962441
vt 0.713056 0.992870
vt 0.682627 0.998956
vt 0.767829 0.950269
vt 0.773915 0.980698
vt 0.828688 0.938097
vt 0.840860 0.998956
vt 0.889546 0.925926
vt 0.895632 0.956355
vt 0.834774 0.652062
vt 0.895632 0.639890
vt 0.901718 0.670319
vt 0.840860 0.682491
vt 0.767829 0.633804
vt 0.780001 0.694663
vt 0.713056 0.676405
vt 0.719142 0.706834
vt 0.652198 0.688577
vt 0.658284 0.719006
vt 0.621768 0.694663
vt 0.627854 0.725092
vt 0.670455 0.779865
vt 0.640026 0.785951
vt 0.682627 0.840724
vt 0.621768 0.852895
vt 0.694799 0.901582
vt 0.664369 0.907668
vt 0.926062 0.633804
vt 0.932148 0.664233
vt 0.944319 0.725092
vt 0.913890 0.731178
vt 0.986920 0.779865
vt 0.926062 0.792037
vt 0.968663 0.846809
vt 0.938233 0.852895
s 1
usemtl Material.030
f 6400/6297/5819 5925/6298/5819 5933/6299/5819 5934/6300/5819
f 6403/6301/5820 5930/6302/5820 5941/6303/5820 5942/6304/5820
f 5926/6305/5821 6400/6297/5821 5934/6300/5821 5935/6306/5821
f 6404/6307/5822 6403/6301/5822 5942/6304/5822 5943/6308/5822
f 6401/6309/5823 5926/6305/5823 5935/6306/5823 5936/6310/5823
f 6405/6311/5824 6404/6307/5824 5943/6308/5824 5944/6312/5824
f 5927/6313/5825 6401/6309/5825 5936/6310/5825 5937/6314/5825
f 6406/6315/5826 6405/6311/5826 5944/6312/5826 5945/6316/5826
f 5928/6317/5827 5927/6313/5827 5937/6314/5827 5938/6318/5827
f 6398/6319/5828 6006/6320/5828 5931/6321/5828
f 6232/6322/5829 6406/6315/5829 5945/6316/5829
f 5929/6323/5830 5928/6317/5830 5938/6318/5830 5939/6324/5830
f 6399/6325/5831 6398/6319/5831 5931/6321/5831 5932/6326/5831
f 6402/6327/5832 5929/6323/5832 5939/6324/5832 5940/6328/5832
f 5925/6298/5833 6399/6325/5833 5932/6326/5833 5933/6299/5833
f 5930/6302/5834 6402/6327/5834 5940/6328/5834 5941/6303/5834
f 5940/6328/5835 5939/6324/5835 5954/6329/5835 5955/6330/5835
f 5933/6299/5836 5932/6326/5836 5947/6331/5836 5948/6332/5836
f 5941/6303/5837 5940/6328/5837 5955/6330/5837 5956/6333/5837
f 5934/6300/5838 5933/6299/5838 5948/6332/5838 5949/6334/5838
f 5942/6304/5839 5941/6303/5839 5956/6333/5839 5957/6335/5839
f 5935/6306/5840 5934/6300/5840 5949/6334/5840 5950/6336/5840
f 5943/6308/5841 5942/6304/5841 5957/6335/5841 5958/6337/5841
f 5936/6310/5842 5935/6306/5842 5950/6336/5842 5951/6338/5842
f 5944/6312/5843 5943/6308/5843 5958/6337/5843 5959/6339/5843
f 5937/6314/5844 5936/6310/5844 5951/6338/5844 5952/6340/5844
f 5945/6316/5845 5944/6312/5845 5959/6339/5845 5960/6341/5845
f 5938/6318/5846 5937/6314/5846 5952/6340/5846 5953/6342/5846
f 5931/6321/5847 6006/6343/5847 5946/6344/5847
f 6232/6345/5848 5945/6316/5848 5960/6341/5848
f 5939/6324/5849 5938/6318/5849 5953/6342/5849 5954/6329/5849
f 5932/6326/5850 5931/6321/5850 5946/6344/5850 5947/6331/5850
f 5959/6339/5851 5958/6337/5851 5973/6346/5851 5974/6347/5851
f 5952/6340/5852 5951/6338/5852 5966/6348/5852 5967/6349/5852
f 5960/6341/5853 5959/6339/5853 5974/6347/5853 5975/6350/5853
f 5953/6342/5854 5952/6340/5854 5967/6349/5854 5968/6351/5854
f 5946/6344/5855 6006/6352/5855 5961/6353/5855
f 6232/6354/5856 5960/6341/5856 5975/6350/5856
f 5954/6329/5857 5953/6342/5857 5968/6351/5857 5969/6355/5857
f 5947/6331/5858 5946/6344/5858 5961/6353/5858 5962/6356/5858
f 5955/6330/5859 5954/6329/5859 5969/6355/5859 5970/6357/5859
f 5948/6332/5860 5947/6331/5860 5962/6356/5860 5963/6358/5860
f 5956/6333/5861 5955/6330/5861 5970/6357/5861 5971/6359/5861
f 5949/6334/5862 5948/6332/5862 5963/6358/5862 5964/6360/5862
f 5957/6335/5863 5956/6333/5863 5971/6359/5863 5972/6361/5863
f 5950/6336/5864 5949/6334/5864 5964/6360/5864 5965/6362/5864
f 5958/6337/5865 5957/6335/5865 5972/6361/5865 5973/6346/5865
f 5951/6338/5866 5950/6336/5866 5965/6362/5866 5966/6348/5866
f 5971/6359/5867 5970/6357/5867 5985/6363/5867 5986/6364/5867
f 5964/6360/5868 5963/6358/5868 5978/6365/5868 5979/6366/5868
f 5972/6361/5869 5971/6359/5869 5986/6364/5869 5987/6367/5869
f 5965/6362/5870 5964/6360/5870 5979/6366/5870 5980/6368/5870
f 5973/6346/5871 5972/6361/5871 5987/6367/5871 5988/6369/5871
f 5966/6348/5872 5965/6362/5872 5980/6368/5872 5981/6370/5872
f 5974/6347/5873 5973/6346/5873 5988/6369/5873 5989/6371/5873
f 5967/6349/5874 5966/6348/5874 5981/6370/5874 5982/6372/5874
f 5975/6350/5875 5974/6347/5875 5989/6371/5875 5990/6373/5875
f 5968/6351/5876 5967/6349/5876 5982/6372/5876 5983/6374/5876
f 5961/6353/5877 6006/6375/5877 5976/6376/5877
f 6232/6377/5878 5975/6350/5878 5990/6373/5878
f 5969/6355/5879 5968/6351/5879 5983/6374/5879 5984/6378/5879
f 5962/6356/5880 5961/6353/5880 5976/6376/5880 5977/6379/5880
f 5970/6357/5881 5969/6355/5881 5984/6378/5881 5985/6363/5881
f 5963/6358/5882 5962/6356/5882 5977/6379/5882 5978/6365/5882
f 5990/6373/5883 5989/6371/5883 6004/6380/5883 6005/6381/5883
f 5983/6374/5884 5982/6372/5884 5997/6382/5884 5998/6383/5884
f 5976/6376/5885 6006/6384/5885 5991/6385/5885
f 6232/6386/5886 5990/6373/5886 6005/6381/5886
f 5984/6378/5887 5983/6374/5887 5998/6383/5887 5999/6387/5887
f 5977/6379/5888 5976/6376/5888 5991/6385/5888 5992/6388/5888
f 5985/6363/5889 5984/6378/5889 5999/6387/5889 6000/6389/5889
f 5978/6365/5890 5977/6379/5890 5992/6388/5890 5993/6390/5890
f 5986/6364/5891 5985/6363/5891 6000/6389/5891 6001/6391/5891
f 5979/6366/5892 5978/6365/5892 5993/6390/5892 5994/6392/5892
f 5987/6367/5893 5986/6364/5893 6001/6391/5893 6002/6393/5893
f 5980/6368/5894 5979/6366/5894 5994/6392/5894 5995/6394/5894
f 5988/6369/5895 5987/6367/5895 6002/6393/5895 6003/6395/5895
f 5981/6370/5896 5980/6368/5896 5995/6394/5896 5996/6396/5896
f 5989/6371/5897 5988/6369/5897 6003/6395/5897 6004/6380/5897
f 5982/6372/5898 5981/6370/5898 5996/6396/5898 5997/6382/5898
f 5994/6392/5899 5993/6390/5899 6009/6397/5899 6010/6398/5899
f 6002/6393/5900 6001/6391/5900 6017/6399/5900 6018/6400/5900
f 5995/6394/5901 5994/6392/5901 6010/6398/5901 6011/6401/5901
f 6003/6395/5902 6002/6393/5902 6018/6400/5902 6019/6402/5902
f 5996/6396/5903 5995/6394/5903 6011/6401/5903 6012/6403/5903
f 6004/6380/5904 6003/6395/5904 6019/6402/5904 6020/6404/5904
f 5997/6382/5905 5996/6396/5905 6012/6403/5905 6013/6405/5905
f 6005/6381/5906 6004/6380/5906 6020/6404/5906 6021/6406/5906
f 5998/6383/5907 5997/6382/5907 6013/6405/5907 6014/6407/5907
f 5991/6385/5908 6006/6408/5908 6007/6409/5908
f 6232/6410/5909 6005/6381/5909 6021/6406/5909
f 5999/6387/5910 5998/6383/5910 6014/6407/5910 6015/6411/5910
f 5992/6388/5911 5991/6385/5911 6007/6409/5911 6008/6412/5911
f 6000/6389/5912 5999/6387/5912 6015/6411/5912 6016/6413/5912
f 5993/6390/5913 5992/6388/5913 6008/6412/5913 6009/6397/5913
f 6001/6391/5914 6000/6389/5914 6016/6413/5914 6017/6399/5914
f 6014/6407/5915 6013/6405/5915 6028/6414/5915 6029/6415/5915
f 6007/6409/5916 6006/6416/5916 6022/6417/5916
f 6232/6418/5917 6021/6406/5917 6036/6419/5917
f 6015/6411/5918 6014/6407/5918 6029/6415/5918 6030/6420/5918
f 6008/6412/5919 6007/6409/5919 6022/6417/5919 6023/6421/5919
f 6016/6413/5920 6015/6411/5920 6030/6420/5920 6031/6422/5920
f 6009/6397/5921 6008/6412/5921 6023/6421/5921 6024/6423/5921
f 6017/6399/5922 6016/6413/5922 6031/6422/5922 6032/6424/5922
f 6010/6398/5923 6009/6397/5923 6024/6423/5923 6025/6425/5923
f 6018/6400/5924 6017/6399/5924 6032/6424/5924 6033/6426/5924
f 6011/6401/5925 6010/6398/5925 6025/6425/5925 6026/6427/5925
f 6019/6402/5926 6018/6400/5926 6033/6426/5926 6034/6428/5926
f 6012/6403/5927 6011/6401/5927 6026/6427/5927 6027/6429/5927
f 6020/6404/5928 6019/6402/5928 6034/6428/5928 6035/6430/5928
f 6013/6405/5929 6012/6403/5929 6027/6429/5929 6028/6414/5929
f 6021/6406/5930 6020/6404/5930 6035/6430/5930 6036/6419/5930
f 6033/6426/5931 6032/6424/5931 6047/6431/5931 6048/6432/5931
f 6026/6427/5932 6025/6425/5932 6040/6433/5932 6041/6434/5932
f 6034/6428/5933 6033/6426/5933 6048/6432/5933 6049/6435/5933
f 6027/6429/5934 6026/6427/5934 6041/6434/5934 6042/6436/5934
f 6035/6430/5935 6034/6428/5935 6049/6435/5935 6050/6437/5935
f 6028/6414/5936 6027/6429/5936 6042/6436/5936 6043/6438/5936
f 6036/6419/5937 6035/6430/5937 6050/6437/5937 6051/6439/5937
f 6029/6415/5938 6028/6414/5938 6043/6438/5938 6044/6440/5938
f 6022/6417/5939 6006/6441/5939 6037/6442/5939
f 6232/6443/5940 6036/6419/5940 6051/6439/5940
f 6030/6420/5941 6029/6415/5941 6044/6440/5941 6045/6444/5941
f 6023/6421/5942 6022/6417/5942 6037/6442/5942 6038/6445/5942
f 6031/6422/5943 6030/6420/5943 6045/6444/5943 6046/6446/5943
f 6024/6423/5944 6023/6421/5944 6038/6445/5944 6039/6447/5944
f 6032/6424/5945 6031/6422/5945 6046/6446/5945 6047/6431/5945
f 6025/6425/5946 6024/6423/5946 6039/6447/5946 6040/6433/5946
f 6037/6442/5947 6006/6448/5947 6052/6449/5947
f 6232/6450/5948 6051/6439/5948 6066/6451/5948
f 6045/6444/5949 6044/6440/5949 6059/6452/5949 6060/6453/5949
f 6038/6445/5950 6037/6442/5950 6052/6449/5950 6053/6454/5950
f 6046/6446/5951 6045/6444/5951 6060/6453/5951 6061/6455/5951
f 6039/6447/5952 6038/6445/5952 6053/6454/5952 6054/6456/5952
f 6047/6431/5953 6046/6446/5953 6061/6455/5953 6062/6457/5953
f 6040/6433/5954 6039/6447/5954 6054/6456/5954 6055/6458/5954
f 6048/6432/5955 6047/6431/5955 6062/6457/5955 6063/6459/5955
f 6041/6434/5956 6040/6433/5956 6055/6458/5956 6056/6460/5956
f 6049/6435/5957 6048/6432/5957 6063/6459/5957 6064/6461/5957
f 6042/6436/5958 6041/6434/5958 6056/6460/5958 6057/6462/5958
f 6050/6437/5959 6049/6435/5959 6064/6461/5959 6065/6463/5959
f 6043/6438/5960 6042/6436/5960 6057/6462/5960 6058/6464/5960
f 6051/6439/5961 6050/6437/5961 6065/6463/5961 6066/6451/5961
f 6044/6440/5962 6043/6438/5962 6058/6464/5962 6059/6452/5962
f 6056/6460/5963 6055/6458/5963 6070/6465/5963 6071/6466/5963
f 6064/6461/5964 6063/6459/5964 6078/6467/5964 6079/6468/5964
f 6057/6462/5965 6056/6460/5965 6071/6466/5965 6072/6469/5965
f 6065/6463/5966 6064/6461/5966 6079/6468/5966 6080/6470/5966
f 6058/6464/5967 6057/6462/5967 6072/6469/5967 6073/6471/5967
f 6066/6451/5968 6065/6463/5968 6080/6470/5968 6081/6472/5968
f 6059/6452/5969 6058/6464/5969 6073/6471/5969 6074/6473/5969
f 6052/6449/5970 6006/6474/5970 6067/6475/5970
f 6232/6476/5971 6066/6451/5971 6081/6472/5971
f 6060/6453/5972 6059/6452/5972 6074/6473/5972 6075/6477/5972
f 6053/6454/5973 6052/6449/5973 6067/6475/5973 6068/6478/5973
f 6061/6455/5974 6060/6453/5974 6075/6477/5974 6076/6479/5974
f 6054/6456/5975 6053/6454/5975 6068/6478/5975 6069/6480/5975
f 6062/6457/5976 6061/6455/5976 6076/6479/5976 6077/6481/5976
f 6055/6458/5977 6054/6456/5977 6069/6480/5977 6070/6465/5977
f 6063/6459/5978 6062/6457/5978 6077/6481/5978 6078/6467/5978
f 6075/6477/5979 6074/6473/5979 6089/6482/5979 6090/6483/5979
f 6068/6478/5980 6067/6475/5980 6082/6484/5980 6083/6485/5980
f 6076/6479/5981 6075/6477/5981 6090/6483/5981 6091/6486/5981
f 6069/6480/5982 6068/6478/5982 6083/6485/5982 6084/6487/5982
f 6077/6481/5983 6076/6479/5983 6091/6486/5983 6092/6488/5983
f 6070/6465/5984 6069/6480/5984 6084/6487/5984 6085/6489/5984
f 6078/6467/5985 6077/6481/5985 6092/6488/5985 6093/6490/5985
f 6071/6466/5986 6070/6465/5986 6085/6489/5986 6086/6491/5986
f 6079/6468/5987 6078/6467/5987 6093/6490/5987 6094/6492/5987
f 6072/6469/5988 6071/6466/5988 6086/6491/5988 6087/6493/5988
f 6080/6470/5989 6079/6468/5989 6094/6492/5989 6095/6494/5989
f 6073/6471/5990 6072/6469/5990 6087/6493/5990 6088/6495/5990
f 6081/6472/5991 6080/6470/5991 6095/6494/5991 6096/6496/5991
f 6074/6473/5992 6073/6471/5992 6088/6495/5992 6089/6482/5992
f 6067/6475/5993 6006/6497/5993 6082/6484/5993
f 6232/6498/5994 6081/6472/5994 6096/6496/5994
f 6094/6492/5995 6093/6490/5995 6108/6499/5995 6109/6500/5995
f 6087/6493/5996 6086/6491/5996 6101/6501/5996 6102/6502/5996
f 6095/6494/5997 6094/6492/5997 6109/6500/5997 6110/6503/5997
f 6088/6495/5998 6087/6493/5998 6102/6502/5998 6103/6504/5998
f 6096/6496/5999 6095/6494/5999 6110/6503/5999 6111/6505/5999
f 6089/6482/6000 6088/6495/6000 6103/6504/6000 6104/6506/6000
f 6082/6484/6001 6006/6507/6001 6097/6508/6001
f 6232/6509/6002 6096/6496/6002 6111/6505/6002
f 6090/6483/6003 6089/6482/6003 6104/6506/6003 6105/6510/6003
f 6083/6485/6004 6082/6484/6004 6097/6508/6004 6098/6511/6004
f 6091/6486/6005 6090/6483/6005 6105/6510/6005 6106/6512/6005
f 6084/6487/6006 6083/6485/6006 6098/6511/6006 6099/6513/6006
f 6092/6488/6007 6091/6486/6007 6106/6512/6007 6107/6514/6007
f 6085/6489/6008 6084/6487/6008 6099/6513/6008 6100/6515/6008
f 6093/6490/6009 6092/6488/6009 6107/6514/6009 6108/6499/6009
f 6086/6491/6010 6085/6489/6010 6100/6515/6010 6101/6501/6010
f 6106/6512/6011 6105/6510/6011 6120/6516/6011 6121/6517/6011
f 6099/6513/6012 6098/6511/6012 6113/6518/6012 6114/6519/6012
f 6107/6514/6013 6106/6512/6013 6121/6517/6013 6122/6520/6013
f 6100/6515/6014 6099/6513/6014 6114/6519/6014 6115/6521/6014
f 6108/6499/6015 6107/6514/6015 6122/6520/6015 6123/6522/6015
f 6101/6501/6016 6100/6515/6016 6115/6521/6016 6116/6523/6016
f 6109/6500/6017 6108/6499/6017 6123/6522/6017 6124/6524/6017
f 6102/6502/6018 6101/6501/6018 6116/6523/6018 6117/6525/6018
f 6110/6503/6019 6109/6500/6019 6124/6524/6019 6125/6526/6019
f 6103/6504/6020 6102/6502/6020 6117/6525/6020 6118/6527/6020
f 6111/6505/6021 6110/6503/6021 6125/6526/6021 6126/6528/6021
f 6104/6506/6022 6103/6504/6022 6118/6527/6022 6119/6529/6022
f 6097/6508/6023 6006/6530/6023 6112/6531/6023
f 6232/6532/6024 6111/6505/6024 6126/6528/6024
f 6105/6510/6025 6104/6506/6025 6119/6529/6025 6120/6516/6025
f 6098/6511/6026 6097/6508/6026 6112/6531/6026 6113/6518/6026
f 6125/6526/6027 6124/6524/6027 6139/6533/6027 6140/6534/6027
f 6118/6527/6028 6117/6525/6028 6132/6535/6028 6133/6536/6028
f 6126/6528/6029 6125/6526/6029 6140/6534/6029 6141/6537/6029
f 6119/6529/6030 6118/6527/6030 6133/6536/6030 6134/6538/6030
f 6112/6531/6031 6006/6539/6031 6127/6540/6031
f 6232/6541/6032 6126/6528/6032 6141/6537/6032
f 6120/6516/6033 6119/6529/6033 6134/6538/6033 6135/6542/6033
f 6113/6518/6034 6112/6531/6034 6127/6540/6034 6128/6543/6034
f 6121/6517/6035 6120/6516/6035 6135/6542/6035 6136/6544/6035
f 6114/6519/6036 6113/6518/6036 6128/6543/6036 6129/6545/6036
f 6122/6520/6037 6121/6517/6037 6136/6544/6037 6137/6546/6037
f 6115/6521/6038 6114/6519/6038 6129/6545/6038 6130/6547/6038
f 6123/6522/6039 6122/6520/6039 6137/6546/6039 6138/6548/6039
f 6116/6523/6040 6115/6521/6040 6130/6547/6040 6131/6549/6040
f 6124/6524/6041 6123/6522/6041 6138/6548/6041 6139/6533/6041
f 6117/6525/6042 6116/6523/6042 6131/6549/6042 6132/6535/6042
f 6129/6545/6043 6128/6543/6043 6143/6550/6043 6144/6551/6043
f 6137/6546/6044 6136/6544/6044 6151/6552/6044 6152/6553/6044
f 6130/6547/6045 6129/6545/6045 6144/6551/6045 6145/6554/6045
f 6138/6548/6046 6137/6546/6046 6152/6553/6046 6153/6555/6046
f 6131/6549/6047 6130/6547/6047 6145/6554/6047 6146/6556/6047
f 6139/6533/6048 6138/6548/6048 6153/6555/6048 6154/6557/6048
f 6132/6535/6049 6131/6549/6049 6146/6556/6049 6147/6558/6049
f 6140/6534/6050 6139/6533/6050 6154/6557/6050 6155/6559/6050
f 6133/6536/6051 6132/6535/6051 6147/6558/6051 6148/6560/6051
f 6141/6537/6052 6140/6534/6052 6155/6559/6052 6156/6561/6052
f 6134/6538/6053 6133/6536/6053 6148/6560/6053 6149/6562/6053
f 6127/6540/6054 6006/6563/6054 6142/6564/6054
f 6232/6565/6055 6141/6537/6055 6156/6561/6055
f 6135/6542/6056 6134/6538/6056 6149/6562/6056 6150/6566/6056
f 6128/6543/6057 6127/6540/6057 6142/6564/6057 6143/6550/6057
f 6136/6544/6058 6135/6542/6058 6150/6566/6058 6151/6552/6058
f 6148/6560/6059 6147/6558/6059 6162/6567/6059 6163/6568/6059
f 6156/6561/6060 6155/6559/6060 6170/6569/6060 6171/6570/6060
f 6149/6562/6061 6148/6560/6061 6163/6568/6061 6164/6571/6061
f 6142/6564/6062 6006/6572/6062 6157/6573/6062
f 6232/6574/6063 6156/6561/6063 6171/6570/6063
f 6150/6566/6064 6149/6562/6064 6164/6571/6064 6165/6575/6064
f 6143/6550/6065 6142/6564/6065 6157/6573/6065 6158/6576/6065
f 6151/6552/6066 6150/6566/6066 6165/6575/6066 6166/6577/6066
f 6144/6551/6067 6143/6550/6067 6158/6576/6067 6159/6578/6067
f 6152/6553/6068 6151/6552/6068 6166/6577/6068 6167/6579/6068
f 6145/6554/6069 6144/6551/6069 6159/6578/6069 6160/6580/6069
f 6153/6555/6070 6152/6553/6070 6167/6579/6070 6168/6581/6070
f 6146/6556/6071 6145/6554/6071 6160/6580/6071 6161/6582/6071
f 6154/6557/6072 6153/6555/6072 6168/6581/6072 6169/6583/6072
f 6147/6558/6073 6146/6556/6073 6161/6582/6073 6162/6567/6073
f 6155/6559/6074 6154/6557/6074 6169/6583/6074 6170/6569/6074
f 6167/6579/6075 6166/6577/6075 6181/6584/6075 6182/6585/6075
f 6160/6580/6076 6159/6578/6076 6174/6586/6076 6175/6587/6076
f 6168/6581/6077 6167/6579/6077 6182/6585/6077 6183/6588/6077
f 6161/6582/6078 6160/6580/6078 6175/6587/6078 6176/6589/6078
f 6169/6583/6079 6168/6581/6079 6183/6588/6079 6184/6590/6079
f 6162/6567/6080 6161/6582/6080 6176/6589/6080 6177/6591/6080
f 6170/6569/6081 6169/6583/6081 6184/6590/6081 6185/6592/6081
f 6163/6568/6082 6162/6567/6082 6177/6591/6082 6178/6593/6082
f 6171/6570/6083 6170/6569/6083 6185/6592/6083 6186/6594/6083
f 6164/6571/6084 6163/6568/6084 6178/6593/6084 6179/6595/6084
f 6157/6573/6085 6006/6596/6085 6172/6597/6085
f 6232/6598/6086 6171/6570/6086 6186/6594/6086
f 6165/6575/6087 6164/6571/6087 6179/6595/6087 6180/6599/6087
f 6158/6576/6088 6157/6573/6088 6172/6597/6088 6173/6600/6088
f 6166/6577/6089 6165/6575/6089 6180/6599/6089 6181/6584/6089
f 6159/6578/6090 6158/6576/6090 6173/6600/6090 6174/6586/6090
f 6186/6594/6091 6185/6592/6091 6200/6601/6091 6201/6602/6091
f 6179/6595/6092 6178/6593/6092 6193/6603/6092 6194/6604/6092
f 6172/6597/6093 6006/6605/6093 6187/6606/6093
f 6232/6607/6094 6186/6594/6094 6201/6602/6094
f 6180/6599/6095 6179/6595/6095 6194/6604/6095 6195/6608/6095
f 6173/6600/6096 6172/6597/6096 6187/6606/6096 6188/6609/6096
f 6181/6584/6097 6180/6599/6097 6195/6608/6097 6196/6610/6097
f 6174/6586/6098 6173/6600/6098 6188/6609/6098 6189/6611/6098
f 6182/6585/6099 6181/6584/6099 6196/6610/6099 6197/6612/6099
f 6175/6587/6100 6174/6586/6100 6189/6611/6100 6190/6613/6100
f 6183/6588/6101 6182/6585/6101 6197/6612/6101 6198/6614/6101
f 6176/6589/6102 6175/6587/6102 6190/6613/6102 6191/6615/6102
f 6184/6590/6103 6183/6588/6103 6198/6614/6103 6199/6616/6103
f 6177/6591/6104 6176/6589/6104 6191/6615/6104 6192/6617/6104
f 6185/6592/6105 6184/6590/6105 6199/6616/6105 6200/6601/6105
f 6178/6593/6106 6177/6591/6106 6192/6617/6106 6193/6603/6106
f 6190/6613/6107 6189/6611/6107 6204/6618/6107 6205/6619/6107
f 6198/6614/6108 6197/6612/6108 6212/6620/6108 6213/6621/6108
f 6191/6615/6109 6190/6613/6109 6205/6619/6109 6206/6622/6109
f 6199/6616/6110 6198/6614/6110 6213/6621/6110 6214/6623/6110
f 6192/6617/6111 6191/6615/6111 6206/6622/6111 6207/6624/6111
f 6200/6601/6112 6199/6616/6112 6214/6623/6112 6215/6625/6112
f 6193/6603/6113 6192/6617/6113 6207/6624/6113 6208/6626/6113
f 6201/6602/6114 6200/6601/6114 6215/6625/6114 6216/6627/6114
f 6194/6604/6115 6193/6603/6115 6208/6626/6115 6209/6628/6115
f 6187/6606/6116 6006/6629/6116 6202/6630/6116
f 6232/6631/6117 6201/6602/6117 6216/6627/6117
f 6195/6608/6118 6194/6604/6118 6209/6628/6118 6210/6632/6118
f 6188/6609/6119 6187/6606/6119 6202/6630/6119 6203/6633/6119
f 6196/6610/6120 6195/6608/6120 6210/6632/6120 6211/6634/6120
f 6189/6611/6121 6188/6609/6121 6203/6633/6121 6204/6618/6121
f 6197/6612/6122 6196/6610/6122 6211/6634/6122 6212/6620/6122
f 6209/6628/6123 6208/6626/6123 6223/6635/6123 6224/6636/6123
f 6202/6630/6124 6006/6637/6124 6217/6638/6124
f 6232/6639/6125 6216/6627/6125 6231/6640/6125
f 6210/6632/6126 6209/6628/6126 6224/6636/6126 6225/6641/6126
f 6203/6633/6127 6202/6630/6127 6217/6638/6127 6218/6642/6127
f 6211/6634/6128 6210/6632/6128 6225/6641/6128 6226/6643/6128
f 6204/6618/6129 6203/6633/6129 6218/6642/6129 6219/6644/6129
f 6212/6620/6130 6211/6634/6130 6226/6643/6130 6227/6645/6130
f 6205/6619/6131 6204/6618/6131 6219/6644/6131 6220/6646/6131
f 6213/6621/6132 6212/6620/6132 6227/6645/6132 6228/6647/6132
f 6206/6622/6133 6205/6619/6133 6220/6646/6133 6221/6648/6133
f 6214/6623/6134 6213/6621/6134 6228/6647/6134 6229/6649/6134
f 6207/6624/6135 6206/6622/6135 6221/6648/6135 6222/6650/6135
f 6215/6625/6136 6214/6623/6136 6229/6649/6136 6230/6651/6136
f 6208/6626/6137 6207/6624/6137 6222/6650/6137 6223/6635/6137
f 6216/6627/6138 6215/6625/6138 6230/6651/6138 6231/6640/6138
f 6228/6647/6139 6227/6645/6139 6243/6652/6139 6244/6653/6139
f 6221/6648/6140 6220/6646/6140 6236/6654/6140 6237/6655/6140
f 6229/6649/6141 6228/6647/6141 6244/6653/6141 6245/6656/6141
f 6222/6650/6142 6221/6648/6142 6237/6655/6142 6238/6657/6142
f 6230/6651/6143 6229/6649/6143 6245/6656/6143 6246/6658/6143
f 6223/6635/6144 6222/6650/6144 6238/6657/6144 6239/6659/6144
f 6231/6640/6145 6230/6651/6145 6246/6658/6145 6247/6660/6145
f 6224/6636/6146 6223/6635/6146 6239/6659/6146 6240/6661/6146
f 6217/6638/6147 6006/6662/6147 6233/6663/6147
f 6232/6664/6148 6231/6640/6148 6247/6660/6148
f 6225/6641/6149 6224/6636/6149 6240/6661/6149 6241/6665/6149
f 6218/6642/6150 6217/6638/6150 6233/6663/6150 6234/6666/6150
f 6226/6643/6151 6225/6641/6151 6241/6665/6151 6242/6667/6151
f 6219/6644/6152 6218/6642/6152 6234/6666/6152 6235/6668/6152
f 6227/6645/6153 6226/6643/6153 6242/6667/6153 6243/6652/6153
f 6220/6646/6154 6219/6644/6154 6235/6668/6154 6236/6654/6154
f 6232/6669/6155 6247/6660/6155 6262/6670/6155
f 6241/6665/6156 6240/6661/6156 6255/6671/6156 6256/6672/6156
f 6234/6666/6157 6233/6663/6157 6248/6673/6157 6249/6674/6157
f 6242/6667/6158 6241/6665/6158 6256/6672/6158 6257/6675/6158
f 6235/6668/6159 6234/6666/6159 6249/6674/6159 6250/6676/6159
f 6243/6652/6160 6242/6667/6160 6257/6675/6160 6258/6677/6160
f 6236/6654/6161 6235/6668/6161 6250/6676/6161 6251/6678/6161
f 6244/6653/6162 6243/6652/6162 6258/6677/6162 6259/6679/6162
f 6237/6655/6163 6236/6654/6163 6251/6678/6163 6252/6680/6163
f 6245/6656/6164 6244/6653/6164 6259/6679/6164 6260/6681/6164
f 6238/6657/6165 6237/6655/6165 6252/6680/6165 6253/6682/6165
f 6246/6658/6166 6245/6656/6166 6260/6681/6166 6261/6683/6166
f 6239/6659/6167 6238/6657/6167 6253/6682/6167 6254/6684/6167
f 6247/6660/6168 6246/6658/6168 6261/6683/6168 6262/6670/6168
f 6240/6661/6169 6239/6659/6169 6254/6684/6169 6255/6671/6169
f 6233/6663/6170 6006/6685/6170 6248/6673/6170
f 6260/6681/6171 6259/6679/6171 6274/6686/6171 6275/6687/6171
f 6253/6682/6172 6252/6680/6172 6267/6688/6172 6268/6689/6172
f 6261/6683/6173 6260/6681/6173 6275/6687/6173 6276/6690/6173
f 6254/6684/6174 6253/6682/6174 6268/6689/6174 6269/6691/6174
f 6262/6670/6175 6261/6683/6175 6276/6690/6175 6277/6692/6175
f 6255/6671/6176 6254/6684/6176 6269/6691/6176 6270/6693/6176
f 6248/6673/6177 6006/6694/6177 6263/6695/6177
f 6232/6696/6178 6262/6670/6178 6277/6692/6178
f 6256/6672/6179 6255/6671/6179 6270/6693/6179 6271/6697/6179
f 6249/6674/6180 6248/6673/6180 6263/6695/6180 6264/6698/6180
f 6257/6675/6181 6256/6672/6181 6271/6697/6181 6272/6699/6181
f 6250/6676/6182 6249/6674/6182 6264/6698/6182 6265/6700/6182
f 6258/6677/6183 6257/6675/6183 6272/6699/6183 6273/6701/6183
f 6251/6678/6184 6250/6676/6184 6265/6700/6184 6266/6702/6184
f 6259/6679/6185 6258/6677/6185 6273/6701/6185 6274/6686/6185
f 6252/6680/6186 6251/6678/6186 6266/6702/6186 6267/6688/6186
f 6264/6698/6187 6263/6695/6187 6278/6703/6187 6279/6704/6187
f 6272/6699/6188 6271/6697/6188 6286/6705/6188 6287/6706/6188
f 6265/6700/6189 6264/6698/6189 6279/6704/6189 6280/6707/6189
f 6273/6701/6190 6272/6699/6190 6287/6706/6190 6288/6708/6190
f 6266/6702/6191 6265/6700/6191 6280/6707/6191 6281/6709/6191
f 6274/6686/6192 6273/6701/6192 6288/6708/6192 6289/6710/6192
f 6267/6688/6193 6266/6702/6193 6281/6709/6193 6282/6711/6193
f 6275/6687/6194 6274/6686/6194 6289/6710/6194 6290/6712/6194
f 6268/6689/6195 6267/6688/6195 6282/6711/6195 6283/6713/6195
f 6276/6690/6196 6275/6687/6196 6290/6712/6196 6291/6714/6196
f 6269/6691/6197 6268/6689/6197 6283/6713/6197 6284/6715/6197
f 6277/6692/6198 6276/6690/6198 6291/6714/6198 6292/6716/6198
f 6270/6693/6199 6269/6691/6199 6284/6715/6199 6285/6717/6199
f 6263/6695/6200 6006/6718/6200 6278/6703/6200
f 6232/6719/6201 6277/6692/6201 6292/6716/6201
f 6271/6697/6202 6270/6693/6202 6285/6717/6202 6286/6705/6202
f 6283/6720/6203 6282/6721/6203 6297/6722/6203 6298/6723/6203
f 6291/6724/6204 6290/6725/6204 6305/6726/6204 6306/6727/6204
f 6284/6728/6205 6283/6720/6205 6298/6723/6205 6299/6729/6205
f 6292/6730/6206 6291/6724/6206 6306/6727/6206 6307/6731/6206
f 6285/6732/6207 6284/6728/6207 6299/6729/6207 6300/6733/6207
f 6278/6734/6208 6006/6735/6208 6293/6736/6208
f 6232/6737/6209 6292/6730/6209 6307/6731/6209
f 6286/6738/6210 6285/6732/6210 6300/6733/6210 6301/6739/6210
f 6279/6740/6211 6278/6734/6211 6293/6736/6211 6294/6741/6211
f 6287/6742/6212 6286/6738/6212 6301/6739/6212 6302/6743/6212
f 6280/6744/6213 6279/6740/6213 6294/6741/6213 6295/6745/6213
f 6288/6746/6214 6287/6742/6214 6302/6743/6214 6303/6747/6214
f 6281/6748/6215 6280/6744/6215 6295/6745/6215 6296/6749/6215
f 6289/6750/6216 6288/6746/6216 6303/6747/6216 6304/6751/6216
f 6282/6721/6217 6281/6748/6217 6296/6749/6217 6297/6722/6217
f 6290/6725/6218 6289/6750/6218 6304/6751/6218 6305/6726/6218
f 6302/6743/6219 6301/6739/6219 6316/6752/6219 6317/6753/6219
f 6295/6745/6220 6294/6741/6220 6309/6754/6220 6310/6755/6220
f 6303/6747/6221 6302/6743/6221 6317/6753/6221 6318/6756/6221
f 6296/6749/6222 6295/6745/6222 6310/6755/6222 6311/6757/6222
f 6304/6751/6223 6303/6747/6223 6318/6756/6223 6319/6758/6223
f 6297/6722/6224 6296/6749/6224 6311/6757/6224 6312/6759/6224
f 6305/6726/6225 6304/6751/6225 6319/6758/6225 6320/6760/6225
f 6298/6723/6226 6297/6722/6226 6312/6759/6226 6313/6761/6226
f 6306/6727/6227 6305/6726/6227 6320/6760/6227 6321/6762/6227
f 6299/6729/6228 6298/6723/6228 6313/6761/6228 6314/6763/6228
f 6307/6731/6229 6306/6727/6229 6321/6762/6229 6322/6764/6229
f 6300/6733/6230 6299/6729/6230 6314/6763/6230 6315/6765/6230
f 6293/6736/6231 6006/6766/6231 6308/6767/6231
f 6232/6768/6232 6307/6731/6232 6322/6764/6232
f 6301/6739/6233 6300/6733/6233 6315/6765/6233 6316/6752/6233
f 6294/6741/6234 6293/6736/6234 6308/6767/6234 6309/6754/6234
f 6321/6762/6235 6320/6760/6235 6335/6769/6235 6336/6770/6235
f 6314/6763/6236 6313/6761/6236 6328/6771/6236 6329/6772/6236
f 6322/6764/6237 6321/6762/6237 6336/6770/6237 6337/6773/6237
f 6315/6765/6238 6314/6763/6238 6329/6772/6238 6330/6774/6238
f 6308/6767/6239 6006/6775/6239 6323/6776/6239
f 6232/6777/6240 6322/6764/6240 6337/6773/6240
f 6316/6752/6241 6315/6765/6241 6330/6774/6241 6331/6778/6241
f 6309/6754/6242 6308/6767/6242 6323/6776/6242 6324/6779/6242
f 6317/6753/6243 6316/6752/6243 6331/6778/6243 6332/6780/6243
f 6310/6755/6244 6309/6754/6244 6324/6779/6244 6325/6781/6244
f 6318/6756/6245 6317/6753/6245 6332/6780/6245 6333/6782/6245
f 6311/6757/6246 6310/6755/6246 6325/6781/6246 6326/6783/6246
f 6319/6758/6247 6318/6756/6247 6333/6782/6247 6334/6784/6247
f 6312/6759/6248 6311/6757/6248 6326/6783/6248 6327/6785/6248
f 6320/6760/6249 6319/6758/6249 6334/6784/6249 6335/6769/6249
f 6313/6761/6250 6312/6759/6250 6327/6785/6250 6328/6771/6250
f 6325/6781/6251 6324/6779/6251 6339/6786/6251 6340/6787/6251
f 6333/6782/6252 6332/6780/6252 6347/6788/6252 6348/6789/6252
f 6326/6783/6253 6325/6781/6253 6340/6787/6253 6341/6790/6253
f 6334/6784/6254 6333/6782/6254 6348/6789/6254 6349/6791/6254
f 6327/6785/6255 6326/6783/6255 6341/6790/6255 6342/6792/6255
f 6335/6769/6256 6334/6784/6256 6349/6791/6256 6350/6793/6256
f 6328/6771/6257 6327/6785/6257 6342/6792/6257 6343/6794/6257
f 6336/6770/6258 6335/6769/6258 6350/6793/6258 6351/6795/6258
f 6329/6772/6259 6328/6771/6259 6343/6794/6259 6344/6796/6259
f 6337/6773/6260 6336/6770/6260 6351/6795/6260 6352/6797/6260
f 6330/6774/6261 6329/6772/6261 6344/6796/6261 6345/6798/6261
f 6323/6776/6262 6006/6799/6262 6338/6800/6262
f 6232/6801/6263 6337/6773/6263 6352/6797/6263
f 6331/6778/6264 6330/6774/6264 6345/6798/6264 6346/6802/6264
f 6324/6779/6265 6323/6776/6265 6338/6800/6265 6339/6786/6265
f 6332/6780/6266 6331/6778/6266 6346/6802/6266 6347/6788/6266
f 6344/6796/6267 6343/6794/6267 6358/6803/6267 6359/6804/6267
f 6352/6797/6268 6351/6795/6268 6366/6805/6268 6367/6806/6268
f 6345/6798/6269 6344/6796/6269 6359/6804/6269 6360/6807/6269
f 6338/6800/6270 6006/6808/6270 6353/6809/6270
f 6232/6810/6271 6352/6797/6271 6367/6806/6271
f 6346/6802/6272 6345/6798/6272 6360/6807/6272 6361/6811/6272
f 6339/6786/6273 6338/6800/6273 6353/6809/6273 6354/6812/6273
f 6347/6788/6274 6346/6802/6274 6361/6811/6274 6362/6813/6274
f 6340/6787/6275 6339/6786/6275 6354/6812/6275 6355/6814/6275
f 6348/6789/6276 6347/6788/6276 6362/6813/6276 6363/6815/6276
f 6341/6790/6277 6340/6787/6277 6355/6814/6277 6356/6816/6277
f 6349/6791/6278 6348/6789/6278 6363/6815/6278 6364/6817/6278
f 6342/6792/6279 6341/6790/6279 6356/6816/6279 6357/6818/6279
f 6350/6793/6280 6349/6791/6280 6364/6817/6280 6365/6819/6280
f 6343/6794/6281 6342/6792/6281 6357/6818/6281 6358/6803/6281
f 6351/6795/6282 6350/6793/6282 6365/6819/6282 6366/6805/6282
f 6363/6815/6283 6362/6813/6283 6377/6820/6283 6378/6821/6283
f 6356/6816/6284 6355/6814/6284 6370/6822/6284 6371/6823/6284
f 6364/6817/6285 6363/6815/6285 6378/6821/6285 6379/6824/6285
f 6357/6818/6286 6356/6816/6286 6371/6823/6286 6372/6825/6286
f 6365/6819/6287 6364/6817/6287 6379/6824/6287 6380/6826/6287
f 6358/6803/6288 6357/6818/6288 6372/6825/6288 6373/6827/6288
f 6366/6805/6289 6365/6819/6289 6380/6826/6289 6381/6828/6289
f 6359/6804/6290 6358/6803/6290 6373/6827/6290 6374/6829/6290
f 6367/6806/6291 6366/6805/6291 6381/6828/6291 6382/6830/6291
f 6360/6807/6292 6359/6804/6292 6374/6829/6292 6375/6831/6292
f 6353/6809/6293 6006/6832/6293 6368/6833/6293
f 6232/6834/6294 6367/6806/6294 6382/6830/6294
f 6361/6811/6295 6360/6807/6295 6375/6831/6295 6376/6835/6295
f 6354/6812/6296 6353/6809/6296 6368/6833/6296 6369/6836/6296
f 6362/6813/6297 6361/6811/6297 6376/6835/6297 6377/6820/6297
f 6355/6814/6298 6354/6812/6298 6369/6836/6298 6370/6822/6298
f 6382/6830/6299 6381/6828/6299 6396/6837/6299 6397/6838/6299
f 6375/6831/6300 6374/6829/6300 6389/6839/6300 6390/6840/6300
f 6368/6833/6301 6006/6841/6301 6383/6842/6301
f 6232/6843/6302 6382/6830/6302 6397/6838/6302
f 6376/6835/6303 6375/6831/6303 6390/6840/6303 6391/6844/6303
f 6369/6836/6304 6368/6833/6304 6383/6842/6304 6384/6845/6304
f 6377/6820/6305 6376/6835/6305 6391/6844/6305 6392/6846/6305
f 6370/6822/6306 6369/6836/6306 6384/6845/6306 6385/6847/6306
f 6378/6821/6307 6377/6820/6307 6392/6846/6307 6393/6848/6307
f 6371/6823/6308 6370/6822/6308 6385/6847/6308 6386/6849/6308
f 6379/6824/6309 6378/6821/6309 6393/6848/6309 6394/6850/6309
f 6372/6825/6310 6371/6823/6310 6386/6849/6310 6387/6851/6310
f 6380/6826/6311 6379/6824/6311 6394/6850/6311 6395/6852/6311
f 6373/6827/6312 6372/6825/6312 6387/6851/6312 6388/6853/6312
f 6381/6828/6313 6380/6826/6313 6395/6852/6313 6396/6837/6313
f 6374/6829/6314 6373/6827/6314 6388/6853/6314 6389/6839/6314
f 6394/6850/6315 6393/6848/6315 5930/6302/6315 6403/6301/6315
f 6387/6851/6316 6386/6849/6316 6400/6297/6316 5926/6305/6316
f 6395/6852/6317 6394/6850/6317 6403/6301/6317 6404/6307/6317
f 6388/6853/6318 6387/6851/6318 5926/6305/6318 6401/6309/6318
f 6396/6837/6319 6395/6852/6319 6404/6307/6319 6405/6311/6319
f 6389/6839/6320 6388/6853/6320 6401/6309/6320 5927/6313/6320
f 6397/6838/6321 6396/6837/6321 6405/6311/6321 6406/6315/6321
f 6390/6840/6322 6389/6839/6322 5927/6313/6322 5928/6317/6322
f 6383/6842/6323 6006/6854/6323 6398/6319/6323
f 6232/6855/6324 6397/6838/6324 6406/6315/6324
f 6391/6844/6325 6390/6840/6325 5928/6317/6325 5929/6323/6325
f 6384/6845/6326 6383/6842/6326 6398/6319/6326 6399/6325/6326
f 6392/6846/6327 6391/6844/6327 5929/6323/6327 6402/6327/6327
f 6385/6847/6328 6384/6845/6328 6399/6325/6328 5925/6298/6328
f 6393/6848/6329 6392/6846/6329 6402/6327/6329 5930/6302/6329
f 6386/6849/6330 6385/6847/6330 5925/6298/6330 6400/6297/6330
f 6446/6856/6331 6430/6857/6331 6410/6858/6331 6416/6859/6331
f 6421/6860/6332 6435/6861/6332 6420/6862/6332 6409/6863/6332
f 6435/6861/6333 6437/6864/6333 6419/6865/6333 6420/6862/6333
f 6437/6864/6334 6439/6866/6334 6418/6867/6334 6419/6865/6334
f 6439/6866/6335 6441/6868/6335 6417/6869/6335 6418/6867/6335
f 6441/6868/6333 6446/6856/6333 6416/6859/6333 6417/6869/6333
f 6414/6870/6336 6415/6871/6336 6442/6872/6336 6440/6873/6336
f 6413/6874/6337 6414/6870/6337 6440/6873/6337 6438/6875/6337
f 6412/6876/6338 6413/6874/6338 6438/6875/6338 6436/6877/6338
f 6411/6878/6336 6412/6876/6336 6436/6877/6336 6431/6879/6336
f 6407/6880/6339 6411/6878/6339 6431/6879/6339 6425/6881/6339
f 6425/6881/6340 6431/6879/6340 6432/6882/6340 6424/6883/6340
f 6424/6883/6341 6432/6882/6341 6433/6884/6341 6423/6885/6341
f 6423/6885/6342 6433/6884/6342 6434/6886/6342 6422/6887/6342
f 6422/6887/6340 6434/6886/6340 6435/6861/6340 6421/6860/6340
f 6415/6871/6343 6408/6888/6343 6426/6889/6343 6442/6872/6343
f 6442/6872/6344 6426/6889/6344 6427/6890/6344 6443/6891/6344
f 6443/6891/6345 6427/6890/6345 6428/6892/6345 6444/6893/6345
f 6444/6893/6346 6428/6892/6346 6429/6894/6346 6445/6895/6346
f 6445/6895/6344 6429/6894/6344 6430/6857/6344 6446/6856/6344
f 6440/6873/6347 6442/6872/6347 6443/6891/6347 6444/6893/6347 6445/6895/6347 6446/6856/6347 6441/6868/6347 6439/6866/6347 6437/6864/6347 6435/6861/6347 6434/6886/6347 6433/6884/6347 6432/6882/6347 6431/6879/6347 6436/6877/6347 6438/6875/6347
f 6486/6856/6348 6456/6859/6348 6450/6858/6348 6470/6857/6348
f 6461/6860/6349 6449/6863/6349 6460/6862/6349 6475/6861/6349
f 6475/6861/6350 6460/6862/6350 6459/6865/6350 6477/6864/6350
f 6477/6864/6351 6459/6865/6351 6458/6867/6351 6479/6866/6351
f 6479/6866/6352 6458/6867/6352 6457/6869/6352 6481/6868/6352
f 6481/6868/6350 6457/6869/6350 6456/6859/6350 6486/6856/6350
f 6454/6870/6353 6480/6873/6353 6482/6872/6353 6455/6871/6353
f 6453/6874/6354 6478/6875/6354 6480/6873/6354 6454/6870/6354
f 6452/6876/6355 6476/6877/6355 6478/6875/6355 6453/6874/6355
f 6451/6878/6353 6471/6879/6353 6476/6877/6353 6452/6876/6353
f 6447/6880/6356 6465/6881/6356 6471/6879/6356 6451/6878/6356
f 6465/6881/6357 6464/6883/6357 6472/6882/6357 6471/6879/6357
f 6464/6883/6358 6463/6885/6358 6473/6884/6358 6472/6882/6358
f 6463/6885/6359 6462/6887/6359 6474/6886/6359 6473/6884/6359
f 6462/6887/6357 6461/6860/6357 6475/6861/6357 6474/6886/6357
f 6455/6871/6360 6482/6872/6360 6466/6889/6360 6448/6888/6360
f 6482/6872/6361 6483/6891/6361 6467/6890/6361 6466/6889/6361
f 6483/6891/6362 6484/6893/6362 6468/6892/6362 6467/6890/6362
f 6484/6893/6363 6485/6895/6363 6469/6894/6363 6468/6892/6363
f 6485/6895/6361 6486/6856/6361 6470/6857/6361 6469/6894/6361
f 6480/6873/6364 6478/6875/6364 6476/6877/6364 6471/6879/6364 6472/6882/6364 6473/6884/6364 6474/6886/6364 6475/6861/6364 6477/6864/6364 6479/6866/6364 6481/6868/6364 6486/6856/6364 6485/6895/6364 6484/6893/6364 6483/6891/6364 6482/6872/6364
f 6407/6880/6365 6425/6881/6365 6465/6881/6365 6447/6880/6365
f 6408/6888/6366 6415/6871/6366 6455/6871/6366 6448/6888/6366
f 6410/6858/6367 6430/6857/6367 6470/6857/6367 6450/6858/6367
f 6409/6863/6368 6420/6862/6368 6460/6862/6368 6449/6863/6368
f 6411/6878/6366 6407/6880/6366 6447/6880/6366 6451/6878/6366
f 6412/6876/6366 6411/6878/6366 6451/6878/6366 6452/6876/6366
f 6413/6874/6369 6412/6876/6369 6452/6876/6369 6453/6874/6369
f 6414/6870/6370 6413/6874/6370 6453/6874/6370 6454/6870/6370
f 6415/6871/6366 6414/6870/6366 6454/6870/6366 6455/6871/6366
f 6416/6859/6368 6410/6858/6368 6450/6858/6368 6456/6859/6368
f 6417/6869/6368 6416/6859/6368 6456/6859/6368 6457/6869/6368
f 6418/6867/6371 6417/6869/6371 6457/6869/6371 6458/6867/6371
f 6419/6865/6372 6418/6867/6372 6458/6867/6372 6459/6865/6372
f 6420/6862/6368 6419/6865/6368 6459/6865/6368 6460/6862/6368
f 6421/6860/6365 6409/6863/6365 6449/6863/6365 6461/6860/6365
f 6422/6887/6365 6421/6860/6365 6461/6860/6365 6462/6887/6365
f 6423/6885/6373 6422/6887/6373 6462/6887/6373 6463/6885/6373
f 6424/6883/6374 6423/6885/6374 6463/6885/6374 6464/6883/6374
f 6425/6881/6365 6424/6883/6365 6464/6883/6365 6465/6881/6365
f 6426/6889/6367 6408/6888/6367 6448/6888/6367 6466/6889/6367
f 6427/6890/6367 6426/6889/6367 6466/6889/6367 6467/6890/6367
f 6428/6892/6375 6427/6890/6375 6467/6890/6375 6468/6892/6375
f 6429/6894/6376 6428/6892/6376 6468/6892/6376 6469/6894/6376
f 6430/6857/6367 6429/6894/6367 6469/6894/6367 6470/6857/6367
o StageObjectSpawn.015
v 27.000000 1.000000 0.999999
v 23.000000 1.000000 1.000001
v 27.000000 5.000000 0.999999
v 23.000000 5.000000 1.000001
vn -0.0000 -0.0000 -1.0000
vt 1.000000 0.000000
vt 0.000000 1.000000
vt 0.000000 0.000000
vt 1.000000 1.000000
s 1
usemtl Material.007
f 6488/6896/6377 6489/6897/6377 6487/6898/6377
f 6488/6896/6377 6490/6899/6377 6489/6897/6377
o StageObjectSpawn.017
v 29.500000 32.900002 -1.000000
v 29.500000 34.900002 -1.000000
v 29.500000 32.900002 1.000000
v 29.500000 34.900002 1.000000
v 27.500000 32.900002 -1.000000
v 27.500000 34.900002 -1.000000
v 27.500000 32.900002 1.000000
v 27.500000 34.900002 1.000000
v 29.580000 32.982002 0.918000
v 29.580000 32.982002 -0.918000
v 29.580000 34.818001 -0.918000
v 29.580000 34.818001 0.918000
v 29.417999 32.982002 -1.080000
v 29.417999 34.818001 -1.080000
v 27.582001 34.818001 -1.080000
v 27.582001 32.982002 -1.080000
v 27.420000 34.818001 0.918000
v 27.420000 32.982002 0.918000
v 27.420000 32.982002 -0.918000
v 27.420000 34.818001 -0.918000
v 29.417999 34.818001 1.080000
v 29.417999 32.982002 1.080000
v 27.582001 32.982002 1.080000
v 27.582001 34.818001 1.080000
v 29.417999 34.980003 -0.918000
v 29.417999 34.980003 0.918000
v 27.582001 34.980003 0.918000
v 27.582001 34.980003 -0.918000
v 29.417999 32.820000 0.918000
v 29.417999 32.820000 -0.918000
v 27.582001 32.820000 0.918000
v 27.582001 32.820000 -0.918000
vn 0.7071 0.7071 -0.0000
vn 0.7158 0.6983 -0.0000
vn -0.7071 -0.0000 0.7071
vn -0.6983 -0.0000 0.7158
vn -0.7158 -0.0000 0.6983
vn -0.0000 0.7071 -0.7071
vn -0.0000 0.6983 -0.7158
vn -0.0000 -0.7071 -0.7071
vn -0.0000 -0.7158 -0.6983
vn -0.7071 0.7071 -0.0000
vn -0.6983 0.7158 -0.0000
vn 1.0000 -0.0000 -0.0000
vn 0.7071 -0.7071 -0.0000
vn 0.7158 -0.6983 -0.0000
vn 0.7071 -0.0000 0.7071
vn 0.7158 -0.0000 0.6983
vn 0.7071 -0.0000 -0.7071
vn 0.7158 -0.0000 -0.6983
vn -0.0000 -0.0000 -1.0000
vn -0.7071 -0.0000 -0.7071
vn -0.6983 -0.0000 -0.7158
vn 0.6983 -0.0000 -0.7158
vn -0.0000 -0.6983 -0.7158
vn -1.0000 -0.0000 -0.0000
vn -0.7158 -0.0000 -0.6983
vn -0.7071 -0.7071 -0.0000
vn -0.7158 -0.6983 -0.0000
vn -0.7158 0.6983 -0.0000
vn -0.0000 -0.0000 1.0000
vn -0.0000 -0.7071 0.7071
vn -0.0000 -0.6983 0.7158
vn -0.0000 0.7071 0.7071
vn -0.0000 0.6983 0.7158
vn 0.6983 -0.0000 0.7158
vn -0.0000 1.0000 -0.0000
vn 0.6983 0.7158 -0.0000
vn -0.0000 0.7158 -0.6983
vn -0.0000 0.7158 0.6983
vn -0.0000 -1.0000 -0.0000
vn -0.0000 -0.7158 0.6983
vn 0.6983 -0.7158 -0.0000
vn -0.6983 -0.7158 -0.0000
vt 0.498299 0.996600
vt 0.249176 0.999914
vt 0.263204 0.985151
vt 0.483724 0.982726
vt 0.000086 0.498344
vt 0.249176 0.501657
vt 0.235110 0.516045
vt 0.014660 0.512566
vt 0.249176 0.252528
vt 0.263751 0.266403
vt 0.263204 0.486894
vt 0.747389 0.501656
vt 0.747389 0.750785
vt 0.732815 0.736562
vt 0.733323 0.516045
vt 0.498299 0.498343
vt 0.498299 0.747472
vt 0.483724 0.733597
vt 0.484271 0.513106
vt 0.498299 0.249215
vt 0.263204 0.237766
vt 0.483724 0.235340
vt 0.484271 0.762234
vt 0.263751 0.764660
vt 0.249176 0.750785
vt 0.512873 0.512566
vt 0.512365 0.733083
vt 0.484271 0.263977
vt 0.483724 0.484469
vt 0.234602 0.736562
vt 0.014153 0.733084
vt 0.000086 0.747472
vt 0.263751 0.017274
vt 0.484271 0.014849
vt 0.249176 0.003400
vt 0.498299 0.000086
vt 0.263204 0.736022
vt 0.263751 0.515531
s 1
usemtl Material.036
f 6492/6900/6378 6494/6901/6378 6502/6902/6379 6501/6903/6379
f 6498/6904/6380 6497/6905/6380 6513/6906/6381 6514/6907/6381
f 6497/6905/6380 6498/6908/6380 6507/6909/6382 6508/6910/6382
f 6496/6911/6383 6492/6912/6383 6504/6913/6384 6505/6914/6384
f 6495/6915/6385 6491/6916/6385 6520/6917/6386 6522/6918/6386
f 6496/6919/6387 6498/6908/6387 6517/6920/6388 6518/6921/6388
f 6500/6922/6389 6501/6903/6389 6502/6902/6389 6499/6923/6389
f 6493/6924/6390 6491/6916/6390 6500/6922/6391 6499/6923/6391
f 6494/6901/6392 6493/6924/6392 6499/6923/6393 6502/6902/6393
f 6491/6916/6394 6492/6900/6394 6501/6903/6395 6500/6922/6395
f 6506/6925/6396 6505/6914/6396 6504/6913/6396 6503/6926/6396
f 6495/6915/6397 6496/6911/6397 6505/6914/6398 6506/6925/6398
f 6492/6912/6394 6491/6916/6394 6503/6926/6399 6504/6913/6399
f 6491/6916/6385 6495/6915/6385 6506/6925/6400 6503/6926/6400
f 6508/6910/6401 6507/6909/6401 6510/6927/6401 6509/6928/6401
f 6496/6919/6397 6495/6915/6397 6509/6928/6402 6510/6927/6402
f 6495/6915/6403 6497/6905/6403 6508/6910/6404 6509/6928/6404
f 6498/6908/6387 6496/6919/6387 6510/6927/6405 6507/6909/6405
f 6512/6929/6406 6511/6930/6406 6514/6907/6406 6513/6906/6406
f 6497/6905/6407 6493/6924/6407 6512/6929/6408 6513/6906/6408
f 6494/6931/6409 6498/6904/6409 6514/6907/6410 6511/6930/6410
f 6493/6924/6392 6494/6931/6392 6511/6930/6411 6512/6929/6411
f 6517/6920/6412 6516/6932/6412 6515/6933/6412 6518/6921/6412
f 6494/6934/6378 6492/6935/6378 6515/6933/6413 6516/6932/6413
f 6492/6935/6383 6496/6919/6383 6518/6921/6414 6515/6933/6414
f 6498/6908/6409 6494/6934/6409 6516/6932/6415 6517/6920/6415
f 6519/6936/6416 6521/6937/6416 6522/6918/6416 6520/6917/6416
f 6493/6924/6407 6497/6905/6407 6521/6937/6417 6519/6936/6417
f 6491/6916/6390 6493/6924/6390 6519/6936/6418 6520/6917/6418
f 6497/6905/6403 6495/6915/6403 6522/6918/6419 6521/6937/6419
o StageObjectSpawn.018
v 31.900002 32.900002 -1.000000
v 31.900002 34.900002 -1.000000
v 31.900002 32.900002 1.000000
v 31.900002 34.900002 1.000000
v 29.900002 32.900002 -1.000000
v 29.900002 34.900002 -1.000000
v 29.900002 32.900002 1.000000
v 29.900002 34.900002 1.000000
v 31.980001 32.982002 0.918000
v 31.980001 32.982002 -0.918000
v 31.980001 34.818001 -0.918000
v 31.980001 34.818001 0.918000
v 31.818001 32.982002 -1.080000
v 31.818001 34.818001 -1.080000
v 29.982002 34.818001 -1.080000
v 29.982002 32.982002 -1.080000
v 29.820002 34.818001 0.918000
v 29.820002 32.982002 0.918000
v 29.820002 32.982002 -0.918000
v 29.820002 34.818001 -0.918000
v 31.818001 34.818001 1.080000
v 31.818001 32.982002 1.080000
v 29.982002 32.982002 1.080000
v 29.982002 34.818001 1.080000
v 31.818001 34.980003 -0.918000
v 31.818001 34.980003 0.918000
v 29.982002 34.980003 0.918000
v 29.982002 34.980003 -0.918000
v 31.818001 32.820000 0.918000
v 31.818001 32.820000 -0.918000
v 29.982002 32.820000 0.918000
v 29.982002 32.820000 -0.918000
vn 0.7071 0.7071 -0.0000
vn 0.7158 0.6983 -0.0000
vn -0.7071 -0.0000 0.7071
vn -0.6983 -0.0000 0.7158
vn -0.7158 -0.0000 0.6983
vn -0.0000 0.7071 -0.7071
vn -0.0000 0.6983 -0.7158
vn -0.0000 -0.7071 -0.7071
vn -0.0000 -0.7158 -0.6983
vn -0.7071 0.7071 -0.0000
vn -0.6983 0.7158 -0.0000
vn 1.0000 -0.0000 -0.0000
vn 0.7071 -0.7071 -0.0000
vn 0.7158 -0.6983 -0.0000
vn 0.7071 -0.0000 0.7071
vn 0.7158 -0.0000 0.6983
vn 0.7071 -0.0000 -0.7071
vn 0.7158 -0.0000 -0.6983
vn -0.0000 -0.0000 -1.0000
vn -0.7071 -0.0000 -0.7071
vn -0.6983 -0.0000 -0.7158
vn 0.6983 -0.0000 -0.7158
vn -0.0000 -0.6983 -0.7158
vn -1.0000 -0.0000 -0.0000
vn -0.7158 -0.0000 -0.6983
vn -0.7071 -0.7071 -0.0000
vn -0.7158 -0.6983 -0.0000
vn -0.7158 0.6983 -0.0000
vn -0.0000 -0.0000 1.0000
vn -0.0000 -0.7071 0.7071
vn -0.0000 -0.6983 0.7158
vn -0.0000 0.7071 0.7071
vn -0.0000 0.6983 0.7158
vn 0.6983 -0.0000 0.7158
vn -0.0000 1.0000 -0.0000
vn 0.6983 0.7158 -0.0000
vn -0.0000 0.7158 -0.6983
vn -0.0000 0.7158 0.6983
vn -0.0000 -1.0000 -0.0000
vn -0.0000 -0.7158 0.6983
vn 0.6983 -0.7158 -0.0000
vn -0.6983 -0.7158 -0.0000
vt 0.498299 0.996600
vt 0.249176 0.999914
vt 0.263204 0.985151
vt 0.483724 0.982726
vt 0.000086 0.498344
vt 0.249176 0.501657
vt 0.235110 0.516045
vt 0.014660 0.512566
vt 0.249176 0.252528
vt 0.263751 0.266403
vt 0.263204 0.486894
vt 0.747389 0.501656
vt 0.747389 0.750785
vt 0.732815 0.736562
vt 0.733323 0.516045
vt 0.498299 0.498343
vt 0.498299 0.747472
vt 0.483724 0.733597
vt 0.484271 0.513106
vt 0.498299 0.249215
vt 0.263204 0.237766
vt 0.483724 0.235340
vt 0.484271 0.762234
vt 0.263751 0.764660
vt 0.249176 0.750785
vt 0.512873 0.512566
vt 0.512365 0.733083
vt 0.484271 0.263977
vt 0.483724 0.484469
vt 0.234602 0.736562
vt 0.014153 0.733084
vt 0.000086 0.747472
vt 0.263751 0.017274
vt 0.484271 0.014849
vt 0.249176 0.003400
vt 0.498299 0.000086
vt 0.263204 0.736022
vt 0.263751 0.515531
s 1
usemtl Material.037
f 6524/6938/6420 6526/6939/6420 6534/6940/6421 6533/6941/6421
f 6530/6942/6422 6529/6943/6422 6545/6944/6423 6546/6945/6423
f 6529/6943/6422 6530/6946/6422 6539/6947/6424 6540/6948/6424
f 6528/6949/6425 6524/6950/6425 6536/6951/6426 6537/6952/6426
f 6527/6953/6427 6523/6954/6427 6552/6955/6428 6554/6956/6428
f 6528/6957/6429 6530/6946/6429 6549/6958/6430 6550/6959/6430
f 6532/6960/6431 6533/6941/6431 6534/6940/6431 6531/6961/6431
f 6525/6962/6432 6523/6954/6432 6532/6960/6433 6531/6961/6433
f 6526/6939/6434 6525/6962/6434 6531/6961/6435 6534/6940/6435
f 6523/6954/6436 6524/6938/6436 6533/6941/6437 6532/6960/6437
f 6538/6963/6438 6537/6952/6438 6536/6951/6438 6535/6964/6438
f 6527/6953/6439 6528/6949/6439 6537/6952/6440 6538/6963/6440
f 6524/6950/6436 6523/6954/6436 6535/6964/6441 6536/6951/6441
f 6523/6954/6427 6527/6953/6427 6538/6963/6442 6535/6964/6442
f 6540/6948/6443 6539/6947/6443 6542/6965/6443 6541/6966/6443
f 6528/6957/6439 6527/6953/6439 6541/6966/6444 6542/6965/6444
f 6527/6953/6445 6529/6943/6445 6540/6948/6446 6541/6966/6446
f 6530/6946/6429 6528/6957/6429 6542/6965/6447 6539/6947/6447
f 6544/6967/6448 6543/6968/6448 6546/6945/6448 6545/6944/6448
f 6529/6943/6449 6525/6962/6449 6544/6967/6450 6545/6944/6450
f 6526/6969/6451 6530/6942/6451 6546/6945/6452 6543/6968/6452
f 6525/6962/6434 6526/6969/6434 6543/6968/6453 6544/6967/6453
f 6549/6958/6454 6548/6970/6454 6547/6971/6454 6550/6959/6454
f 6526/6972/6420 6524/6973/6420 6547/6971/6455 6548/6970/6455
f 6524/6973/6425 6528/6957/6425 6550/6959/6456 6547/6971/6456
f 6530/6946/6451 6526/6972/6451 6548/6970/6457 6549/6958/6457
f 6551/6974/6458 6553/6975/6458 6554/6956/6458 6552/6955/6458
f 6525/6962/6449 6529/6943/6449 6553/6975/6459 6551/6974/6459
f 6523/6954/6432 6525/6962/6432 6551/6974/6460 6552/6955/6460
f 6529/6943/6445 6527/6953/6445 6554/6956/6461 6553/6975/6461
o EnemySpawn
v -18.021013 50.407799 -1.229265
v -18.021013 50.849400 -1.229265
v -17.579411 50.407799 -1.229265
v -17.579411 50.849400 -1.229265
v -18.021013 50.407799 -0.787660
v -18.021013 50.849400 -0.787660
v -17.579411 50.407799 -0.787660
v -17.579411 50.849400 -0.787660
v -16.538353 51.051563 -0.000262
v -19.069931 51.132038 -0.047942
v -16.536501 51.066013 -0.190717
v -19.068081 51.146484 -0.238396
v -16.537886 51.108719 -0.373809
v -19.069464 51.189190 -0.421489
v -16.542454 51.178040 -0.542504
v -19.074032 51.258511 -0.590183
v -16.550026 51.271313 -0.690316
v -19.081604 51.351788 -0.737995
v -16.560312 51.384956 -0.811567
v -19.091892 51.465427 -0.859247
v -16.572924 51.514599 -0.901596
v -19.104502 51.595070 -0.949276
v -16.587368 51.655262 -0.956945
v -19.118946 51.735733 -1.004625
v -16.603096 51.801537 -0.975485
v -19.134672 51.882008 -1.023166
v -16.619497 51.947803 -0.956506
v -19.151075 52.028275 -1.004184
v -16.635946 52.088440 -0.900735
v -19.167524 52.168911 -0.948413
v -16.651810 52.218044 -0.810314
v -19.183388 52.298515 -0.857994
v -16.666473 52.331631 -0.688722
v -19.198053 52.412102 -0.736402
v -16.679382 52.424839 -0.540629
v -19.210960 52.505314 -0.588310
v -16.690037 52.494087 -0.371726
v -19.221615 52.574562 -0.419407
v -16.698023 52.536716 -0.188506
v -19.229599 52.617188 -0.236187
v -16.703037 52.551079 0.001992
v -19.234617 52.631550 -0.045687
v -16.704891 52.536633 0.192447
v -19.236469 52.617104 0.144767
v -16.703506 52.493927 0.375540
v -19.235085 52.574398 0.327860
v -16.698940 52.424603 0.544234
v -19.230518 52.505077 0.496553
v -16.691366 52.331329 0.692046
v -19.222946 52.411800 0.644367
v -16.681076 52.217690 0.813297
v -19.212656 52.298161 0.765618
v -16.668468 52.088043 0.903328
v -19.200045 52.168518 0.855647
v -16.654022 51.947384 0.958676
v -19.185600 52.027855 0.910996
v -16.638298 51.801109 0.977217
v -19.169874 51.881580 0.929537
v -16.621895 51.654842 0.958236
v -19.153473 51.735313 0.910557
v -16.605446 51.514202 0.902465
v -19.137024 51.594677 0.854784
v -16.589582 51.384602 0.812045
v -19.121162 51.465073 0.764365
v -16.574917 51.271011 0.690453
v -19.106495 51.351482 0.642773
v -16.562010 51.177803 0.542359
v -19.093588 51.258274 0.494680
v -16.551357 51.108555 0.373458
v -19.082935 51.189026 0.325778
v -16.543369 51.065929 0.190236
v -19.074947 51.146400 0.142558
v -17.810480 51.746372 -1.089258
v -17.810480 51.522243 -1.089258
v -17.605789 51.746372 -1.089274
v -17.605789 51.522243 -1.089274
v -17.810299 51.746372 1.167963
v -17.810299 51.522243 1.167963
v -17.605606 51.746372 1.167946
v -17.605606 51.522243 1.167946
v -17.740162 51.705223 -1.090661
v -17.606096 51.525612 -1.090672
v -17.743971 51.702366 -0.886070
v -17.609905 51.522755 -0.886080
v -18.582123 51.076763 -1.115110
v -18.448057 50.897156 -1.115121
v -18.585932 51.073910 -0.910519
v -18.451868 50.894299 -0.910530
v -18.666010 50.864391 0.943581
v -18.582031 51.072189 0.943575
v -18.661568 50.862602 1.148174
v -18.577591 51.070400 1.148167
v -17.691904 50.470730 0.918985
v -17.607927 50.678528 0.918979
v -17.687462 50.468941 1.123576
v -17.603483 50.676739 1.123569
v -18.666176 50.864391 -1.112546
v -18.582199 51.072189 -1.112553
v -18.661734 50.862602 -0.907955
v -18.577757 51.070400 -0.907962
v -17.692072 50.470730 -1.137143
v -17.608093 50.678528 -1.137150
v -17.687628 50.468941 -0.932551
v -17.603649 50.676739 -0.932558
v -17.739994 51.705223 0.965468
v -17.605930 51.525612 0.965457
v -17.743805 51.702366 1.170059
v -17.609739 51.522755 1.170048
v -18.581957 51.076763 0.941018
v -18.447891 50.897156 0.941008
v -18.585766 51.073910 1.145610
v -18.451700 50.894299 1.145599
v -18.021013 50.407799 0.797157
v -18.021013 50.849400 0.797157
v -17.579411 50.407799 0.797157
v -17.579411 50.849400 0.797157
v -18.021013 50.407799 1.238761
v -18.021013 50.849400 1.238761
v -17.579411 50.407799 1.238761
v -17.579411 50.849400 1.238761
vn -0.0000 -0.0000 -1.0000
vn 1.0000 -0.0000 -0.0000
vn -0.0000 -0.0000 1.0000
vn -1.0000 -0.0000 -0.0000
vn -0.0000 -1.0000 -0.0000
vn -0.0000 1.0000 -0.0000
vn -0.4857 -0.8741 -0.0090
vn 0.4950 -0.8590 -0.1309
vn 0.4889 -0.8723 0.0083
vn -0.4862 -0.8637 -0.1328
vn 0.5075 -0.8185 -0.2693
vn -0.4919 -0.8320 -0.2566
vn 0.5254 -0.7485 -0.4047
vn -0.5023 -0.7768 -0.3798
vn 0.5471 -0.6456 -0.5328
vn -0.5170 -0.6941 -0.5010
vn 0.5698 -0.5076 -0.6462
vn -0.5340 -0.5833 -0.6121
vn 0.5894 -0.3361 -0.7346
vn -0.5515 -0.4373 -0.7104
vn 0.6013 -0.1393 -0.7868
vn -0.5655 -0.2610 -0.7824
vn 0.6029 0.0673 -0.7950
vn -0.5730 -0.0618 -0.8172
vn 0.5936 0.2658 -0.7596
vn -0.5712 0.1452 -0.8078
vn 0.5763 0.4411 -0.6880
vn -0.5606 0.3411 -0.7545
vn 0.5553 0.5850 -0.5912
vn -0.5443 0.5115 -0.6650
vn 0.5339 0.6965 -0.4794
vn -0.5254 0.6467 -0.5530
vn 0.5152 0.7777 -0.3603
vn -0.5089 0.7502 -0.4222
vn 0.5004 0.8324 -0.2380
vn -0.4961 0.8196 -0.2866
vn 0.4905 0.8639 -0.1147
vn -0.4894 0.8594 -0.1481
vn 0.4856 0.8741 0.0090
vn -0.4889 0.8723 -0.0086
vn 0.4862 0.8637 0.1328
vn -0.4950 0.8590 0.1309
vn 0.4919 0.8320 0.2566
vn -0.5075 0.8185 0.2693
vn 0.5023 0.7769 0.3797
vn -0.5253 0.7485 0.4048
vn 0.5169 0.6949 0.5000
vn -0.5471 0.6456 0.5328
vn 0.5340 0.5825 0.6128
vn -0.5698 0.5076 0.6463
vn 0.5514 0.4373 0.7105
vn -0.5893 0.3361 0.7347
vn 0.5656 0.2610 0.7823
vn -0.6015 0.1393 0.7867
vn 0.5730 0.0618 0.8172
vn -0.6028 -0.0673 0.7950
vn 0.5712 -0.1451 0.8079
vn -0.5936 -0.2658 0.7596
vn 0.5606 -0.3411 0.7546
vn -0.5763 -0.4411 0.6880
vn 0.5440 -0.5116 0.6651
vn -0.5552 -0.5851 0.5911
vn 0.5255 -0.6483 0.5509
vn -0.5339 -0.6964 0.4795
vn 0.5088 -0.7502 0.4222
vn -0.5151 -0.7777 0.3603
vn 0.4965 -0.8194 0.2866
vn -0.5004 -0.8324 0.2380
vn 0.4894 -0.8594 0.1481
vn -0.4905 -0.8639 0.1147
vn -0.0001 -0.0000 -1.0000
vn 1.0000 -0.0000 -0.0001
vn 0.0001 -0.0000 1.0000
vn -1.0000 -0.0000 0.0001
vn 0.8012 0.5980 0.0233
vn -0.0186 -0.0140 0.9997
vn -0.8012 -0.5980 -0.0233
vn 0.0186 0.0140 -0.9997
vn -0.5982 0.8014 -0.0000
vn -0.5982 0.8014 0.0001
vn 0.5982 -0.8014 -0.0000
vn 0.5982 -0.8014 -0.0001
vn -0.9269 0.3746 0.0234
vn 0.0217 -0.0087 0.9997
vn 0.9269 -0.3746 -0.0234
vn -0.0217 0.0087 -0.9997
vn -0.3747 -0.9272 -0.0000
vn 0.3747 0.9272 -0.0000
vt 0.625000 0.000000
vt 0.375000 0.250000
vt 0.375000 0.000000
vt 0.625000 0.250000
vt 0.375000 0.500000
vt 0.625000 0.500000
vt 0.375000 0.750000
vt 0.625000 0.750000
vt 0.375000 1.000000
vt 0.125000 0.750000
vt 0.125000 0.500000
vt 0.875000 0.500000
vt 0.999758 0.000242
vt 0.920438 0.008017
vt 0.920438 0.000242
vt 0.999758 0.008017
vt 0.920438 0.015791
vt 0.999758 0.015791
vt 0.920438 0.023566
vt 0.999758 0.023566
vt 0.920438 0.031341
vt 0.999758 0.031341
vt 0.920438 0.039116
vt 0.999758 0.039116
vt 0.920438 0.046890
vt 0.999758 0.046890
vt 0.920438 0.054665
vt 0.999758 0.054665
vt 0.920438 0.062440
vt 0.999758 0.062440
vt 0.920438 0.070215
vt 0.999758 0.070215
vt 0.920438 0.077989
vt 0.999758 0.077989
vt 0.920438 0.085764
vt 0.999758 0.085764
vt 0.920438 0.093539
vt 0.999758 0.093539
vt 0.920438 0.101313
vt 0.999758 0.101313
vt 0.920438 0.109088
vt 0.999758 0.109088
vt 0.920438 0.116863
vt 0.999758 0.116863
vt 0.920438 0.124638
vt 0.999758 0.124638
vt 0.920438 0.132412
vt 0.999758 0.132412
vt 0.920438 0.140187
vt 0.999758 0.140187
vt 0.920438 0.147962
vt 0.999758 0.147962
vt 0.920438 0.155737
vt 0.999758 0.155737
vt 0.920438 0.163511
vt 0.999758 0.163511
vt 0.920438 0.171286
vt 0.999758 0.171286
vt 0.920438 0.179061
vt 0.999758 0.179061
vt 0.920438 0.186835
vt 0.999758 0.186835
vt 0.920438 0.194610
vt 0.999758 0.194610
vt 0.920438 0.202385
vt 0.999758 0.202385
vt 0.920438 0.210160
vt 0.999758 0.210160
vt 0.920438 0.217934
vt 0.999758 0.217934
vt 0.920438 0.225709
vt 0.999758 0.225709
vt 0.920438 0.233484
vt 0.070369 0.832180
vt 0.064871 0.887998
vt 0.009054 0.882500
vt 0.999758 0.233484
vt 0.920438 0.241259
vt 0.999758 0.241259
vt 0.920438 0.249033
vt 0.154110 0.876036
vt 0.100438 0.892317
vt 0.084156 0.838645
vt 0.004734 0.876036
vt 0.001759 0.868853
vt 0.000242 0.861228
vt 0.000242 0.853453
vt 0.001759 0.845828
vt 0.004734 0.838645
vt 0.009054 0.832180
vt 0.014551 0.826683
vt 0.021016 0.822363
vt 0.028198 0.819388
vt 0.035824 0.817871
vt 0.043598 0.817871
vt 0.051224 0.819388
vt 0.058407 0.822363
vt 0.064871 0.826683
vt 0.074688 0.838645
vt 0.079180 0.861228
vt 0.077663 0.845828
vt 0.079180 0.853453
vt 0.077663 0.868853
vt 0.074688 0.876036
vt 0.070369 0.882500
vt 0.058407 0.892317
vt 0.035824 0.896809
vt 0.051224 0.895293
vt 0.043599 0.896809
vt 0.028198 0.895293
vt 0.021016 0.892317
vt 0.014551 0.887998
vt 0.999758 0.249033
vt 0.088476 0.832180
vt 0.093973 0.826683
vt 0.100438 0.822363
vt 0.107620 0.819388
vt 0.115246 0.817871
vt 0.123021 0.817871
vt 0.130646 0.819388
vt 0.137829 0.822363
vt 0.144293 0.826683
vt 0.149791 0.832180
vt 0.154110 0.838645
vt 0.157085 0.845828
vt 0.158602 0.853453
vt 0.158602 0.861228
vt 0.157085 0.868853
vt 0.149791 0.882500
vt 0.144293 0.887998
vt 0.137829 0.892317
vt 0.130646 0.895293
vt 0.123021 0.896809
vt 0.115246 0.896809
vt 0.107620 0.895293
vt 0.093973 0.887998
vt 0.088476 0.882500
vt 0.084156 0.876036
vt 0.081181 0.868853
vt 0.079664 0.861228
vt 0.079664 0.853453
vt 0.081181 0.845828
vt 0.102325 0.102325
vt 0.204407 0.000242
vt 0.102325 0.000242
vt 0.102325 0.204407
vt 0.204407 0.102325
vt 0.204407 0.306490
vt 0.204407 0.204407
vt 0.102325 0.408573
vt 0.102325 0.306490
vt 0.000242 0.204407
vt 0.306490 0.204407
vt 0.409057 0.102325
vt 0.511139 0.000242
vt 0.409057 0.000242
vt 0.409057 0.204407
vt 0.511139 0.102325
vt 0.409057 0.306490
vt 0.511139 0.204407
vt 0.511139 0.408573
vt 0.511139 0.306490
vt 0.306974 0.306490
vt 0.306974 0.204407
vt 0.613222 0.204407
vt 0.715789 0.102325
vt 0.817871 0.000242
vt 0.715789 0.000242
vt 0.817871 0.204407
vt 0.817871 0.102325
vt 0.715789 0.204407
vt 0.817871 0.306490
vt 0.715789 0.408573
vt 0.715789 0.306490
vt 0.613706 0.306490
vt 0.613706 0.204407
vt 0.919954 0.306490
vt 0.919954 0.204407
vt 0.102325 0.409057
vt 0.204407 0.511139
vt 0.204407 0.409057
vt 0.102325 0.613222
vt 0.102325 0.511139
vt 0.102325 0.715305
vt 0.204407 0.613222
vt 0.102325 0.817387
vt 0.204407 0.715305
vt 0.000242 0.715305
vt 0.000242 0.613222
vt 0.306490 0.613222
vt 0.715789 0.511139
vt 0.817871 0.409057
vt 0.715789 0.409057
vt 0.715789 0.613222
vt 0.817871 0.511139
vt 0.817871 0.715305
vt 0.817871 0.613222
vt 0.715789 0.715305
vt 0.817871 0.817387
vt 0.613706 0.715305
vt 0.613706 0.613222
vt 0.919954 0.715305
vt 0.919954 0.613222
vt 0.625000 1.000000
vt 0.875000 0.750000
vt 0.204407 0.408573
vt 0.000242 0.306490
vt 0.306490 0.306490
vt 0.409057 0.408573
vt 0.613222 0.306490
vt 0.817871 0.408573
vt 0.204407 0.817387
vt 0.306490 0.715305
vt 0.715789 0.817387
s 1
usemtl マテリアル.002
f 6556/6976/6462 6557/6977/6462 6555/6978/6462
f 6558/6979/6463 6561/6980/6463 6557/6977/6463
f 6562/6981/6464 6559/6982/6464 6561/6980/6464
f 6560/6983/6465 6555/6984/6465 6559/6982/6465
f 6561/6980/6466 6555/6985/6466 6557/6986/6466
f 6558/6987/6467 6560/6983/6467 6562/6981/6467
f 6564/6988/6468 6565/6989/6469 6563/6990/6470
f 6566/6991/6471 6567/6992/6472 6565/6989/6469
f 6568/6993/6473 6569/6994/6474 6567/6992/6472
f 6570/6995/6475 6571/6996/6476 6569/6994/6474
f 6572/6997/6477 6573/6998/6478 6571/6996/6476
f 6574/6999/6479 6575/7000/6480 6573/6998/6478
f 6576/7001/6481 6577/7002/6482 6575/7000/6480
f 6578/7003/6483 6579/7004/6484 6577/7002/6482
f 6580/7005/6485 6581/7006/6486 6579/7004/6484
f 6582/7007/6487 6583/7008/6488 6581/7006/6486
f 6584/7009/6489 6585/7010/6490 6583/7008/6488
f 6586/7011/6491 6587/7012/6492 6585/7010/6490
f 6588/7013/6493 6589/7014/6494 6587/7012/6492
f 6590/7015/6495 6591/7016/6496 6589/7014/6494
f 6592/7017/6497 6593/7018/6498 6591/7016/6496
f 6594/7019/6499 6595/7020/6500 6593/7018/6498
f 6596/7021/6501 6597/7022/6502 6595/7020/6500
f 6598/7023/6503 6599/7024/6504 6597/7022/6502
f 6600/7025/6505 6601/7026/6506 6599/7024/6504
f 6602/7027/6507 6603/7028/6508 6601/7026/6506
f 6604/7029/6509 6605/7030/6510 6603/7028/6508
f 6606/7031/6511 6607/7032/6512 6605/7030/6510
f 6608/7033/6513 6609/7034/6514 6607/7032/6512
f 6610/7035/6515 6611/7036/6516 6609/7034/6514
f 6612/7037/6517 6613/7038/6518 6611/7036/6516
f 6614/7039/6519 6615/7040/6520 6613/7038/6518
f 6616/7041/6521 6617/7042/6522 6615/7040/6520
f 6618/7043/6523 6619/7044/6524 6617/7042/6522
f 6620/7045/6525 6621/7046/6526 6619/7044/6524
f 6622/7047/6527 6623/7048/6528 6621/7046/6526
f 6600/7049/6505 6584/7050/6489 6568/7051/6473
f 6624/7052/6529 6625/7053/6530 6623/7048/6528
f 6626/7054/6531 6563/7055/6470 6625/7053/6530
f 6593/7056/6498 6609/7057/6514 6625/7058/6530
f 6564/6988/6468 6566/6991/6471 6565/6989/6469
f 6566/6991/6471 6568/6993/6473 6567/6992/6472
f 6568/6993/6473 6570/6995/6475 6569/6994/6474
f 6570/6995/6475 6572/6997/6477 6571/6996/6476
f 6572/6997/6477 6574/6999/6479 6573/6998/6478
f 6574/6999/6479 6576/7001/6481 6575/7000/6480
f 6576/7001/6481 6578/7003/6483 6577/7002/6482
f 6578/7003/6483 6580/7005/6485 6579/7004/6484
f 6580/7005/6485 6582/7007/6487 6581/7006/6486
f 6582/7007/6487 6584/7009/6489 6583/7008/6488
f 6584/7009/6489 6586/7011/6491 6585/7010/6490
f 6586/7011/6491 6588/7013/6493 6587/7012/6492
f 6588/7013/6493 6590/7015/6495 6589/7014/6494
f 6590/7015/6495 6592/7017/6497 6591/7016/6496
f 6592/7017/6497 6594/7019/6499 6593/7018/6498
f 6594/7019/6499 6596/7021/6501 6595/7020/6500
f 6596/7021/6501 6598/7023/6503 6597/7022/6502
f 6598/7023/6503 6600/7025/6505 6599/7024/6504
f 6600/7025/6505 6602/7027/6507 6601/7026/6506
f 6602/7027/6507 6604/7029/6509 6603/7028/6508
f 6604/7029/6509 6606/7031/6511 6605/7030/6510
f 6606/7031/6511 6608/7033/6513 6607/7032/6512
f 6608/7033/6513 6610/7035/6515 6609/7034/6514
f 6610/7035/6515 6612/7037/6517 6611/7036/6516
f 6612/7037/6517 6614/7039/6519 6613/7038/6518
f 6614/7039/6519 6616/7041/6521 6615/7040/6520
f 6616/7041/6521 6618/7043/6523 6617/7042/6522
f 6618/7043/6523 6620/7045/6525 6619/7044/6524
f 6620/7045/6525 6622/7047/6527 6621/7046/6526
f 6622/7047/6527 6624/7052/6529 6623/7048/6528
f 6568/7051/6473 6566/7059/6471 6564/7060/6468
f 6564/7060/6468 6626/7061/6531 6568/7051/6473
f 6626/7061/6531 6624/7062/6529 6568/7051/6473
f 6624/7062/6529 6622/7063/6527 6620/7064/6525
f 6620/7064/6525 6618/7065/6523 6616/7066/6521
f 6616/7066/6521 6614/7067/6519 6612/7068/6517
f 6612/7068/6517 6610/7069/6515 6616/7066/6521
f 6610/7069/6515 6608/7070/6513 6616/7066/6521
f 6608/7070/6513 6606/7071/6511 6604/7072/6509
f 6604/7072/6509 6602/7073/6507 6600/7049/6505
f 6600/7049/6505 6598/7074/6503 6592/7075/6497
f 6598/7074/6503 6596/7076/6501 6592/7075/6497
f 6596/7076/6501 6594/7077/6499 6592/7075/6497
f 6592/7075/6497 6590/7078/6495 6588/7079/6493
f 6588/7079/6493 6586/7080/6491 6584/7050/6489
f 6584/7050/6489 6582/7081/6487 6576/7082/6481
f 6582/7081/6487 6580/7083/6485 6576/7082/6481
f 6580/7083/6485 6578/7084/6483 6576/7082/6481
f 6576/7082/6481 6574/7085/6479 6572/7086/6477
f 6572/7086/6477 6570/7087/6475 6568/7051/6473
f 6624/7062/6529 6620/7064/6525 6568/7051/6473
f 6620/7064/6525 6616/7066/6521 6568/7051/6473
f 6608/7070/6513 6604/7072/6509 6616/7066/6521
f 6604/7072/6509 6600/7049/6505 6616/7066/6521
f 6592/7075/6497 6588/7079/6493 6600/7049/6505
f 6588/7079/6493 6584/7050/6489 6600/7049/6505
f 6576/7082/6481 6572/7086/6477 6584/7050/6489
f 6572/7086/6477 6568/7051/6473 6584/7050/6489
f 6568/7051/6473 6616/7066/6521 6600/7049/6505
f 6624/7052/6529 6626/7054/6531 6625/7053/6530
f 6626/7054/6531 6564/7088/6468 6563/7055/6470
f 6625/7058/6530 6563/7089/6470 6565/7090/6469
f 6565/7090/6469 6567/7091/6472 6569/7092/6474
f 6569/7092/6474 6571/7093/6476 6573/7094/6478
f 6573/7094/6478 6575/7095/6480 6577/7096/6482
f 6577/7096/6482 6579/7097/6484 6581/7098/6486
f 6581/7098/6486 6583/7099/6488 6585/7100/6490
f 6585/7100/6490 6587/7101/6492 6589/7102/6494
f 6589/7102/6494 6591/7103/6496 6593/7056/6498
f 6593/7056/6498 6595/7104/6500 6597/7105/6502
f 6597/7105/6502 6599/7106/6504 6601/7107/6506
f 6601/7107/6506 6603/7108/6508 6605/7109/6510
f 6605/7109/6510 6607/7110/6512 6609/7057/6514
f 6609/7057/6514 6611/7111/6516 6613/7112/6518
f 6613/7112/6518 6615/7113/6520 6617/7114/6522
f 6617/7114/6522 6619/7115/6524 6621/7116/6526
f 6621/7116/6526 6623/7117/6528 6625/7058/6530
f 6625/7058/6530 6565/7090/6469 6577/7096/6482
f 6565/7090/6469 6569/7092/6474 6577/7096/6482
f 6569/7092/6474 6573/7094/6478 6577/7096/6482
f 6577/7096/6482 6581/7098/6486 6593/7056/6498
f 6581/7098/6486 6585/7100/6490 6593/7056/6498
f 6585/7100/6490 6589/7102/6494 6593/7056/6498
f 6593/7056/6498 6597/7105/6502 6609/7057/6514
f 6597/7105/6502 6601/7107/6506 6609/7057/6514
f 6601/7107/6506 6605/7109/6510 6609/7057/6514
f 6609/7057/6514 6613/7112/6518 6625/7058/6530
f 6613/7112/6518 6617/7114/6522 6625/7058/6530
f 6617/7114/6522 6621/7116/6526 6625/7058/6530
f 6625/7058/6530 6577/7096/6482 6593/7056/6498
f 6629/7118/6532 6628/7119/6532 6627/7120/6532
f 6633/7121/6533 6630/7122/6533 6629/7118/6533
f 6633/7121/6534 6632/7123/6534 6634/7124/6534
f 6627/7125/6535 6632/7123/6535 6631/7126/6535
f 6629/7127/6467 6631/7126/6467 6633/7121/6467
f 6632/7123/6466 6630/7128/6466 6634/7124/6466
f 6637/7129/6536 6636/7130/6536 6635/7131/6536
f 6641/7132/6537 6638/7133/6537 6637/7129/6537
f 6639/7134/6538 6642/7135/6538 6641/7132/6538
f 6639/7134/6539 6636/7136/6539 6640/7137/6539
f 6635/7138/6540 6641/7132/6540 6637/7139/6541
f 6640/7137/6542 6638/7140/6543 6642/7135/6542
f 6645/7141/6544 6644/7142/6544 6643/7143/6544
f 6645/7141/6545 6650/7144/6545 6646/7145/6545
f 6649/7146/6546 6648/7147/6546 6650/7144/6546
f 6643/7148/6547 6648/7147/6547 6647/7149/6547
f 6643/7150/6548 6649/7146/6548 6645/7151/6548
f 6650/7144/6549 6644/7152/6549 6646/7153/6549
f 6651/7154/6544 6654/7155/6544 6652/7156/6544
f 6657/7157/6545 6654/7155/6545 6653/7158/6545
f 6655/7159/6546 6658/7160/6546 6657/7157/6546
f 6651/7161/6547 6656/7162/6547 6655/7159/6547
f 6651/7163/6548 6657/7157/6548 6653/7164/6548
f 6656/7162/6549 6654/7165/6549 6658/7160/6549
f 6661/7166/6536 6660/7167/6536 6659/7168/6536
f 6665/7169/6537 6662/7170/6537 6661/7166/6537
f 6665/7169/6538 6664/7171/6538 6666/7172/6538
f 6663/7173/6539 6660/7174/6539 6664/7171/6539
f 6659/7175/6540 6665/7169/6540 6661/7176/6540
f 6666/7172/6543 6660/7177/6543 6662/7178/6543
f 6668/6976/6462 6669/6977/6462 6667/6978/6462
f 6670/6979/6463 6673/6980/6463 6669/6977/6463
f 6674/6981/6464 6671/6982/6464 6673/6980/6464
f 6672/6983/6465 6667/6984/6465 6671/6982/6465
f 6673/6980/6466 6667/6985/6466 6669/6986/6466
f 6670/6987/6467 6672/6983/6467 6674/6981/6467
f 6556/6976/6462 6558/6979/6462 6557/6977/6462
f 6558/6979/6463 6562/6981/6463 6561/6980/6463
f 6562/6981/6464 6560/6983/6464 6559/6982/6464
f 6560/6983/6465 6556/7179/6465 6555/6984/6465
f 6561/6980/6466 6559/6982/6466 6555/6985/6466
f 6558/6987/6467 6556/7180/6467 6560/6983/6467
f 6629/7118/6532 6630/7122/6532 6628/7119/6532
f 6633/7121/6533 6634/7124/6533 6630/7122/6533
f 6633/7121/6534 6631/7126/6534 6632/7123/6534
f 6627/7125/6535 6628/7181/6535 6632/7123/6535
f 6629/7127/6467 6627/7182/6467 6631/7126/6467
f 6632/7123/6466 6628/7183/6466 6630/7128/6466
f 6637/7129/6536 6638/7133/6536 6636/7130/6536
f 6641/7132/6537 6642/7135/6537 6638/7133/6537
f 6639/7134/6538 6640/7137/6538 6642/7135/6538
f 6639/7134/6539 6635/7184/6539 6636/7136/6539
f 6635/7138/6540 6639/7134/6540 6641/7132/6540
f 6640/7137/6542 6636/7185/6543 6638/7140/6543
f 6645/7141/6544 6646/7145/6544 6644/7142/6544
f 6645/7141/6545 6649/7146/6545 6650/7144/6545
f 6649/7146/6546 6647/7149/6546 6648/7147/6546
f 6643/7148/6547 6644/7186/6547 6648/7147/6547
f 6643/7150/6548 6647/7149/6548 6649/7146/6548
f 6650/7144/6549 6648/7147/6549 6644/7152/6549
f 6651/7154/6544 6653/7158/6544 6654/7155/6544
f 6657/7157/6545 6658/7160/6545 6654/7155/6545
f 6655/7159/6546 6656/7162/6546 6658/7160/6546
f 6651/7161/6547 6652/7187/6547 6656/7162/6547
f 6651/7163/6548 6655/7159/6548 6657/7157/6548
f 6656/7162/6549 6652/7188/6549 6654/7165/6549
f 6661/7166/6536 6662/7170/6536 6660/7167/6536
f 6665/7169/6537 6666/7172/6537 6662/7170/6537
f 6665/7169/6538 6663/7173/6538 6664/7171/6538
f 6663/7173/6539 6659/7189/6539 6660/7174/6539
f 6659/7175/6540 6663/7173/6540 6665/7169/6540
f 6666/7172/6543 6664/7171/6543 6660/7177/6543
f 6668/6976/6462 6670/6979/6462 6669/6977/6462
f 6670/6979/6463 6674/6981/6463 6673/6980/6463
f 6674/6981/6464 6672/6983/6464 6671/6982/6464
f 6672/6983/6465 6668/7179/6465 6667/6984/6465
f 6673/6980/6466 6671/6982/6466 6667/6985/6466
f 6670/6987/6467 6668/7180/6467 6672/6983/6467
o ground.019
v 32.000000 -1.000000 -9.500000
v 32.000000 1.000000 -9.500000
v 32.000000 -1.000000 9.500000
v 32.000000 1.000000 9.500000
v -32.000000 -1.000000 -9.500000
v -32.000000 1.000000 -9.500000
v -32.000000 -1.000000 9.500000
v -32.000000 1.000000 9.500000
v 13.800001 17.000000 -9.500000
v 13.800001 21.000000 -9.500000
v 13.800001 17.000000 9.500000
v 13.800001 21.000000 9.500000
v 8.199999 17.000000 -9.500000
v 8.199999 21.000000 -9.500000
v 8.199999 17.000000 9.500000
v 8.199999 21.000000 9.500000
v -11.199999 17.000000 -9.500000
v -11.199999 21.000000 -9.500000
v -11.199999 17.000000 9.500000
v -11.199999 21.000000 9.500000
v -16.800001 17.000000 -9.500000
v -16.800001 21.000000 -9.500000
v -16.800001 17.000000 9.500000
v -16.800001 21.000000 9.500000
v 3.200001 17.000000 -9.500000
v 3.200001 21.000000 -9.500000
v 3.200001 17.000000 9.500000
v 3.200001 21.000000 9.500000
v -2.400001 17.000000 -9.500000
v -2.400001 21.000000 -9.500000
v -2.400001 17.000000 9.500000
v -2.400001 21.000000 9.500000
v 23.800001 17.000000 -9.500000
v 23.800001 21.000000 -9.500000
v 23.800001 17.000000 9.500000
v 23.800001 21.000000 9.500000
v 18.199999 17.000000 -9.500000
v 18.199999 21.000000 -9.500000
v 18.199999 17.000000 9.500000
v 18.199999 21.000000 9.500000
v -32.000000 -1.000000 -9.500000
v -32.000000 77.000000 -9.500000
v -32.000000 -1.000000 9.500000
v -32.000000 77.000000 9.500000
v -38.000000 -1.000000 -9.500000
v -38.000000 77.000000 -9.500000
v -38.000000 -1.000000 9.500000
v -38.000000 77.000000 9.500000
v 38.000000 -1.000000 -9.500000
v 38.000000 77.000000 -9.500000
v 38.000000 -1.000000 9.500000
v 38.000000 77.000000 9.500000
v 32.000000 -1.000000 -9.500000
v 32.000000 77.000000 -9.500000
v 32.000000 -1.000000 9.500000
v 32.000000 77.000000 9.500000
v 27.400002 32.199997 -9.500000
v 27.400002 35.000000 -9.500000
v 27.400002 32.199997 9.500000
v 27.400002 35.000000 9.500000
v -32.000000 32.199997 -9.500000
v -32.000000 35.000000 -9.500000
v -32.000000 32.199997 9.500000
v -32.000000 35.000000 9.500000
v 32.000000 48.000000 -9.500000
v 32.000000 50.000000 -9.500000
v 32.000000 48.000000 9.500000
v 32.000000 50.000000 9.500000
v -24.000000 48.000000 -9.500000
v -24.000000 50.000000 -9.500000
v -24.000000 48.000000 9.500000
v -24.000000 50.000000 9.500000
v 32.000000 15.000000 -9.500000
v 32.000000 17.000000 -9.500000
v 32.000000 15.000000 9.500000
v 32.000000 17.000000 9.500000
v -24.000000 15.000000 -9.500000
v -24.000000 17.000000 -9.500000
v -24.000000 15.000000 9.500000
v -24.000000 17.000000 9.500000
vn 1.0000 -0.0000 -0.0000
vn -0.0000 -0.0000 1.0000
vn -1.0000 -0.0000 -0.0000
vn -0.0000 -0.0000 -1.0000
vn -0.0000 -1.0000 -0.0000
vn -0.0000 1.0000 -0.0000
vt 0.625000 0.000000
vt 0.375000 0.250000
vt 0.375000 0.000000
vt 0.625000 0.250000
vt 0.375000 0.500000
vt 0.625000 0.500000
vt 0.375000 0.750000
vt 0.625000 0.750000
vt 0.375000 1.000000
vt 0.125000 0.750000
vt 0.125000 0.500000
vt 0.875000 0.500000
vt 0.625000 1.000000
vt 0.875000 0.750000
s 0
usemtl Material
f 6676/7190/6550 6677/7191/6550 6675/7192/6550
f 6678/7193/6551 6681/7194/6551 6677/7191/6551
f 6682/7195/6552 6679/7196/6552 6681/7194/6552
f 6680/7197/6553 6675/7198/6553 6679/7196/6553
f 6681/7194/6554 6675/7199/6554 6677/7200/6554
f 6678/7201/6555 6680/7197/6555 6682/7195/6555
f 6684/7190/6550 6685/7191/6550 6683/7192/6550
f 6686/7193/6551 6689/7194/6551 6685/7191/6551
f 6690/7195/6552 6687/7196/6552 6689/7194/6552
f 6688/7197/6553 6683/7198/6553 6687/7196/6553
f 6689/7194/6554 6683/7199/6554 6685/7200/6554
f 6686/7201/6555 6688/7197/6555 6690/7195/6555
f 6692/7190/6550 6693/7191/6550 6691/7192/6550
f 6694/7193/6551 6697/7194/6551 6693/7191/6551
f 6698/7195/6552 6695/7196/6552 6697/7194/6552
f 6696/7197/6553 6691/7198/6553 6695/7196/6553
f 6697/7194/6554 6691/7199/6554 6693/7200/6554
f 6694/7201/6555 6696/7197/6555 6698/7195/6555
f 6700/7190/6550 6701/7191/6550 6699/7192/6550
f 6702/7193/6551 6705/7194/6551 6701/7191/6551
f 6706/7195/6552 6703/7196/6552 6705/7194/6552
f 6704/7197/6553 6699/7198/6553 6703/7196/6553
f 6705/7194/6554 6699/7199/6554 6701/7200/6554
f 6702/7201/6555 6704/7197/6555 6706/7195/6555
f 6708/7190/6550 6709/7191/6550 6707/7192/6550
f 6710/7193/6551 6713/7194/6551 6709/7191/6551
f 6714/7195/6552 6711/7196/6552 6713/7194/6552
f 6712/7197/6553 6707/7198/6553 6711/7196/6553
f 6713/7194/6554 6707/7199/6554 6709/7200/6554
f 6710/7201/6555 6712/7197/6555 6714/7195/6555
f 6716/7190/6550 6717/7191/6550 6715/7192/6550
f 6718/7193/6551 6721/7194/6551 6717/7191/6551
f 6722/7195/6552 6719/7196/6552 6721/7194/6552
f 6720/7197/6553 6715/7198/6553 6719/7196/6553
f 6721/7194/6554 6715/7199/6554 6717/7200/6554
f 6718/7201/6555 6720/7197/6555 6722/7195/6555
f 6724/7190/6550 6725/7191/6550 6723/7192/6550
f 6726/7193/6551 6729/7194/6551 6725/7191/6551
f 6730/7195/6552 6727/7196/6552 6729/7194/6552
f 6728/7197/6553 6723/7198/6553 6727/7196/6553
f 6729/7194/6554 6723/7199/6554 6725/7200/6554
f 6726/7201/6555 6728/7197/6555 6730/7195/6555
f 6732/7190/6550 6733/7191/6550 6731/7192/6550
f 6734/7193/6551 6737/7194/6551 6733/7191/6551
f 6738/7195/6552 6735/7196/6552 6737/7194/6552
f 6736/7197/6553 6731/7198/6553 6735/7196/6553
f 6737/7194/6554 6731/7199/6554 6733/7200/6554
f 6734/7201/6555 6736/7197/6555 6738/7195/6555
f 6740/7190/6550 6741/7191/6550 6739/7192/6550
f 6742/7193/6551 6745/7194/6551 6741/7191/6551
f 6746/7195/6552 6743/7196/6552 6745/7194/6552
f 6744/7197/6553 6739/7198/6553 6743/7196/6553
f 6745/7194/6554 6739/7199/6554 6741/7200/6554
f 6742/7201/6555 6744/7197/6555 6746/7195/6555
f 6748/7190/6550 6749/7191/6550 6747/7192/6550
f 6750/7193/6551 6753/7194/6551 6749/7191/6551
f 6754/7195/6552 6751/7196/6552 6753/7194/6552
f 6752/7197/6553 6747/7198/6553 6751/7196/6553
f 6753/7194/6554 6747/7199/6554 6749/7200/6554
f 6750/7201/6555 6752/7197/6555 6754/7195/6555
f 6676/7190/6550 6678/7193/6550 6677/7191/6550
f 6678/7193/6551 6682/7195/6551 6681/7194/6551
f 6682/7195/6552 6680/7197/6552 6679/7196/6552
f 6680/7197/6553 6676/7202/6553 6675/7198/6553
f 6681/7194/6554 6679/7196/6554 6675/7199/6554
f 6678/7201/6555 6676/7203/6555 6680/7197/6555
f 6684/7190/6550 6686/7193/6550 6685/7191/6550
f 6686/7193/6551 6690/7195/6551 6689/7194/6551
f 6690/7195/6552 6688/7197/6552 6687/7196/6552
f 6688/7197/6553 6684/7202/6553 6683/7198/6553
f 6689/7194/6554 6687/7196/6554 6683/7199/6554
f 6686/7201/6555 6684/7203/6555 6688/7197/6555
f 6692/7190/6550 6694/7193/6550 6693/7191/6550
f 6694/7193/6551 6698/7195/6551 6697/7194/6551
f 6698/7195/6552 6696/7197/6552 6695/7196/6552
f 6696/7197/6553 6692/7202/6553 6691/7198/6553
f 6697/7194/6554 6695/7196/6554 6691/7199/6554
f 6694/7201/6555 6692/7203/6555 6696/7197/6555
f 6700/7190/6550 6702/7193/6550 6701/7191/6550
f 6702/7193/6551 6706/7195/6551 6705/7194/6551
f 6706/7195/6552 6704/7197/6552 6703/7196/6552
f 6704/7197/6553 6700/7202/6553 6699/7198/6553
f 6705/7194/6554 6703/7196/6554 6699/7199/6554
f 6702/7201/6555 6700/7203/6555 6704/7197/6555
f 6708/7190/6550 6710/7193/6550 6709/7191/6550
f 6710/7193/6551 6714/7195/6551 6713/7194/6551
f 6714/7195/6552 6712/7197/6552 6711/7196/6552
f 6712/7197/6553 6708/7202/6553 6707/7198/6553
f 6713/7194/6554 6711/7196/6554 6707/7199/6554
f 6710/7201/6555 6708/7203/6555 6712/7197/6555
f 6716/7190/6550 6718/7193/6550 6717/7191/6550
f 6718/7193/6551 6722/7195/6551 6721/7194/6551
f 6722/7195/6552 6720/7197/6552 6719/7196/6552
f 6720/7197/6553 6716/7202/6553 6715/7198/6553
f 6721/7194/6554 6719/7196/6554 6715/7199/6554
f 6718/7201/6555 6716/7203/6555 6720/7197/6555
f 6724/7190/6550 6726/7193/6550 6725/7191/6550
f 6726/7193/6551 6730/7195/6551 6729/7194/6551
f 6730/7195/6552 6728/7197/6552 6727/7196/6552
f 6728/7197/6553 6724/7202/6553 6723/7198/6553
f 6729/7194/6554 6727/7196/6554 6723/7199/6554
f 6726/7201/6555 6724/7203/6555 6728/7197/6555
f 6732/7190/6550 6734/7193/6550 6733/7191/6550
f 6734/7193/6551 6738/7195/6551 6737/7194/6551
f 6738/7195/6552 6736/7197/6552 6735/7196/6552
f 6736/7197/6553 6732/7202/6553 6731/7198/6553
f 6737/7194/6554 6735/7196/6554 6731/7199/6554
f 6734/7201/6555 6732/7203/6555 6736/7197/6555
f 6740/7190/6550 6742/7193/6550 6741/7191/6550
f 6742/7193/6551 6746/7195/6551 6745/7194/6551
f 6746/7195/6552 6744/7197/6552 6743/7196/6552
f 6744/7197/6553 6740/7202/6553 6739/7198/6553
f 6745/7194/6554 6743/7196/6554 6739/7199/6554
f 6742/7201/6555 6740/7203/6555 6744/7197/6555
f 6748/7190/6550 6750/7193/6550 6749/7191/6550
f 6750/7193/6551 6754/7195/6551 6753/7194/6551
f 6754/7195/6552 6752/7197/6552 6751/7196/6552
f 6752/7197/6553 6748/7202/6553 6747/7198/6553
f 6753/7194/6554 6751/7196/6554 6747/7199/6554
f 6750/7201/6555 6748/7203/6555 6752/7197/6555
